month,aku_ledighet,aku_sysselsatt_andel,bef_baerum,bef_bergen,bef_norge,bef_oslo,bef_stavanger,bef_trondheim,bpi_bergen,bpi_bergen_sa,bpi_norge,bpi_norge_sa,bpi_oslo,bpi_oslo_sa,bpi_stavanger,bpi_stavanger_sa,bpi_trondheim,bpi_trondheim_sa,byggekostnad,fullf_baerum,fullf_bergen,fullf_norge,fullf_oslo,fullf_stavanger,fullf_trondheim,igang_baerum,igang_bergen,igang_norge,igang_oslo,igang_stavanger,igang_trondheim,k2_hush_sa,k2_hush_vekst,kpi,nettoinnfl_baerum,nettoinnfl_bergen,nettoinnfl_norge,nettoinnfl_oslo,nettoinnfl_stavanger,nettoinnfl_trondheim,rente_ny_flytende,rente_ny_total,rente_utest_bolig,rente_utest_total,brent_usd,eurnok,statsobl_10y,statsobl_3y,statsobl_5y,statsveksel_12m,styringsrente
1920-03,,,,,,,,,,,,,,,,,,,,,,,,,,,,,,,,,,3.7,,,,,,,,,,,,,,,,,
1920-04,,,,,,,,,,,,,,,,,,,,,,,,,,,,,,,,,,3.8,,,,,,,,,,,,,,,,,
1920-05,,,,,,,,,,,,,,,,,,,,,,,,,,,,,,,,,,3.8,,,,,,,,,,,,,,,,,
1920-06,,,,,,,,,,,,,,,,,,,,,,,,,,,,,,,,,,3.9,,,,,,,,,,,,,,,,,
1920-07,,,,,,,,,,,,,,,,,,,,,,,,,,,,,,,,,,4,,,,,,,,,,,,,,,,,
1920-08,,,,,,,,,,,,,,,,,,,,,,,,,,,,,,,,,,4.1,,,,,,,,,,,,,,,,,
1920-09,,,,,,,,,,,,,,,,,,,,,,,,,,,,,,,,,,4.2,,,,,,,,,,,,,,,,,
1920-10,,,,,,,,,,,,,,,,,,,,,,,,,,,,,,,,,,4.3,,,,,,,,,,,,,,,,,
1920-11,,,,,,,,,,,,,,,,,,,,,,,,,,,,,,,,,,4.3,,,,,,,,,,,,,,,,,
1920-12,,,,,,,,,,,,,,,,,,,,,,,,,,,,,,,,,,4.3,,,,,,,,,,,,,,,,,
1921-01,,,,,,,,,,,,,,,,,,,,,,,,,,,,,,,,,,4.2,,,,,,,,,,,,,,,,,
1921-02,,,,,,,,,,,,,,,,,,,,,,,,,,,,,,,,,,3.9,,,,,,,,,,,,,,,,,
1921-03,,,,,,,,,,,,,,,,,,,,,,,,,,,,,,,,,,3.8,,,,,,,,,,,,,,,,,
1921-04,,,,,,,,,,,,,,,,,,,,,,,,,,,,,,,,,,3.8,,,,,,,,,,,,,,,,,
1921-05,,,,,,,,,,,,,,,,,,,,,,,,,,,,,,,,,,3.7,,,,,,,,,,,,,,,,,
1921-06,,,,,,,,,,,,,,,,,,,,,,,,,,,,,,,,,,3.7,,,,,,,,,,,,,,,,,
1921-07,,,,,,,,,,,,,,,,,,,,,,,,,,,,,,,,,,3.7,,,,,,,,,,,,,,,,,
1921-08,,,,,,,,,,,,,,,,,,,,,,,,,,,,,,,,,,3.7,,,,,,,,,,,,,,,,,
1921-09,,,,,,,,,,,,,,,,,,,,,,,,,,,,,,,,,,3.6,,,,,,,,,,,,,,,,,
1921-10,,,,,,,,,,,,,,,,,,,,,,,,,,,,,,,,,,3.6,,,,,,,,,,,,,,,,,
1921-11,,,,,,,,,,,,,,,,,,,,,,,,,,,,,,,,,,3.6,,,,,,,,,,,,,,,,,
1921-12,,,,,,,,,,,,,,,,,,,,,,,,,,,,,,,,,,3.4,,,,,,,,,,,,,,,,,
1922-01,,,,,,,,,,,,,,,,,,,,,,,,,,,,,,,,,,3.4,,,,,,,,,,,,,,,,,
1922-02,,,,,,,,,,,,,,,,,,,,,,,,,,,,,,,,,,3.3,,,,,,,,,,,,,,,,,
1922-03,,,,,,,,,,,,,,,,,,,,,,,,,,,,,,,,,,3.2,,,,,,,,,,,,,,,,,
1922-04,,,,,,,,,,,,,,,,,,,,,,,,,,,,,,,,,,3.2,,,,,,,,,,,,,,,,,
1922-05,,,,,,,,,,,,,,,,,,,,,,,,,,,,,,,,,,3.1,,,,,,,,,,,,,,,,,
1922-06,,,,,,,,,,,,,,,,,,,,,,,,,,,,,,,,,,3.1,,,,,,,,,,,,,,,,,
1922-07,,,,,,,,,,,,,,,,,,,,,,,,,,,,,,,,,,3.1,,,,,,,,,,,,,,,,,
1922-08,,,,,,,,,,,,,,,,,,,,,,,,,,,,,,,,,,3.1,,,,,,,,,,,,,,,,,
1922-09,,,,,,,,,,,,,,,,,,,,,,,,,,,,,,,,,,3.1,,,,,,,,,,,,,,,,,
1922-10,,,,,,,,,,,,,,,,,,,,,,,,,,,,,,,,,,3,,,,,,,,,,,,,,,,,
1922-11,,,,,,,,,,,,,,,,,,,,,,,,,,,,,,,,,,3,,,,,,,,,,,,,,,,,
1922-12,,,,,,,,,,,,,,,,,,,,,,,,,,,,,,,,,,2.9,,,,,,,,,,,,,,,,,
1923-01,,,,,,,,,,,,,,,,,,,,,,,,,,,,,,,,,,2.9,,,,,,,,,,,,,,,,,
1923-02,,,,,,,,,,,,,,,,,,,,,,,,,,,,,,,,,,2.9,,,,,,,,,,,,,,,,,
1923-03,,,,,,,,,,,,,,,,,,,,,,,,,,,,,,,,,,2.9,,,,,,,,,,,,,,,,,
1923-04,,,,,,,,,,,,,,,,,,,,,,,,,,,,,,,,,,2.9,,,,,,,,,,,,,,,,,
1923-05,,,,,,,,,,,,,,,,,,,,,,,,,,,,,,,,,,2.9,,,,,,,,,,,,,,,,,
1923-06,,,,,,,,,,,,,,,,,,,,,,,,,,,,,,,,,,2.9,,,,,,,,,,,,,,,,,
1923-07,,,,,,,,,,,,,,,,,,,,,,,,,,,,,,,,,,2.9,,,,,,,,,,,,,,,,,
1923-08,,,,,,,,,,,,,,,,,,,,,,,,,,,,,,,,,,3,,,,,,,,,,,,,,,,,
1923-09,,,,,,,,,,,,,,,,,,,,,,,,,,,,,,,,,,2.9,,,,,,,,,,,,,,,,,
1923-10,,,,,,,,,,,,,,,,,,,,,,,,,,,,,,,,,,2.9,,,,,,,,,,,,,,,,,
1923-11,,,,,,,,,,,,,,,,,,,,,,,,,,,,,,,,,,3,,,,,,,,,,,,,,,,,
1923-12,,,,,,,,,,,,,,,,,,,,,,,,,,,,,,,,,,3,,,,,,,,,,,,,,,,,
1924-01,,,,,,,,,,,,,,,,,,,,,,,,,,,,,,,,,,3,,,,,,,,,,,,,,,,,
1924-02,,,,,,,,,,,,,,,,,,,,,,,,,,,,,,,,,,3.1,,,,,,,,,,,,,,,,,
1924-03,,,,,,,,,,,,,,,,,,,,,,,,,,,,,,,,,,3.1,,,,,,,,,,,,,,,,,
1924-04,,,,,,,,,,,,,,,,,,,,,,,,,,,,,,,,,,3.1,,,,,,,,,,,,,,,,,
1924-05,,,,,,,,,,,,,,,,,,,,,,,,,,,,,,,,,,3.1,,,,,,,,,,,,,,,,,
1924-06,,,,,,,,,,,,,,,,,,,,,,,,,,,,,,,,,,3.2,,,,,,,,,,,,,,,,,
1924-07,,,,,,,,,,,,,,,,,,,,,,,,,,,,,,,,,,3.2,,,,,,,,,,,,,,,,,
1924-08,,,,,,,,,,,,,,,,,,,,,,,,,,,,,,,,,,3.3,,,,,,,,,,,,,,,,,
1924-09,,,,,,,,,,,,,,,,,,,,,,,,,,,,,,,,,,3.3,,,,,,,,,,,,,,,,,
1924-10,,,,,,,,,,,,,,,,,,,,,,,,,,,,,,,,,,3.3,,,,,,,,,,,,,,,,,
1924-11,,,,,,,,,,,,,,,,,,,,,,,,,,,,,,,,,,3.4,,,,,,,,,,,,,,,,,
1924-12,,,,,,,,,,,,,,,,,,,,,,,,,,,,,,,,,,3.4,,,,,,,,,,,,,,,,,
1925-01,,,,,,,,,,,,,,,,,,,,,,,,,,,,,,,,,,3.4,,,,,,,,,,,,,,,,,
1925-02,,,,,,,,,,,,,,,,,,,,,,,,,,,,,,,,,,3.5,,,,,,,,,,,,,,,,,
1925-03,,,,,,,,,,,,,,,,,,,,,,,,,,,,,,,,,,3.5,,,,,,,,,,,,,,,,,
1925-04,,,,,,,,,,,,,,,,,,,,,,,,,,,,,,,,,,3.4,,,,,,,,,,,,,,,,,
1925-05,,,,,,,,,,,,,,,,,,,,,,,,,,,,,,,,,,3.4,,,,,,,,,,,,,,,,,
1925-06,,,,,,,,,,,,,,,,,,,,,,,,,,,,,,,,,,3.3,,,,,,,,,,,,,,,,,
1925-07,,,,,,,,,,,,,,,,,,,,,,,,,,,,,,,,,,3.3,,,,,,,,,,,,,,,,,
1925-08,,,,,,,,,,,,,,,,,,,,,,,,,,,,,,,,,,3.3,,,,,,,,,,,,,,,,,
1925-09,,,,,,,,,,,,,,,,,,,,,,,,,,,,,,,,,,3.2,,,,,,,,,,,,,,,,,
1925-10,,,,,,,,,,,,,,,,,,,,,,,,,,,,,,,,,,3.1,,,,,,,,,,,,,,,,,
1925-11,,,,,,,,,,,,,,,,,,,,,,,,,,,,,,,,,,3,,,,,,,,,,,,,,,,,
1925-12,,,,,,,,,,,,,,,,,,,,,,,,,,,,,,,,,,3,,,,,,,,,,,,,,,,,
1926-01,,,,,,,,,,,,,,,,,,,,,,,,,,,,,,,,,,2.9,,,,,,,,,,,,,,,,,
1926-02,,,,,,,,,,,,,,,,,,,,,,,,,,,,,,,,,,2.9,,,,,,,,,,,,,,,,,
1926-03,,,,,,,,,,,,,,,,,,,,,,,,,,,,,,,,,,2.9,,,,,,,,,,,,,,,,,
1926-04,,,,,,,,,,,,,,,,,,,,,,,,,,,,,,,,,,2.8,,,,,,,,,,,,,,,,,
1926-05,,,,,,,,,,,,,,,,,,,,,,,,,,,,,,,,,,2.8,,,,,,,,,,,,,,,,,
1926-06,,,,,,,,,,,,,,,,,,,,,,,,,,,,,,,,,,2.8,,,,,,,,,,,,,,,,,
1926-07,,,,,,,,,,,,,,,,,,,,,,,,,,,,,,,,,,2.8,,,,,,,,,,,,,,,,,
1926-08,,,,,,,,,,,,,,,,,,,,,,,,,,,,,,,,,,2.8,,,,,,,,,,,,,,,,,
1926-09,,,,,,,,,,,,,,,,,,,,,,,,,,,,,,,,,,2.7,,,,,,,,,,,,,,,,,
1926-10,,,,,,,,,,,,,,,,,,,,,,,,,,,,,,,,,,2.7,,,,,,,,,,,,,,,,,
1926-11,,,,,,,,,,,,,,,,,,,,,,,,,,,,,,,,,,2.7,,,,,,,,,,,,,,,,,
1926-12,,,,,,,,,,,,,,,,,,,,,,,,,,,,,,,,,,2.7,,,,,,,,,,,,,,,,,
1927-01,,,,,,,,,,,,,,,,,,,,,,,,,,,,,,,,,,2.6,,,,,,,,,,,,,,,,,
1927-02,,,,,,,,,,,,,,,,,,,,,,,,,,,,,,,,,,2.6,,,,,,,,,,,,,,,,,
1927-03,,,,,,,,,,,,,,,,,,,,,,,,,,,,,,,,,,2.5,,,,,,,,,,,,,,,,,
1927-04,,,,,,,,,,,,,,,,,,,,,,,,,,,,,,,,,,2.5,,,,,,,,,,,,,,,,,
1927-05,,,,,,,,,,,,,,,,,,,,,,,,,,,,,,,,,,2.5,,,,,,,,,,,,,,,,,
1927-06,,,,,,,,,,,,,,,,,,,,,,,,,,,,,,,,,,2.5,,,,,,,,,,,,,,,,,
1927-07,,,,,,,,,,,,,,,,,,,,,,,,,,,,,,,,,,2.5,,,,,,,,,,,,,,,,,
1927-08,,,,,,,,,,,,,,,,,,,,,,,,,,,,,,,,,,2.5,,,,,,,,,,,,,,,,,
1927-09,,,,,,,,,,,,,,,,,,,,,,,,,,,,,,,,,,2.5,,,,,,,,,,,,,,,,,
1927-10,,,,,,,,,,,,,,,,,,,,,,,,,,,,,,,,,,2.5,,,,,,,,,,,,,,,,,
1927-11,,,,,,,,,,,,,,,,,,,,,,,,,,,,,,,,,,2.4,,,,,,,,,,,,,,,,,
1927-12,,,,,,,,,,,,,,,,,,,,,,,,,,,,,,,,,,2.4,,,,,,,,,,,,,,,,,
1928-01,,,,,,,,,,,,,,,,,,,,,,,,,,,,,,,,,,2.4,,,,,,,,,,,,,,,,,
1928-02,,,,,,,,,,,,,,,,,,,,,,,,,,,,,,,,,,2.4,,,,,,,,,,,,,,,,,
1928-03,,,,,,,,,,,,,,,,,,,,,,,,,,,,,,,,,,2.3,,,,,,,,,,,,,,,,,
1928-04,,,,,,,,,,,,,,,,,,,,,,,,,,,,,,,,,,2.3,,,,,,,,,,,,,,,,,
1928-05,,,,,,,,,,,,,,,,,,,,,,,,,,,,,,,,,,2.3,,,,,,,,,,,,,,,,,
1928-06,,,,,,,,,,,,,,,,,,,,,,,,,,,,,,,,,,2.3,,,,,,,,,,,,,,,,,
1928-07,,,,,,,,,,,,,,,,,,,,,,,,,,,,,,,,,,2.4,,,,,,,,,,,,,,,,,
1928-08,,,,,,,,,,,,,,,,,,,,,,,,,,,,,,,,,,2.3,,,,,,,,,,,,,,,,,
1928-09,,,,,,,,,,,,,,,,,,,,,,,,,,,,,,,,,,2.3,,,,,,,,,,,,,,,,,
1928-10,,,,,,,,,,,,,,,,,,,,,,,,,,,,,,,,,,2.3,,,,,,,,,,,,,,,,,
1928-11,,,,,,,,,,,,,,,,,,,,,,,,,,,,,,,,,,2.3,,,,,,,,,,,,,,,,,
1928-12,,,,,,,,,,,,,,,,,,,,,,,,,,,,,,,,,,2.3,,,,,,,,,,,,,,,,,
1929-01,,,,,,,,,,,,,,,,,,,,,,,,,,,,,,,,,,2.2,,,,,,,,,,,,,,,,,
1929-02,,,,,,,,,,,,,,,,,,,,,,,,,,,,,,,,,,2.2,,,,,,,,,,,,,,,,,
1929-03,,,,,,,,,,,,,,,,,,,,,,,,,,,,,,,,,,2.2,,,,,,,,,,,,,,,,,
1929-04,,,,,,,,,,,,,,,,,,,,,,,,,,,,,,,,,,2.2,,,,,,,,,,,,,,,,,
1929-05,,,,,,,,,,,,,,,,,,,,,,,,,,,,,,,,,,2.2,,,,,,,,,,,,,,,,,
1929-06,,,,,,,,,,,,,,,,,,,,,,,,,,,,,,,,,,2.2,,,,,,,,,,,,,,,,,
1929-07,,,,,,,,,,,,,,,,,,,,,,,,,,,,,,,,,,2.2,,,,,,,,,,,,,,,,,
1929-08,,,,,,,,,,,,,,,,,,,,,,,,,,,,,,,,,,2.2,,,,,,,,,,,,,,,,,
1929-09,,,,,,,,,,,,,,,,,,,,,,,,,,,,,,,,,,2.2,,,,,,,,,,,,,,,,,
1929-10,,,,,,,,,,,,,,,,,,,,,,,,,,,,,,,,,,2.2,,,,,,,,,,,,,,,,,
1929-11,,,,,,,,,,,,,,,,,,,,,,,,,,,,,,,,,,2.2,,,,,,,,,,,,,,,,,
1929-12,,,,,,,,,,,,,,,,,,,,,,,,,,,,,,,,,,2.2,,,,,,,,,,,,,,,,,
1930-01,,,,,,,,,,,,,,,,,,,,,,,,,,,,,,,,,,2.2,,,,,,,,,,,,,,,,,
1930-02,,,,,,,,,,,,,,,,,,,,,,,,,,,,,,,,,,2.2,,,,,,,,,,,,,,,,,
1930-03,,,,,,,,,,,,,,,,,,,,,,,,,,,,,,,,,,2.2,,,,,,,,,,,,,,,,,
1930-04,,,,,,,,,,,,,,,,,,,,,,,,,,,,,,,,,,2.2,,,,,,,,,,,,,,,,,
1930-05,,,,,,,,,,,,,,,,,,,,,,,,,,,,,,,,,,2.2,,,,,,,,,,,,,,,,,
1930-06,,,,,,,,,,,,,,,,,,,,,,,,,,,,,,,,,,2.2,,,,,,,,,,,,,,,,,
1930-07,,,,,,,,,,,,,,,,,,,,,,,,,,,,,,,,,,2.2,,,,,,,,,,,,,,,,,
1930-08,,,,,,,,,,,,,,,,,,,,,,,,,,,,,,,,,,2.2,,,,,,,,,,,,,,,,,
1930-09,,,,,,,,,,,,,,,,,,,,,,,,,,,,,,,,,,2.2,,,,,,,,,,,,,,,,,
1930-10,,,,,,,,,,,,,,,,,,,,,,,,,,,,,,,,,,2.1,,,,,,,,,,,,,,,,,
1930-11,,,,,,,,,,,,,,,,,,,,,,,,,,,,,,,,,,2.1,,,,,,,,,,,,,,,,,
1930-12,,,,,,,,,,,,,,,,,,,,,,,,,,,,,,,,,,2.1,,,,,,,,,,,,,,,,,
1931-01,,,,,,,,,,,,,,,,,,,,,,,,,,,,,,,,,,2.1,,,,,,,,,,,,,,,,,
1931-02,,,,,,,,,,,,,,,,,,,,,,,,,,,,,,,,,,2.1,,,,,,,,,,,,,,,,,
1931-03,,,,,,,,,,,,,,,,,,,,,,,,,,,,,,,,,,2.1,,,,,,,,,,,,,,,,,
1931-04,,,,,,,,,,,,,,,,,,,,,,,,,,,,,,,,,,2.1,,,,,,,,,,,,,,,,,
1931-05,,,,,,,,,,,,,,,,,,,,,,,,,,,,,,,,,,2,,,,,,,,,,,,,,,,,
1931-06,,,,,,,,,,,,,,,,,,,,,,,,,,,,,,,,,,2,,,,,,,,,,,,,,,,,
1931-07,,,,,,,,,,,,,,,,,,,,,,,,,,,,,,,,,,2,,,,,,,,,,,,,,,,,
1931-08,,,,,,,,,,,,,,,,,,,,,,,,,,,,,,,,,,2,,,,,,,,,,,,,,,,,
1931-09,,,,,,,,,,,,,,,,,,,,,,,,,,,,,,,,,,2,,,,,,,,,,,,,,,,,
1931-10,,,,,,,,,,,,,,,,,,,,,,,,,,,,,,,,,,2,,,,,,,,,,,,,,,,,
1931-11,,,,,,,,,,,,,,,,,,,,,,,,,,,,,,,,,,2,,,,,,,,,,,,,,,,,
1931-12,,,,,,,,,,,,,,,,,,,,,,,,,,,,,,,,,,2,,,,,,,,,,,,,,,,,
1932-01,,,,,,,,,,,,,,,,,,,,,,,,,,,,,,,,,,2,,,,,,,,,,,,,,,,,
1932-02,,,,,,,,,,,,,,,,,,,,,,,,,,,,,,,,,,2,,,,,,,,,,,,,,,,,
1932-03,,,,,,,,,,,,,,,,,,,,,,,,,,,,,,,,,,2,,,,,,,,,,,,,,,,,
1932-04,,,,,,,,,,,,,,,,,,,,,,,,,,,,,,,,,,2,,,,,,,,,,,,,,,,,
1932-05,,,,,,,,,,,,,,,,,,,,,,,,,,,,,,,,,,2,,,,,,,,,,,,,,,,,
1932-06,,,,,,,,,,,,,,,,,,,,,,,,,,,,,,,,,,2,,,,,,,,,,,,,,,,,
1932-07,,,,,,,,,,,,,,,,,,,,,,,,,,,,,,,,,,2,,,,,,,,,,,,,,,,,
1932-08,,,,,,,,,,,,,,,,,,,,,,,,,,,,,,,,,,2,,,,,,,,,,,,,,,,,
1932-09,,,,,,,,,,,,,,,,,,,,,,,,,,,,,,,,,,2,,,,,,,,,,,,,,,,,
1932-10,,,,,,,,,,,,,,,,,,,,,,,,,,,,,,,,,,2,,,,,,,,,,,,,,,,,
1932-11,,,,,,,,,,,,,,,,,,,,,,,,,,,,,,,,,,2,,,,,,,,,,,,,,,,,
1932-12,,,,,,,,,,,,,,,,,,,,,,,,,,,,,,,,,,2,,,,,,,,,,,,,,,,,
1933-01,,,,,,,,,,,,,,,,,,,,,,,,,,,,,,,,,,2,,,,,,,,,,,,,,,,,
1933-02,,,,,,,,,,,,,,,,,,,,,,,,,,,,,,,,,,2,,,,,,,,,,,,,,,,,
1933-03,,,,,,,,,,,,,,,,,,,,,,,,,,,,,,,,,,2,,,,,,,,,,,,,,,,,
1933-04,,,,,,,,,,,,,,,,,,,,,,,,,,,,,,,,,,2,,,,,,,,,,,,,,,,,
1933-05,,,,,,,,,,,,,,,,,,,,,,,,,,,,,,,,,,2,,,,,,,,,,,,,,,,,
1933-06,,,,,,,,,,,,,,,,,,,,,,,,,,,,,,,,,,2,,,,,,,,,,,,,,,,,
1933-07,,,,,,,,,,,,,,,,,,,,,,,,,,,,,,,,,,2,,,,,,,,,,,,,,,,,
1933-08,,,,,,,,,,,,,,,,,,,,,,,,,,,,,,,,,,2,,,,,,,,,,,,,,,,,
1933-09,,,,,,,,,,,,,,,,,,,,,,,,,,,,,,,,,,2,,,,,,,,,,,,,,,,,
1933-10,,,,,,,,,,,,,,,,,,,,,,,,,,,,,,,,,,2,,,,,,,,,,,,,,,,,
1933-11,,,,,,,,,,,,,,,,,,,,,,,,,,,,,,,,,,2,,,,,,,,,,,,,,,,,
1933-12,,,,,,,,,,,,,,,,,,,,,,,,,,,,,,,,,,2,,,,,,,,,,,,,,,,,
1934-01,,,,,,,,,,,,,,,,,,,,,,,,,,,,,,,,,,2,,,,,,,,,,,,,,,,,
1934-02,,,,,,,,,,,,,,,,,,,,,,,,,,,,,,,,,,2,,,,,,,,,,,,,,,,,
1934-03,,,,,,,,,,,,,,,,,,,,,,,,,,,,,,,,,,2,,,,,,,,,,,,,,,,,
1934-04,,,,,,,,,,,,,,,,,,,,,,,,,,,,,,,,,,2,,,,,,,,,,,,,,,,,
1934-05,,,,,,,,,,,,,,,,,,,,,,,,,,,,,,,,,,2,,,,,,,,,,,,,,,,,
1934-06,,,,,,,,,,,,,,,,,,,,,,,,,,,,,,,,,,2,,,,,,,,,,,,,,,,,
1934-07,,,,,,,,,,,,,,,,,,,,,,,,,,,,,,,,,,2,,,,,,,,,,,,,,,,,
1934-08,,,,,,,,,,,,,,,,,,,,,,,,,,,,,,,,,,2,,,,,,,,,,,,,,,,,
1934-09,,,,,,,,,,,,,,,,,,,,,,,,,,,,,,,,,,2,,,,,,,,,,,,,,,,,
1934-10,,,,,,,,,,,,,,,,,,,,,,,,,,,,,,,,,,2,,,,,,,,,,,,,,,,,
1934-11,,,,,,,,,,,,,,,,,,,,,,,,,,,,,,,,,,2,,,,,,,,,,,,,,,,,
1934-12,,,,,,,,,,,,,,,,,,,,,,,,,,,,,,,,,,2,,,,,,,,,,,,,,,,,
1935-01,,,,,,,,,,,,,,,,,,,,,,,,,,,,,,,,,,2,,,,,,,,,,,,,,,,,
1935-02,,,,,,,,,,,,,,,,,,,,,,,,,,,,,,,,,,2,,,,,,,,,,,,,,,,,
1935-03,,,,,,,,,,,,,,,,,,,,,,,,,,,,,,,,,,2,,,,,,,,,,,,,,,,,
1935-04,,,,,,,,,,,,,,,,,,,,,,,,,,,,,,,,,,2,,,,,,,,,,,,,,,,,
1935-05,,,,,,,,,,,,,,,,,,,,,,,,,,,,,,,,,,2,,,,,,,,,,,,,,,,,
1935-06,,,,,,,,,,,,,,,,,,,,,,,,,,,,,,,,,,2,,,,,,,,,,,,,,,,,
1935-07,,,,,,,,,,,,,,,,,,,,,,,,,,,,,,,,,,2,,,,,,,,,,,,,,,,,
1935-08,,,,,,,,,,,,,,,,,,,,,,,,,,,,,,,,,,2,,,,,,,,,,,,,,,,,
1935-09,,,,,,,,,,,,,,,,,,,,,,,,,,,,,,,,,,2,,,,,,,,,,,,,,,,,
1935-10,,,,,,,,,,,,,,,,,,,,,,,,,,,,,,,,,,2,,,,,,,,,,,,,,,,,
1935-11,,,,,,,,,,,,,,,,,,,,,,,,,,,,,,,,,,2.1,,,,,,,,,,,,,,,,,
1935-12,,,,,,,,,,,,,,,,,,,,,,,,,,,,,,,,,,2.1,,,,,,,,,,,,,,,,,
1936-01,,,,,,,,,,,,,,,,,,,,,,,,,,,,,,,,,,2.1,,,,,,,,,,,,,,,,,
1936-02,,,,,,,,,,,,,,,,,,,,,,,,,,,,,,,,,,2.1,,,,,,,,,,,,,,,,,
1936-03,,,,,,,,,,,,,,,,,,,,,,,,,,,,,,,,,,2.1,,,,,,,,,,,,,,,,,
1936-04,,,,,,,,,,,,,,,,,,,,,,,,,,,,,,,,,,2.1,,,,,,,,,,,,,,,,,
1936-05,,,,,,,,,,,,,,,,,,,,,,,,,,,,,,,,,,2.1,,,,,,,,,,,,,,,,,
1936-06,,,,,,,,,,,,,,,,,,,,,,,,,,,,,,,,,,2.1,,,,,,,,,,,,,,,,,
1936-07,,,,,,,,,,,,,,,,,,,,,,,,,,,,,,,,,,2.1,,,,,,,,,,,,,,,,,
1936-08,,,,,,,,,,,,,,,,,,,,,,,,,,,,,,,,,,2.1,,,,,,,,,,,,,,,,,
1936-09,,,,,,,,,,,,,,,,,,,,,,,,,,,,,,,,,,2.1,,,,,,,,,,,,,,,,,
1936-10,,,,,,,,,,,,,,,,,,,,,,,,,,,,,,,,,,2.1,,,,,,,,,,,,,,,,,
1936-11,,,,,,,,,,,,,,,,,,,,,,,,,,,,,,,,,,2.1,,,,,,,,,,,,,,,,,
1936-12,,,,,,,,,,,,,,,,,,,,,,,,,,,,,,,,,,2.1,,,,,,,,,,,,,,,,,
1937-01,,,,,,,,,,,,,,,,,,,,,,,,,,,,,,,,,,2.1,,,,,,,,,,,,,,,,,
1937-02,,,,,,,,,,,,,,,,,,,,,,,,,,,,,,,,,,2.1,,,,,,,,,,,,,,,,,
1937-03,,,,,,,,,,,,,,,,,,,,,,,,,,,,,,,,,,2.2,,,,,,,,,,,,,,,,,
1937-04,,,,,,,,,,,,,,,,,,,,,,,,,,,,,,,,,,2.2,,,,,,,,,,,,,,,,,
1937-05,,,,,,,,,,,,,,,,,,,,,,,,,,,,,,,,,,2.2,,,,,,,,,,,,,,,,,
1937-06,,,,,,,,,,,,,,,,,,,,,,,,,,,,,,,,,,2.2,,,,,,,,,,,,,,,,,
1937-07,,,,,,,,,,,,,,,,,,,,,,,,,,,,,,,,,,2.3,,,,,,,,,,,,,,,,,
1937-08,,,,,,,,,,,,,,,,,,,,,,,,,,,,,,,,,,2.3,,,,,,,,,,,,,,,,,
1937-09,,,,,,,,,,,,,,,,,,,,,,,,,,,,,,,,,,2.3,,,,,,,,,,,,,,,,,
1937-10,,,,,,,,,,,,,,,,,,,,,,,,,,,,,,,,,,2.3,,,,,,,,,,,,,,,,,
1937-11,,,,,,,,,,,,,,,,,,,,,,,,,,,,,,,,,,2.3,,,,,,,,,,,,,,,,,
1937-12,,,,,,,,,,,,,,,,,,,,,,,,,,,,,,,,,,2.3,,,,,,,,,,,,,,,,,
1938-01,,,,,,,,,,,,,,,,,,,,,,,,,,,,,,,,,,2.3,,,,,,,,,,,,,,,,,
1938-02,,,,,,,,,,,,,,,,,,,,,,,,,,,,,,,,,,2.3,,,,,,,,,,,,,,,,,
1938-03,,,,,,,,,,,,,,,,,,,,,,,,,,,,,,,,,,2.3,,,,,,,,,,,,,,,,,
1938-04,,,,,,,,,,,,,,,,,,,,,,,,,,,,,,,,,,2.3,,,,,,,,,,,,,,,,,
1938-05,,,,,,,,,,,,,,,,,,,,,,,,,,,,,,,,,,2.3,,,,,,,,,,,,,,,,,
1938-06,,,,,,,,,,,,,,,,,,,,,,,,,,,,,,,,,,2.3,,,,,,,,,,,,,,,,,
1938-07,,,,,,,,,,,,,,,,,,,,,,,,,,,,,,,,,,2.3,,,,,,,,,,,,,,,,,
1938-08,,,,,,,,,,,,,,,,,,,,,,,,,,,,,,,,,,2.3,,,,,,,,,,,,,,,,,
1938-09,,,,,,,,,,,,,,,,,,,,,,,,,,,,,,,,,,2.3,,,,,,,,,,,,,,,,,
1938-10,,,,,,,,,,,,,,,,,,,,,,,,,,,,,,,,,,2.3,,,,,,,,,,,,,,,,,
1938-11,,,,,,,,,,,,,,,,,,,,,,,,,,,,,,,,,,2.3,,,,,,,,,,,,,,,,,
1938-12,,,,,,,,,,,,,,,,,,,,,,,,,,,,,,,,,,2.3,,,,,,,,,,,,,,,,,
1939-01,,,,,,,,,,,,,,,,,,,,,,,,,,,,,,,,,,2.3,,,,,,,,,,,,,,,,,
1939-02,,,,,,,,,,,,,,,,,,,,,,,,,,,,,,,,,,2.3,,,,,,,,,,,,,,,,,
1939-03,,,,,,,,,,,,,,,,,,,,,,,,,,,,,,,,,,2.3,,,,,,,,,,,,,,,,,
1939-04,,,,,,,,,,,,,,,,,,,,,,,,,,,,,,,,,,2.3,,,,,,,,,,,,,,,,,
1939-05,,,,,,,,,,,,,,,,,,,,,,,,,,,,,,,,,,2.3,,,,,,,,,,,,,,,,,
1939-06,,,,,,,,,,,,,,,,,,,,,,,,,,,,,,,,,,2.3,,,,,,,,,,,,,,,,,
1939-07,,,,,,,,,,,,,,,,,,,,,,,,,,,,,,,,,,2.3,,,,,,,,,,,,,,,,,
1939-08,,,,,,,,,,,,,,,,,,,,,,,,,,,,,,,,,,2.3,,,,,,,,,,,,,,,,,
1939-09,,,,,,,,,,,,,,,,,,,,,,,,,,,,,,,,,,2.3,,,,,,,,,,,,,,,,,
1939-10,,,,,,,,,,,,,,,,,,,,,,,,,,,,,,,,,,2.4,,,,,,,,,,,,,,,,,
1939-11,,,,,,,,,,,,,,,,,,,,,,,,,,,,,,,,,,2.4,,,,,,,,,,,,,,,,,
1939-12,,,,,,,,,,,,,,,,,,,,,,,,,,,,,,,,,,2.4,,,,,,,,,,,,,,,,,
1940-01,,,,,,,,,,,,,,,,,,,,,,,,,,,,,,,,,,2.4,,,,,,,,,,,,,,,,,
1940-02,,,,,,,,,,,,,,,,,,,,,,,,,,,,,,,,,,2.5,,,,,,,,,,,,,,,,,
1940-03,,,,,,,,,,,,,,,,,,,,,,,,,,,,,,,,,,2.6,,,,,,,,,,,,,,,,,
1940-04,,,,,,,,,,,,,,,,,,,,,,,,,,,,,,,,,,2.7,,,,,,,,,,,,,,,,,
1940-05,,,,,,,,,,,,,,,,,,,,,,,,,,,,,,,,,,2.7,,,,,,,,,,,,,,,,,
1940-06,,,,,,,,,,,,,,,,,,,,,,,,,,,,,,,,,,2.7,,,,,,,,,,,,,,,,,
1940-07,,,,,,,,,,,,,,,,,,,,,,,,,,,,,,,,,,2.7,,,,,,,,,,,,,,,,,
1940-08,,,,,,,,,,,,,,,,,,,,,,,,,,,,,,,,,,2.7,,,,,,,,,,,,,,,,,
1940-09,,,,,,,,,,,,,,,,,,,,,,,,,,,,,,,,,,2.9,,,,,,,,,,,,,,,,,
1940-10,,,,,,,,,,,,,,,,,,,,,,,,,,,,,,,,,,2.9,,,,,,,,,,,,,,,,,
1940-11,,,,,,,,,,,,,,,,,,,,,,,,,,,,,,,,,,2.9,,,,,,,,,,,,,,,,,
1940-12,,,,,,,,,,,,,,,,,,,,,,,,,,,,,,,,,,3,,,,,,,,,,,,,,,,,
1941-01,,,,,,,,,,,,,,,,,,,,,,,,,,,,,,,,,,3.1,,,,,,,,,,,,,,,,,
1941-02,,,,,,,,,,,,,,,,,,,,,,,,,,,,,,,,,,3.1,,,,,,,,,,,,,,,,,
1941-03,,,,,,,,,,,,,,,,,,,,,,,,,,,,,,,,,,3.1,,,,,,,,,,,,,,,,,
1941-04,,,,,,,,,,,,,,,,,,,,,,,,,,,,,,,,,,3.1,,,,,,,,,,,,,,,,,
1941-05,,,,,,,,,,,,,,,,,,,,,,,,,,,,,,,,,,3.2,,,,,,,,,,,,,,,,,
1941-06,,,,,,,,,,,,,,,,,,,,,,,,,,,,,,,,,,3.2,,,,,,,,,,,,,,,,,
1941-07,,,,,,,,,,,,,,,,,,,,,,,,,,,,,,,,,,3.2,,,,,,,,,,,,,,,,,
1941-08,,,,,,,,,,,,,,,,,,,,,,,,,,,,,,,,,,3.3,,,,,,,,,,,,,,,,,
1941-09,,,,,,,,,,,,,,,,,,,,,,,,,,,,,,,,,,3.3,,,,,,,,,,,,,,,,,
1941-10,,,,,,,,,,,,,,,,,,,,,,,,,,,,,,,,,,3.3,,,,,,,,,,,,,,,,,
1941-11,,,,,,,,,,,,,,,,,,,,,,,,,,,,,,,,,,3.3,,,,,,,,,,,,,,,,,
1941-12,,,,,,,,,,,,,,,,,,,,,,,,,,,,,,,,,,3.3,,,,,,,,,,,,,,,,,
1942-01,,,,,,,,,,,,,,,,,,,,,,,,,,,,,,,,,,3.3,,,,,,,,,,,,,,,,,
1942-02,,,,,,,,,,,,,,,,,,,,,,,,,,,,,,,,,,3.3,,,,,,,,,,,,,,,,,
1942-03,,,,,,,,,,,,,,,,,,,,,,,,,,,,,,,,,,3.4,,,,,,,,,,,,,,,,,
1942-04,,,,,,,,,,,,,,,,,,,,,,,,,,,,,,,,,,3.4,,,,,,,,,,,,,,,,,
1942-05,,,,,,,,,,,,,,,,,,,,,,,,,,,,,,,,,,3.4,,,,,,,,,,,,,,,,,
1942-06,,,,,,,,,,,,,,,,,,,,,,,,,,,,,,,,,,3.4,,,,,,,,,,,,,,,,,
1942-07,,,,,,,,,,,,,,,,,,,,,,,,,,,,,,,,,,3.4,,,,,,,,,,,,,,,,,
1942-08,,,,,,,,,,,,,,,,,,,,,,,,,,,,,,,,,,3.4,,,,,,,,,,,,,,,,,
1942-09,,,,,,,,,,,,,,,,,,,,,,,,,,,,,,,,,,3.4,,,,,,,,,,,,,,,,,
1942-10,,,,,,,,,,,,,,,,,,,,,,,,,,,,,,,,,,3.4,,,,,,,,,,,,,,,,,
1942-11,,,,,,,,,,,,,,,,,,,,,,,,,,,,,,,,,,3.4,,,,,,,,,,,,,,,,,
1942-12,,,,,,,,,,,,,,,,,,,,,,,,,,,,,,,,,,3.4,,,,,,,,,,,,,,,,,
1943-01,,,,,,,,,,,,,,,,,,,,,,,,,,,,,,,,,,3.4,,,,,,,,,,,,,,,,,
1943-02,,,,,,,,,,,,,,,,,,,,,,,,,,,,,,,,,,3.5,,,,,,,,,,,,,,,,,
1943-03,,,,,,,,,,,,,,,,,,,,,,,,,,,,,,,,,,3.5,,,,,,,,,,,,,,,,,
1943-04,,,,,,,,,,,,,,,,,,,,,,,,,,,,,,,,,,3.5,,,,,,,,,,,,,,,,,
1943-05,,,,,,,,,,,,,,,,,,,,,,,,,,,,,,,,,,3.5,,,,,,,,,,,,,,,,,
1943-06,,,,,,,,,,,,,,,,,,,,,,,,,,,,,,,,,,3.5,,,,,,,,,,,,,,,,,
1943-07,,,,,,,,,,,,,,,,,,,,,,,,,,,,,,,,,,3.5,,,,,,,,,,,,,,,,,
1943-08,,,,,,,,,,,,,,,,,,,,,,,,,,,,,,,,,,3.5,,,,,,,,,,,,,,,,,
1943-09,,,,,,,,,,,,,,,,,,,,,,,,,,,,,,,,,,3.5,,,,,,,,,,,,,,,,,
1943-10,,,,,,,,,,,,,,,,,,,,,,,,,,,,,,,,,,3.5,,,,,,,,,,,,,,,,,
1943-11,,,,,,,,,,,,,,,,,,,,,,,,,,,,,,,,,,3.5,,,,,,,,,,,,,,,,,
1943-12,,,,,,,,,,,,,,,,,,,,,,,,,,,,,,,,,,3.5,,,,,,,,,,,,,,,,,
1944-01,,,,,,,,,,,,,,,,,,,,,,,,,,,,,,,,,,3.5,,,,,,,,,,,,,,,,,
1944-02,,,,,,,,,,,,,,,,,,,,,,,,,,,,,,,,,,3.5,,,,,,,,,,,,,,,,,
1944-03,,,,,,,,,,,,,,,,,,,,,,,,,,,,,,,,,,3.5,,,,,,,,,,,,,,,,,
1944-04,,,,,,,,,,,,,,,,,,,,,,,,,,,,,,,,,,3.5,,,,,,,,,,,,,,,,,
1944-05,,,,,,,,,,,,,,,,,,,,,,,,,,,,,,,,,,3.5,,,,,,,,,,,,,,,,,
1944-06,,,,,,,,,,,,,,,,,,,,,,,,,,,,,,,,,,3.5,,,,,,,,,,,,,,,,,
1944-07,,,,,,,,,,,,,,,,,,,,,,,,,,,,,,,,,,3.5,,,,,,,,,,,,,,,,,
1944-08,,,,,,,,,,,,,,,,,,,,,,,,,,,,,,,,,,3.5,,,,,,,,,,,,,,,,,
1944-09,,,,,,,,,,,,,,,,,,,,,,,,,,,,,,,,,,3.5,,,,,,,,,,,,,,,,,
1944-10,,,,,,,,,,,,,,,,,,,,,,,,,,,,,,,,,,3.5,,,,,,,,,,,,,,,,,
1944-11,,,,,,,,,,,,,,,,,,,,,,,,,,,,,,,,,,3.5,,,,,,,,,,,,,,,,,
1944-12,,,,,,,,,,,,,,,,,,,,,,,,,,,,,,,,,,3.5,,,,,,,,,,,,,,,,,
1945-01,,,,,,,,,,,,,,,,,,,,,,,,,,,,,,,,,,3.5,,,,,,,,,,,,,,,,,
1945-02,,,,,,,,,,,,,,,,,,,,,,,,,,,,,,,,,,3.5,,,,,,,,,,,,,,,,,
1945-03,,,,,,,,,,,,,,,,,,,,,,,,,,,,,,,,,,3.5,,,,,,,,,,,,,,,,,
1945-04,,,,,,,,,,,,,,,,,,,,,,,,,,,,,,,,,,3.6,,,,,,,,,,,,,,,,,
1945-05,,,,,,,,,,,,,,,,,,,,,,,,,,,,,,,,,,3.6,,,,,,,,,,,,,,,,,
1945-06,,,,,,,,,,,,,,,,,,,,,,,,,,,,,,,,,,3.6,,,,,,,,,,,,,,,,,
1945-07,,,,,,,,,,,,,,,,,,,,,,,,,,,,,,,,,,3.6,,,,,,,,,,,,,,,,,
1945-08,,,,,,,,,,,,,,,,,,,,,,,,,,,,,,,,,,3.6,,,,,,,,,,,,,,,,,
1945-09,,,,,,,,,,,,,,,,,,,,,,,,,,,,,,,,,,3.6,,,,,,,,,,,,,,,,,
1945-10,,,,,,,,,,,,,,,,,,,,,,,,,,,,,,,,,,3.6,,,,,,,,,,,,,,,,,
1945-11,,,,,,,,,,,,,,,,,,,,,,,,,,,,,,,,,,3.6,,,,,,,,,,,,,,,,,
1945-12,,,,,,,,,,,,,,,,,,,,,,,,,,,,,,,,,,3.6,,,,,,,,,,,,,,,,,
1946-01,,,,,,,,,,,,,,,,,,,,,,,,,,,,,,,,,,3.6,,,,,,,,,,,,,,,,,
1946-02,,,,,,,,,,,,,,,,,,,,,,,,,,,,,,,,,,3.6,,,,,,,,,,,,,,,,,
1946-03,,,,,,,,,,,,,,,,,,,,,,,,,,,,,,,,,,3.6,,,,,,,,,,,,,,,,,
1946-04,,,,,,,,,,,,,,,,,,,,,,,,,,,,,,,,,,3.6,,,,,,,,,,,,,,,,,
1946-05,,,,,,,,,,,,,,,,,,,,,,,,,,,,,,,,,,3.6,,,,,,,,,,,,,,,,,
1946-06,,,,,,,,,,,,,,,,,,,,,,,,,,,,,,,,,,3.6,,,,,,,,,,,,,,,,,
1946-07,,,,,,,,,,,,,,,,,,,,,,,,,,,,,,,,,,3.7,,,,,,,,,,,,,,,,,
1946-08,,,,,,,,,,,,,,,,,,,,,,,,,,,,,,,,,,3.7,,,,,,,,,,,,,,,,,
1946-09,,,,,,,,,,,,,,,,,,,,,,,,,,,,,,,,,,3.7,,,,,,,,,,,,,,,,,
1946-10,,,,,,,,,,,,,,,,,,,,,,,,,,,,,,,,,,3.7,,,,,,,,,,,,,,,,,
1946-11,,,,,,,,,,,,,,,,,,,,,,,,,,,,,,,,,,3.7,,,,,,,,,,,,,,,,,
1946-12,,,,,,,,,,,,,,,,,,,,,,,,,,,,,,,,,,3.7,,,,,,,,,,,,,,,,,
1947-01,,,,,,,,,,,,,,,,,,,,,,,,,,,,,,,,,,3.7,,,,,,,,,,,,,,,,,
1947-02,,,,,,,,,,,,,,,,,,,,,,,,,,,,,,,,,,3.7,,,,,,,,,,,,,,,,,
1947-03,,,,,,,,,,,,,,,,,,,,,,,,,,,,,,,,,,3.7,,,,,,,,,,,,,,,,,
1947-04,,,,,,,,,,,,,,,,,,,,,,,,,,,,,,,,,,3.7,,,,,,,,,,,,,,,,,
1947-05,,,,,,,,,,,,,,,,,,,,,,,,,,,,,,,,,,3.7,,,,,,,,,,,,,,,,,
1947-06,,,,,,,,,,,,,,,,,,,,,,,,,,,,,,,,,,3.7,,,,,,,,,,,,,,,,,
1947-07,,,,,,,,,,,,,,,,,,,,,,,,,,,,,,,,,,3.7,,,,,,,,,,,,,,,,,
1947-08,,,,,,,,,,,,,,,,,,,,,,,,,,,,,,,,,,3.7,,,,,,,,,,,,,,,,,
1947-09,,,,,,,,,,,,,,,,,,,,,,,,,,,,,,,,,,3.6,,,,,,,,,,,,,,,,,
1947-10,,,,,,,,,,,,,,,,,,,,,,,,,,,,,,,,,,3.6,,,,,,,,,,,,,,,,,
1947-11,,,,,,,,,,,,,,,,,,,,,,,,,,,,,,,,,,3.6,,,,,,,,,,,,,,,,,
1947-12,,,,,,,,,,,,,,,,,,,,,,,,,,,,,,,,,,3.6,,,,,,,,,,,,,,,,,
1948-01,,,,,,,,,,,,,,,,,,,,,,,,,,,,,,,,,,3.6,,,,,,,,,,,,,,,,,
1948-02,,,,,,,,,,,,,,,,,,,,,,,,,,,,,,,,,,3.7,,,,,,,,,,,,,,,,,
1948-03,,,,,,,,,,,,,,,,,,,,,,,,,,,,,,,,,,3.7,,,,,,,,,,,,,,,,,
1948-04,,,,,,,,,,,,,,,,,,,,,,,,,,,,,,,,,,3.7,,,,,,,,,,,,,,,,,
1948-05,,,,,,,,,,,,,,,,,,,,,,,,,,,,,,,,,,3.7,,,,,,,,,,,,,,,,,
1948-06,,,,,,,,,,,,,,,,,,,,,,,,,,,,,,,,,,3.7,,,,,,,,,,,,,,,,,
1948-07,,,,,,,,,,,,,,,,,,,,,,,,,,,,,,,,,,3.7,,,,,,,,,,,,,,,,,
1948-08,,,,,,,,,,,,,,,,,,,,,,,,,,,,,,,,,,3.6,,,,,,,,,,,,,,,,,
1948-09,,,,,,,,,,,,,,,,,,,,,,,,,,,,,,,,,,3.6,,,,,,,,,,,,,,,,,
1948-10,,,,,,,,,,,,,,,,,,,,,,,,,,,,,,,,,,3.6,,,,,,,,,,,,,,,,,
1948-11,,,,,,,,,,,,,,,,,,,,,,,,,,,,,,,,,,3.6,,,,,,,,,,,,,,,,,
1948-12,,,,,,,,,,,,,,,,,,,,,,,,,,,,,,,,,,3.6,,,,,,,,,,,,,,,,,
1949-01,,,,,,,,,,,,,,,,,,,,,,,,,,,,,,,,,,3.6,,,,,,,,,,,,,,,,,
1949-02,,,,,,,,,,,,,,,,,,,,,,,,,,,,,,,,,,3.6,,,,,,,,,,,,,,,,,
1949-03,,,,,,,,,,,,,,,,,,,,,,,,,,,,,,,,,,3.6,,,,,,,,,,,,,,,,,
1949-04,,,,,,,,,,,,,,,,,,,,,,,,,,,,,,,,,,3.6,,,,,,,,,,,,,,,,,
1949-05,,,,,,,,,,,,,,,,,,,,,,,,,,,,,,,,,,3.7,,,,,,,,,,,,,,,,,
1949-06,,,,,,,,,,,,,,,,,,,,,,,,,,,,,,,,,,3.7,,,,,,,,,,,,,,,,,
1949-07,,,,,,,,,,,,,,,,,,,,,,,,,,,,,,,,,,3.7,,,,,,,,,,,,,,,,,
1949-08,,,,,,,,,,,,,,,,,,,,,,,,,,,,,,,,,,3.7,,,,,,,,,,,,,,,,,
1949-09,,,,,,,,,,,,,,,,,,,,,,,,,,,,,,,,,,3.7,,,,,,,,,,,,,,,,,
1949-10,,,,,,,,,,,,,,,,,,,,,,,,,,,,,,,,,,3.7,,,,,,,,,,,,,,,,,
1949-11,,,,,,,,,,,,,,,,,,,,,,,,,,,,,,,,,,3.7,,,,,,,,,,,,,,,,,
1949-12,,,,,,,,,,,,,,,,,,,,,,,,,,,,,,,,,,3.7,,,,,,,,,,,,,,,,,
1950-01,,,,,,,,,,,,,,,,,,,,,,,,,,,,,,,,,,3.7,,,,,,,,,,,,,,,,,
1950-02,,,,,,,,,,,,,,,,,,,,,,,,,,,,,,,,,,3.7,,,,,,,,,,,,,,,,,
1950-03,,,,,,,,,,,,,,,,,,,,,,,,,,,,,,,,,,3.7,,,,,,,,,,,,,,,,,
1950-04,,,,,,,,,,,,,,,,,,,,,,,,,,,,,,,,,,3.8,,,,,,,,,,,,,,,,,
1950-05,,,,,,,,,,,,,,,,,,,,,,,,,,,,,,,,,,3.8,,,,,,,,,,,,,,,,,
1950-06,,,,,,,,,,,,,,,,,,,,,,,,,,,,,,,,,,3.8,,,,,,,,,,,,,,,,,
1950-07,,,,,,,,,,,,,,,,,,,,,,,,,,,,,,,,,,3.8,,,,,,,,,,,,,,,,,
1950-08,,,,,,,,,,,,,,,,,,,,,,,,,,,,,,,,,,3.8,,,,,,,,,,,,,,,,,
1950-09,,,,,,,,,,,,,,,,,,,,,,,,,,,,,,,,,,3.9,,,,,,,,,,,,,,,,,
1950-10,,,,,,,,,,,,,,,,,,,,,,,,,,,,,,,,,,4,,,,,,,,,,,,,,,,,
1950-11,,,,,,,,,,,,,,,,,,,,,,,,,,,,,,,,,,4.1,,,,,,,,,,,,,,,,,
1950-12,,,,,,,,,,,,,,,,,,,,,,,,,,,,,,,,,,4.1,,,,,,,,,,,,,,,,,
1951-01,,,,,,,,,,,,,,,,,,,,,,,,,,,,,,,,,,4.2,,,,,,,,,,,,,,,,,
1951-02,,,,,,,,,,,,,,,,,,,,,,,,,,,,,,,,,,4.2,,,,,,,,,,,,,,,,,
1951-03,,,,,,,,,,,,,,,,,,,,,,,,,,,,,,,,,,4.2,,,,,,,,,,,,,,,,,
1951-04,,,,,,,,,,,,,,,,,,,,,,,,,,,,,,,,,,4.4,,,,,,,,,,,,,,,,,
1951-05,,,,,,,,,,,,,,,,,,,,,,,,,,,,,,,,,,4.5,,,,,,,,,,,,,,,,,
1951-06,,,,,,,,,,,,,,,,,,,,,,,,,,,,,,,,,,4.6,,,,,,,,,,,,,,,,,
1951-07,,,,,,,,,,,,,,,,,,,,,,,,,,,,,,,,,,4.6,,,,,,,,,,,,,,,,,
1951-08,,,,,,,,,,,,,,,,,,,,,,,,,,,,,,,,,,4.6,,,,,,,,,,,,,,,,,
1951-09,,,,,,,,,,,,,,,,,,,,,,,,,,,,,,,,,,4.6,,,,,,,,,,,,,,,,,
1951-10,,,,,,,,,,,,,,,,,,,,,,,,,,,,,,,,,,4.6,,,,,,,,,,,,,,,,,
1951-11,,,,,,,,,,,,,,,,,,,,,,,,,,,,,,,,,,4.6,,,,,,,,,,,,,,,,,
1951-12,,,,,,,,,,,,,,,,,,,,,,,,,,,,,,,,,,4.7,,,,,,,,,,,,,,,,,
1952-01,,,,,,,,,,,,,,,,,,,,,,,,,,,,,,,,,,4.7,,,,,,,,,,,,,,,,,
1952-02,,,,,,,,,,,,,,,,,,,,,,,,,,,,,,,,,,4.8,,,,,,,,,,,,,,,,,
1952-03,,,,,,,,,,,,,,,,,,,,,,,,,,,,,,,,,,4.8,,,,,,,,,,,,,,,,,
1952-04,,,,,,,,,,,,,,,,,,,,,,,,,,,,,,,,,,4.8,,,,,,,,,,,,,,,,,
1952-05,,,,,,,,,,,,,,,,,,,,,,,,,,,,,,,,,,4.8,,,,,,,,,,,,,,,,,
1952-06,,,,,,,,,,,,,,,,,,,,,,,,,,,,,,,,,,4.8,,,,,,,,,,,,,,,,,
1952-07,,,,,,,,,,,,,,,,,,,,,,,,,,,,,,,,,,4.9,,,,,,,,,,,,,,,,,
1952-08,,,,,,,,,,,,,,,,,,,,,,,,,,,,,,,,,,4.9,,,,,,,,,,,,,,,,,
1952-09,,,,,,,,,,,,,,,,,,,,,,,,,,,,,,,,,,5,,,,,,,,,,,,,,,,,
1952-10,,,,,,,,,,,,,,,,,,,,,,,,,,,,,,,,,,5,,,,,,,,,,,,,,,,,
1952-11,,,,,,,,,,,,,,,,,,,,,,,,,,,,,,,,,,5,,,,,,,,,,,,,,,,,
1952-12,,,,,,,,,,,,,,,,,,,,,,,,,,,,,,,,,,4.9,,,,,,,,,,,,,,,,,
1953-01,,,,,,,,,,,,,,,,,,,,,,,,,,,,,,,,,,4.9,,,,,,,,,,,,,,,,,
1953-02,,,,,,,,,,,,,,,,,,,,,,,,,,,,,,,,,,4.9,,,,,,,,,,,,,,,,,
1953-03,,,,,,,,,,,,,,,,,,,,,,,,,,,,,,,,,,4.9,,,,,,,,,,,,,,,,,
1953-04,,,,,,,,,,,,,,,,,,,,,,,,,,,,,,,,,,4.9,,,,,,,,,,,,,,,,,
1953-05,,,,,,,,,,,,,,,,,,,,,,,,,,,,,,,,,,4.9,,,,,,,,,,,,,,,,,
1953-06,,,,,,,,,,,,,,,,,,,,,,,,,,,,,,,,,,5,,,,,,,,,,,,,,,,,
1953-07,,,,,,,,,,,,,,,,,,,,,,,,,,,,,,,,,,5,,,,,,,,,,,,,,,,,
1953-08,,,,,,,,,,,,,,,,,,,,,,,,,,,,,,,,,,5,,,,,,,,,,,,,,,,,
1953-09,,,,,,,,,,,,,,,,,,,,,,,,,,,,,,,,,,5,,,,,,,,,,,,,,,,,
1953-10,,,,,,,,,,,,,,,,,,,,,,,,,,,,,,,,,,5,,,,,,,,,,,,,,,,,
1953-11,,,,,,,,,,,,,,,,,,,,,,,,,,,,,,,,,,5,,,,,,,,,,,,,,,,,
1953-12,,,,,,,,,,,,,,,,,,,,,,,,,,,,,,,,,,5,,,,,,,,,,,,,,,,,
1954-01,,,,,,,,,,,,,,,,,,,,,,,,,,,,,,,,,,5,,,,,,,,,,,,,,,,,
1954-02,,,,,,,,,,,,,,,,,,,,,,,,,,,,,,,,,,5,,,,,,,,,,,,,,,,,
1954-03,,,,,,,,,,,,,,,,,,,,,,,,,,,,,,,,,,5.1,,,,,,,,,,,,,,,,,
1954-04,,,,,,,,,,,,,,,,,,,,,,,,,,,,,,,,,,5.1,,,,,,,,,,,,,,,,,
1954-05,,,,,,,,,,,,,,,,,,,,,,,,,,,,,,,,,,5.1,,,,,,,,,,,,,,,,,
1954-06,,,,,,,,,,,,,,,,,,,,,,,,,,,,,,,,,,5.1,,,,,,,,,,,,,,,,,
1954-07,,,,,,,,,,,,,,,,,,,,,,,,,,,,,,,,,,5.3,,,,,,,,,,,,,,,,,
1954-08,,,,,,,,,,,,,,,,,,,,,,,,,,,,,,,,,,5.3,,,,,,,,,,,,,,,,,
1954-09,,,,,,,,,,,,,,,,,,,,,,,,,,,,,,,,,,5.3,,,,,,,,,,,,,,,,,
1954-10,,,,,,,,,,,,,,,,,,,,,,,,,,,,,,,,,,5.2,,,,,,,,,,,,,,,,,
1954-11,,,,,,,,,,,,,,,,,,,,,,,,,,,,,,,,,,5.2,,,,,,,,,,,,,,,,,
1954-12,,,,,,,,,,,,,,,,,,,,,,,,,,,,,,,,,,5.2,,,,,,,,,,,,,,,,,
1955-01,,,,,,,,,,,,,,,,,,,,,,,,,,,,,,,,,,5.2,,,,,,,,,,,,,,,,,
1955-02,,,,,,,,,,,,,,,,,,,,,,,,,,,,,,,,,,5.2,,,,,,,,,,,,,,,,,
1955-03,,,,,,,,,,,,,,,,,,,,,,,,,,,,,,,,,,5.2,,,,,,,,,,,,,,,,,
1955-04,,,,,,,,,,,,,,,,,,,,,,,,,,,,,,,,,,5.2,,,,,,,,,,,,,,,,,
1955-05,,,,,,,,,,,,,,,,,,,,,,,,,,,,,,,,,,5.2,,,,,,,,,,,,,,,,,
1955-06,,,,,,,,,,,,,,,,,,,,,,,,,,,,,,,,,,5.2,,,,,,,,,,,,,,,,,
1955-07,,,,,,,,,,,,,,,,,,,,,,,,,,,,,,,,,,5.2,,,,,,,,,,,,,,,,,
1955-08,,,,,,,,,,,,,,,,,,,,,,,,,,,,,,,,,,5.2,,,,,,,,,,,,,,,,,
1955-09,,,,,,,,,,,,,,,,,,,,,,,,,,,,,,,,,,5.2,,,,,,,,,,,,,,,,,
1955-10,,,,,,,,,,,,,,,,,,,,,,,,,,,,,,,,,,5.2,,,,,,,,,,,,,,,,,
1955-11,,,,,,,,,,,,,,,,,,,,,,,,,,,,,,,,,,5.2,,,,,,,,,,,,,,,,,
1955-12,,,,,,,,,,,,,,,,,,,,,,,,,,,,,,,,,,5.2,,,,,,,,,,,,,,,,,
1956-01,,,,,,,,,,,,,,,,,,,,,,,,,,,,,,,,,,5.2,,,,,,,,,,,,,,,,,
1956-02,,,,,,,,,,,,,,,,,,,,,,,,,,,,,,,,,,5.3,,,,,,,,,,,,,,,,,
1956-03,,,,,,,,,,,,,,,,,,,,,,,,,,,,,,,,,,5.3,,,,,,,,,,,,,,,,,
1956-04,,,,,,,,,,,,,,,,,,,,,,,,,,,,,,,,,,5.4,,,,,,,,,,,,,,,,,
1956-05,,,,,,,,,,,,,,,,,,,,,,,,,,,,,,,,,,5.5,,,,,,,,,,,,,,,,,
1956-06,,,,,,,,,,,,,,,,,,,,,,,,,,,,,,,,,,5.5,,,,,,,,,,,,,,,,,
1956-07,,,,,,,,,,,,,,,,,,,,,,,,,,,,,,,,,,5.6,,,,,,,,,,,,,,,,,
1956-08,,,,,,,,,,,,,,,,,,,,,,,,,,,,,,,,,,5.5,,,,,,,,,,,,,,,,,
1956-09,,,,,,,,,,,,,,,,,,,,,,,,,,,,,,,,,,5.5,,,,,,,,,,,,,,,,,
1956-10,,,,,,,,,,,,,,,,,,,,,,,,,,,,,,,,,,5.5,,,,,,,,,,,,,,,,,
1956-11,,,,,,,,,,,,,,,,,,,,,,,,,,,,,,,,,,5.5,,,,,,,,,,,,,,,,,
1956-12,,,,,,,,,,,,,,,,,,,,,,,,,,,,,,,,,,5.5,,,,,,,,,,,,,,,,,
1957-01,,,,,,,,,,,,,,,,,,,,,,,,,,,,,,,,,,5.5,,,,,,,,,,,,,,,,,
1957-02,,,,,,,,,,,,,,,,,,,,,,,,,,,,,,,,,,5.5,,,,,,,,,,,,,,,,,
1957-03,,,,,,,,,,,,,,,,,,,,,,,,,,,,,,,,,,5.6,,,,,,,,,,,,,,,,,
1957-04,,,,,,,,,,,,,,,,,,,,,,,,,,,,,,,,,,5.6,,,,,,,,,,,,,,,,,
1957-05,,,,,,,,,,,,,,,,,,,,,,,,,,,,,,,,,,5.6,,,,,,,,,,,,,,,,,
1957-06,,,,,,,,,,,,,,,,,,,,,,,,,,,,,,,,,,5.6,,,,,,,,,,,,,,,,,
1957-07,,,,,,,,,,,,,,,,,,,,,,,,,,,,,,,,,,5.6,,,,,,,,,,,,,,,,,
1957-08,,,,,,,,,,,,,,,,,,,,,,,,,,,,,,,,,,5.6,,,,,,,,,,,,,,,,,
1957-09,,,,,,,,,,,,,,,,,,,,,,,,,,,,,,,,,,5.6,,,,,,,,,,,,,,,,,
1957-10,,,,,,,,,,,,,,,,,,,,,,,,,,,,,,,,,,5.6,,,,,,,,,,,,,,,,,
1957-11,,,,,,,,,,,,,,,,,,,,,,,,,,,,,,,,,,5.6,,,,,,,,,,,,,,,,,
1957-12,,,,,,,,,,,,,,,,,,,,,,,,,,,,,,,,,,5.6,,,,,,,,,,,,,,,,,
1958-01,,,,,,,,,,,,,,,,,,,,,,,,,,,,,,,,,,5.7,,,,,,,,,,,,,,,,,
1958-02,,,,,,,,,,,,,,,,,,,,,,,,,,,,,,,,,,5.7,,,,,,,,,,,,,,,,,
1958-03,,,,,,,,,,,,,,,,,,,,,,,,,,,,,,,,,,5.7,,,,,,,,,,,,,,,,,
1958-04,,,,,,,,,,,,,,,,,,,,,,,,,,,,,,,,,,5.8,,,,,,,,,,,,,,,,,
1958-05,,,,,,,,,,,,,,,,,,,,,,,,,,,,,,,,,,5.9,,,,,,,,,,,,,,,,,
1958-06,,,,,,,,,,,,,,,,,,,,,,,,,,,,,,,,,,5.9,,,,,,,,,,,,,,,,,
1958-07,,,,,,,,,,,,,,,,,,,,,,,,,,,,,,,,,,5.9,,,,,,,,,,,,,,,,,
1958-08,,,,,,,,,,,,,,,,,,,,,,,,,,,,,,,,,,6,,,,,,,,,,,,,,,,,
1958-09,,,,,,,,,,,,,,,,,,,,,,,,,,,,,,,,,,6,,,,,,,,,,,,,,,,,
1958-10,,,,,,,,,,,,,,,,,,,,,,,,,,,,,,,,,,6,,,,,,,,,,,,,,,,,
1958-11,,,,,,,,,,,,,,,,,,,,,,,,,,,,,,,,,,6,,,,,,,,,,,,,,,,,
1958-12,,,,,,,,,,,,,,,,,,,,,,,,,,,,,,,,,,6,,,,,,,,,,,,,,,,,
1959-01,,,,,,,,,,,,,,,,,,,,,,,,,,,,,,,,,,6,,,,,,,,,,,,,,,,,
1959-02,,,,,,,,,,,,,,,,,,,,,,,,,,,,,,,,,,6,,,,,,,,,,,,,,,,,
1959-03,,,,,,,,,,,,,,,,,,,,,,,,,,,,,,,,,,5.9,,,,,,,,,,,,,,,,,
1959-04,,,,,,,,,,,,,,,,,,,,,,,,,,,,,,,,,,6,,,,,,,,,,,,,,,,,
1959-05,,,,,,,,,,,,,,,,,,,,,,,,,,,,,,,,,,6,,,,,,,,,,,,,,,,,
1959-06,,,,,,,,,,,,,,,,,,,,,,,,,,,,,,,,,,6,,,,,,,,,,,,,,,,,
1959-07,,,,,,,,,,,,,,,,,,,,,,,,,,,,,,,,,,6,,,,,,,,,,,,,,,,,
1959-08,,,,,,,,,,,,,,,,,,,,,,,,,,,,,,,,,,6,,,,,,,,,,,,,,,,,
1959-09,,,,,,,,,,,,,,,,,,,,,,,,,,,,,,,,,,6,,,,,,,,,,,,,,,,,
1959-10,,,,,,,,,,,,,,,,,,,,,,,,,,,,,,,,,,6,,,,,,,,,,,,,,,,,
1959-11,,,,,,,,,,,,,,,,,,,,,,,,,,,,,,,,,,6,,,,,,,,,,,,,,,,,
1959-12,,,,,,,,,,,,,,,,,,,,,,,,,,,,,,,,,,6,,,,,,,,,,,,,,,,,
1960-01,,,,,,,,,,,,,,,,,,,,,,,,,,,,,,,,,,6,,,,,,,,,,,,,,,,,
1960-02,,,,,,,,,,,,,,,,,,,,,,,,,,,,,,,,,,6,,,,,,,,,,,,,,,,,
1960-03,,,,,,,,,,,,,,,,,,,,,,,,,,,,,,,,,,6,,,,,,,,,,,,,,,,,
1960-04,,,,,,,,,,,,,,,,,,,,,,,,,,,,,,,,,,6,,,,,,,,,,,,,,,,,
1960-05,,,,,,,,,,,,,,,,,,,,,,,,,,,,,,,,,,6,,,,,,,,,,,,,,,,,
1960-06,,,,,,,,,,,,,,,,,,,,,,,,,,,,,,,,,,6,,,,,,,,,,,,,,,,,
1960-07,,,,,,,,,,,,,,,,,,,,,,,,,,,,,,,,,,6,,,,,,,,,,,,,,,,,
1960-08,,,,,,,,,,,,,,,,,,,,,,,,,,,,,,,,,,6,,,,,,,,,,,,,,,,,
1960-09,,,,,,,,,,,,,,,,,,,,,,,,,,,,,,,,,,6,,,,,,,,,,,,,,,,,
1960-10,,,,,,,,,,,,,,,,,,,,,,,,,,,,,,,,,,6,,,,,,,,,,,,,,,,,
1960-11,,,,,,,,,,,,,,,,,,,,,,,,,,,,,,,,,,6,,,,,,,,,,,,,,,,,
1960-12,,,,,,,,,,,,,,,,,,,,,,,,,,,,,,,,,,6,,,,,,,,,,,,,,,,,
1961-01,,,,,,,,,,,,,,,,,,,,,,,,,,,,,,,,,,6,,,,,,,,,,,,,,,,,
1961-02,,,,,,,,,,,,,,,,,,,,,,,,,,,,,,,,,,6,,,,,,,,,,,,,,,,,
1961-03,,,,,,,,,,,,,,,,,,,,,,,,,,,,,,,,,,6.1,,,,,,,,,,,,,,,,,
1961-04,,,,,,,,,,,,,,,,,,,,,,,,,,,,,,,,,,6.1,,,,,,,,,,,,,,,,,
1961-05,,,,,,,,,,,,,,,,,,,,,,,,,,,,,,,,,,6.1,,,,,,,,,,,,,,,,,
1961-06,,,,,,,,,,,,,,,,,,,,,,,,,,,,,,,,,,6.1,,,,,,,,,,,,,,,,,
1961-07,,,,,,,,,,,,,,,,,,,,,,,,,,,,,,,,,,6.1,,,,,,,,,,,,,,,,,
1961-08,,,,,,,,,,,,,,,,,,,,,,,,,,,,,,,,,,6.2,,,,,,,,,,,,,,,,,
1961-09,,,,,,,,,,,,,,,,,,,,,,,,,,,,,,,,,,6.2,,,,,,,,,,,,,,,,,
1961-10,,,,,,,,,,,,,,,,,,,,,,,,,,,,,,,,,,6.3,,,,,,,,,,,,,,,,,
1961-11,,,,,,,,,,,,,,,,,,,,,,,,,,,,,,,,,,6.3,,,,,,,,,,,,,,,,,
1961-12,,,,,,,,,,,,,,,,,,,,,,,,,,,,,,,,,,6.3,,,,,,,,,,,,,,,,,
1962-01,,,,,,,,,,,,,,,,,,,,,,,,,,,,,,,,,,6.3,,,,,,,,,,,,,,,,,
1962-02,,,,,,,,,,,,,,,,,,,,,,,,,,,,,,,,,,6.3,,,,,,,,,,,,,,,,,
1962-03,,,,,,,,,,,,,,,,,,,,,,,,,,,,,,,,,,6.4,,,,,,,,,,,,,,,,,
1962-04,,,,,,,,,,,,,,,,,,,,,,,,,,,,,,,,,,6.4,,,,,,,,,,,,,,,,,
1962-05,,,,,,,,,,,,,,,,,,,,,,,,,,,,,,,,,,6.4,,,,,,,,,,,,,,,,,
1962-06,,,,,,,,,,,,,,,,,,,,,,,,,,,,,,,,,,6.4,,,,,,,,,,,,,,,,,
1962-07,,,,,,,,,,,,,,,,,,,,,,,,,,,,,,,,,,6.5,,,,,,,,,,,,,,,,,
1962-08,,,,,,,,,,,,,,,,,,,,,,,,,,,,,,,,,,6.5,,,,,,,,,,,,,,,,,
1962-09,,,,,,,,,,,,,,,,,,,,,,,,,,,,,,,,,,6.6,,,,,,,,,,,,,,,,,
1962-10,,,,,,,,,,,,,,,,,,,,,,,,,,,,,,,,,,6.5,,,,,,,,,,,,,,,,,
1962-11,,,,,,,,,,,,,,,,,,,,,,,,,,,,,,,,,,6.5,,,,,,,,,,,,,,,,,
1962-12,,,,,,,,,,,,,,,,,,,,,,,,,,,,,,,,,,6.6,,,,,,,,,,,,,,,,,
1963-01,,,,,,,,,,,,,,,,,,,,,,,,,,,,,,,,,,6.6,,,,,,,,,,,,,,,,,
1963-02,,,,,,,,,,,,,,,,,,,,,,,,,,,,,,,,,,6.6,,,,,,,,,,,,,,,,,
1963-03,,,,,,,,,,,,,,,,,,,,,,,,,,,,,,,,,,6.7,,,,,,,,,,,,,,,,,
1963-04,,,,,,,,,,,,,,,,,,,,,,,,,,,,,,,,,,6.7,,,,,,,,,,,,,,,,,
1963-05,,,,,,,,,,,,,,,,,,,,,,,,,,,,,,,,,,6.6,,,,,,,,,,,,,,,,,
1963-06,,,,,,,,,,,,,,,,,,,,,,,,,,,,,,,,,,6.6,,,,,,,,,,,,,,,,,
1963-07,,,,,,,,,,,,,,,,,,,,,,,,,,,,,,,,,,6.7,,,,,,,,,,,,,,,,,
1963-08,,,,,,,,,,,,,,,,,,,,,,,,,,,,,,,,,,6.6,,,,,,,,,,,,,,,,,
1963-09,,,,,,,,,,,,,,,,,,,,,,,,,,,,,,,,,,6.6,,,,,,,,,,,,,,,,,
1963-10,,,,,,,,,,,,,,,,,,,,,,,,,,,,,,,,,,6.6,,,,,,,,,,,,,,,,,
1963-11,,,,,,,,,,,,,,,,,,,,,,,,,,,,,,,,,,6.6,,,,,,,,,,,,,,,,,
1963-12,,,,,,,,,,,,,,,,,,,,,,,,,,,,,,,,,,6.7,,,,,,,,,,,,,,,,,
1964-01,,,,,,,,,,,,,,,,,,,,,,,,,,,,,,,,,,6.9,,,,,,,,,,,,,,,,,
1964-02,,,,,,,,,,,,,,,,,,,,,,,,,,,,,,,,,,6.9,,,,,,,,,,,,,,,,,
1964-03,,,,,,,,,,,,,,,,,,,,,,,,,,,,,,,,,,6.9,,,,,,,,,,,,,,,,,
1964-04,,,,,,,,,,,,,,,,,,,,,,,,,,,,,,,,,,7,,,,,,,,,,,,,,,,,
1964-05,,,,,,,,,,,,,,,,,,,,,,,,,,,,,,,,,,7,,,,,,,,,,,,,,,,,
1964-06,,,,,,,,,,,,,,,,,,,,,,,,,,,,,,,,,,7,,,,,,,,,,,,,,,,,
1964-07,,,,,,,,,,,,,,,,,,,,,,,,,,,,,,,,,,7.1,,,,,,,,,,,,,,,,,
1964-08,,,,,,,,,,,,,,,,,,,,,,,,,,,,,,,,,,7.1,,,,,,,,,,,,,,,,,
1964-09,,,,,,,,,,,,,,,,,,,,,,,,,,,,,,,,,,7.2,,,,,,,,,,,,,,,,,
1964-10,,,,,,,,,,,,,,,,,,,,,,,,,,,,,,,,,,7.1,,,,,,,,,,,,,,,,,
1964-11,,,,,,,,,,,,,,,,,,,,,,,,,,,,,,,,,,7.2,,,,,,,,,,,,,,,,,
1964-12,,,,,,,,,,,,,,,,,,,,,,,,,,,,,,,,,,7.2,,,,,,,,,,,,,,,,,
1965-01,,,,,,,,,,,,,,,,,,,,,,,,,,,,,,,,,,7.2,,,,,,,,,,,,,,,,,
1965-02,,,,,,,,,,,,,,,,,,,,,,,,,,,,,,,,,,7.2,,,,,,,,,,,,,,,,,
1965-03,,,,,,,,,,,,,,,,,,,,,,,,,,,,,,,,,,7.3,,,,,,,,,,,,,,,,,
1965-04,,,,,,,,,,,,,,,,,,,,,,,,,,,,,,,,,,7.3,,,,,,,,,,,,,,,,,
1965-05,,,,,,,,,,,,,,,,,,,,,,,,,,,,,,,,,,7.3,,,,,,,,,,,,,,,,,
1965-06,,,,,,,,,,,,,,,,,,,,,,,,,,,,,,,,,,7.3,,,,,,,,,,,,,,,,,
1965-07,,,,,,,,,,,,,,,,,,,,,,,,,,,,,,,,,,7.4,,,,,,,,,,,,,,,,,
1965-08,,,,,,,,,,,,,,,,,,,,,,,,,,,,,,,,,,7.3,,,,,,,,,,,,,,,,,
1965-09,,,,,,,,,,,,,,,,,,,,,,,,,,,,,,,,,,7.4,,,,,,,,,,,,,,,,,
1965-10,,,,,,,,,,,,,,,,,,,,,,,,,,,,,,,,,,7.3,,,,,,,,,,,,,,,,,
1965-11,,,,,,,,,,,,,,,,,,,,,,,,,,,,,,,,,,7.4,,,,,,,,,,,,,,,,,
1965-12,,,,,,,,,,,,,,,,,,,,,,,,,,,,,,,,,,7.4,,,,,,,,,,,,,,,,,
1966-01,,,,,,,,,,,,,,,,,,,,,,,,,,,,,,,,,,7.4,,,,,,,,,,,,,,,,,
1966-02,,,,,,,,,,,,,,,,,,,,,,,,,,,,,,,,,,7.4,,,,,,,,,,,,,,,,,
1966-03,,,,,,,,,,,,,,,,,,,,,,,,,,,,,,,,,,7.5,,,,,,,,,,,,,,,,,
1966-04,,,,,,,,,,,,,,,,,,,,,,,,,,,,,,,,,,7.5,,,,,,,,,,,,,,,,,
1966-05,,,,,,,,,,,,,,,,,,,,,,,,,,,,,,,,,,7.5,,,,,,,,,,,,,,,,,
1966-06,,,,,,,,,,,,,,,,,,,,,,,,,,,,,,,,,,7.5,,,,,,,,,,,,,,,,,
1966-07,,,,,,,,,,,,,,,,,,,,,,,,,,,,,,,,,,7.6,,,,,,,,,,,,,,,,,
1966-08,,,,,,,,,,,,,,,,,,,,,,,,,,,,,,,,,,7.6,,,,,,,,,,,,,,,,,
1966-09,,,,,,,,,,,,,,,,,,,,,,,,,,,,,,,,,,7.6,,,,,,,,,,,,,,,,,
1966-10,,,,,,,,,,,,,,,,,,,,,,,,,,,,,,,,,,7.7,,,,,,,,,,,,,,,,,
1966-11,,,,,,,,,,,,,,,,,,,,,,,,,,,,,,,,,,7.7,,,,,,,,,,,,,,,,,
1966-12,,,,,,,,,,,,,,,,,,,,,,,,,,,,,,,,,,7.7,,,,,,,,,,,,,,,,,
1967-01,,,,,,,,,,,,,,,,,,,,,,,,,,,,,,,,,,7.7,,,,,,,,,,,,,,,,,
1967-02,,,,,,,,,,,,,,,,,,,,,,,,,,,,,,,,,,7.7,,,,,,,,,,,,,,,,,
1967-03,,,,,,,,,,,,,,,,,,,,,,,,,,,,,,,,,,7.8,,,,,,,,,,,,,,,,,
1967-04,,,,,,,,,,,,,,,,,,,,,,,,,,,,,,,,,,7.8,,,,,,,,,,,,,,,,,
1967-05,,,,,,,,,,,,,,,,,,,,,,,,,,,,,,,,,,7.8,,,,,,,,,,,,,,,,,
1967-06,,,,,,,,,,,,,,,,,,,,,,,,,,,,,,,,,,7.9,,,,,,,,,,,,,,,,,
1967-07,,,,,,,,,,,,,,,,,,,,,,,,,,,,,,,,,,8,,,,,,,,,,,,,,,,,
1967-08,,,,,,,,,,,,,,,,,,,,,,,,,,,,,,,,,,8,,,,,,,,,,,,,,,,,
1967-09,,,,,,,,,,,,,,,,,,,,,,,,,,,,,,,,,,8,,,,,,,,,,,,,,,,,
1967-10,,,,,,,,,,,,,,,,,,,,,,,,,,,,,,,,,,8,,,,,,,,,,,,,,,,,
1967-11,,,,,,,,,,,,,,,,,,,,,,,,,,,,,,,,,,8,,,,,,,,,,,,,,,,,
1967-12,,,,,,,,,,,,,,,,,,,,,,,,,,,,,,,,,,8,,,,,,,,,,,,,,,,,
1968-01,,,,,,,,,,,,,,,,,,,,,,,,,,,,,,,,,,8.1,,,,,,,,,,,,,,,,,
1968-02,,,,,,,,,,,,,,,,,,,,,,,,,,,,,,,,,,8.1,,,,,,,,,,,,,,,,,
1968-03,,,,,,,,,,,,,,,,,,,,,,,,,,,,,,,,,,8.1,,,,,,,,,,,,,,,,,
1968-04,,,,,,,,,,,,,,,,,,,,,,,,,,,,,,,,,,8.1,,,,,,,,,,,,,,,,,
1968-05,,,,,,,,,,,,,,,,,,,,,,,,,,,,,,,,,,8.1,,,,,,,,,,,,,,,,,
1968-06,,,,,,,,,,,,,,,,,,,,,,,,,,,,,,,,,,8.1,,,,,,,,,,,,,,,,,
1968-07,,,,,,,,,,,,,,,,,,,,,,,,,,,,,,,,,,8.2,,,,,,,,,,,,,,,,,
1968-08,,,,,,,,,,,,,,,,,,,,,,,,,,,,,,,,,,8.2,,,,,,,,,,,,,,,,,
1968-09,,,,,,,,,,,,,,,,,,,,,,,,,,,,,,,,,,8.2,,,,,,,,,,,,,,,,,
1968-10,,,,,,,,,,,,,,,,,,,,,,,,,,,,,,,,,,8.3,,,,,,,,,,,,,,,,,
1968-11,,,,,,,,,,,,,,,,,,,,,,,,,,,,,,,,,,8.3,,,,,,,,,,,,,,,,,
1968-12,,,,,,,,,,,,,,,,,,,,,,,,,,,,,,,,,,8.3,,,,,,,,,,,,,,,,,
1969-01,,,,,,,,,,,,,,,,,,,,,,,,,,,,,,,,,,8.3,,,,,,,,,,,,,,,,,
1969-02,,,,,,,,,,,,,,,,,,,,,,,,,,,,,,,,,,8.3,,,,,,,,,,,,,,,,,
1969-03,,,,,,,,,,,,,,,,,,,,,,,,,,,,,,,,,,8.3,,,,,,,,,,,,,,,,,
1969-04,,,,,,,,,,,,,,,,,,,,,,,,,,,,,,,,,,8.4,,,,,,,,,,,,,,,,,
1969-05,,,,,,,,,,,,,,,,,,,,,,,,,,,,,,,,,,8.4,,,,,,,,,,,,,,,,,
1969-06,,,,,,,,,,,,,,,,,,,,,,,,,,,,,,,,,,8.4,,,,,,,,,,,,,,,,,
1969-07,,,,,,,,,,,,,,,,,,,,,,,,,,,,,,,,,,8.5,,,,,,,,,,,,,,,,,
1969-08,,,,,,,,,,,,,,,,,,,,,,,,,,,,,,,,,,8.4,,,,,,,,,,,,,,,,,
1969-09,,,,,,,,,,,,,,,,,,,,,,,,,,,,,,,,,,8.5,,,,,,,,,,,,,,,,,
1969-10,,,,,,,,,,,,,,,,,,,,,,,,,,,,,,,,,,8.5,,,,,,,,,,,,,,,,,
1969-11,,,,,,,,,,,,,,,,,,,,,,,,,,,,,,,,,,8.5,,,,,,,,,,,,,,,,,
1969-12,,,,,,,,,,,,,,,,,,,,,,,,,,,,,,,,,,8.5,,,,,,,,,,,,,,,,,
1970-01,,,,,,,,,,,,,,,,,,,,,,,,,,,,,,,,,,9,,,,,,,,,,,,,,,,,
1970-02,,,,,,,,,,,,,,,,,,,,,,,,,,,,,,,,,,9.1,,,,,,,,,,,,,,,,,
1970-03,,,,,,,,,,,,,,,,,,,,,,,,,,,,,,,,,,9.1,,,,,,,,,,,,,,,,,
1970-04,,,,,,,,,,,,,,,,,,,,,,,,,,,,,,,,,,9.2,,,,,,,,,,,,,,,,,
1970-05,,,,,,,,,,,,,,,,,,,,,,,,,,,,,,,,,,9.2,,,,,,,,,,,,,,,,,
1970-06,,,,,,,,,,,,,,,,,,,,,,,,,,,,,,,,,,9.2,,,,,,,,,,,,,,,,,
1970-07,,,,,,,,,,,,,,,,,,,,,,,,,,,,,,,,,,9.4,,,,,,,,,,,,,,,,,
1970-08,,,,,,,,,,,,,,,,,,,,,,,,,,,,,,,,,,9.4,,,,,,,,,,,,,,,,,
1970-09,,,,,,,,,,,,,,,,,,,,,,,,,,,,,,,,,,9.5,,,,,,,,,,,,,,,,,
1970-10,,,,,,,,,,,,,,,,,,,,,,,,,,,,,,,,,,9.5,,,,,,,,,,,,,,,,,
1970-11,,,,,,,,,,,,,,,,,,,,,,,,,,,,,,,,,,9.6,,,,,,,,,,,,,,,,,
1970-12,,,,,,,,,,,,,,,,,,,,,,,,,,,,,,,,,,9.7,,,,,,,,,,,,,,,,,
1971-01,,,,,,,,,,,,,,,,,,,,,,,,,,,,,,,,,,9.7,,,,,,,,,,,,,,,,,
1971-02,,,,,,,,,,,,,,,,,,,,,,,,,,,,,,,,,,9.7,,,,,,,,,,,,,,,,,
1971-03,,,,,,,,,,,,,,,,,,,,,,,,,,,,,,,,,,9.8,,,,,,,,,,,,,,,,,
1971-04,,,,,,,,,,,,,,,,,,,,,,,,,,,,,,,,,,9.8,,,,,,,,,,,,,,,,,
1971-05,,,,,,,,,,,,,,,,,,,,,,,,,,,,,,,,,,9.8,,,,,,,,,,,,,,,,,
1971-06,,,,,,,,,,,,,,,,,,,,,,,,,,,,,,,,,,9.9,,,,,,,,,,,,,,,,,
1971-07,,,,,,,,,,,,,,,,,,,,,,,,,,,,,,,,,,9.9,,,,,,,,,,,,,,,,,
1971-08,,,,,,,,,,,,,,,,,,,,,,,,,,,,,,,,,,9.9,,,,,,,,,,,,,,,,,
1971-09,,,,,,,,,,,,,,,,,,,,,,,,,,,,,,,,,,10,,,,,,,,,,,,,,,,,
1971-10,,,,,,,,,,,,,,,,,,,,,,,,,,,,,,,,,,10.1,,,,,,,,,,,,,,,,,
1971-11,,,,,,,,,,,,,,,,,,,,,,,,,,,,,,,,,,10.1,,,,,,,,,,,,,,,,,
1971-12,,,,,,,,,,,,,,,,,,,,,,,,,,,,,,,,,,10.2,,,,,,,,,,,,,,,,,
1972-01,,,,,,,,,,,,,,,,,,,,,,,,,,,,,,,,,,10.3,,,,,,,,,,,,,,,,,
1972-02,,,,,,,,,,,,,,,,,,,,,,,,,,,,,,,,,,10.3,,,,,,,,,,,,,,,,,
1972-03,,,,,,,,,,,,,,,,,,,,,,,,,,,,,,,,,,10.4,,,,,,,,,,,,,,,,,
1972-04,,,,,,,,,,,,,,,,,,,,,,,,,,,,,,,,,,10.5,,,,,,,,,,,,,,,,,
1972-05,,,,,,,,,,,,,,,,,,,,,,,,,,,,,,,,,,10.5,,,,,,,,,,,,,,,,,
1972-06,,,,,,,,,,,,,,,,,,,,,,,,,,,,,,,,,,10.6,,,,,,,,,,,,,,,,,
1972-07,,,,,,,,,,,,,,,,,,,,,,,,,,,,,,,,,,10.7,,,,,,,,,,,,,,,,,
1972-08,,,,,,,,,,,,,,,,,,,,,,,,,,,,,,,,,,10.7,,,,,,,,,,,,,,,,,
1972-09,,,,,,,,,,,,,,,,,,,,,,,,,,,,,,,,,,10.8,,,,,,,,,,,,,,,,,
1972-10,,,,,,,,,,,,,,,,,,,,,,,,,,,,,,,,,,10.8,,,,,,,,,,,,,,,,,
1972-11,,,,,,,,,,,,,,,,,,,,,,,,,,,,,,,,,,10.9,,,,,,,,,,,,,,,,,
1972-12,,,,,,,,,,,,,,,,,,,,,,,,,,,,,,,,,,10.9,,,,,,,,,,,,,,,,,
1973-01,,,,,,,,,,,,,,,,,,,,,,,,,,,,,,,,,,11,,,,,,,,,,,,,,,,,
1973-02,,,,,,,,,,,,,,,,,,,,,,,,,,,,,,,,,,11.1,,,,,,,,,,,,,,,,,
1973-03,,,,,,,,,,,,,,,,,,,,,,,,,,,,,,,,,,11.2,,,,,,,,,,,,,,,,,
1973-04,,,,,,,,,,,,,,,,,,,,,,,,,,,,,,,,,,11.3,,,,,,,,,,,,,,,,,
1973-05,,,,,,,,,,,,,,,,,,,,,,,,,,,,,,,,,,11.3,,,,,,,,,,,,,,,,,
1973-06,,,,,,,,,,,,,,,,,,,,,,,,,,,,,,,,,,11.4,,,,,,,,,,,,,,,,,
1973-07,,,,,,,,,,,,,,,,,,,,,,,,,,,,,,,,,,11.5,,,,,,,,,,,,,,,,,
1973-08,,,,,,,,,,,,,,,,,,,,,,,,,,,,,,,,,,11.4,,,,,,,,,,,,,,,,,
1973-09,,,,,,,,,,,,,,,,,,,,,,,,,,,,,,,,,,11.5,,,,,,,,,,,,,,,,,
1973-10,,,,,,,,,,,,,,,,,,,,,,,,,,,,,,,,,,11.6,,,,,,,,,,,,,,,,,
1973-11,,,,,,,,,,,,,,,,,,,,,,,,,,,,,,,,,,11.7,,,,,,,,,,,,,,,,,
1973-12,,,,,,,,,,,,,,,,,,,,,,,,,,,,,,,,,,11.8,,,,,,,,,,,,,,,,,
1974-01,,,,,,,,,,,,,,,,,,,,,,,,,,,,,,,,,,12,,,,,,,,,,,,,,,,,
1974-02,,,,,,,,,,,,,,,,,,,,,,,,,,,,,,,,,,12.1,,,,,,,,,,,,,,,,,
1974-03,,,,,,,,,,,,,,,,,,,,,,,,,,,,,,,,,,12.2,,,,,,,,,,,,,,,,,
1974-04,,,,,,,,,,,,,,,,,,,,,,,,,,,,,,,,,,12.3,,,,,,,,,,,,,,,,,
1974-05,,,,,,,,,,,,,,,,,,,,,,,,,,,,,,,,,,12.3,,,,,,,,,,,,,,,,,
1974-06,,,,,,,,,,,,,,,,,,,,,,,,,,,,,,,,,,12.4,,,,,,,,,,,,,,,,,
1974-07,,,,,,,,,,,,,,,,,,,,,,,,,,,,,,,,,,12.5,,,,,,,,,,,,,,,,,
1974-08,,,,,,,,,,,,,,,,,,,,,,,,,,,,,,,,,,12.6,,,,,,,,,,,,,,,,,
1974-09,,,,,,,,,,,,,,,,,,,,,,,,,,,,,,,,,,12.7,,,,,,,,,,,,,,,,,
1974-10,,,,,,,,,,,,,,,,,,,,,,,,,,,,,,,,,,12.8,,,,,,,,,,,,,,,,,
1974-11,,,,,,,,,,,,,,,,,,,,,,,,,,,,,,,,,,12.9,,,,,,,,,,,,,,,,,
1974-12,,,,,,,,,,,,,,,,,,,,,,,,,,,,,,,,,,13,,,,,,,,,,,,,,,,,
1975-01,,,,,,,,,,,,,,,,,,,,,,,,,,,,,,,,,,13.4,,,,,,,,,,,,,,,,,
1975-02,,,,,,,,,,,,,,,,,,,,,,,,,,,,,,,,,,13.4,,,,,,,,,,,,,,,,,
1975-03,,,,,,,,,,,,,,,,,,,,,,,,,,,,,,,,,,13.6,,,,,,,,,,,,,,,,,
1975-04,,,,,,,,,,,,,,,,,,,,,,,,,,,,,,,,,,13.6,,,,,,,,,,,,,,,,,
1975-05,,,,,,,,,,,,,,,,,,,,,,,,,,,,,,,,,,13.7,,,,,,,,,,,,,,,,,
1975-06,,,,,,,,,,,,,,,,,,,,,,,,,,,,,,,,,,13.9,,,,,,,,,,,,,,,,,
1975-07,,,,,,,,,,,,,,,,,,,,,,,,,,,,,,,,,,14.1,,,,,,,,,,,,,,,,,
1975-08,,,,,,,,,,,,,,,,,,,,,,,,,,,,,,,,,,14.1,,,,,,,,,,,,,,,,,
1975-09,,,,,,,,,,,,,,,,,,,,,,,,,,,,,,,,,,14.3,,,,,,,,,,,,,,,,,
1975-10,,,,,,,,,,,,,,,,,,,,,,,,,,,,,,,,,,14.3,,,,,,,,,,,,,,,,,
1975-11,,,,,,,,,,,,,,,,,,,,,,,,,,,,,,,,,,14.4,,,,,,,,,,,,,,,,,
1975-12,,,,,,,,,,,,,,,,,,,,,,,,,,,,,,,,,,14.4,,,,,,,,,,,,,,,,,
1976-01,,,,,,,,,,,,,,,,,,,,,,,,,,,,,,,,,,14.6,,,,,,,,,,,,,,,,,
1976-02,,,,,,,,,,,,,,,,,,,,,,,,,,,,,,,,,,14.7,,,,,,,,,,,,,,,,,
1976-03,,,,,,,,,,,,,,,,,,,,,,,,,,,,,,,,,,14.9,,,,,,,,,,,,,,,,,
1976-04,,,,,,,,,,,,,,,,,,,,,,,,,,,,,,,,,,15,,,,,,,,,,,,,,,,,
1976-05,,,,,,,,,,,,,,,,,,,,,,,,,,,,,,,,,,15.1,,,,,,,,,,,,,,,,,
1976-06,,,,,,,,,,,,,,,,,,,,,,,,,,,,,,,,,,15.3,,,,,,,,,,,,,,,,,
1976-07,,,,,,,,,,,,,,,,,,,,,,,,,,,,,,,,,,15.4,,,,,,,,,,,,,,,,,
1976-08,,,,,,,,,,,,,,,,,,,,,,,,,,,,,,,,,,15.4,,,,,,,,,,,,,,,,,
1976-09,,,,,,,,,,,,,,,,,,,,,,,,,,,,,,,,,,15.5,,,,,,,,,,,,,,,,,
1976-10,,,,,,,,,,,,,,,,,,,,,,,,,,,,,,,,,,15.5,,,,,,,,,,,,,,,,,
1976-11,,,,,,,,,,,,,,,,,,,,,,,,,,,,,,,,,,15.5,,,,,,,,,,,,,,,,,
1976-12,,,,,,,,,,,,,,,,,,,,,,,,,,,,,,,,,,15.6,,,,,,,,,,,,,,,,,
1977-01,,,,,,,,,,,,,,,,,,,,,,,,,,,,,,,,,,15.9,,,,,,,,,,,,,,,,,
1977-02,,,,,,,,,,,,,,,,,,,,,,,,,,,,,,,,,,16,,,,,,,,,,,,,,,,,
1977-03,,,,,,,,,,,,,,,,,,,,,,,,,,,,,,,,,,16.2,,,,,,,,,,,,,,,,,
1977-04,,,,,,,,,,,,,,,,,,,,,,,,,,,,,,,,,,16.4,,,,,,,,,,,,,,,,,
1977-05,,,,,,,,,,,,,,,,,,,,,,,,,,,,,,,,,,16.5,,,,,,,,,,,,,,,,,
1977-06,,,,,,,,,,,,,,,,,,,,,,,,,,,,,,,,,,16.6,,,,,,,,,,,,,,,,,
1977-07,,,,,,,,,,,,,,,,,,,,,,,,,,,,,,,,,,16.8,,,,,,,,,,,,,,,,,
1977-08,,,,,,,,,,,,,,,,,,,,,,,,,,,,,,,,,,16.8,,,,,,,,,,,,,,,,,
1977-09,,,,,,,,,,,,,,,,,,,,,,,,,,,,,,,,,,16.9,,,,,,,,,,,,,,,,,
1977-10,,,,,,,,,,,,,,,,,,,,,,,,,,,,,,,,,,17,,,,,,,,,,,,,,,,,
1977-11,,,,,,,,,,,,,,,,,,,,,,,,,,,,,,,,,,17,,,,,,,,,,,,,,,,,
1977-12,,,,,,,,,,,,,,,,,,,,,,,,,,,,,,,,,,17,,,,,,,,,,,,,,,,,
1978-01,,,,,,,,,,,,,,,,,,,20.7,,,,,,,,,,,,,,,17.4,,,,,,,,,,,,,,,,,
1978-02,,,,,,,,,,,,,,,,,,,20.7,,,,,,,,,,,,,,,17.5,,,,,,,,,,,,,,,,,
1978-03,,,,,,,,,,,,,,,,,,,20.8,,,,,,,,,,,,,,,17.6,,,,,,,,,,,,,,,,,
1978-04,,,,,,,,,,,,,,,,,,,20.9,,,,,,,,,,,,,,,17.7,,,,,,,,,,,,,,,,,
1978-05,,,,,,,,,,,,,,,,,,,20.9,,,,,,,,,,,,,,,17.7,,,,,,,,,,,,,,,,,
1978-06,,,,,,,,,,,,,,,,,,,20.9,,,,,,,,,,,,,,,17.8,,,,,,,,,,,,,,,,,
1978-07,,,,,,,,,,,,,,,,,,,21,,,,,,,,,,,,,,,18.1,,,,,,,,,,,,,,,,,
1978-08,,,,,,,,,,,,,,,,,,,21,,,,,,,,,,,,,,,18.1,,,,,,,,,,,,,,,,,
1978-09,,,,,,,,,,,,,,,,,,,21,,,,,,,,,,,,,,,18.3,,,,,,,,,,,,,,,,,
1978-10,,,,,,,,,,,,,,,,,,,21.1,,,,,,,,,,,,,,,18.3,,,,,,,,,,,,,,,,,
1978-11,,,,,,,,,,,,,,,,,,,21.1,,,,,,,,,,,,,,,18.4,,,,,,,,,,,,,,,,,
1978-12,,,,,,,,,,,,,,,,,,,21.1,,,,,,,,,,,,,,,18.4,,,,,,,,,,,,,,,,,
1979-01,,,,,,,,,,,,,,,,,,,21.2,,,,,,,,,,,,,,,18.4,,,,,,,,,,,,,,,,,
1979-02,,,,,,,,,,,,,,,,,,,21.2,,,,,,,,,,,,,,,18.4,,,,,,,,,,,,,,,,,
1979-03,,,,,,,,,,,,,,,,,,,21.3,,,,,,,,,,,,,,,18.5,,,,,,,,,,,,,,,,,
1979-04,,,,,,,,,,,,,,,,,,,21.3,,,,,,,,,,,,,,,18.6,,,,,,,,,,,,,,,,,
1979-05,,,,,,,,,,,,,,,,,,,21.3,,,,,,,,,,,,,,,18.7,,,,,,,,,,,,,,,,,
1979-06,,,,,,,,,,,,,,,,,,,21.4,,,,,,,,,,,,,,,18.8,,,,,,,,,,,,,,,,,
1979-07,,,,,,,,,,,,,,,,,,,21.4,,,,,,,,,,,,,,,18.9,,,,,,,,,,,,,,,,,
1979-08,,,,,,,,,,,,,,,,,,,21.4,,,,,,,,,,,,,,,18.9,,,,,,,,,,,,,,,,,
1979-09,,,,,,,,,,,,,,,,,,,21.6,,,,,,,,,,,,,,,19,,,,,,,,,,,,,,,,,
1979-10,,,,,,,,,,,,,,,,,,,21.8,,,,,,,,,,,,,,,19.1,,,,,,,,,,,,,,,,,
1979-11,,,,,,,,,,,,,,,,,,,21.9,,,,,,,,,,,,,,,19.2,,,,,,,,,,,,,,,,,
1979-12,,,,,,,,,,,,,,,,,,,22,,,,,,,,,,,,,,,19.3,,,,,,,,,,,,,,,,,
1980-01,,,,,,,,,,,,,,,,,,,22.1,,,,,,,,,,,,,,,19.6,,,,,,,,,,,,,,,,,
1980-02,,,,,,,,,,,,,,,,,,,22.3,,,,,,,,,,,,,,,19.9,,,,,,,,,,,,,,,,,
1980-03,,,,,,,,,,,,,,,,,,,22.5,,,,,,,,,,,,,,,20.2,,,,,,,,,,,,,,,,,
1980-04,,,,,,,,,,,,,,,,,,,22.8,,,,,,,,,,,,,,,20.3,,,,,,,,,,,,,,,,,
1980-05,,,,,,,,,,,,,,,,,,,23.2,,,,,,,,,,,,,,,20.5,,,,,,,,,,,,,,,,,
1980-06,,,,,,,,,,,,,,,,,,,23.5,,,,,,,,,,,,,,,20.8,,,,,,,,,,,,,,,,,
1980-07,,,,,,,,,,,,,,,,,,,23.6,,,,,,,,,,,,,,,21,,,,,,,,,,,,,,,,,
1980-08,,,,,,,,,,,,,,,,,,,23.9,,,,,,,,,,,,,,,21.2,,,,,,,,,,,,,,,,,
1980-09,,,,,,,,,,,,,,,,,,,24,,,,,,,,,,,,,,,21.4,,,,,,,,,,,,,,,,,
1980-10,,,,,,,,,,,,,,,,,,,24.2,,,,,,,,,,,,,,,21.6,,,,,,,,,,,,,,,,,
1980-11,,,,,,,,,,,,,,,,,,,24.4,,,,,,,,,,,,,,,21.7,,,,,,,,,,,,,,,,,
1980-12,,,,,,,,,,,,,,,,,,,24.4,,,,,,,,,,,,,,,21.9,,,,,,,,,,,,,,,,,
1981-01,,,,,,,,,,,,,,,,,,,24.6,,,,,,,,,,,,,,,22.5,,,,,,,,,,,,,,,,,
1981-02,,,,,,,,,,,,,,,,,,,24.8,,,,,,,,,,,,,,,22.7,,,,,,,,,,,,,,,,,
1981-03,,,,,,,,,,,,,,,,,,,24.9,,,,,,,,,,,,,,,23.1,,,,,,,,,,,,,,,,,
1981-04,,,,,,,,,,,,,,,,,,,25.4,,,,,,,,,,,,,,,23.3,,,,,,,,,,,,,,,,,
1981-05,,,,,,,,,,,,,,,,,,,25.5,,,,,,,,,,,,,,,23.4,,,,,,,,,,,,,,,,,
1981-06,,,,,,,,,,,,,,,,,,,25.7,,,,,,,,,,,,,,,23.7,,,,,,,,,,,,,,,,,
1981-07,,,,,,,,,,,,,,,,,,,25.9,,,,,,,,,,,,,,,24,,,,,,,,,,,,,,,,,
1981-08,,,,,,,,,,,,,,,,,,,26,,,,,,,,,,,,,,,24,,,,,,,,,,,,,,,,,
1981-09,,,,,,,,,,,,,,,,,,,26.1,,,,,,,,,,,,,,,24.3,,,,,,,,,,,,,,,,,
1981-10,,,,,,,,,,,,,,,,,,,26.1,,,,,,,,,,,,,,,24.3,,,,,,,,,,,,,,,,,
1981-11,,,,,,,,,,,,,,,,,,,26.4,,,,,,,,,,,,,,,24.4,,,,,,,,,,,,,,,,,
1981-12,,,,,,,,,,,,,,,,,,,26.4,,,,,,,,,,,,,,,24.5,,,,,,,,,,,,,,,,,
1982-01,,,,,,,,,,,,,,,,,,,26.7,,,,,,,,,,,,,,,25.2,,,,,,,,,,,,,,,,,
1982-02,,,,,,,,,,,,,,,,,,,27,,,,,,,,,,,,,,,25.4,,,,,,,,,,,,,,,,,
1982-03,,,,,,,,,,,,,,,,,,,27.1,,,,,,,,,,,,,,,25.8,,,,,,,,,,,,,,,,,
1982-04,,,,,,,,,,,,,,,,,,,27.7,,,,,,,,,,,,,,,26,,,,,,,,,,,,,,,,,
1982-05,,,,,,,,,,,,,,,,,,,27.8,,,,,,,,,,,,,,,26,,,,,,,,,,,,,,,,,
1982-06,,,,,,,,,,,,,,,,,,,27.8,,,,,,,,,,,,,,,26.2,,,,,,,,,,,,,,,,,
1982-07,,,,,,,,,,,,,,,,,,,27.9,,,,,,,,,,,,,,,26.7,,,,,,,,,,,,,,,,,
1982-08,,,,,,,,,,,,,,,,,,,28,,,,,,,,,,,,,,,26.7,,,,,,,,,,,,,,,,,
1982-09,,,,,,,,,,,,,,,,,,,28.2,,,,,,,,,,,,,,,26.9,,,,,,,,,,,,,,,,,
1982-10,,,,,,,,,,,,,,,,,,,28.4,,,,,,,,,,,,,,,27.1,,,,,,,,,,,,,,,,,
1982-11,,,,,,,,,,,,,,,,,,,28.5,,,,,,,,,,,,,,,27.3,,,,,,,,,,,,,,,,,
1982-12,,,,,,,,,,,,,,,,,,,28.6,,,,,,,,,,,,,,,27.4,,,,,,,,,,,,,,,,,
1983-01,,,,,,,,,,,,,,,,,,,28.8,,,,,,,,,,,,,,,27.8,,,,,,,,,,,,,,,,,
1983-02,,,,,,,,,,,,,,,,,,,28.9,,,,,,,,,,,,,,,27.9,,,,,,,,,,,,,,,,,
1983-03,,,,,,,,,,,,,,,,,,,29,,,,,,,,,,,,,,,28.2,,,,,,,,,,,,,,,,,
1983-04,,,,,,,,,,,,,,,,,,,29.2,,,,,,,,,,,,,,,28.3,,,,,,,,,,,,,,,,,
1983-05,,,,,,,,,,,,,,,,,,,29.2,,,,,,,,,,,,,,,28.4,,,,,,,,,,,,,,,,,
1983-06,,,,,,,,,,,,,,,,,,,29.3,,,,,,,,,,,,,,,28.6,,,,,,,,,,,,,,,,,
1983-07,,,,,,,,,,,,,,,,,,,29.5,,,,,,,,,,,,,,,28.8,,,,,,,,,,,,,,,,,
1983-08,,,,,,,,,,,,,,,,,,,29.8,,,,,,,,,,,,,,,28.7,,,,,,,,,,,,,,,,,
1983-09,,,,,,,,,,,,,,,,,,,29.8,,,,,,,,,,,,,,,29,,,,,,,,,,,,,,,,,
1983-10,,,,,,,,,,,,,,,,,,,29.9,,,,,,,,,,,,,,,29.1,,,,,,,,,,,,,,,,,
1983-11,,,,,,,,,,,,,,,,,,,30,,,,,,,,,,,,,,,29.2,,,,,,,,,,,,,,,,,
1983-12,,,,,,,,,,,,,,,,,,,30.1,,,,,,,,,,,,,,,29.3,,,,,,,,,,,,,,,,,
1984-01,,,,,,,,,,,,,,,,,,,30.3,,,,,,,,,,,,,,,29.6,,,,,,,,,,,,,,,,,
1984-02,,,,,,,,,,,,,,,,,,,30.3,,,,,,,,,,,,,,,29.7,,,,,,,,,,,,,,,,,
1984-03,,,,,,,,,,,,,,,,,,,30.4,,,,,,,,,,,,,,,30.1,,,,,,,,,,,,,,,,,
1984-04,,,,,,,,,,,,,,,,,,,30.7,,,,,,,,,,,,,,,30.2,,,,,,,,,,,,,,,,,
1984-05,,,,,,,,,,,,,,,,,,,30.8,,,,,,,,,,,,,,,30.2,,,,,,,,,,,,,,,,,
1984-06,,,,,,,,,,,,,,,,,,,30.9,,,,,,,,,,,,,,,30.4,,,,,,,,,,,,,,,,,
1984-07,,,,,,,,,,,,,,,,,,,31,,,,,,,,,,,,,,,30.5,,,,,,,,,,,,,,,,,
1984-08,,,,,,,,,,,,,,,,,,,31.1,,,,,,,,,,,,,,,30.5,,,,,,,,,,,,,,,,,
1984-09,,,,,,,,,,,,,,,,,,,31.2,,,,,,,,,,,,,,,30.7,,,,,,,,,,,,,,,,,
1984-10,,,,,,,,,,,,,,,,,,,31.3,,,,,,,,,,,,,,,30.9,,,,,,,,,,,,,,,,,
1984-11,,,,,,,,,,,,,,,,,,,31.4,,,,,,,,,,,,,,,30.9,,,,,,,,,,,,,,,,,
1984-12,,,,,,,,,,,,,,,,,,,31.4,,,,,,,,,,,,,,,31,,,,,,,,,,,,,,,,,
1985-01,,,,,,,,,,,,,,,,,,,31.6,,,,,,,,,,,,,,,31.3,,,,,,,,,,,,,,,,,
1985-02,,,,,,,,,,,,,,,,,,,31.8,,,,,,,,,,,,,,,31.4,,,,,,,,,,,,,,,,,
1985-03,,,,,,,,,,,,,,,,,,,31.8,,,,,,,,,,,,,,,31.7,,,,,,,,,,,,,,,,,
1985-04,,,,,,,,,,,,,,,,,,,32,,,,,,,,,,,,,,,31.8,,,,,,,,,,,,,,,,,
1985-05,,,,,,,,,,,,,,,,,,,32.2,,,,,,,,,,,,,,,31.9,,,,,,,,,,,,,,,,,
1985-06,,,,,,,,,,,,,,,,,,,32.3,,,,,,,,,,,,,,,32.2,,,,,,,,,,,,,,,,,
1985-07,,,,,,,,,,,,,,,,,,,32.5,,,,,,,,,,,,,,,32.3,,,,,,,,,,,,,,,,,
1985-08,,,,,,,,,,,,,,,,,,,32.6,,,,,,,,,,,,,,,32.2,,,,,,,,,,,,,,,,,
1985-09,,,,,,,,,,,,,,,,,,,32.8,,,,,,,,,,,,,,,32.5,,,,,,,,,,,,,,,,,
1985-10,,,,,,,,,,,,,,,,,,,32.9,,,,,,,,,,,,,,,32.6,,,,,,,,,,,,,,,,,
1985-11,,,,,,,,,,,,,,,,,,,33,,,,,,,,,,,,,,,32.7,,,,,,,,,,,,,,,,,
1985-12,,,,,,,,,,,,,,,,,,,33,,,,,,,,,,,,,,,32.8,,,,,,,,,,,,,,,,,
1986-01,,,,,,,,,,,,,,,,,,,33.3,,,,,,,,,,,,,,,33.1,,,,,,,,,,,,,,,,,
1986-02,,,,,,,,,,,,,,,,,,,33.5,,,,,,,,,,,,,,,33.3,,,,,,,,,,,,,,,,,
1986-03,,,,,,,,,,,,,,,,,,,33.6,,,,,,,,,,,,,,,33.5,,,,,,,,,,,,,,,,,
1986-04,,,,,,,,,,,,,,,,,,,34,,,,,,,,,,,,,,,33.7,,,,,,,,,,,,,,,,,
1986-05,,,,,,,,,,,,,,,,,,,34.3,,,,,,,,,,,,,,,33.7,,,,,,,,,,,,,,,,,
1986-06,,,,,,,,,,,,,,,,,,,34.7,,,,,,,,,,,,,,,34.3,,,,,,,,,,,,,,,,,
1986-07,,,,,,,,,,,,,,,,,,,35.1,,,,,,,,,,,,,,,34.7,,,,,,,,,,,,,,,,,
1986-08,,,,,,,,,,,,,,,,,,,35.3,,,,,,,,,,,,,,,34.8,,,,,,,,,,,,,,,,,
1986-09,,,,,,,,,,,,,,,,,,,35.4,,,,,,,,,,,,,,,35.3,,,,,,,,,,,,,,,,,
1986-10,,,,,,,,,,,,,,,,,,,35.7,,,,,,,,,,,,,,,35.4,,,,,,,,,,,,,,,,,
1986-11,,,,,,,,,,,,,,,,,,,35.8,,,,,,,,,,,,,,,35.5,,,,,,,,,,,,,,,,,
1986-12,,,,,,,,,,,,,,,,,,,36,,,,,,,,,,,,,,,35.7,,,,,,,,,,,,,,,,,
1987-01,,,,,,,,,,,,,,,,,,,37.4,,,,,,,,,,,,,,,36.3,,,,,,,,,,,,,,,,,
1987-02,,,,,,,,,,,,,,,,,,,37.8,,,,,,,,,,,,,,,36.6,,,,,,,,,,,,,,,,,
1987-03,,,,,,,,,,,,,,,,,,,37.9,,,,,,,,,,,,,,,37,,,,,,,,,,,,,,,,,
1987-04,,,,,,,,,,,,,,,,,,,38.2,,,,,,,,,,,,,,,37.1,,,,,,,,,,,,,,,,,
1987-05,,,,,,,,,,,,,,,,,,,38.3,,,,,,,,,,,,,,,37.2,,,,,,,,,,,18.58,,,,,,
1987-06,,,,,,,,,,,,,,,,,,,38.5,,,,,,,,,,,,,,,37.4,,,,,,,,,,,18.8605,,,,,,
1987-07,,,,,,,,,,,,,,,,,,,38.6,,,,,,,,,,,,,,,37.5,,,,,,,,,,,19.8565,,,,,,
1987-08,,,,,,,,,,,,,,,,,,,38.9,,,,,,,,,,,,,,,37.5,,,,,,,,,,,18.9795,,,,,,
1987-09,,,,,,,,,,,,,,,,,,,39.3,,,,,,,,,,,,,,,38.1,,,,,,,,,,,18.3132,,,,,,
1987-10,,,,,,,,,,,,,,,,,,,39.6,,,,,,,,,,,,,,,38.1,,,,,,,,,,,18.7577,,,,,,
1987-11,,,,,,,,,,,,,,,,,,,39.7,,,,,,,,,,,,,,,38.2,,,,,,,,,,,17.781,,,,,,
1987-12,,,,,,,,,,,,,,,,,,,40.1,,,,,,,,,,,,,442379,,38.4,,,,,,,,,,,17.1329,,,,,,
1988-01,,,,,,,,,,,,,,,,,,,40.6,,,,,,,,,,,,,446756,,38.8,,,,,,,,,,,16.7553,,,,,,
1988-02,,,,,,,,,,,,,,,,,,,41.1,,,,,,,,,,,,,452476,,39.1,,,,,,,,,,,15.7295,,,,,,
1988-03,,,,,,,,,,,,,,,,,,,41.5,,,,,,,,,,,,,456512,,39.6,,,,,,,,,,,14.7313,,,,,,
1988-04,,,,,,,,,,,,,,,,,,,41.8,,,,,,,,,,,,,459563,,39.7,,,,,,,,,,,16.5953,,,,,,
1988-05,,,,,,,,,,,,,,,,,,,41.9,,,,,,,,,,,,,463333,,39.8,,,,,,,,,,,16.3141,,,,,,
1988-06,,,,,,,,,,,,,,,,,,,42.3,,,,,,,,,,,,,466793,,40,,,,,,,,,,,15.5436,,,,,,
1988-07,,,,,,,,,,,,,,,,,,,42.4,,,,,,,,,,,,,467719,,40,,,,,,,,,,,14.868,,,,,,
1988-08,,,,,,,,,,,,,,,,,,,42.5,,,,,,,,,,,,,472218,,40,,,,,,,,,,,14.8939,,,,,,
1988-09,,,,,,,,,,,,,,,,,,,42.6,,,,,,,,,,,,,476379,,40.5,,,,,,,,,,,13.1795,,,,,,
1988-10,,,,,,,,,,,,,,,,,,,42.8,,,,,,,,,,,,,479147,,40.5,,,,,,,,,,,12.4057,,,,,,
1988-11,,,,,,,,,,,,,,,,,,,42.9,,,,,,,,,,,,,481096,,40.5,,,,,,,,,,,13.0245,,,,,,
1988-12,,,,,,,,,,,,,,,,,,,43.1,,,,,,,,,,,,,483622,9.3,40.5,,,,,,,,,,,15.2595,,,,,,
1989-01,,,,,,,,,,,,,,,,,,,43.2,,,,,,,,,,,,,486231,8.6,40.8,,,,,,,,,,,17.133,,,,,,
1989-02,,,,,,,,,,,,,,,,,,,43.2,,,,,,,,,,,,,484972,7.3,41,,,,,,,,,,,16.8885,,,,,,
1989-03,,,,,,,,,,,,,,,,,,,43.3,,,,,,,,,,,,,486700,6.6,41.3,,,,,,,,,,,18.7585,,,,,,
1989-04,,,,,,,,,,,,,,,,,,,44,,,,,,,,,,,,,489327,6.5,41.6,,,,,,,,,,,20.2506,,,,,,
1989-05,,,,,,,,,,,,,,,,,,,44,,,,,,,,,,,,,491131,5.9,41.7,,,,,,,,,,,18.6332,,,,,,
1989-06,,,,,,,,,,,,,,,,,,,44.1,,,,,,,,,,,,,493017,5.6,41.9,,,,,,,,,,,17.6709,,,,,,
1989-07,,,,,,,,,,,,,,,,,,,44.1,,,,,,,,,,,,,496087,6.1,42,,,,,,,,,,,17.6229,,,,,,
1989-08,,,,,,,,,,,,,,,,,,,44.1,,,,,,,,,,,,,498579,5.6,41.8,,,,,,,,,,,16.77,,,,,,
1989-09,,,,,,,,,,,,,,,,,,,44.2,,,,,,,,,,,,,500665,5,42.2,,,,,,,,,,,17.7662,,,,,,
1989-10,,,,,,,,,,,,,,,,,,,44.2,,,,,,,,,,,,,507304,5.7,42.3,,,,,,,,,,,18.9077,,,,,,
1989-11,,,,,,,,,,,,,,,,,,,44.2,,,,,,,,,,,,,509235,5.8,42.3,,,,,,,,,,,18.7273,,,,,,
1989-12,,,,,,,,,,,,,,,,,,,44.2,,,,,,,,,,,,,476220,5.7,42.2,,,,,,,,,,,19.8389,,,,,,
1990-01,,,,,,,,,,,,,,,,,,,44.6,,,,,,,,,,,,,477382,5.7,42.5,,,,,,,,,,,21.2615,,,,,,
1990-02,,,,,,,,,,,,,,,,,,,44.8,,,,,,,,,,,,,479283,6.3,42.7,,,,,,,,,,,19.8135,,,,,,
1990-03,,,,,,,,,,,,,,,,,,,44.8,,,,,,,,,,,,,483880,6.8,43.2,,,,,,,,,,,18.3873,,,,,,
1990-04,,,,,,,,,,,,,,,,,,,45.4,,,,,,,,,,,,,483617,6.3,43.2,,,,,,,,,,,16.6121,,,,,,
1990-05,,,,,,,,,,,,,,,,,,,45.4,,,,,,,,,,,,,485391,6.3,43.3,,,,,,,,,,,16.3523,,,,,,
1990-06,,,,,,,,,,,,,,,,,,,45.4,,,,,,,,,,,,,486860,6.2,43.4,,,,,,,,,,,15.1048,,,,,,
1990-07,,,,,,,,,,,,,,,,,,,45.5,,,,,,,,,,,,,487766,5.7,43.5,,,,,,,,,,,17.1691,,,,,,
1990-08,,,,,,,,,,,,,,,,,,,45.5,,,,,,,,,,,,,490777,5.9,43.4,,,,,,,,,,,27.1674,,,,,,
1990-09,,,,,,,,,,,,,,,,,,,45.6,,,,,,,,,,,,,489523,5.1,43.8,,,,,,,,,,,34.899,,,,,,
1990-10,,,,,,,,,,,,,,,,,,,45.7,,,,,,,,,,,,,490391,4,44.2,,,,,,,,,,,36.0226,,,,,,
1990-11,,,,,,,,,,,,,,,,,,,45.7,,,,,,,,,,,,,491600,3.9,44.2,,,,,,,,,,,33.0673,,,,,,
1990-12,,,,,,,,,,,,,,,,,,,45.7,,,,,,,,,,,,,501031,5.4,44.1,,,,,,,,,,,28.2735,,,,,,
1991-01,,,,,,,,,,,,,,,,,,,45.9,,,,,,,,,,,,,501895,5.4,44.3,,,,,,,,,,,23.5664,,,,,,8.5
1991-02,,,,,,,,,,,,,,,,,,,46.3,,,,,,,,,,,,,498321,4.1,44.4,,,,,,,,,,,19.536,,,,,,8.5
1991-03,,,,,,,,,,,,,,,,,,,46.4,,,,,,,,,,,,,502482,3.8,44.7,,,,,,,,,,,19.0825,,,,,,8.5
1991-04,,,,,,,,,,,,,,,,,,,46.8,,,,,,,,,,,,,501591,3.6,44.9,,,,,,,,,,,19.18,,,,,,8.47727
1991-05,,,,,,,,,,,,,,,,,,,46.9,,,,,,,,,,,,,501068,3.1,44.9,,,,,,,,,,,19.1868,,,,,,8.19737
1991-06,,,,,,,,,,,,,,,,,,,47,,,,,,,,,,,,,501370,2.7,45,,,,,,,,,,,18.1675,,,,,,8
1991-07,,,,,,,,,,,,,,,,,,,47,,,,,,,,,,,,,501038,2.5,45,,,,,,,,,,,19.3877,,,,,,8
1991-08,,,,,,,,,,,,,,,,,,,47.1,,,,,,,,,,,,,500163,1.7,45,,,,,,,,,,,19.7857,,,,,,8
1991-09,,,,,,,,,,,,,,,,,,,47.1,,,,,,,,,,,,,499710,1.9,45.3,,,,,,,,,,,20.5145,,,,,,8.19048
1991-10,,,,,,,,,,,,,,,,,,,47.1,,,,,,,,,,,,,498220,1.4,45.3,,,,,,,,,,,22.191,,,,,,8.5
1991-11,,,,,,,,,,,,,,,,,,,47.1,,,,,,,,,,,,,496314,0.8,45.3,,,,,,,,,,,21.1086,,,,,,8.5
1991-12,,,,,,,,,,,,,,,,,,,47.1,,,,,,,,,,,,,497571,-0.7,45.3,,,,,,,,,,,18.3395,,,,,,8.5
1992-01,,,,,,,,,0,,18.8,,13.5,,0,,0,,47.1,,,,,,,,,,,,,497807,-0.9,45.3,,,,,,,,,,,18.1643,,,,,,9.72727
1992-02,,,,,,,,,0,,18.8,,13.5,,0,,0,,47.1,,,,,,,,,,,,,496454,-0.5,45.4,,,,,,,,,,,18.0535,,,,,,10
1992-03,,,,,,,,,0,,18.8,,13.5,,0,,0,,47.1,,,,,,,,,,,,,494641,-1.6,45.9,,,,,,,,,,,17.6143,,,,,,10
1992-04,,,,,,,,,0,,18.9,,13.7,,0,,0,,47.1,,,,,,,,,,,,,494618,-1.3,46,,,,,,,,,,,18.9467,,,,,,9
1992-05,,,,,,,,,0,,18.9,,13.7,,0,,0,,47.1,,,,,,,,,,,,,495015,-1.1,46,,,,,,,,,,,19.8788,,,,,,9
1992-06,,,,,,,,,0,,18.9,,13.7,,0,,0,,47.1,,,,,,,,,,,,,488373,-2.3,46.1,,,,,,,,,,,21.1582,,,,,,9
1992-07,,,,,,,,,0,,19,,13.8,,0,,0,,47.2,,,,,,,,,,,,,489720,-2,46.2,,,,,,,,,,,20.2368,,,,,,9
1992-08,,,,,,,,,0,,19,,13.8,,0,,0,,47.2,,,,,,,,,,,,,486827,-2.3,46,,,,,,,,,,,19.7381,,,,,,9
1992-09,,,,,,,,,0,,19,,13.8,,0,,0,,47.2,,,,,,,,,,,,,484412,-2.8,46.2,,,,,,,,,,,20.264,,,,,,10.6364
1992-10,,,,,,,,,0,,18.5,,13.2,,0,,0,,47.2,,,,,,,,,,,,,485823,-2.3,46.3,,,,,,,,,,,20.2419,,,,,,10.8636
1992-11,,,,,,,,,0,,18.5,,13.2,,0,,0,,47.3,,,,,,,,,,,,,484662,-2.3,46.4,,,,,,,,,,,19.2143,,,,,,9.11905
1992-12,,,,,,,,,0,,18.5,,13.2,,0,,0,,47.3,,,,,,,,,,,,,488805,-2.1,46.3,,,,,,,,,,,18.1395,,,,,,9
1993-01,,,,,,,,,0,,17.8,,12.8,,0,,0,,47.1,,,,,,,,,,,,,485042,-2.7,46.5,,,,,,,,,,,17.3758,,,,,,9
1993-02,,,,,,,,,0,,17.8,,12.8,,0,,0,,47.2,,,,,,,,,,,,,484658,-2.6,46.6,,,,,,,,,,,18.4663,,,,,,8.525
1993-03,,,,,,,,,0,,17.8,,12.8,,0,,0,,47.2,,,,,,,,,,,,,483901,-2.3,47,,,,,,,,,,,18.7852,,,,,,7.90217
1993-04,,,,,,,,,0,,18.7,,13.5,,0,,0,,47.4,,,,,,,,,,,,,477965,-3.4,47.1,,,,,,,,,,,18.6847,,,,,,7.31818
1993-05,,,,,,,,,0,,18.7,,13.5,,0,,0,,47.4,,,,,,,,,,,,,476942,-3.8,47.2,,,,,,,,,,,18.5079,,,,,,6.75
1993-06,,,,,,,,,0,,18.7,,13.5,,0,,0,,47.4,,,,,,,,,,,,,478238,-2.6,47.2,,,,,,,,,,,17.6527,,,,,,6.47727
1993-07,,,,,,,,,0,,19.4,,14.4,,0,,0,,47.4,,,,,,,,,,,,,477952,-3,47.1,,,,,,,,,,,16.7469,,,,,,6
1993-08,,,,,,,,,0,,19.4,,14.4,,0,,0,,47.4,,,,,,,,,,,,,478911,-2.2,47,,,,,,,,,,,16.7156,,,,,,5.52273
1993-09,,,,,,,,,0,,19.4,,14.4,,0,,0,,47.4,,,,,,,,,,,,,478375,-1.7,47.2,,,,,,,,,,,15.9294,,,,,,5.5
1993-10,,,,,,,,,0,,20,,15.8,,0,,0,,47.5,,,,,,,,,,,,,479224,-1.6,47.3,,,,,,,,,,,16.6864,,,,,,5.40476
1993-11,,,,,,,,,0,,20,,15.8,,0,,0,,47.5,,,,,,,,,,,,,481097,-0.9,47.2,,,,,,,,,,,15.1113,,,,,,4.90909
1993-12,,,,,,,,,0,,20,,15.8,,0,,0,,47.5,,,,,,,,,,,,,484075,-1.2,47.2,,,,,,,,,,,13.6792,,,,,,4.77174
1994-01,,,,,,,,,0,,20.6,,16.2,,0,,0,,47.6,,,,,,,,,,,,,485308,-0.2,47.1,,,,,,,,,,,14.278,,,,,,5
1994-02,,,,,,,,,0,,20.6,,16.2,,0,,0,,47.6,,,,,,,,,,,,,485721,0,47.3,,,,,,,,,,,13.6645,,,,,,4.825
1994-03,,,,,,,,,0,,20.6,,16.2,,0,,0,,47.6,,,,,,,,,,,,,487554,0.6,47.5,,,,,,,,,,,13.8921,,,,,,4.75
1994-04,,,,,,,,,0,,21.2,,17,,0,,0,,47.9,,,,,,,,,,,,,488860,2.1,47.5,,,,,,,,,,,15.4856,,,,,,4.75
1994-05,,,,,,,,,0,,21.2,,17,,0,,0,,48.6,,,,,,,,,,,,,490193,2.7,47.6,,,,,,,,,,,16.1811,,,,,,4.75
1994-06,,,,,,,,,0,,21.2,,17,,0,,0,,49,,,,,,,,,,,,,525806,2.9,47.7,,,,,,,,,,,16.6914,,,,,,4.75
1994-07,,,,,,,,,0,,22.1,,17.4,,0,,0,,49.2,,,,,,,,,,,,,528053,3.7,47.8,,,,,,,,,,,17.7222,,,,,,4.75
1994-08,,,,,,,,,0,,22.1,,17.4,,0,,0,,49.7,,,,,,,,,,,,,529211,3.7,47.8,,,,,,,,,,,17.0169,,,,,,4.75
1994-09,,,,,,,,,0,,22.1,,17.4,,0,,0,,50,,,,,,,,,,,,,531707,4.4,48,,,,,,,,,,,15.8631,,,,,,4.75
1994-10,,,,,,,,,0,,22,,17,,0,,0,,50.1,,,,,,,,,,,,,533832,4.9,48.1,,,,,,,,,,,16.5809,,,,,,4.75
1994-11,,,,,,,,,0,,22,,17,,0,,0,,50.2,,,,,,,,,,,,,535635,4.8,48.1,,,,,,,,,,,17.1925,,,,,,4.75
1994-12,,,,,,,,,0,,22,,17,,0,,0,,50.4,,,,,,,,,,,,,530875,3,48.1,,,,,,,,,,,15.885,,,,,,4.75
1995-01,,,,,,,,,0,,22.1,,17,,0,,0,,50.6,,,,,,,,,,,,,531913,3,48.3,,,,,,,,,,,16.6943,,,,,,4.75
1995-02,,,,,,,,,0,,22.1,,17,,0,,0,,50.9,,,,,,,,,,,,,533828,3.3,48.5,,,,,,,,,,,17.168,,,,,,4.75
1995-03,,,,,,,,,0,,22.1,,17,,0,,0,,51.1,,,,,,,,,,,,,536123,3.5,48.8,,,,,,,,,,,17.4244,,,,,,4.75
1995-04,,,,,,,,,0,,23,,17.6,,0,,0,,51.5,,,,,,,,,,,,,537558,3.5,48.8,,,,,,,,,,,18.6088,,,,,,4.75
1995-05,,,,,,,,,0,,23,,17.6,,0,,0,,51.5,,,,,,,,,,,,,540485,3.9,48.9,,,,,,,,,,,18.39,,,,,,4.75
1995-06,,,,,,,,,0,,23,,17.6,,0,,0,,51.5,,,,,,,,,,,,,541601,3.1,49,,,,,,,,,,,17.726,,,,,,4.75
1995-07,,,,,,,,,0,,23.4,,18.2,,0,,0,,51.5,,,,,,,,,,,,,543637,3.1,49,,,,,,,,,,,15.86,,,,,,4.75
1995-08,,,,,,,,,0,,23.4,,18.2,,0,,0,,51.5,,,,,,,,,,,,,546201,3.4,48.9,,,,,,,,,,,16.0553,,,,,,4.75
1995-09,,,,,,,,,0,,23.4,,18.2,,0,,0,,51.5,,,,,,,,,,,,,548112,3.3,49.1,,,,,,,,,,,16.7354,,,,,,4.75
1995-10,,,,,,,,,0,,23.7,,18.4,,0,,0,,51.5,,,,,,,,,,,,,550614,3.4,49.1,,,,,,,,,,,16.0731,,,,,,4.75
1995-11,,,,,,,,,0,,23.7,,18.4,,0,,0,,51.5,,,,,,,,,,,,,554210,3.8,49.1,,,,,,,,,,,16.9436,,,,,,4.75
1995-12,,,,,,,,,0,,23.7,,18.4,,0,,0,,51.5,,,,,,,,,,,,,553291,3.9,49.1,,,,,,,,,,,18.0778,,,,,,4.75
1996-01,,,,,,,,,0,,23.9,,18.8,,0,,0,,51.5,,,,,,,,,,,,,556880,4.2,48.9,,,,,,,,,,,18.055,,,,,,4.75
1996-02,,,,,,,,,0,,23.9,,18.8,,0,,0,,51.6,,,,,,,,,,,,,558768,4.2,48.9,,,,,,,,,,,17.9669,,,,,,4.75
1996-03,,,,,,,,,0,,23.9,,18.8,,0,,0,,51.7,,,,,,,,,,,,,561303,4.3,49.1,,,,,,,,,,,19.954,,,,,,4.55952
1996-04,,,,,,,,,0,,25,,20.2,,0,,0,,52,,,,,,,,,,,,,564007,4.6,49.3,,,,,,,,,,,20.9441,,,,,,4.5
1996-05,,,,,,,,,0,,25,,20.2,,0,,0,,51.9,,,,,,,,,,,,,566420,4.5,49.4,,,,,,,,,,,19.1484,,,,,,4.5
1996-06,,,,,,,,,0,,25,,20.2,,0,,0,,51.9,,,,,,,,,,,,,568330,4.5,49.4,,,,,,,,,,,18.47,,,,,,4.5
1996-07,,,,,,,,,0,,25.5,,20.5,,0,,0,,51.9,,,,,,,,,,,,,571284,4.7,49.6,,,,,,,,,,,19.6907,,,,,,4.5
1996-08,,,,,,,,,0,,25.5,,20.5,,0,,0,,52,,,,,,,,,,,,,573924,4.8,49.6,,,,,,,,,,,20.3343,,,,,,4.5
1996-09,,,,,,,,,0,,25.5,,20.5,,0,,0,,52.1,,,,,,,,,,,,,576798,5,49.8,,,,,,,,,,,22.6172,,,,,,4.5
1996-10,,,,,,,,,0,,26.1,,21.5,,0,,0,,52.1,,,,,,,,,,,,,579798,5.1,50,,,,,,,,,,,24.35,,,,,,4.5
1996-11,,,,,,,,,0,,26.1,,21.5,,0,,0,,52.1,,,,,,,,,,,,,582224,4.9,50,,,,,,,,,,,22.7935,,,,,,4.07143
1996-12,,,,,,,,,0,,26.1,,21.5,,0,,0,,52.2,,,,,,,,,,,,,583319,5.3,50,,,,,,,,,,,23.7953,,,,,,4
1997-01,,,,,,,,,0,,26.5,,22.7,,0,,0,,52.3,,,,,,,,,,,,,588441,5.5,50.3,,,,,,,,,,,23.5084,,,,,,3.43182
1997-02,,,,,,,,,0,,26.5,,22.7,,0,,0,,52.4,,,,,,,,,,,,,592930,5.9,50.5,,,,,,,,,,,20.8283,,,,,,3.25
1997-03,,,,,,,,,0,,26.5,,22.7,,0,,0,,52.6,,,,,,,,,,,,,596348,6.1,50.6,,,,,,,,,,,19.0429,,,,,,3.25
1997-04,,,,,,,,,0,,28.4,,24.1,,0,,0,,52.9,,,,,,,,,,,,,600825,6.4,50.6,,,,,,,,,,,17.5889,,,,,,3.25
1997-05,,,,,,,,,0,,28.4,,24.1,,0,,0,,52.9,,,,,,,,,,,,,604403,6.6,50.7,,,,,,,,,,,19.0353,,,,,,3.25
1997-06,,,,,,,,,0,,28.4,,24.1,,0,,0,,53,,,,,,,,,,,,,607762,6.9,50.8,,,,,,,,,,,17.7054,,,,,,3.25
1997-07,,,,,,,,,0,,28.6,,24.2,,0,,0,,53.1,,,,,,,,,,,,,610354,6.7,50.7,,,,,,,,,,,18.455,,,,,,3.38043
1997-08,,,,,,,,,0,,28.6,,24.2,,0,,0,,53.1,,,,,,,,,,,,,614002,6.9,50.7,,,,,,,,,,,18.47,,,,,,3.5
1997-09,,,,,,,,,0,,28.6,,24.2,,0,,0,,53.2,,,,,,,,,,,,,617633,7.1,50.9,,,,,,,,,,,18.2208,,,,,,3.5
1997-10,,,99538,225388,4.41845e+06,500037,106788,145594,0,,29,,25.1,,0,,0,,53.3,,,,,,,,,,,,,623149,7.4,51.1,78,26,3066,93,156,-85,,,,,19.9279,,,,,,3.5
1997-11,,,99538,225388,4.41845e+06,500037,106788,145594,0,,29,,25.1,,0,,0,,53.3,,,,,,,,,,,,,626223,7.5,51.1,78,26,3066,93,156,-85,,,,,19.2392,,,,,,3.5
1997-12,,,99538,225388,4.41845e+06,500037,106788,145594,0,,29,,25.1,,0,,0,,53.3,,,,,,,,,,,,,627295,7.3,51.1,78,26,3066,93,156,-85,,,,,17.3058,,,,,,3.5
1998-01,,,99995,225933,4.42328e+06,501234,107230,145895,0,,30.2,,27.5,,0,,0,,53.5,,,,,,,,,,,,,633109,7.3,51.4,236,227,3154,1208,181,-23,,,,,15.1837,,,,,,3.5
1998-02,,,99995,225933,4.42328e+06,501234,107230,145895,0,,30.2,,27.5,,0,,0,,53.6,,,,,,,,,,,,,637245,7.2,51.5,236,227,3154,1208,181,-23,,,,,14.258,,,,,,3.5
1998-03,,,99995,225933,4.42328e+06,501234,107230,145895,0,,30.2,,27.5,,0,,0,,53.7,,,,,,,,,,,,,641743,7.4,51.8,236,227,3154,1208,181,-23,,,,,13.0438,,,,,,3.60227
1998-04,,,100347,226180,4.4314e+06,501994,107443,146252,0,,32.1,,28.8,,0,,0,,54.4,,,,,,,,,,,,,646731,7.6,51.8,186,-25,3601,-244,-36,79,,,,,13.6814,,,,,,3.75
1998-05,,,100347,226180,4.4314e+06,501994,107443,146252,0,,32.1,,28.8,,0,,0,,54.5,,,,,,,,,,,,,650955,7.6,51.8,186,-25,3601,-244,-36,79,,,,,14.4156,,,,,,3.88158
1998-06,,,100347,226180,4.4314e+06,501994,107443,146252,0,,32.1,,28.8,,0,,0,,54.6,,,,,,,,,,,,,655644,7.9,51.9,186,-25,3601,-244,-36,79,,,,,12.0389,,,,,,4.27381
1998-07,,,100686,226860,4.44085e+06,502267,107758,146923,0,,31.8,,28.2,,0,,0,,54.6,,,,,,,,,,,,,661526,8.5,52,155,255,4299,-558,57,336,,,,,12.0833,,,,,,4.93478
1998-08,,,100686,226860,4.44085e+06,502267,107758,146923,0,,31.8,,28.2,,0,,0,,54.7,,,,,,,,,,,,,664277,8.1,51.8,155,255,4299,-558,57,336,,,,,11.8029,,,,,,6.07143
1998-09,,,100686,226860,4.44085e+06,502267,107758,146923,0,,31.8,,28.2,,0,,0,,54.7,,,,,,,,,,,,,662389,7.3,52.2,155,255,4299,-558,57,336,,,,,13.49,,,,,,8
1998-10,,,100828,227297,4.44846e+06,502392,108086,147150,0,,30.9,,27.3,,0,,0,,55.3,,,,,,,,,,,,,665465,6.8,52.2,79,206,3022,-543,170,131,,,,,12.6735,,,,,,8
1998-11,,,100828,227297,4.44846e+06,502392,108086,147150,0,,30.9,,27.3,,0,,0,,55.3,,,,,,,,,,,,,667524,6.6,52.3,79,206,3022,-543,170,131,,,,,11.0044,,,,,,8
1998-12,,,100828,227297,4.44846e+06,502392,108086,147150,0,,30.9,,27.3,,0,,0,,55.3,,,,,,,,,,,,,672501,7.1,52.3,79,206,3022,-543,170,131,,,,,9.83437,,,,,,8
1999-01,,,101115,227730,4.4512e+06,504132,108290,147677,0,,32.1,,29.5,,0,,0,,55.4,,,,,,,,,,,,,676221,6.8,52.5,188,237,4237,1043,76,324,,,,,11.0557,8.65123,,,,,7.95
1999-02,,,101115,227730,4.4512e+06,504132,108290,147677,0,,32.1,,29.5,,0,,0,,55.6,,,,,,,,,,,,,678975,6.4,52.7,188,237,4237,1043,76,324,,,,,10.2807,8.64965,,,,,7.5
1999-03,,,101115,227730,4.4512e+06,504132,108290,147677,0,,32.1,,29.5,,0,,0,,55.7,,,,,,,,,,,,,681980,6.3,53,188,237,4237,1043,76,324,,,,,12.7593,8.50637,,,,,7.04348
1999-04,,,101305,228273,4.45956e+06,505142,108466,147954,0,,34.7,,32.4,,0,,0,,55.7,,,,,,,,,,,,,684918,5.8,53.1,7,183,3337,54,-73,11,,,,,15.22,8.31419,,,,,6.86842
1999-05,,,101305,228273,4.45956e+06,505142,108466,147954,0,,34.7,,32.4,,0,,0,,55.8,,,,,,,,,,,,,689187,5.8,53.1,7,183,3337,54,-73,11,,,,,15.435,8.23711,,,,,6.5
1999-06,,,101305,228273,4.45956e+06,505142,108466,147954,0,,34.7,,32.4,,0,,0,,55.8,,,,,,,,,,,,,693792,5.9,53.1,7,183,3337,54,-73,11,,,,,15.9794,8.16714,,,,,6.27273
1999-07,,,101533,229188,4.4736e+06,506341,108700,148697,0,,35.4,,33.4,,0,,0,,55.8,,,,,,,,,,,,,699479,5.8,53,124,605,8898,175,30,494,,,,,19.245,8.18105,,,,,6
1999-08,,,101533,229188,4.4736e+06,506341,108700,148697,0,,35.4,,33.4,,0,,0,,55.8,,,,,,,,,,,,,703408,5.9,52.8,124,605,8898,175,30,494,,,,,20.1391,8.2602,,,,,6
1999-09,,,101533,229188,4.4736e+06,506341,108700,148697,0,,35.4,,33.4,,0,,0,,56.2,,,,,,,,,,,,,709292,7.1,53.3,124,605,8898,175,30,494,,,,,22.9081,8.22695,,,,,5.86364
1999-10,,,101558,229513,4.47872e+06,506942,108890,148795,0,,36.7,,34.7,,0,,0,,56.2,,,,,,,,,,,,,714973,7.4,53.5,-45,138,3467,-285,50,17,,,,,21.966,8.28845,,,,,5.5
1999-11,,,101558,229513,4.47872e+06,506942,108890,148795,0,,36.7,,34.7,,0,,0,,56.4,,,,,,,,,,,,,721488,8.1,53.7,-45,138,3467,-285,50,17,,,,,24.615,8.19066,,,,,5.5
1999-12,,,101558,229513,4.47872e+06,506942,108890,148795,0,,36.7,,34.7,,0,,0,,56.9,,,,,,,,,,,,,727862,8.1,53.8,-45,138,3467,-285,50,17,,,,,25.5765,8.09678,,,,,5.5
2000-01,,,101648,230036,4.48458e+06,508820,108754,149376,0,,38.9,,38.5,,0,,0,,57.1,40,247,5358,185,87,113,115,292,6088,464,429,91,734391,8.5,54.1,5,364,3589,905,-210,318,,,,,25.4278,8.12148,,,,,5.5
2000-02,,,101648,230036,4.48458e+06,508820,108754,149376,0,,38.9,,38.5,,0,,0,,57.3,40,247,5358,185,87,113,115,292,6088,464,429,91,741306,9.1,54.3,5,364,3589,905,-210,318,,,,,27.7675,8.0991,,,,,5.5
2000-03,,,101648,230036,4.48458e+06,508820,108754,149376,0,,38.9,,38.5,,0,,0,,57.5,40,247,5358,185,87,113,115,292,6088,464,429,91,749026,9.8,54.4,5,364,3589,905,-210,318,,,,,27.8711,8.11102,,,,,5.5
2000-04,,,101479,230232,4.49297e+06,508826,108795,149435,0,,41.5,,40.3,,0,,0,,57.6,40,176,3658,231,90,80,85,159,4362,298,62,81,755794,10.2,54.5,-345,-93,3531,-760,-167,-149,,,,,22.656,8.15382,,,,,5.63235
2000-05,,,101479,230232,4.49297e+06,508826,108795,149435,0,,41.5,,40.3,,0,,0,,57.6,40,176,3658,231,90,80,85,159,4362,298,62,81,762698,10.4,54.6,-345,-93,3531,-760,-167,-149,,,,,27.6153,8.20155,,,,,5.75
2000-06,,,101479,230232,4.49297e+06,508826,108795,149435,0,,41.5,,40.3,,0,,0,,57.8,40,176,3658,231,90,80,85,159,4362,298,62,81,769491,10.7,54.9,-345,-93,3531,-760,-167,-149,,,,,29.7942,8.24255,,,,,6.05
2000-07,,,101426,230628,4.50081e+06,509029,108946,149998,0,,40.3,,38.8,,0,,0,,58,105,192,4486,172,84,170,153,214,6044,368,99,128,774977,10.5,54.7,-228,39,2618,-527,-97,272,,,,,29.1661,8.17626,,,,,6.25
2000-08,,,101426,230628,4.50081e+06,509029,108946,149998,0,,40.3,,38.8,,0,,0,,58.1,105,192,4486,172,84,170,153,214,6044,368,99,128,782269,10.9,54.7,-228,39,2618,-527,-97,272,,,,,29.9986,8.09589,,,,,6.59783
2000-09,,,101426,230628,4.50081e+06,509029,108946,149998,0,,40.3,,38.8,,0,,0,,58.9,105,192,4486,172,84,170,153,214,6044,368,99,128,790012,11,55.2,-228,39,2618,-527,-97,272,,,,,33.2939,8.02664,,,,,6.83333
2000-10,,,101349,230993,4.50336e+06,508686,108834,150169,0,,40.3,,37.9,,0,,0,,59,85,238,5907,471,193,131,73,224,6952,343,318,398,795538,10.9,55.2,-165,124,124,-920,-229,4,,,,,30.8953,8.0032,,,,,7
2000-11,,,101349,230993,4.50336e+06,508686,108834,150169,0,,40.3,,37.9,,0,,0,,59,85,238,5907,471,193,131,73,224,6952,343,318,398,801820,10.8,55.4,-165,124,124,-920,-229,4,,,,,32.7712,7.99505,,,,,7
2000-12,,,101349,230993,4.50336e+06,508686,108834,150169,0,,40.3,,37.9,,0,,0,,59.5,85,238,5907,471,193,131,73,224,6952,343,318,398,806018,10.3,55.4,-165,124,124,-920,-229,4,,,,,25.878,8.13345,,,,,7
2001-01,,,101368,231666,4.50785e+06,510873,108912,150540,0,,41.7,,40.6,,0,,0,,60.1,64,316,6956,150,99,175,229,461,6904,586,81,268,816241,10.6,55.8,-112,451,1559,1718,-83,133,,,,,25.4836,8.23552,,,,,7
2001-02,,,101368,231666,4.50785e+06,510873,108912,150540,0,,41.7,,40.6,,0,,0,,60.4,64,316,6956,150,99,175,229,461,6904,586,81,268,823122,10.6,56.3,-112,451,1559,1718,-83,133,,,,,27.3136,8.21252,,,,,7
2001-03,,,101368,231666,4.50785e+06,510873,108912,150540,0,,41.7,,40.6,,0,,0,,60.5,64,316,6956,150,99,175,229,461,6904,586,81,268,830627,10.4,56.4,-112,451,1559,1718,-83,133,,,,,24.2054,8.16005,,,,,7
2001-04,,,101299,231994,4.51296e+06,511790,109132,150798,0,,43.5,,41.7,,0,,0,,60.6,32,155,4468,103,79,26,42,134,5594,533,180,127,836779,10.3,56.7,-213,97,1051,141,-17,20,,,,,25.7745,8.11825,,,,,7
2001-05,,,101299,231994,4.51296e+06,511790,109132,150798,0,,43.5,,41.7,,0,,0,,60.6,32,155,4468,103,79,26,42,134,5594,533,180,127,846196,10.7,56.9,-213,97,1051,141,-17,20,,,,,28.3136,7.99518,,,,,7
2001-06,,,101299,231994,4.51296e+06,511790,109132,150798,0,,43.5,,41.7,,0,,0,,60.7,32,155,4468,103,79,26,42,134,5594,533,180,127,855174,10.9,56.9,-213,97,1051,141,-17,20,,,,,27.8167,7.93383,,,,,7
2001-07,,,101329,232825,4.5194e+06,512932,109556,151104,0,,43.5,,42.1,,0,,0,,60.9,51,163,5889,222,267,113,177,159,6440,944,33,281,860996,11,56.2,-124,514,2481,475,241,53,,,,,24.5935,7.97143,,,,,7
2001-08,,,101329,232825,4.5194e+06,512932,109556,151104,0,,43.5,,42.1,,0,,0,,61,51,163,5889,222,267,113,177,159,6440,944,33,281,868951,11,56.1,-124,514,2481,475,241,53,,,,,25.58,8.0552,,,,,7
2001-09,,,101329,232825,4.5194e+06,512932,109556,151104,0,,43.5,,42.1,,0,,0,,61.3,51,163,5889,222,267,113,177,159,6440,944,33,281,876491,10.8,56.4,-124,514,2481,475,241,53,,,,,24.2142,7.99852,,,,,7
2001-10,,,101442,233308,4.52386e+06,512718,109745,151396,0,,43.4,,41.6,,0,,0,,61.4,174,337,6089,348,290,156,44,538,6393,739,350,141,885783,11.2,56.4,51,304,2813,-670,52,150,,,,,20.44,7.99704,,,,,7
2001-11,,,101442,233308,4.52386e+06,512718,109745,151396,0,,43.4,,41.6,,0,,0,,61.4,174,337,6089,348,290,156,44,538,6393,739,350,141,894391,11.4,56.4,51,304,2813,-670,52,150,,,,,18.7518,7.92239,,,,,7
2001-12,,,101442,233308,4.52386e+06,512718,109745,151396,0,,43.4,,41.6,,0,,0,,61.9,174,337,6089,348,290,156,44,538,6393,739,350,141,901652,11.5,56.5,51,304,2813,-670,52,150,,,,,18.6883,7.99203,,,,,6.71053
2002-01,,,101769,233892,4.5304e+06,514541,110062,151973,0,,44.8,,43.8,,0,,0,,62.1,92,203,5837,532,190,299,204,319,5945,522,284,319,909380,11.2,56.6,158,388,4398,1543,233,412,,,,8.16,19.6439,7.92075,,,,,6.5
2002-02,,,101769,233892,4.5304e+06,514541,110062,151973,0,,44.8,,43.8,,0,,0,,62.2,92,203,5837,532,190,299,204,319,5945,522,284,319,917368,11.4,56.7,158,388,4398,1543,233,412,,,,8.16,20.0418,7.7853,,,,,6.5
2002-03,,,101769,233892,4.5304e+06,514541,110062,151973,0,,44.8,,43.8,,0,,0,,62.5,92,203,5837,532,190,299,204,319,5945,522,284,319,922916,11.1,56.9,158,388,4398,1543,233,412,,,,8.16,23.769,7.71913,,,,,6.5
2002-04,,,102103,234348,4.53842e+06,515425,110383,152166,0,,46.4,,45.2,,0,,0,,62.5,62,213,4470,143,136,213,167,128,5049,455,513,149,933383,11.6,57,188,168,4261,100,135,-65,,,,8.13,25.8467,7.6221,,,,,6.5
2002-05,,,102103,234348,4.53842e+06,515425,110383,152166,0,,46.4,,45.2,,0,,0,,62.8,62,213,4470,143,136,213,167,128,5049,455,513,149,941073,11.4,57.1,188,168,4261,100,135,-65,,,,8.13,25.4582,7.51471,,,,,6.5
2002-06,,,102103,234348,4.53842e+06,515425,110383,152166,0,,46.4,,45.2,,0,,0,,62.8,62,213,4470,143,136,213,167,128,5049,455,513,149,948245,11.2,57.2,188,168,4261,100,135,-65,,,,8.13,23.9783,7.4048,,,,,6.5
2002-07,,,102208,235007,4.5473e+06,516467,110691,152446,0,,44.9,,44.3,,0,,0,,62.9,195,190,5019,392,294,345,126,201,5565,681,145,370,957153,11.5,57.1,-51,336,4833,229,134,90,,,,8.61,25.6888,7.40498,,,,,6.93478
2002-08,,,102208,235007,4.5473e+06,516467,110691,152446,0,,44.9,,44.3,,0,,0,,63.3,195,190,5019,392,294,345,126,201,5565,681,145,370,965852,11.4,56.9,-51,336,4833,229,134,90,,,,8.61,26.5024,7.42839,,,,,7
2002-09,,,102208,235007,4.5473e+06,516467,110691,152446,0,,44.9,,44.3,,0,,0,,63.4,195,190,5019,392,294,345,126,201,5565,681,145,370,972825,11.2,57.2,-51,336,4833,229,134,90,,,,8.61,28.3241,7.36193,,,,,7
2002-10,,,102492,235450,4.552e+06,517401,110993,152668,0,,44.6,,43,,0,,0,,63.5,71,155,6021,339,147,536,93,178,6137,305,245,448,978959,10.9,57.4,176,279,3704,458,181,117,,,,8.58,27.765,7.34054,,,,,7
2002-11,,,102492,235450,4.552e+06,517401,110993,152668,0,,44.6,,43,,0,,0,,63.5,71,155,6021,339,147,536,93,178,6137,305,245,448,986032,10.6,57.6,176,279,3704,458,181,117,,,,8.58,24.648,7.319,,,,,7
2002-12,,,102492,235450,4.552e+06,517401,110993,152668,0,,44.6,,43,,0,,0,,64,71,155,6021,339,147,536,93,178,6137,305,245,448,993370,10.6,58.1,176,279,3704,458,181,117,,,,8.58,28.0911,7.29533,,,,,6.7
2003-01,,,102567,236014,4.558e+06,518902,111339,153171,0,,45.6,,43.3,,0,,0,,64.3,160,226,5576,418,159,250,117,168,5937,616,305,187,1.00162e+06,10.6,59.5,-39,366,3484,941,135,311,,,,7.6,31.1836,7.33282,,,,,6.34091
2003-02,,,102567,236014,4.558e+06,518902,111339,153171,0,,45.6,,43.3,,0,,0,,64.6,160,226,5576,418,159,250,117,168,5937,616,305,187,1.01088e+06,10.6,59.5,-39,366,3484,941,135,311,,,,7.6,32.64,7.54392,,,,,6
2003-03,,,102567,236014,4.558e+06,518902,111339,153171,0,,45.6,,43.3,,0,,0,,64.8,160,226,5576,418,159,250,117,168,5937,616,305,187,1.01875e+06,10.7,59.1,-39,366,3484,941,135,311,,,,7.6,30.7405,7.84498,,,,,5.57143
2003-04,,,102744,236277,4.56511e+06,519553,111530,153481,0,,45.9,,42.8,,0,,0,,64.7,75,291,4696,550,163,307,66,169,5026,345,126,424,1.0258e+06,10.2,58.6,-21,-47,2633,-247,19,98,,,,6.75,25.2859,7.83163,,,,,5.5
2003-05,,,102744,236277,4.56511e+06,519553,111530,153481,0,,45.9,,42.8,,0,,0,,64.7,75,291,4696,550,163,307,66,169,5026,345,126,424,1.03392e+06,10.1,58.3,-21,-47,2633,-247,19,98,,,,6.75,26.0489,7.87108,,,,,5
2003-06,,,102744,236277,4.56511e+06,519553,111530,153481,0,,45.9,,42.8,,0,,0,,64.7,75,291,4696,550,163,307,66,169,5026,345,126,424,1.04282e+06,9.9,58.1,-21,-47,2633,-247,19,98,,,,6.75,27.5647,8.16215,,,,,4.85
2003-07,,,102948,237062,4.57292e+06,521193,112003,154082,0,,45.8,,43.8,,0,,0,,64.7,100,53,4623,412,392,306,32,51,5416,787,43,385,1.05238e+06,9.9,58,44,463,3025,643,248,327,,,,5.13,28.238,8.28928,,,,,4
2003-08,,,102948,237062,4.57292e+06,521193,112003,154082,0,,45.8,,43.8,,0,,0,,64.9,100,53,4623,412,392,306,32,51,5416,787,43,385,1.06251e+06,9.8,58.1,44,463,3025,643,248,327,,,,5.13,29.876,8.25576,,,,,3.38095
2003-09,,,102948,237062,4.57292e+06,521193,112003,154082,0,,45.8,,43.8,,0,,0,,65,100,53,4623,412,392,306,32,51,5416,787,43,385,1.07269e+06,10.2,58.4,44,463,3025,643,248,327,,,,5.13,27.2847,8.19516,,,,,2.79545
2003-10,,,103247,237472,4.57721e+06,521892,112378,154377,0,,46.4,,44.5,,0,,0,,65.1,120,472,6437,170,524,561,41,558,6565,814,351,358,1.08346e+06,10.6,58.4,164,154,2105,-29,220,188,,,,4.67,29.6155,8.22783,,,,,2.5
2003-11,,,103247,237472,4.57721e+06,521892,112378,154377,0,,46.4,,44.5,,0,,0,,65.1,120,472,6437,170,524,561,41,558,6565,814,351,358,1.09248e+06,10.8,58.5,164,154,2105,-29,220,188,,,,4.67,28.7775,8.19693,,,,,2.5
2003-12,,,103247,237472,4.57721e+06,521892,112378,154377,0,,46.4,,44.5,,0,,0,,65.5,120,472,6437,170,524,561,41,558,6565,814,351,358,1.10191e+06,10.8,58.5,164,154,2105,-29,220,188,,,,4.67,29.7884,8.24136,,,,,2.42105
2004-01,,,103629,238002,4.58256e+06,523488,112819,154900,0,,49.8,,46.6,,0,,0,,65.7,273,216,5617,287,214,65,286,194,5865,720,207,267,1.11153e+06,10.7,58.4,212,259,1967,799,233,358,,,,4.3,31.406,8.5925,,,,,2.22619
2004-02,,,103629,238002,4.58256e+06,523488,112819,154900,0,,49.8,,46.6,,0,,0,,65.8,273,216,5617,287,214,65,286,194,5865,720,207,267,1.1213e+06,10.8,58.5,212,259,1967,799,233,358,,,,4.3,31.07,8.77515,,,,,2
2004-03,,,103629,238002,4.58256e+06,523488,112819,154900,0,,49.8,,46.6,,0,,0,,66.1,273,216,5617,287,214,65,286,194,5865,720,207,267,1.13217e+06,11.1,58.7,212,259,1967,799,233,358,,,,4.3,33.5662,8.54067,,,,,1.84783
2004-04,,,103967,238459,4.58961e+06,524888,113133,155010,0,,50.6,,47.5,,0,,0,,66.4,42,204,5534,678,212,418,35,228,8044,2379,225,688,1.14373e+06,11.4,58.8,164,79,2371,375,63,-167,,,,4.1,33.4335,8.29384,,,,,1.75
2004-05,,,103967,238459,4.58961e+06,524888,113133,155010,0,,50.6,,47.5,,0,,0,,66.5,42,204,5534,678,212,418,35,228,8044,2379,225,688,1.15378e+06,11.5,58.9,164,79,2371,375,63,-167,,,,4.1,37.5221,8.20061,,,,,1.75
2004-06,,,103967,238459,4.58961e+06,524888,113133,155010,0,,50.6,,47.5,,0,,0,,66.8,42,204,5534,678,212,418,35,228,8044,2379,225,688,1.16457e+06,11.8,58.9,164,79,2371,375,63,-167,,,,4.1,35.2086,8.28564,,,,,1.75
2004-07,,,104331,239151,4.5992e+06,527378,113619,155686,0,,50.7,,48.7,,0,,0,,67,29,321,5607,1901,144,63,49,411,7008,1534,126,304,1.17397e+06,11.6,58.8,188,324,4634,1480,294,401,,,,4.1,38.2214,8.47509,,,,,1.75
2004-08,,,104331,239151,4.5992e+06,527378,113619,155686,0,,50.7,,48.7,,0,,0,,67.1,29,321,5607,1901,144,63,49,411,7008,1534,126,304,1.18341e+06,11.5,58.7,188,324,4634,1480,294,401,,,,4.1,42.8045,8.33148,,,,,1.75
2004-09,,,104331,239151,4.5992e+06,527378,113619,155686,0,,50.7,,48.7,,0,,0,,67.2,29,321,5607,1901,144,63,49,411,7008,1534,126,304,1.19204e+06,11.1,59,188,324,4634,1480,294,401,,,,4.1,43.7239,8.36039,,,,,1.75
2004-10,,,104706,239271,4.606e+06,529407,114001,156152,0,,51.3,,49.3,,0,,0,,67.3,15,386,6788,708,237,415,62,464,8913,1288,165,735,1.20169e+06,11,59.2,244,-94,4250,1180,218,292,,,,4.01,49.7767,8.2349,,,,,1.75
2004-11,,,104706,239271,4.606e+06,529407,114001,156152,0,,51.3,,49.3,,0,,0,,67.4,15,386,6788,708,237,415,62,464,8913,1288,165,735,1.21273e+06,11.2,59.2,244,-94,4250,1180,218,292,,,,4.01,43.1105,8.14118,,,,,1.75
2004-12,,,104706,239271,4.606e+06,529407,114001,156152,0,,51.3,,49.3,,0,,0,,68,15,386,6788,708,237,415,62,464,8913,1288,165,735,1.22553e+06,11.4,59.1,244,-94,4250,1180,218,292,,,,4.01,39.6327,8.21807,,,,,1.75
2005-01,,,104896,239950,4.61266e+06,531410,114377,156724,53.3,52.5,53.4,53.2,51.2,51,48.5,48,53.8,53.1,68.2,232,424,6731,1049,80,513,178,542,7359,669,198,214,1.23952e+06,11.8,59,86,408,3599,886,181,375,,,,3.94,44.3911,8.2125,,,,,1.75
2005-02,,,104896,239950,4.61266e+06,531410,114377,156724,53.3,52.5,53.4,53.2,51.2,51,48.5,48,53.8,53.1,68.3,232,424,6731,1049,80,513,178,542,7359,669,198,214,1.25063e+06,11.8,59,86,408,3599,886,181,375,,,,3.94,45.6321,8.3199,,,,,1.75
2005-03,,,104896,239950,4.61266e+06,531410,114377,156724,53.3,52.5,53.4,53.2,51.2,51,48.5,48,53.8,53.1,68.6,232,424,6731,1049,80,513,178,542,7359,669,198,214,1.26041e+06,11.5,59.3,86,408,3599,886,181,375,,,,3.94,53.4558,8.18708,,,,,1.75
2005-04,,,105102,240732,4.6213e+06,533050,114594,157079,54.4,54,54.9,54,51.8,51.3,49.7,49.4,54.3,53.7,68.7,139,492,6926,1104,159,353,97,346,7552,1374,231,424,1.2763e+06,11.7,59.6,54,389,4029,322,4,138,,,,3.83,52.34,8.17629,,,,,1.75
2005-05,,,105102,240732,4.6213e+06,533050,114594,157079,54.4,54,54.9,54,51.8,51.3,49.7,49.4,54.3,53.7,68.9,139,492,6926,1104,159,353,97,346,7552,1374,231,424,1.28984e+06,11.9,59.8,54,389,4029,322,4,138,,,,3.83,48.475,8.07732,,,,,1.75
2005-06,,,105102,240732,4.6213e+06,533050,114594,157079,54.4,54,54.9,54,51.8,51.3,49.7,49.4,54.3,53.7,68.9,139,492,6926,1104,159,353,97,346,7552,1374,231,424,1.30283e+06,12,59.9,54,389,4029,322,4,138,,,,3.83,54.369,7.89316,,,,,1.75
2005-07,,,105485,241440,4.6318e+06,536209,114936,157813,56.1,55.9,55.4,55.2,53.1,52.6,50.1,50.4,55,54.9,69,28,411,6761,1298,375,282,173,439,6582,558,400,229,1.3163e+06,12.3,59.7,215,320,5342,1989,112,438,,,,3.95,57.4485,7.92002,,,,,2
2005-08,,,105485,241440,4.6318e+06,536209,114936,157813,56.1,55.9,55.4,55.2,53.1,52.6,50.1,50.4,55,54.9,69.2,28,411,6761,1298,375,282,173,439,6582,558,400,229,1.32927e+06,12.5,59.8,215,320,5342,1989,112,438,,,,3.95,63.9835,7.91646,,,,,2
2005-09,,,105485,241440,4.6318e+06,536209,114936,157813,56.1,55.9,55.4,55.2,53.1,52.6,50.1,50.4,55,54.9,69.3,28,411,6761,1298,375,282,173,439,6582,558,400,229,1.34277e+06,12.7,60.2,215,320,5342,1989,112,438,,,,3.95,63.0665,7.80866,,,,,2
2005-10,,,105928,242158,4.64022e+06,538411,115157,158613,55.3,56.7,55.4,56.8,53.5,54.6,52.1,52.8,55,56.4,69.4,126,445,9126,598,242,797,118,632,10115,1072,365,723,1.35717e+06,13,60.2,256,422,5317,1112,38,610,,,,4.02,58.523,7.83471,,,,,2
2005-11,,,105928,242158,4.64022e+06,538411,115157,158613,55.3,56.7,55.4,56.8,53.5,54.6,52.1,52.8,55,56.4,70,126,445,9126,598,242,797,118,632,10115,1072,365,723,1.37174e+06,13.1,60.2,256,422,5317,1112,38,610,,,,4.02,55.1815,7.82948,,,,,2.22727
2005-12,,,105928,242158,4.64022e+06,538411,115157,158613,55.3,56.7,55.4,56.8,53.5,54.6,52.1,52.8,55,56.4,70,126,445,9126,598,242,797,118,632,10115,1072,365,723,1.38973e+06,13.4,60.2,256,422,5317,1112,38,610,,,,4.02,56.8557,7.97371,,,,,2.25
2006-01,4.2,,106220,242854,4.6493e+06,541822,115567,159490,61,60.2,58.9,58.7,56.5,56.4,57.1,56.6,59,58.3,70.2,36,146,7435,1339,202,410,101,292,8542,1664,414,480,1.40286e+06,13.2,60,136,361,5307,2294,158,665,,,,4.04,63.1456,8.03664,,,,,2.25
2006-02,4.2,,106220,242854,4.6493e+06,541822,115567,159490,61,60.2,58.9,58.7,56.5,56.4,57.1,56.6,59,58.3,70.4,36,146,7435,1339,202,410,101,292,8542,1664,414,480,1.41511e+06,13.1,60.5,136,361,5307,2294,158,665,,,,4.04,60.0874,8.05927,,,,,2.25
2006-03,3.9,,106220,242854,4.6493e+06,541822,115567,159490,61,60.2,58.9,58.7,56.5,56.4,57.1,56.6,59,58.3,70.6,36,146,7435,1339,202,410,101,292,8542,1664,414,480,1.43043e+06,13.5,60.7,136,361,5307,2294,158,665,,,,4.04,61.3233,7.97748,,,,,2.36957
2006-04,3.9,,106525,243219,4.66039e+06,544073,116080,159931,63,62.5,61.8,60.7,59.3,58.7,61.3,60.8,60.5,59.8,70.8,114,427,6521,1035,553,293,71,444,7577,1637,353,451,1.44228e+06,13,61.2,108,-11,5759,999,265,208,,,,4.21,71.3985,7.84141,,,,,2.5
2006-05,3.8,,106525,243219,4.66039e+06,544073,116080,159931,63,62.5,61.8,60.7,59.3,58.7,61.3,60.8,60.5,59.8,71.1,114,427,6521,1035,553,293,71,444,7577,1637,353,451,1.45637e+06,12.9,61.2,108,-11,5759,999,265,208,,,,4.21,69.5385,7.7968,,,,,2.5
2006-06,3.8,,106525,243219,4.66039e+06,544073,116080,159931,63,62.5,61.8,60.7,59.3,58.7,61.3,60.8,60.5,59.8,71.3,114,427,6521,1035,553,293,71,444,7577,1637,353,451,1.47099e+06,12.9,61.1,108,-11,5759,999,265,208,,,,4.21,68.5559,7.86043,,,,,2.75
2006-07,3.4,,106627,243960,4.67187e+06,547155,116725,160950,66.2,66,63.8,63.6,62.4,61.8,64.7,65.1,61.3,61.3,71.5,31,236,5261,483,296,324,80,344,6687,674,307,358,1.48273e+06,12.7,60.9,-57,404,5993,1749,354,690,,,,4.32,73.6743,7.93862,,,,,2.75
2006-08,3.6,,106627,243960,4.67187e+06,547155,116725,160950,66.2,66,63.8,63.6,62.4,61.8,64.7,65.1,61.3,61.3,71.8,31,236,5261,483,296,324,80,344,6687,674,307,358,1.49972e+06,12.8,60.9,-57,404,5993,1749,354,690,,,,4.32,73.2304,7.99204,,,,,2.86957
2006-09,3.3,,106627,243960,4.67187e+06,547155,116725,160950,66.2,66,63.8,63.6,62.4,61.8,64.7,65.1,61.3,61.3,71.8,31,236,5261,483,296,324,80,344,6687,674,307,358,1.5161e+06,12.9,61.8,-57,404,5993,1749,354,690,,,,4.32,61.9586,8.25717,,,,,3
2006-10,2.8,,106932,244620,4.68113e+06,548617,117315,161730,67.3,68.9,64.6,66.1,63.3,64.6,68,68.8,61.8,63.3,72.7,138,457,9158,1107,158,544,119,696,10545,529,340,292,1.53183e+06,12.8,61.8,198,355,6630,799,387,612,,,,4.6,57.8082,8.39598,,,,,3
2006-11,3.1,,106932,244620,4.68113e+06,548617,117315,161730,67.3,68.9,64.6,66.1,63.3,64.6,68,68.8,61.8,63.3,73.7,138,457,9158,1107,158,544,119,696,10545,529,340,292,1.5476e+06,12.9,61.8,198,355,6630,799,387,612,,,,4.6,58.7614,8.24459,,,,,3.23864
2006-12,3,,106932,244620,4.68113e+06,548617,117315,161730,67.3,68.9,64.6,66.1,63.3,64.6,68,68.8,61.8,63.3,73.9,138,457,9158,1107,158,544,119,696,10545,529,340,292,1.56195e+06,12.4,61.5,198,355,6630,799,387,612,,,,4.6,62.4721,8.15747,,,,,3.38158
2007-01,3,,107286,245444,4.6915e+06,551832,117874,162652,71.7,70.9,68.6,68.4,67.2,67.2,73.7,73.1,65.3,64.6,74.5,127,485,8015,1039,277,494,120,404,8341,643,388,368,1.57301e+06,12.1,60.7,283,574,7489,2154,360,699,,,,5.19,53.6814,8.27805,,,,,3.55682
2007-02,2.8,,107286,245444,4.6915e+06,551832,117874,162652,71.7,70.9,68.6,68.4,67.2,67.2,73.7,73.1,65.3,64.6,74.8,127,485,8015,1039,277,494,120,404,8341,643,388,368,1.58607e+06,12.2,61,283,574,7489,2154,360,699,,,,5.19,57.4806,8.08755,,,,,3.75
2007-03,2.8,,107286,245444,4.6915e+06,551832,117874,162652,71.7,70.9,68.6,68.4,67.2,67.2,73.7,73.1,65.3,64.6,75,127,485,8015,1039,277,494,120,404,8341,643,388,368,1.60043e+06,11.9,61.4,283,574,7489,2154,360,699,,,,5.19,62.1586,8.13395,,,,,3.875
2007-04,2.7,,107633,245997,4.70457e+06,553396,118391,163047,71.2,70.5,71.2,69.9,68.1,67.4,74.5,74,66,65.3,76.2,126,382,6730,455,293,363,158,544,8307,1202,262,199,1.61409e+06,11.9,61.4,198,149,7855,171,293,137,,,,5.49,67.4858,8.11917,,,,,4
2007-05,2.6,,107633,245997,4.70457e+06,553396,118391,163047,71.2,70.5,71.2,69.9,68.1,67.4,74.5,74,66,65.3,76.8,126,382,6730,455,293,363,158,544,8307,1202,262,199,1.63296e+06,12.1,61.4,198,149,7855,171,293,137,,,,5.49,67.2123,8.14002,,,,,4.0125
2007-06,2.5,,107633,245997,4.70457e+06,553396,118391,163047,71.2,70.5,71.2,69.9,68.1,67.4,74.5,74,66,65.3,76.9,126,382,6730,455,293,363,158,544,8307,1202,262,199,1.64841e+06,12.1,61.4,198,149,7855,171,293,137,,,,5.49,71.0457,8.05895,,,,,4.27381
2007-07,2.9,,108033,247123,4.72162e+06,557052,119176,164245,69.7,69.6,71.1,70.9,67.9,67.3,76.2,76.6,65.6,65.6,77,154,308,6862,847,439,383,156,302,7115,691,390,54,1.66509e+06,12.3,61.2,277,695,11615,2312,515,891,,,,6,76.93,7.93805,,,,,4.5
2007-08,2.7,,108033,247123,4.72162e+06,557052,119176,164245,69.7,69.6,71.1,70.9,67.9,67.3,76.2,76.6,65.6,65.6,77.4,154,308,6862,847,439,383,156,302,7115,691,390,54,1.6798e+06,12.1,61.2,277,695,11615,2312,515,891,,,,6,70.7609,7.9735,,,,,4.63043
2007-09,2.4,,108033,247123,4.72162e+06,557052,119176,164245,69.7,69.6,71.1,70.9,67.9,67.3,76.2,76.6,65.6,65.6,77.6,154,308,6862,847,439,383,156,302,7115,691,390,54,1.69315e+06,11.8,61.6,277,695,11615,2312,515,891,,,,6,77.1732,7.8306,,,,,4.775
2007-10,2.8,,108144,247746,4.73717e+06,560484,119586,165191,67.3,68.8,69.5,71.1,65.4,66.8,76.6,77.3,63,64.5,78,48,294,9525,1420,126,662,219,227,8916,527,96,288,1.70726e+06,11.6,61.7,35,349,12673,2409,197,737,,,,6.55,82.34,7.69633,,,,,5
2007-11,2.6,,108144,247746,4.73717e+06,560484,119586,165191,67.3,68.8,69.5,71.1,65.4,66.8,76.6,77.3,63,64.5,79.3,48,294,9525,1420,126,662,219,227,8916,527,96,288,1.72503e+06,11.5,62.7,35,349,12673,2409,197,737,,,,6.55,92.4143,7.95191,,,,,5
2007-12,2.6,,108144,247746,4.73717e+06,560484,119586,165191,67.3,68.8,69.5,71.1,65.4,66.8,76.6,77.3,63,64.5,79.5,48,294,9525,1420,126,662,219,227,8916,527,96,288,1.73656e+06,11.2,63.3,35,349,12673,2409,197,737,,,,6.55,90.9268,8.013,,,,,5.13889
2008-01,2.8,,108582,248668,4.75337e+06,565653,120284,166304,67.7,67.1,71.1,71,66.1,66.2,78.6,78,64.4,63.8,79.8,104,426,6842,832,166,310,92,497,6505,431,72,161,1.74998e+06,11.3,63,366,648,12431,3995,503,801,,,,6.92,92.1781,7.95659,,,,,5.25
2008-02,2.6,,108582,248668,4.75337e+06,565653,120284,166304,67.7,67.1,71.1,71,66.1,66.2,78.6,78,64.4,63.8,80.2,104,426,6842,832,166,310,92,497,6505,431,72,161,1.76546e+06,11.5,63.3,366,648,12431,3995,503,801,,,,6.92,94.9865,7.94798,,,,,5.25
2008-03,2.6,,108582,248668,4.75337e+06,565653,120284,166304,67.7,67.1,71.1,71,66.1,66.2,78.6,78,64.4,63.8,80.4,104,426,6842,832,166,310,92,497,6505,431,72,161,1.77614e+06,11,63.3,366,648,12431,3995,503,801,,,,6.92,103.636,7.96294,,,,,5.25
2008-04,2.6,,108967,249527,4.76907e+06,568809,120798,166708,67.6,66.8,72,70.7,66.5,65.8,78.7,78.3,65.9,65.1,80.8,241,231,7396,842,178,150,143,191,6447,385,283,91,1.78741e+06,10.9,63.3,249,480,9932,1598,228,69,,,,7.25,109.071,7.96286,,,,,5.30682
2008-05,2.7,,108967,249527,4.76907e+06,568809,120798,166708,67.6,66.8,72,70.7,66.5,65.8,78.7,78.3,65.9,65.1,80.9,241,231,7396,842,178,150,143,191,6447,385,283,91,1.79922e+06,10.3,63.3,249,480,9932,1598,228,69,,,,7.25,122.797,7.86603,,,,,5.5
2008-06,3,,108967,249527,4.76907e+06,568809,120798,166708,67.6,66.8,72,70.7,66.5,65.8,78.7,78.3,65.9,65.1,81.1,241,231,7396,842,178,150,143,191,6447,385,283,91,1.8099e+06,9.9,63.4,249,480,9932,1598,228,69,,,,7.25,132.322,7.99155,,,,,5.53571
2008-07,3,,109425,250985,4.78702e+06,573388,121325,167709,62.8,62.8,69.6,69.4,64.7,64,75.1,75.5,62.6,62.5,81.3,70,352,6806,303,314,138,46,360,6127,899,68,98,1.81992e+06,9.4,63.9,268,1012,11852,3057,248,640,,,,7.63,132.718,8.04872,,,,,5.75
2008-08,2.8,,109425,250985,4.78702e+06,573388,121325,167709,62.8,62.8,69.6,69.4,64.7,64,75.1,75.5,62.6,62.5,81.8,70,352,6806,303,314,138,46,360,6127,899,68,98,1.83109e+06,9.1,63.9,268,1012,11852,3057,248,640,,,,7.63,113.243,7.97226,,,,,5.75
2008-09,3.2,,109425,250985,4.78702e+06,573388,121325,167709,62.8,62.8,69.6,69.4,64.7,64,75.1,75.5,62.6,62.5,81.8,70,352,6806,303,314,138,46,360,6127,899,68,98,1.84156e+06,8.8,64.9,268,1012,11852,3057,248,640,,,,7.63,97.2348,8.15664,,,,,5.75
2008-10,3.2,,109700,252051,4.79925e+06,575475,121610,168257,58.9,60.2,64.7,66.2,59.4,60.6,71.2,71.8,58.7,59.9,82.2,92,317,7596,580,290,101,113,123,6838,993,467,52,1.84972e+06,8.2,65.1,207,725,9138,1082,127,311,,,6.99,7.28,71.5822,8.59278,,,,,5.44565
2008-11,3.1,,109700,252051,4.79925e+06,575475,121610,168257,58.9,60.2,64.7,66.2,59.4,60.6,71.2,71.8,58.7,59.9,82.7,92,317,7596,580,290,101,113,123,6838,993,467,52,1.8554e+06,7.3,64.7,207,725,9138,1082,127,311,,,6.99,7.28,52.4526,8.8094,,,,,4.75
2008-12,3.5,,109700,252051,4.79925e+06,575475,121610,168257,58.9,60.2,64.7,66.2,59.4,60.6,71.2,71.8,58.7,59.9,82.6,92,317,7596,580,290,101,113,123,6838,993,467,52,1.86647e+06,7.1,64.6,207,725,9138,1082,127,311,,,6.99,7.28,39.9468,9.40392,,,,,4.1375
2009-01,3.2,71.5,110048,252918,4.8122e+06,578870,122162,168988,61.2,60.7,67.4,67.3,61.8,62,72.4,72,61.6,61.1,82.6,248,242,7645,1716,140,51,188,167,5540,600,199,75,1.87263e+06,6.8,64.4,248,593,9618,2111,352,513,,,4.63,5.02,43.4395,9.2164,,,,,3
2009-02,3.3,71.4,110048,252918,4.8122e+06,578870,122162,168988,61.2,60.7,67.4,67.3,61.8,62,72.4,72,61.6,61.1,82.7,248,242,7645,1716,140,51,188,167,5540,600,199,75,1.88673e+06,6.7,64.9,248,593,9618,2111,352,513,,,4.63,5.02,43.3247,8.78378,,,,,2.575
2009-03,3.2,71.8,110048,252918,4.8122e+06,578870,122162,168988,61.2,60.7,67.4,67.3,61.8,62,72.4,72,61.6,61.1,82.7,248,242,7645,1716,140,51,188,167,5540,600,199,75,1.89866e+06,6.7,64.9,248,593,9618,2111,352,513,,,4.63,5.02,46.5405,8.83882,,,,,2.40909
2009-04,3.5,71.3,110381,253600,4.82555e+06,580229,122602,169343,64.2,63.4,70.9,69.6,66.1,65.3,74.7,74.3,63.8,63,82.7,124,236,4939,466,350,150,61,209,4351,97,119,23,1.9091e+06,6.7,65.1,185,229,6961,-162,179,-73,,,3.73,4.16,50.1819,8.78697,,,,,2
2009-05,3.5,71.1,110381,253600,4.82555e+06,580229,122602,169343,64.2,63.4,70.9,69.6,66.1,65.3,74.7,74.3,63.8,63,82.7,124,236,4939,466,350,150,61,209,4351,97,119,23,1.91754e+06,6.4,65.3,185,229,6961,-162,179,-73,,,3.73,4.16,57.3025,8.792,,,,,1.57895
2009-06,3.5,71.2,110381,253600,4.82555e+06,580229,122602,169343,64.2,63.4,70.9,69.6,66.1,65.3,74.7,74.3,63.8,63,82.8,124,236,4939,466,350,150,61,209,4351,97,119,23,1.92914e+06,6.4,65.6,185,229,6961,-162,179,-73,,,3.73,4.16,68.6095,8.94498,,,,,1.39286
2009-07,3.3,70.9,110783,255490,4.84268e+06,584292,123318,170491,66.9,66.9,72.2,72,69,68.3,77.6,77.8,65,65,82.9,67,110,3902,648,130,38,103,160,4351,256,127,81,1.9401e+06,6.5,65.3,226,1386,10426,2402,401,783,,,3.51,3.93,64.4355,8.94939,,,,,1.25
2009-08,3.6,70.6,110783,255490,4.84268e+06,584292,123318,170491,66.9,66.9,72.2,72,69,68.3,77.6,77.8,65,65,83.4,67,110,3902,648,130,38,103,160,4351,256,127,81,1.94942e+06,6.4,65.1,226,1386,10426,2402,401,783,,,3.51,3.93,72.5086,8.66017,,,,,1.25
2009-09,3.4,70.1,110783,255490,4.84268e+06,584292,123318,170491,66.9,66.9,72.2,72,69,68.3,77.6,77.8,65,65,83.7,67,110,3902,648,130,38,103,160,4351,256,127,81,1.95921e+06,6.4,65.6,226,1386,10426,2402,401,783,,,3.51,3.93,67.6462,8.59639,,,,,1.25
2009-10,3.4,70.4,111213,256600,4.8582e+06,586860,123850,170936,67,68.4,72.2,73.8,68.4,69.8,82.1,82.6,66.8,68.2,83.9,192,144,5223,639,189,147,152,204,5478,236,210,233,1.97005e+06,6.7,65.5,321,766,11629,1232,320,182,,,3.56,3.98,72.7695,8.35958,,,,,1.27273
2009-11,3.9,70,111213,256600,4.8582e+06,586860,123850,170936,67,68.4,72.2,73.8,68.4,69.8,82.1,82.6,66.8,68.2,84,192,144,5223,639,189,147,152,204,5478,236,210,233,1.97975e+06,6.9,65.7,321,766,11629,1232,320,182,,,3.56,3.98,76.662,8.41433,,,,,1.5
2009-12,3.6,69.6,111213,256600,4.8582e+06,586860,123850,170936,67,68.4,72.2,73.8,68.4,69.8,82.1,82.6,66.8,68.2,84.1,192,144,5223,639,189,147,152,204,5478,236,210,233,1.98669e+06,6.7,65.9,321,766,11629,1232,320,182,,,3.56,3.98,74.4564,8.41069,,,,,1.60714
2010-01,3.8,70.3,111637,257864,4.87321e+06,590041,124510,171652,69.6,69.1,74.6,74.7,69.7,69.9,85.6,85.3,70.6,70.1,84.2,139,328,4757,385,98,24,79,448,5497,213,107,481,1.99952e+06,7,66,305,938,10889,1883,467,448,,,3.69,4.1,76.1674,8.18168,,,,,1.75
2010-02,3.9,70.1,111637,257864,4.87321e+06,590041,124510,171652,69.6,69.1,74.6,74.7,69.7,69.9,85.6,85.3,70.6,70.1,84.7,139,328,4757,385,98,24,79,448,5497,213,107,481,2.00872e+06,6.7,66.8,305,938,10889,1883,467,448,,,3.69,4.1,73.7521,8.0971,,,,,1.75
2010-03,4.4,69.1,111637,257864,4.87321e+06,590041,124510,171652,69.6,69.1,74.6,74.7,69.7,69.9,85.6,85.3,70.6,70.1,85,139,328,4757,385,98,24,79,448,5497,213,107,481,2.01644e+06,6.4,67.1,305,938,10889,1883,467,448,,,3.69,4.1,78.8274,8.03683,,,,,1.75
2010-04,3.8,69.6,111959,258365,4.88796e+06,592082,124901,171722,73.5,72.6,77.4,75.9,72,71.1,87.3,86.8,71.2,70.4,85.5,42,104,3699,565,34,50,80,442,4331,226,161,145,2.02599e+06,6.3,67.3,236,53,8845,406,94,-277,,,3.78,4.19,84.8176,7.92781,,,,,1.75
2010-05,4,69.7,111959,258365,4.88796e+06,592082,124901,171722,73.5,72.6,77.4,75.9,72,71.1,87.3,86.8,71.2,70.4,85.8,42,104,3699,565,34,50,80,442,4331,226,161,145,2.03794e+06,6.4,66.9,236,53,8845,406,94,-277,,,3.78,4.19,75.9455,7.89722,,,,,1.95833
2010-06,4.3,70.2,111959,258365,4.88796e+06,592082,124901,171722,73.5,72.6,77.4,75.9,72,71.1,87.3,86.8,71.2,70.4,85.9,42,104,3699,565,34,50,80,442,4331,226,161,145,2.04707e+06,6.2,66.9,236,53,8845,406,94,-277,,,3.78,4.19,74.7609,7.9062,,,,,2
2010-07,3.7,70.1,112376,259913,4.90815e+06,596923,125635,173221,73.1,73.1,77,76.8,73.2,72.5,88.5,88.7,73.2,73.1,85.9,46,223,3957,400,118,142,99,854,4859,333,61,83,2.04797e+06,6.1,66.5,267,1100,13754,3181,448,1113,,,3.86,4.27,75.58,8.02009,,,,,2
2010-08,3.8,69.6,112376,259913,4.90815e+06,596923,125635,173221,73.1,73.1,77,76.8,73.2,72.5,88.5,88.7,73.2,73.1,86.1,46,223,3957,400,118,142,99,854,4859,333,61,83,2.06082e+06,6.2,66.3,267,1100,13754,3181,448,1113,,,3.86,4.27,77.0395,7.93255,,,,,2
2010-09,4,69.7,112376,259913,4.90815e+06,596923,125635,173221,73.1,73.1,77,76.8,73.2,72.5,88.5,88.7,73.2,73.1,86.2,46,223,3957,400,118,142,99,854,4859,333,61,83,2.07091e+06,6.3,66.8,267,1100,13754,3181,448,1113,,,3.86,4.27,77.8405,7.91564,,,,,2
2010-10,3.8,69.6,112789,260392,4.9203e+06,599230,126021,173486,73.1,74.5,76.9,78.6,73,74.4,89.9,90.5,72.9,74.3,86.6,68,258,5613,900,146,73,235,410,6554,825,463,119,2.08301e+06,6.2,66.9,326,202,8848,1072,149,19,,,3.82,4.24,82.6648,8.11105,,,,,2
2010-11,3.6,69.9,112789,260392,4.9203e+06,599230,126021,173486,73.1,74.5,76.9,78.6,73,74.4,89.9,90.5,72.9,74.3,87,68,258,5613,900,146,73,235,410,6554,825,463,119,2.09536e+06,6.3,67,326,202,8848,1072,149,19,,,3.82,4.24,85.2748,8.14625,,,,,2
2010-12,4.3,69.3,112789,260392,4.9203e+06,599230,126021,173486,73.1,74.5,76.9,78.6,73,74.4,89.9,90.5,72.9,74.3,87.1,68,258,5613,900,146,73,235,410,6554,825,463,119,2.10483e+06,6.5,67.7,326,202,8848,1072,149,19,,,3.82,4.24,91.4468,7.90602,,,,,2
2011-01,3.2,69.7,113222,261311,4.93726e+06,605005,126469,174161,78.1,77.6,80.9,80.9,77.3,77.4,94.5,94.3,77,76.7,87.6,73,288,5153,450,49,741,150,451,7819,1512,185,365,2.1172e+06,6.4,67.3,350,607,13421,4518,212,454,,,3.78,4.2,96.5235,7.81993,,,,,2
2011-02,3.3,69.7,113222,261311,4.93726e+06,605005,126469,174161,78.1,77.6,80.9,80.9,77.3,77.4,94.5,94.3,77,76.7,87.9,73,288,5153,450,49,741,150,451,7819,1512,185,365,2.12879e+06,6.6,67.6,350,607,13421,4518,212,454,,,3.78,4.2,103.716,7.82062,,,,,2
2011-03,3.6,69.6,113222,261311,4.93726e+06,605005,126469,174161,78.1,77.6,80.9,80.9,77.3,77.4,94.5,94.3,77,76.7,88.2,73,288,5153,450,49,741,150,451,7819,1512,185,365,2.14151e+06,6.8,67.8,350,607,13421,4518,212,454,,,3.78,4.2,114.643,7.82948,,,,,2
2011-04,3.6,69.8,113659,261705,4.95298e+06,607292,126714,174326,79,77.9,83.1,81.5,78.9,78,95.6,95.1,80,79.1,88.4,81,254,3863,128,78,94,282,272,6644,788,373,303,2.15454e+06,6.9,68.2,317,15,9829,640,-10,-172,,,3.77,4.18,123.259,7.80686,,,,,2
2011-05,3.5,69.9,113659,261705,4.95298e+06,607292,126714,174326,79,77.9,83.1,81.5,78.9,78,95.6,95.1,80,79.1,88.9,81,254,3863,128,78,94,282,272,6644,788,373,303,2.16744e+06,7,68,317,15,9829,640,-10,-172,,,3.77,4.18,114.989,7.83362,,,,,2.14286
2011-06,3.7,69.5,113659,261705,4.95298e+06,607292,126714,174326,79,77.9,83.1,81.5,78.9,78,95.6,95.1,80,79.1,89.1,81,254,3863,128,78,94,282,272,6644,788,373,303,2.17914e+06,7.1,67.8,317,15,9829,640,-10,-172,,,3.77,4.18,113.833,7.83195,,,,,2.25
2011-07,3.4,70,113945,263218,4.97303e+06,611491,127230,176008,79.5,79.5,83.4,83.2,80.3,79.6,96.7,96.7,80.5,80.4,89.1,51,257,4597,324,186,218,48,180,5888,1283,115,39,2.19188e+06,7.1,67.6,123,1038,13928,2534,245,1346,,,3.98,4.39,116.973,7.78286,,,,,2.25
2011-08,3.8,69.8,113945,263218,4.97303e+06,611491,127230,176008,79.5,79.5,83.4,83.2,80.3,79.6,96.7,96.7,80.5,80.4,89.2,51,257,4597,324,186,218,48,180,5888,1283,115,39,2.2059e+06,7.2,67.2,123,1038,13928,2534,245,1346,,,3.98,4.39,110.22,7.78822,,,,,2.25
2011-09,3.5,70.2,113945,263218,4.97303e+06,611491,127230,176008,79.5,79.5,83.4,83.2,80.3,79.6,96.7,96.7,80.5,80.4,89.2,51,257,4597,324,186,218,48,180,5888,1283,115,39,2.22054e+06,7.2,67.8,123,1038,13928,2534,245,1346,,,3.98,4.39,112.834,7.7243,,,,,2.25
2011-10,3.8,69.6,114489,263762,4.98587e+06,613285,127506,176348,81,82.7,83,84.8,79.9,81.4,97.9,98.6,82,83.4,89.7,236,294,6433,460,172,207,269,370,7384,921,253,22,2.23217e+06,7.2,67.8,484,298,9860,640,63,134,,,4.18,4.59,109.55,7.74738,,,,,2.25
2011-11,3.6,69.5,114489,263762,4.98587e+06,613285,127506,176348,81,82.7,83,84.8,79.9,81.4,97.9,98.6,82,83.4,90.1,236,294,6433,460,172,207,269,370,7384,921,253,22,2.24477e+06,7.2,67.8,484,298,9860,640,63,134,,,4.18,4.59,110.768,7.78677,,,,,2.25
2011-12,3.6,70.2,114489,263762,4.98587e+06,613285,127506,176348,81,82.7,83,84.8,79.9,81.4,97.9,98.6,82,83.4,90.2,236,294,6433,460,172,207,269,370,7384,921,253,22,2.25786e+06,7.2,67.8,484,298,9860,640,63,134,,,4.18,4.59,107.87,7.74514,,,,,1.9881
2012-01,3.8,69.8,114989,264785,5.00294e+06,617242,128073,177173,84.2,83.8,86,86.1,82.7,82.7,99.7,99.7,83.2,82.9,90.5,146,242,5246,331,86,161,104,460,6791,730,276,901,2.27039e+06,7.2,67.7,405,804,13617,2698,368,568,,,4.16,4.55,110.686,7.6752,,,,,1.75
2012-02,3.6,69.8,114989,264785,5.00294e+06,617242,128073,177173,84.2,83.8,86,86.1,82.7,82.7,99.7,99.7,83.2,82.9,90.8,146,242,5246,331,86,161,104,460,6791,730,276,901,2.28416e+06,7.3,68.4,405,804,13617,2698,368,568,,,4.16,4.55,119.327,7.55224,,,,,1.75
2012-03,2.7,70.2,114989,264785,5.00294e+06,617242,128073,177173,84.2,83.8,86,86.1,82.7,82.7,99.7,99.7,83.2,82.9,91.1,146,242,5246,331,86,161,104,460,6791,730,276,901,2.2519e+06,7.1,68.3,405,804,13617,2698,368,568,,,4.16,4.55,125.445,7.53148,,,,,1.61364
2012-04,3.4,69.9,115805,265244,5.01752e+06,618378,128117,177258,83.6,82.5,88.8,87.1,85.3,84.4,103.1,102.6,86.9,85.7,91.3,308,376,6110,291,173,336,150,215,7439,784,315,440,2.26055e+06,6.8,68.4,651,1,9241,-467,-187,-272,,,3.98,4.37,119.422,7.56975,,,,,1.5
2012-05,3.5,70,115805,265244,5.01752e+06,618378,128117,177258,83.6,82.5,88.8,87.1,85.3,84.4,103.1,102.6,86.9,85.7,91.5,308,376,6110,291,173,336,150,215,7439,784,315,440,2.27895e+06,7,68.4,651,1,9241,-467,-187,-272,,,3.98,4.37,110.34,7.56625,,,,,1.5
2012-06,3.3,69.7,115805,265244,5.01752e+06,618378,128117,177258,83.6,82.5,88.8,87.1,85.3,84.4,103.1,102.6,86.9,85.7,91.6,308,376,6110,291,173,336,150,215,7439,784,315,440,2.29333e+06,7.1,68,651,1,9241,-467,-187,-272,,,3.98,4.37,95.1557,7.54014,,,,,1.5
2012-07,3.4,69.3,116298,267160,5.03814e+06,621332,128830,179123,84.7,84.5,89.3,89,87.6,86.9,106,105.8,87.9,87.8,91.7,162,356,7289,1960,89,139,127,349,8107,1504,196,602,2.30769e+06,7.2,67.8,355,1463,14185,1300,467,1502,,,3.95,4.35,102.619,7.45793,,,,,1.5
2012-08,3.4,69.7,116298,267160,5.03814e+06,621332,128830,179123,84.7,84.5,89.3,89,87.6,86.9,106,105.8,87.9,87.8,92.1,162,356,7289,1960,89,139,127,349,8107,1504,196,602,2.32119e+06,7.1,67.5,355,1463,14185,1300,467,1502,,,3.95,4.35,113.356,7.32389,,,,,1.5
2012-09,3.3,70.2,116298,267160,5.03814e+06,621332,128830,179123,84.7,84.5,89.3,89,87.6,86.9,106,105.8,87.9,87.8,92.2,162,356,7289,1960,89,139,127,349,8107,1504,196,602,2.33011e+06,7,68.1,355,1463,14185,1300,467,1502,,,3.95,4.35,112.864,7.39445,,,,,1.5
2012-10,3.8,69.6,116677,267950,5.05128e+06,623966,129191,179692,85.3,87.1,88.7,90.5,86.5,88.2,105,105.7,88.4,90,92.4,126,196,7634,1391,282,135,276,290,7802,765,304,189,2.34624e+06,7.1,68.5,333,523,10294,1534,149,388,,,3.93,4.36,111.711,7.40757,,,,,1.5
2012-11,3.6,69.3,116677,267950,5.05128e+06,623966,129191,179692,85.3,87.1,88.7,90.5,86.5,88.2,105,105.7,88.4,90,92.9,126,196,7634,1391,282,135,276,290,7802,765,304,189,2.36116e+06,7.2,68.5,333,523,10294,1534,149,388,,,3.93,4.36,109.059,7.33714,,,,,1.5
2012-12,3.8,69.5,116677,267950,5.05128e+06,623966,129191,179692,85.3,87.1,88.7,90.5,86.5,88.2,105,105.7,88.4,90,92.9,126,196,7634,1391,282,135,276,290,7802,765,304,189,2.37485e+06,7.2,68.7,333,523,10294,1534,149,388,,,3.93,4.36,109.494,7.34886,,,,,1.5
2013-01,3.7,69.3,116974,268926,5.06371e+06,626953,129585,180280,88.1,87.6,91.4,91.5,89.2,89.1,107.1,107.3,92.7,92.6,93.3,212,217,6324,878,191,484,221,185,7897,1559,244,482,2.38847e+06,7.2,68.6,200,717,9629,1808,209,323,,,3.92,4.33,112.96,7.38214,,,,,1.5
2013-02,4,69.1,116974,268926,5.06371e+06,626953,129585,180280,88.1,87.6,91.4,91.5,89.2,89.1,107.1,107.3,92.7,92.6,93.6,212,217,6324,878,191,484,221,185,7897,1559,244,482,2.40483e+06,7.2,69,200,717,9629,1808,209,323,,,3.92,4.33,116.051,7.42322,,,,,1.5
2013-03,3.8,69.6,116974,268926,5.06371e+06,626953,129585,180280,88.1,87.6,91.4,91.5,89.2,89.1,107.1,107.3,92.7,92.6,93.6,212,217,6324,878,191,484,221,185,7897,1559,244,482,2.41537e+06,7.4,69.3,200,717,9629,1808,209,323,,,3.92,4.33,108.474,7.48508,,,,,1.5
2013-04,4,69.3,117527,269205,5.0778e+06,629313,129758,180048,91.7,90.5,93.9,92.1,89.9,88.9,107.8,107.1,92.4,91,93.7,135,236,6572,767,229,455,253,98,6911,341,244,330,2.43029e+06,7.7,69.7,392,-196,8217,792,-93,-573,,,4.12,4.52,102.248,7.54438,,,,,1.5
2013-05,4,68.7,117527,269205,5.0778e+06,629313,129758,180048,91.7,90.5,93.9,92.1,89.9,88.9,107.8,107.1,92.4,91,94.2,135,236,6572,767,229,455,253,98,6911,341,244,330,2.44285e+06,7.4,69.7,392,-196,8217,792,-93,-573,,,4.12,4.52,102.559,7.56282,,,,,1.5
2013-06,3.8,69.3,117527,269205,5.0778e+06,629313,129758,180048,91.7,90.5,93.9,92.1,89.9,88.9,107.8,107.1,92.4,91,94.2,135,236,6572,767,229,455,253,98,6911,341,244,330,2.45864e+06,7.4,69.5,392,-196,8217,792,-93,-573,,,4.12,4.52,102.919,7.73937,,,,,1.5
2013-07,3.6,69.9,118115,271067,5.0963e+06,632990,130426,181513,90.1,89.8,92.1,91.8,88.2,87.5,105.7,105.5,92.3,92.2,94.4,206,799,6912,349,189,597,110,291,6988,705,178,324,2.46813e+06,7.1,69.8,474,1445,12476,2001,419,1130,,,4.11,4.51,107.933,7.88374,,,,,1.5
2013-08,4.3,69.2,118115,271067,5.0963e+06,632990,130426,181513,90.1,89.8,92.1,91.8,88.2,87.5,105.7,105.5,92.3,92.2,94.9,206,799,6912,349,189,597,110,291,6988,705,178,324,2.486e+06,7.2,69.7,474,1445,12476,2001,419,1130,,,4.11,4.51,111.28,7.93861,,,,,1.5
2013-09,3.9,69.4,118115,271067,5.0963e+06,632990,130426,181513,90.1,89.8,92.1,91.8,88.2,87.5,105.7,105.5,92.3,92.2,94.8,206,799,6912,349,189,597,110,291,6988,705,178,324,2.49974e+06,7.2,70,474,1445,12476,2001,419,1130,,,4.11,4.51,111.596,7.97252,,,,,1.5
2013-10,3.6,69.4,118588,271949,5.10906e+06,634463,130754,182035,86.4,88.2,89.6,91.5,85.5,87.2,103.2,103.8,89.4,91,95,131,334,8667,1335,383,792,53,320,8491,1051,155,223,2.515e+06,7.2,70.1,402,592,9622,253,138,264,,,4.07,4.48,109.077,8.12076,,,,,1.5
2013-11,4,69.4,118588,271949,5.10906e+06,634463,130754,182035,86.4,88.2,89.6,91.5,85.5,87.2,103.2,103.8,89.4,91,95.4,131,334,8667,1335,383,792,53,320,8491,1051,155,223,2.52828e+06,7,70.2,402,592,9622,253,138,264,,,4.07,4.48,107.792,8.20552,,,,,1.5
2013-12,4.4,68.7,118588,271949,5.10906e+06,634463,130754,182035,86.4,88.2,89.6,91.5,85.5,87.2,103.2,103.8,89.4,91,95.5,131,334,8667,1335,383,792,53,320,8491,1051,155,223,2.55482e+06,7,70.1,402,592,9622,253,138,264,3.97,3.98,4.07,4.48,110.757,8.40482,,,,,1.5
2014-01,4,68.8,119111,272520,5.12438e+06,638529,131212,182657,90.5,90.3,91.7,91.8,87,86.8,101.2,101.5,91.7,91.7,95.8,134,253,6356,848,246,231,136,134,6160,96,351,466,2.56578e+06,6.8,70.2,426,254,11282,2604,280,397,3.96,3.97,4.05,4.44,108.118,8.39268,,,,,1.5
2014-02,3.2,69.2,119111,272520,5.12438e+06,638529,131212,182657,90.5,90.3,91.7,91.8,87,86.8,101.2,101.5,91.7,91.7,96.3,134,253,6356,848,246,231,136,134,6160,96,351,466,2.5791e+06,6.7,70.5,426,254,11282,2604,280,397,3.97,3.97,4.05,4.44,108.901,8.35623,,,,,1.5
2014-03,3.8,68.7,119111,272520,5.12438e+06,638529,131212,182657,90.5,90.3,91.7,91.8,87,86.8,101.2,101.5,91.7,91.7,96.3,134,253,6356,848,246,231,136,134,6160,96,351,466,2.59377e+06,6.9,70.7,426,254,11282,2604,280,397,3.95,3.96,4.05,4.44,107.481,8.29064,,,,,1.5
2014-04,3.6,69.7,119849,272612,5.13768e+06,640313,131371,182740,92.6,91.2,95.2,93.4,90.9,89.9,105.7,104.9,96.2,94.8,97.3,212,242,7420,746,149,592,389,310,7575,567,69,500,2.60761e+06,6.8,70.9,548,-303,7359,91,-127,-314,3.87,3.87,3.91,4.3,107.755,8.24842,,,,,1.5
2014-05,3.4,69.1,119849,272612,5.13768e+06,640313,131371,182740,92.6,91.2,95.2,93.4,90.9,89.9,105.7,104.9,96.2,94.8,97.6,212,242,7420,746,149,592,389,310,7575,567,69,500,2.61968e+06,6.7,71,548,-303,7359,91,-127,-314,3.8,3.8,3.91,4.3,109.539,8.15332,,,,,1.5
2014-06,3.5,69,119849,272612,5.13768e+06,640313,131371,182740,92.6,91.2,95.2,93.4,90.9,89.9,105.7,104.9,96.2,94.8,97.7,212,242,7420,746,149,592,389,310,7575,567,69,500,2.631e+06,6.5,70.8,548,-303,7359,91,-127,-314,3.78,3.78,3.91,4.3,111.795,8.22065,,,,,1.5
2014-07,4.1,68.7,120369,274379,5.15645e+06,645701,131982,184604,94.5,94.2,95.3,95,92.2,91.6,104.8,104.5,94.6,94.4,97.8,65,350,6191,720,136,185,58,397,6179,266,45,546,2.6452e+06,6.7,71.4,408,1363,12940,3643,350,1534,3.76,3.76,3.87,4.26,106.768,8.38796,,,,,1.5
2014-08,3.6,69.2,120369,274379,5.15645e+06,645701,131982,184604,94.5,94.2,95.3,95,92.2,91.6,104.8,104.5,94.6,94.4,98,65,350,6191,720,136,185,58,397,6179,266,45,546,2.65855e+06,6.5,71.1,408,1363,12940,3643,350,1534,3.76,3.76,3.87,4.26,101.608,8.25224,,,,,1.5
2014-09,4.1,68.6,120369,274379,5.15645e+06,645701,131982,184604,94.5,94.2,95.3,95,92.2,91.6,104.8,104.5,94.6,94.4,98.1,65,350,6191,720,136,185,58,397,6179,266,45,546,2.67272e+06,6.4,71.5,408,1363,12940,3643,350,1534,3.73,3.72,3.87,4.26,97.0914,8.17977,,,,,1.5
2014-10,4,68.4,120685,275112,5.1658e+06,647676,132102,184960,94.2,96.2,94.8,96.9,92.5,94.4,104.2,104.8,96,97.9,98.2,284,346,8113,1040,231,295,99,350,7242,787,137,273,2.68862e+06,6.4,71.6,282,453,6589,775,-67,148,3.59,3.58,3.67,4.07,87.4736,8.31363,,,,,1.5
2014-11,4,68.5,120685,275112,5.1658e+06,647676,132102,184960,94.2,96.2,94.8,96.9,92.5,94.4,104.2,104.8,96,97.9,98.5,284,346,8113,1040,231,295,99,350,7242,787,137,273,2.69994e+06,6.2,71.6,282,453,6589,775,-67,148,3.54,3.53,3.67,4.07,79.4379,8.4912,,,,,1.5
2014-12,3.9,69.4,120685,275112,5.1658e+06,647676,132102,184960,94.2,96.2,94.8,96.9,92.5,94.4,104.2,104.8,96,97.9,98.6,284,346,8113,1040,231,295,99,350,7242,787,137,273,2.71418e+06,6.1,71.6,282,453,6589,775,-67,148,3.49,3.48,3.67,4.07,62.335,8.9714,,,,,1.3625
2015-01,4.3,68.9,121229,275737,5.177e+06,650733,132302,185537,98.2,98.2,98.3,98.4,97.4,97.1,103.3,103.8,97.7,97.7,98.9,189,272,6519,350,224,293,88,201,7238,834,95,879,2.72772e+06,6.2,71.6,484,401,8648,1834,65,374,3.22,3.18,3.32,3.73,47.7595,8.93205,,,,,1.25
2015-02,4.7,68.6,121229,275737,5.177e+06,650733,132302,185537,98.2,98.2,98.3,98.4,97.4,97.1,103.3,103.8,97.7,97.7,99.3,189,272,6519,350,224,293,88,201,7238,834,95,879,2.7428e+06,6.2,71.8,484,401,8648,1834,65,374,3.11,3.01,3.32,3.73,58.0955,8.61877,,,,,1.25
2015-03,4.5,68.8,121229,275737,5.177e+06,650733,132302,185537,98.2,98.2,98.3,98.4,97.4,97.1,103.3,103.8,97.7,97.7,99.4,189,272,6519,350,224,293,88,201,7238,834,95,879,2.76174e+06,6.3,72,484,401,8648,1834,65,374,3.08,2.99,3.32,3.73,55.8855,8.64341,,,,,1.25
2015-04,4.5,68.6,121827,275938,5.18944e+06,652044,132264,185341,101.9,100.2,101.5,99.6,100,98.9,101.8,100.9,101.7,100.1,99.8,21,363,7972,687,160,483,199,431,7831,536,108,849,2.77291e+06,6.2,72.3,411,-300,6285,-417,-293,-495,3.09,3.01,3.25,3.65,59.5243,8.49882,,,,,1.25
2015-05,4.4,69,121827,275938,5.18944e+06,652044,132264,185341,101.9,100.2,101.5,99.6,100,98.9,101.8,100.9,101.7,100.1,100.1,21,363,7972,687,160,483,199,431,7831,536,108,849,2.78997e+06,6.4,72.5,411,-300,6285,-417,-293,-495,3.07,3,3.25,3.65,64.075,8.41022,,,,,1.25
2015-06,4.8,68.9,121827,275938,5.18944e+06,652044,132264,185341,101.9,100.2,101.5,99.6,100,98.9,101.8,100.9,101.7,100.1,100.1,21,363,7972,687,160,483,199,431,7831,536,108,849,2.80375e+06,6.5,72.7,411,-300,6285,-417,-293,-495,3,2.97,3.25,3.65,61.4777,8.75498,,,,,1.15909
2015-07,5.2,67.7,122062,277378,5.20543e+06,656614,132587,186868,101.5,101.1,101.1,100.7,101.6,101.1,99.2,99,101.3,101.1,100.2,205,171,5968,494,454,249,140,316,7148,424,90,474,2.81948e+06,6.5,72.7,22,935,9408,2824,28,1119,2.87,2.86,3,3.4,56.5613,8.93565,,,,,1
2015-08,4.2,68.6,122062,277378,5.20543e+06,656614,132587,186868,101.5,101.1,101.1,100.7,101.6,101.1,99.2,99,101.3,101.1,100.3,205,171,5968,494,454,249,140,316,7148,424,90,474,2.8316e+06,6.4,72.5,22,935,9408,2824,28,1119,2.83,2.82,3,3.4,46.515,9.1815,,,,,1
2015-09,4.8,68.8,122062,277378,5.20543e+06,656614,132587,186868,101.5,101.1,101.1,100.7,101.6,101.1,99.2,99,101.3,101.1,100.3,205,171,5968,494,454,249,140,316,7148,424,90,474,2.84457e+06,6.3,73,22,935,9408,2824,28,1119,2.78,2.78,3,3.4,47.6232,9.3075,,,,,0.954545
2015-10,5,67.6,122348,277391,5.21398e+06,658390,132644,187353,98.4,100.5,99.1,101.3,101,103,95.7,96.2,99.3,101.2,100.5,240,441,7801,553,244,323,265,297,8890,603,139,301,2.86351e+06,6.4,73.3,191,-322,5432,620,-101,282,2.6,2.6,2.75,3.17,48.43,9.28916,,,,,0.75
2015-11,4.5,68.2,122348,277391,5.21398e+06,658390,132644,187353,98.4,100.5,99.1,101.3,101,103,95.7,96.2,99.3,101.2,100.7,240,441,7801,553,244,323,265,297,8890,603,139,301,2.86371e+06,5.9,73.6,191,-322,5432,620,-101,282,2.57,2.57,2.75,3.17,44.2676,9.25722,,,,,0.75
2015-12,5.2,68.3,122348,277391,5.21398e+06,658390,132644,187353,98.4,100.5,99.1,101.3,101,103,95.7,96.2,99.3,101.2,100.7,240,441,7801,553,244,323,265,297,8890,603,139,301,2.88266e+06,6.1,73.3,191,-322,5432,620,-101,282,2.54,2.53,2.75,3.17,38.0055,9.46264,,,,,0.75
2016-01,4.9,68.3,122660,278120,5.22326e+06,660987,132895,187951,99.2,99.3,102.8,102.9,106.5,106.1,92.7,93.2,104,103.9,101,87,370,6344,457,42,528,136,410,7637,1013,117,581,2.89561e+06,6.1,73.7,206,379,5760,1278,50,361,2.55,2.55,2.7,3.13,30.6995,9.58992,,,,,0.75
2016-02,5.6,68.3,122660,278120,5.22326e+06,660987,132895,187951,99.2,99.3,102.8,102.9,106.5,106.1,92.7,93.2,104,103.9,101.2,87,370,6344,457,42,528,136,410,7637,1013,117,581,2.91014e+06,6,74.1,206,379,5760,1278,50,361,2.5,2.5,2.7,3.13,32.1815,9.56282,,,,,0.75
2016-03,4.8,67.9,122660,278120,5.22326e+06,660987,132895,187951,99.2,99.3,102.8,102.9,106.5,106.1,92.7,93.2,104,103.9,101.1,87,370,6344,457,42,528,136,410,7637,1013,117,581,2.9225e+06,5.8,74.4,206,379,5760,1278,50,361,2.48,2.47,2.7,3.13,38.2105,9.42462,,,,,0.6625
2016-04,5,67.8,123322,277807,5.23683e+06,662587,132960,187981,101.6,99.7,107.1,105.1,112.7,111.4,93.8,92.8,106.4,104.7,102,113,298,7918,781,102,695,464,496,9784,1192,53,338,2.94036e+06,6,74.7,484,-784,7290,-296,-212,-325,2.4,2.39,2.57,2.98,41.5833,9.32237,,,,,0.5
2016-05,5.1,68,123322,277807,5.23683e+06,662587,132960,187981,101.6,99.7,107.1,105.1,112.7,111.4,93.8,92.8,106.4,104.7,102.4,113,298,7918,781,102,695,464,496,9784,1192,53,338,2.95425e+06,5.9,74.9,484,-784,7290,-296,-212,-325,2.37,2.37,2.57,2.98,46.7424,9.30985,,,,,0.5
2016-06,4.7,67.6,123322,277807,5.23683e+06,662587,132960,187981,101.6,99.7,107.1,105.1,112.7,111.4,93.8,92.8,106.4,104.7,102.6,113,298,7918,781,102,695,464,496,9784,1192,53,338,2.97109e+06,6,75.4,484,-784,7290,-296,-212,-325,2.38,2.37,2.57,2.98,48.2473,9.32778,,,,,0.5
2016-07,4.9,67.9,123562,278951,5.25217e+06,666691,133234,189842,101.2,100.9,109.1,108.7,119.9,119.5,93.8,93.7,108.8,108.5,102.7,124,315,6407,400,100,353,130,836,8774,1296,161,415,2.98606e+06,5.9,75.9,92,668,9403,2410,57,1487,2.38,2.38,2.53,2.97,44.9519,9.36898,,,,,0.5
2016-08,5.1,68,123562,278951,5.25217e+06,666691,133234,189842,101.2,100.9,109.1,108.7,119.9,119.5,93.8,93.7,108.8,108.5,103.1,124,315,6407,400,100,353,130,836,8774,1296,161,415,3.0032e+06,6.1,75.4,92,668,9403,2410,57,1487,2.35,2.35,2.53,2.97,45.843,9.30299,,,,,0.5
2016-09,4.7,67.6,123562,278951,5.25217e+06,666691,133234,189842,101.2,100.9,109.1,108.7,119.9,119.5,93.8,93.7,108.8,108.5,103,124,315,6407,400,100,353,130,836,8774,1296,161,415,3.02157e+06,6.3,75.7,92,668,9403,2410,57,1487,2.36,2.36,2.53,2.97,46.5677,9.19708,,,,,0.5
2016-10,4.9,68,124008,278555,5.25832e+06,666757,132728,190464,101.5,103.7,109.1,111.6,122.9,125.3,96.1,96.7,108.3,110.5,103.3,246,492,8623,806,125,702,458,334,10330,1316,57,753,3.03806e+06,6.1,76,379,-648,3640,-1002,-660,442,2.38,2.39,2.53,2.97,49.5224,9.00092,,,,,0.5
2016-11,4.9,67.4,124008,278555,5.25832e+06,666757,132728,190464,101.5,103.7,109.1,111.6,122.9,125.3,96.1,96.7,108.3,110.5,103.5,246,492,8623,806,125,702,458,334,10330,1316,57,753,3.05136e+06,6.5,76.2,379,-648,3640,-1002,-660,442,2.43,2.44,2.53,2.97,44.7341,9.0807,,,,,0.5
2016-12,4.2,66.7,124008,278555,5.25832e+06,666757,132728,190464,101.5,103.7,109.1,111.6,122.9,125.3,96.1,96.7,108.3,110.5,103.7,246,492,8623,806,125,702,458,334,10330,1316,57,753,3.06553e+06,6.3,75.8,379,-648,3640,-1002,-660,442,2.44,2.46,2.53,2.97,53.3085,9.02518,,,,,0.5
2017-01,4.1,68.1,124223,279007,5.26715e+06,668819,132790,191329,103.7,103.9,113.2,113.3,128.9,128.4,97.7,98.4,111.7,111.6,103.9,153,283,6526,608,70,395,115,520,9174,933,53,261,3.08446e+06,6.5,75.7,142,202,6435,873,-62,665,2.47,2.49,2.6,3.04,54.5767,8.99895,,,,,0.5
2017-02,4.5,67.2,124223,279007,5.26715e+06,668819,132790,191329,103.7,103.9,113.2,113.3,128.9,128.4,97.7,98.4,111.7,111.6,104.2,153,283,6526,608,70,395,115,520,9174,933,53,261,3.10084e+06,6.6,76,142,202,6435,873,-62,665,2.49,2.5,2.6,3.04,54.8695,8.86034,,,,,0.5
2017-03,4.7,67.2,124223,279007,5.26715e+06,668819,132790,191329,103.7,103.9,113.2,113.3,128.9,128.4,97.7,98.4,111.7,111.6,104.2,153,283,6526,608,70,395,115,520,9174,933,53,261,3.11841e+06,6.7,76.3,142,202,6435,873,-62,665,2.52,2.53,2.6,3.04,51.5891,9.09189,,,,,0.5
2017-04,4.6,68,124798,279035,5.27776e+06,669060,132913,191152,105.7,103.6,114.5,112.4,127.4,125.8,100.3,99.1,113,111.3,104.8,225,382,9028,1180,73,800,61,579,9510,2057,173,502,3.13318e+06,6.5,76.4,413,-308,5221,-1393,-132,-474,2.52,2.53,2.58,3.03,52.3079,9.20494,,,,,0.5
2017-05,4.7,67.2,124798,279035,5.27776e+06,669060,132913,191152,105.7,103.6,114.5,112.4,127.4,125.8,100.3,99.1,113,111.3,105.2,225,382,9028,1180,73,800,61,579,9510,2057,173,502,3.15058e+06,6.7,76.6,413,-308,5221,-1393,-132,-474,2.51,2.51,2.58,3.03,50.3265,9.40495,,,,,0.5
2017-06,4.5,67.3,124798,279035,5.27776e+06,669060,132913,191152,105.7,103.6,114.5,112.4,127.4,125.8,100.3,99.1,113,111.3,105.2,225,382,9028,1180,73,800,61,579,9510,2057,173,502,3.1665e+06,6.6,76.9,413,-308,5221,-1393,-132,-474,2.51,2.51,2.58,3.03,46.3682,9.4997,,,,,0.5
2017-07,4.2,67.3,125019,279914,5.29029e+06,672062,133233,192847,102.5,102.3,111.8,111.4,122.2,121.9,96.6,96.4,110.5,110.3,105.3,280,746,6935,110,52,370,47,129,8434,1654,84,260,3.18179e+06,6.6,77.1,100,468,6868,1388,39,1409,2.51,2.51,2.56,3.03,48.4786,9.39884,,,,,0.5
2017-08,4.2,67.4,125019,279914,5.29029e+06,672062,133233,192847,102.5,102.3,111.8,111.4,122.2,121.9,96.6,96.4,110.5,110.3,105.5,280,746,6935,110,52,370,47,129,8434,1654,84,260,3.1986e+06,6.5,76.5,100,468,6868,1388,39,1409,2.5,2.5,2.56,3.03,51.7043,9.32014,,,,,0.5
2017-09,4.2,67.4,125019,279914,5.29029e+06,672062,133233,192847,102.5,102.3,111.8,111.4,122.2,121.9,96.6,96.4,110.5,110.3,105.5,280,746,6935,110,52,370,47,129,8434,1654,84,260,3.2138e+06,6.4,76.9,100,468,6868,1388,39,1409,2.49,2.49,2.56,3.03,56.1529,9.32746,,,,,0.5
2017-10,4,67.7,125454,279792,5.29562e+06,673468,133139,193501,99.4,101.5,109.9,112.4,119.2,121.5,99.7,100.6,106.8,108.9,106,337,405,8979,789,129,277,168,449,8132,911,117,314,3.22907e+06,6.3,76.9,351,-404,2769,193,-266,509,2.45,2.45,2.53,3,57.5077,9.39757,,,,,0.5
2017-11,4.1,67.7,125454,279792,5.29562e+06,673468,133139,193501,99.4,101.5,109.9,112.4,119.2,121.5,99.7,100.6,106.8,108.9,106.5,337,405,8979,789,129,277,168,449,8132,911,117,314,3.24852e+06,6.4,77,351,-404,2769,193,-266,509,2.45,2.45,2.53,3,62.7141,9.6082,,,,,0.5
2017-12,4.5,66.9,125454,279792,5.29562e+06,673468,133139,193501,99.4,101.5,109.9,112.4,119.2,121.5,99.7,100.6,106.8,108.9,106.7,337,405,8979,789,129,277,168,449,8132,911,117,314,3.26314e+06,6.4,77.1,351,-404,2769,193,-266,509,2.42,2.42,2.53,3,64.3737,9.84124,,,,,0.5
2018-01,4,67.9,125708,280216,5.30278e+06,674736,133309,194128,101.7,101.9,112,112.1,122.6,122.1,98,98.7,110,109.8,107,92,257,6770,803,61,203,163,176,7330,986,103,616,3.28664e+06,6.2,77,189,197,5468,125,14,445,2.42,2.43,2.51,2.95,69.0773,9.64641,,,,,0.5
2018-02,4,68.2,125708,280216,5.30278e+06,674736,133309,194128,101.7,101.9,112,112.1,122.6,122.1,98,98.7,110,109.8,107.4,92,257,6770,803,61,203,163,176,7330,986,103,616,3.30173e+06,6,77.7,189,197,5468,125,14,445,2.42,2.44,2.51,2.95,65.3175,9.67115,,,,,0.5
2018-03,4.2,68,125708,280216,5.30278e+06,674736,133309,194128,101.7,101.9,112,112.1,122.6,122.1,98,98.7,110,109.8,107.5,92,257,6770,803,61,203,163,176,7330,986,103,616,3.31673e+06,6,77.9,189,197,5468,125,14,445,2.41,2.44,2.51,2.95,66.0167,9.58014,,,,,0.5
2018-04,4.2,67.9,126347,280203,5.31234e+06,676462,133410,194051,105.5,103.3,116.4,114.2,127.9,126.2,99.2,97.8,113.4,111.7,108,366,548,8183,478,38,811,130,160,7055,580,108,738,3.33186e+06,6,78.2,484,-382,4602,27,-113,-359,2.4,2.42,2.49,2.9,72.106,9.62021,,,,,0.5
2018-05,3.6,68.2,126347,280203,5.31234e+06,676462,133410,194051,105.5,103.3,116.4,114.2,127.9,126.2,99.2,97.8,113.4,111.7,108.4,366,548,8183,478,38,811,130,160,7055,580,108,738,3.34712e+06,5.8,78.2,484,-382,4602,27,-113,-359,2.42,2.43,2.49,2.9,76.9752,9.56737,,,,,0.5
2018-06,4.2,68.4,126347,280203,5.31234e+06,676462,133410,194051,105.5,103.3,116.4,114.2,127.9,126.2,99.2,97.8,113.4,111.7,108.5,366,548,8183,478,38,811,130,160,7055,580,108,738,3.36422e+06,5.9,78.8,484,-382,4602,27,-113,-359,2.41,2.43,2.49,2.9,74.4048,9.47465,,,,,0.5
2018-07,4.1,68.3,126583,281445,5.32393e+06,679886,134312,195449,103.4,103.3,115.1,114.6,127.1,127,97.7,97.4,110.2,110,108.8,116,231,8118,1659,117,271,289,566,8104,1080,153,444,3.38074e+06,5.8,79.4,97,805,6289,1880,645,1115,2.44,2.45,2.48,2.9,74.2541,9.49751,,,,,0.5
2018-08,3.9,68.2,126583,281445,5.32393e+06,679886,134312,195449,103.4,103.3,115.1,114.6,127.1,127,97.7,97.4,110.2,110,109.4,116,231,8118,1659,117,271,289,566,8104,1080,153,444,3.39824e+06,5.8,79.1,97,805,6289,1880,645,1115,2.42,2.43,2.48,2.9,72.5283,9.61613,,,,,0.5
2018-09,4.4,68.4,126583,281445,5.32393e+06,679886,134312,195449,103.4,103.3,115.1,114.6,127.1,127,97.7,97.4,110.2,110,109.5,116,231,8118,1659,117,271,289,566,8104,1080,153,444,3.41374e+06,5.8,79.5,97,805,6289,1880,645,1115,2.42,2.44,2.48,2.9,78.891,9.62048,,,,,0.575
2018-10,4,68.3,126841,281190,5.32821e+06,681067,134037,196159,100.9,103.1,112.4,115,124.5,126.9,96.4,97.6,110.4,112.6,109.9,85,408,9757,1301,145,483,74,446,9023,593,160,388,3.42746e+06,5.8,79.4,112,-491,1722,158,-386,551,2.54,2.55,2.64,3.06,81.0322,9.47933,,,,,0.75
2018-11,3.9,68.6,126841,281190,5.32821e+06,681067,134037,196159,100.9,103.1,112.4,115,124.5,126.9,96.4,97.6,110.4,112.6,110.1,85,408,9757,1301,145,483,74,446,9023,593,160,388,3.43981e+06,5.6,79.7,112,-491,1722,158,-386,551,2.57,2.58,2.64,3.06,64.7482,9.62719,,,,,0.75
2018-12,3.7,68.3,126841,281190,5.32821e+06,681067,134037,196159,100.9,103.1,112.4,115,124.5,126.9,96.4,97.6,110.4,112.6,110.2,85,408,9757,1301,145,483,74,446,9023,593,160,388,3.45646e+06,5.6,79.7,112,-491,1722,158,-386,551,2.54,2.55,2.64,3.06,57.3624,9.79456,,,,,0.75
2019-01,4,68.1,127013,281858,5.33649e+06,683947,134284,196866,104.3,104.5,115.4,115.6,128.3,127.9,98.2,98.9,111.7,111.3,110.5,94,176,7036,610,115,175,203,607,7673,846,46,261,3.47378e+06,5.8,79.4,98,387,5653,1687,85,496,2.5,2.51,2.62,3.03,59.4095,9.7631,1.73514,1.11923,1.38386,0.998136,0.75
2019-02,4.3,68.5,127013,281858,5.33649e+06,683947,134284,196866,104.3,104.5,115.4,115.6,128.3,127.9,98.2,98.9,111.7,111.3,110.7,94,176,7036,610,115,175,203,607,7673,846,46,261,3.4899e+06,5.8,80,98,387,5653,1687,85,496,2.49,2.5,2.62,3.03,63.9605,9.74438,1.65555,1.1302,1.32905,1.05535,0.75
2019-03,3.6,68.9,127013,281858,5.33649e+06,683947,134284,196866,104.3,104.5,115.4,115.6,128.3,127.9,98.2,98.9,111.7,111.3,110.8,94,176,7036,610,115,175,203,607,7673,846,46,261,3.50435e+06,5.7,80.1,98,387,5653,1687,85,496,2.52,2.52,2.62,3.03,66.1386,9.71805,1.67286,1.18019,1.3329,1.12143,0.821429
2019-04,3.2,68.4,127334,281978,5.3456e+06,685811,134339,196939,106.7,104.4,118.7,116.3,131.3,129.3,100.9,99.3,111.1,109.4,111.2,61,533,8561,1868,197,573,217,334,8756,685,159,574,3.51941e+06,5.7,80.5,164,-207,4701,266,-92,-224,2.64,2.65,2.79,3.19,71.2333,9.62467,1.72833,1.332,1.45311,1.21772,1
2019-05,3.5,68.3,127334,281978,5.3456e+06,685811,134339,196939,106.7,104.4,118.7,116.3,131.3,129.3,100.9,99.3,111.1,109.4,111.7,61,533,8561,1868,197,573,217,334,8756,685,159,574,3.53393e+06,5.7,80.3,164,-207,4701,266,-92,-224,2.68,2.68,2.79,3.19,71.3177,9.77933,1.67185,1.32115,1.38825,1.23535,1
2019-06,3.8,68.3,127334,281978,5.3456e+06,685811,134339,196939,106.7,104.4,118.7,116.3,131.3,129.3,100.9,99.3,111.1,109.4,111.5,61,533,8561,1868,197,573,217,334,8756,685,159,574,3.54938e+06,5.6,80.3,164,-207,4701,266,-92,-224,2.72,2.72,2.79,3.19,64.2205,9.74467,1.44163,1.18379,1.19116,1.15889,1.07895
2019-07,3.9,69.2,127467,283246,5.35679e+06,690335,135118,198219,105.7,105.6,117.8,117.3,131.8,131.7,98.6,98.1,112.1,112,111.6,162,485,6862,1043,59,258,177,681,8427,643,256,781,3.55921e+06,5.4,80.9,40,872,6190,2912,574,969,2.81,2.81,2.95,3.35,63.9191,9.65873,1.44074,1.2813,1.29213,1.25904,1.25
2019-08,4.2,68.6,127467,283246,5.35679e+06,690335,135118,198219,105.7,105.6,117.8,117.3,131.8,131.7,98.6,98.1,112.1,112,112.2,162,485,6862,1043,59,258,177,681,8427,643,256,781,3.57337e+06,5.3,80.3,40,872,6190,2912,574,969,2.87,2.87,2.95,3.35,59.0418,9.97419,1.14723,1.09759,1.08195,1.23955,1.25
2019-09,3.6,69.2,127467,283246,5.35679e+06,690335,135118,198219,105.7,105.6,117.8,117.3,131.8,131.7,98.6,98.1,112.1,112,112.1,162,485,6862,1043,59,258,177,681,8427,643,256,781,3.58633e+06,5.1,80.7,40,872,6190,2912,574,969,2.88,2.87,2.95,3.35,62.8267,9.92028,1.21505,1.21457,1.18876,1.262,1.33333
2019-10,4.3,68.6,127731,283929,5.36758e+06,693494,135510,199039,105.1,107.5,115.3,118.1,130.2,132.8,93.3,94.8,110.5,112.8,112.4,94,205,7930,1329,157,497,117,287,7031,483,126,203,3.60017e+06,5.1,80.8,199,429,8721,1975,265,641,2.98,2.97,3.13,3.49,59.713,10.1165,1.26178,1.20935,1.20461,1.24343,1.5
2019-11,4.1,68.1,127731,283929,5.36758e+06,693494,135510,199039,105.1,107.5,115.3,118.1,130.2,132.8,93.3,94.8,110.5,112.8,112.3,94,205,7930,1329,157,497,117,287,7031,483,126,203,3.61851e+06,5.2,81,199,429,8721,1975,265,641,3.04,3.03,3.13,3.49,63.2119,10.1087,1.448,1.26624,1.273,1.2009,1.5
2019-12,4.1,69.3,127731,283929,5.36758e+06,693494,135510,199039,105.1,107.5,115.3,118.1,130.2,132.8,93.3,94.8,110.5,112.8,112.4,94,205,7930,1329,157,497,117,287,7031,483,126,203,3.62915e+06,5,80.8,199,429,8721,1975,265,641,3.04,3.04,3.13,3.49,67.2171,10.0498,1.46639,1.32278,1.30511,1.19539,1.5
2020-01,4.1,68.8,127867,284208,5.37236e+06,694657,143840,205811,108.1,108.2,117.6,117.9,132.2,131.7,99.4,100.1,113.3,112.9,112.8,260,374,6682,708,152,295,165,282,6812,686,106,236,3.64362e+06,4.9,80.8,33,73,2576,-61,142,476,3.03,3.02,3.03,3.38,63.6455,9.93842,1.38159,1.31927,1.30668,1.31,1.5
2020-02,3.6,69,127867,284208,5.37236e+06,694657,143840,205811,108.1,108.2,117.6,117.9,132.2,131.7,99.4,100.1,113.3,112.9,112.8,260,374,6682,708,152,295,165,282,6812,686,106,236,3.65958e+06,4.9,80.8,33,73,2576,-61,142,476,3.03,3.03,3.03,3.38,55.657,10.1327,1.3447,1.26655,1.26145,1.355,1.5
2020-03,3.4,69.2,127867,284208,5.37236e+06,694657,143840,205811,108.1,108.2,117.6,117.9,132.2,131.7,99.4,100.1,113.3,112.9,112.8,260,374,6682,708,152,295,165,282,6812,686,106,236,3.67376e+06,4.8,80.8,33,73,2576,-61,142,476,2.77,2.76,3.03,3.38,32.0114,11.2943,0.949955,0.538818,0.653773,0.518545,0.988636
2020-04,4.1,67.4,128102,283763,5.37481e+06,694086,143691,205332,110.5,108.1,121.9,119.3,136.1,133.9,101.4,99.6,115.4,113.6,113.7,39,299,6584,505,151,318,55,233,7431,366,111,487,3.68475e+06,4.6,81.1,112,-803,-1828,-2124,-342,-772,2.23,2.23,2.02,2.4,18.3785,11.3429,0.717778,0.351222,0.416333,0.215333,0.25
2020-05,4.9,67.7,128102,283763,5.37481e+06,694086,143691,205332,110.5,108.1,121.9,119.3,136.1,133.9,101.4,99.6,115.4,113.6,114.4,39,299,6584,505,151,318,55,233,7431,366,111,487,3.69305e+06,4.5,81.2,112,-803,-1828,-2124,-342,-772,1.88,1.88,2.02,2.4,29.3789,10.9906,0.485368,0.0680526,0.150105,0.0423158,0.0526316
2020-06,5,67.4,128102,283763,5.37481e+06,694086,143691,205332,110.5,108.1,121.9,119.3,136.1,133.9,101.4,99.6,115.4,113.6,114.3,39,299,6584,505,151,318,55,233,7431,366,111,487,3.71078e+06,4.5,81.4,112,-803,-1828,-2124,-342,-772,1.8,1.8,2.02,2.4,40.2668,10.727,0.655667,0.221524,0.346619,0.0547619,0
2020-07,6,67.1,128112,285070,5.38458e+06,697549,143981,207015,112.5,112.3,123.6,123,138.2,138.2,103.4,102.8,115.8,115.7,114.7,192,229,7550,700,230,678,75,248,7170,740,241,541,3.72742e+06,4.6,82,-136,1016,5379,1918,90,1406,1.81,1.82,1.98,2.33,43.2422,10.6544,0.611478,0.158087,0.281217,0.0521739,0
2020-08,5.2,67.6,128112,285070,5.38458e+06,697549,143981,207015,112.5,112.3,123.6,123,138.2,138.2,103.4,102.8,115.8,115.7,114.9,192,229,7550,700,230,678,75,248,7170,740,241,541,3.7418e+06,4.6,81.7,-136,1016,5379,1918,90,1406,1.82,1.82,1.98,2.33,44.736,10.5797,0.686286,0.231286,0.372333,0.0488571,0
2020-09,5.2,67.8,128112,285070,5.38458e+06,697549,143981,207015,112.5,112.3,123.6,123,138.2,138.2,103.4,102.8,115.8,115.7,115,192,229,7550,700,230,678,75,248,7170,740,241,541,3.75977e+06,4.7,82,-136,1016,5379,1918,90,1406,1.81,1.81,1.98,2.33,40.9095,10.7769,0.647864,0.186727,0.374545,-0.0216818,0
2020-10,5.5,68.1,128233,285601,5.39137e+06,697010,144147,207595,112.9,115.6,124,127.2,142.6,145.6,102.6,104.6,117.6,120.2,115.2,342,373,8457,1051,58,461,40,186,8538,999,78,541,3.7769e+06,4.8,82.2,72,331,5015,-1591,73,360,1.81,1.81,1.94,2.28,40.1895,10.922,0.666182,0.215773,0.402,-0.007,0
2020-11,5.3,67.6,128233,285601,5.39137e+06,697010,144147,207595,112.9,115.6,124,127.2,142.6,145.6,102.6,104.6,117.6,120.2,115.2,342,373,8457,1051,58,461,40,186,8538,999,78,541,3.79664e+06,4.8,81.6,72,331,5015,-1591,73,360,1.79,1.79,1.94,2.28,42.6924,10.7453,0.779714,0.322,0.498143,0.0319524,0
2020-12,4.8,68.2,128233,285601,5.39137e+06,697010,144147,207595,112.9,115.6,124,127.2,142.6,145.6,102.6,104.6,117.6,120.2,115.5,342,373,8457,1051,58,461,40,186,8538,999,78,541,3.8093e+06,4.9,82,72,331,5015,-1591,73,360,1.77,1.77,1.94,2.28,49.9936,10.605,0.89825,0.37815,0.6001,0.0521,0
2021-01,5.1,67.4,128481,285911,5.3988e+06,697028,144223,208281,117.5,117.5,130.7,131,150.5,150,106.4,107,123.5,122.9,116.8,85,633,6570,767,95,162,23,227,7243,637,201,467,3.8247e+06,4.9,82.8,149,2,3805,-1389,-108,481,1.77,1.78,1.91,2.23,54.774,10.3661,0.98575,0.44895,0.67745,0.08225,0
2021-02,5.4,67.8,128481,285911,5.3988e+06,697028,144223,208281,117.5,117.5,130.7,131,150.5,150,106.4,107,123.5,122.9,116.8,85,633,6570,767,95,162,23,227,7243,637,201,467,3.83647e+06,4.8,83.4,149,2,3805,-1389,-108,481,1.76,1.77,1.91,2.23,62.2765,10.2791,1.24285,0.54805,0.828,0.1205,0
2021-03,4.3,67.9,128481,285911,5.3988e+06,697028,144223,208281,117.5,117.5,130.7,131,150.5,150,106.4,107,123.5,122.9,117.3,85,633,6570,767,95,162,23,227,7243,637,201,467,3.84514e+06,4.8,83.2,149,2,3805,-1389,-108,481,1.76,1.77,1.91,2.23,65.41,10.1469,1.48148,0.699478,1.01852,0.205565,0
2021-04,5.1,67.8,128833,285249,5.40217e+06,696088,143985,207415,122.4,119.7,137,133.8,153.9,151.2,111.8,109.6,128.5,126.3,119.7,304,350,7154,674,161,643,31,448,8373,524,230,411,3.86346e+06,5,83.5,168,-1089,-1736,-2610,-464,-1237,1.76,1.77,1.87,2.17,64.8065,10.0375,1.44789,0.651368,0.971421,0.249579,0
2021-05,5.5,68.2,128833,285249,5.40217e+06,696088,143985,207415,122.4,119.7,137,133.8,153.9,151.2,111.8,109.6,128.5,126.3,121,304,350,7154,674,161,643,31,448,8373,524,230,411,3.87719e+06,5.1,83.4,168,-1089,-1736,-2610,-464,-1237,1.75,1.76,1.87,2.17,68.5342,10.0863,1.48606,0.683556,1.03172,0.205667,0
2021-06,4.4,69.8,128833,285249,5.40217e+06,696088,143985,207415,122.4,119.7,137,133.8,153.9,151.2,111.8,109.6,128.5,126.3,123.2,304,350,7154,674,161,643,31,448,8373,524,230,411,3.90114e+06,5.2,83.7,168,-1089,-1736,-2610,-464,-1237,1.74,1.75,1.87,2.17,73.1641,10.1444,1.47723,0.817818,1.12105,0.246909,0
2021-07,5.1,68.9,128760,286567,5.41517e+06,698660,144515,209802,121.5,121.3,136.5,135.8,152.7,152.6,113.1,112.3,129.6,129.6,124.9,97,298,6787,920,95,425,86,178,6352,807,67,376,3.92021e+06,5.2,84.5,-209,972,8006,1045,293,2004,1.74,1.75,1.85,2.13,75.1659,10.3767,1.22518,0.786773,0.977864,0.366773,0
2021-08,3.9,69.4,128760,286567,5.41517e+06,698660,144515,209802,121.5,121.3,136.5,135.8,152.7,152.6,113.1,112.3,129.6,129.6,127.8,97,298,6787,920,95,425,86,178,6352,807,67,376,3.93576e+06,5.2,84.4,-209,972,8006,1045,293,2004,1.73,1.74,1.85,2.13,70.7471,10.4195,1.21173,0.804364,1.01218,0.342909,0
2021-09,3.7,69.9,128760,286567,5.41517e+06,698660,144515,209802,121.5,121.3,136.5,135.8,152.7,152.6,113.1,112.3,129.6,129.6,130,97,298,6787,920,95,425,86,178,6352,807,67,376,3.94986e+06,5.1,85.4,-209,972,8006,1045,293,2004,1.73,1.75,1.85,2.13,74.4886,10.1861,1.39064,1.04195,1.20168,0.417591,0.0568182
2021-10,3.6,69.9,128982,286930,5.42527e+06,699827,144699,210496,120,123.1,133.9,137.6,151.2,154.6,112.4,114.9,129.8,133,130.8,115,507,7895,259,96,294,58,282,8248,932,302,213,3.96715e+06,5.1,85.1,199,205,9542,130,76,529,1.84,1.86,2.04,2.32,83.5381,9.81435,1.66595,1.38781,1.52781,0.58281,0.25
2021-11,4,69.8,128982,286930,5.42527e+06,699827,144699,210496,120,123.1,133.9,137.6,151.2,154.6,112.4,114.9,129.8,133,132,115,507,7895,259,96,294,58,282,8248,932,302,213,3.98242e+06,5,85.8,199,205,9542,130,76,529,1.9,1.91,2.04,2.32,81.05,9.9661,1.61291,1.44491,1.53968,0.7205,0.25
2021-12,3.3,70,128982,286930,5.42527e+06,699827,144699,210496,120,123.1,133.9,137.6,151.2,154.6,112.4,114.9,129.8,133,130.7,115,507,7895,259,96,294,58,282,8248,932,302,213,3.99877e+06,5.1,86.3,199,205,9542,130,76,529,1.92,1.93,2.04,2.32,74.1705,10.1366,1.52362,1.34652,1.45214,0.782429,0.363636
2022-01,3.2,70.1,129073,287428,5.43554e+06,702543,144877,211246,124.9,124.7,140.1,140.4,159.4,158.9,115.3,115.9,137.7,136.8,131.4,28,159,6155,450,183,187,125,500,8049,424,95,784,4.01161e+06,5,85.5,84,348,9333,1766,73,607,2.06,2.07,2.25,2.51,86.5052,10.007,1.83743,1.60971,1.73286,1.03495,0.5
2022-02,3.5,71,129073,287428,5.43554e+06,702543,144877,211246,124.9,124.7,140.1,140.4,159.4,158.9,115.3,115.9,137.7,136.8,130.5,28,159,6155,450,183,187,125,500,8049,424,95,784,4.02677e+06,5,86.5,84,348,9333,1766,73,607,2.1,2.12,2.25,2.51,97.129,10.0544,2.09895,1.8992,2.01525,1.1203,0.5
2022-03,3,70.5,129073,287428,5.43554e+06,702543,144877,211246,124.9,124.7,140.1,140.4,159.4,158.9,115.3,115.9,137.7,136.8,131.3,28,159,6155,450,183,187,125,500,8049,424,95,784,4.03614e+06,5,87,84,348,9333,1766,73,607,2.12,2.16,2.25,2.51,117.245,9.73672,2.31352,2.13648,2.24061,1.22796,0.554348
2022-04,2.6,70.6,129431,288133,5.45558e+06,703979,145144,211106,130,127.1,145.7,142.2,162.7,159.7,119,116.5,139.7,137.2,133.1,118,283,7101,738,200,779,35,180,7423,231,370,580,4.0495e+06,4.9,88,257,488,17668,220,131,-392,2.28,2.31,2.45,2.7,104.575,9.62393,2.7365,2.50061,2.66528,1.3765,0.75
2022-05,3.8,70.6,129431,288133,5.45558e+06,703979,145144,211106,130,127.1,145.7,142.2,162.7,159.7,119,116.5,139.7,137.2,134.6,118,283,7101,738,200,779,35,180,7423,231,370,580,4.06497e+06,4.9,88.3,257,488,17668,220,131,-392,2.35,2.36,2.45,2.7,113.338,10.1373,2.8116,2.54895,2.68125,1.41435,0.75
2022-06,3.1,70.1,129431,288133,5.45558e+06,703979,145144,211106,130,127.1,145.7,142.2,162.7,159.7,119,116.5,139.7,137.2,134.8,118,283,7101,738,200,779,35,180,7423,231,370,580,4.07831e+06,4.6,89,257,488,17668,220,131,-392,2.38,2.4,2.45,2.7,122.711,10.3072,3.06814,2.911,3.00319,1.96429,0.869048
2022-07,2.9,70.7,129732,288841,5.47524e+06,707531,145568,212135,128.1,128,143.1,142.4,160.1,160.1,116.9,116.1,136.7,136.7,136,54,243,6793,233,231,399,305,192,6543,386,153,147,4.09176e+06,4.5,90.2,161,403,16742,2215,298,788,2.67,2.69,2.95,3.21,111.926,10.1823,2.88505,2.76038,2.7889,2.37195,1.25
2022-08,3.4,69.7,129732,288841,5.47524e+06,707531,145568,212135,128.1,128,143.1,142.4,160.1,160.1,116.9,116.1,136.7,136.7,137,54,243,6793,233,231,399,305,192,6543,386,153,147,4.1029e+06,4.4,89.9,161,403,16742,2215,298,788,2.88,2.89,2.95,3.21,100.446,9.83087,2.98565,3.11313,3.01074,2.74609,1.44565
2022-09,3.4,70.2,129732,288841,5.47524e+06,707531,145568,212135,128.1,128,143.1,142.4,160.1,160.1,116.9,116.1,136.7,136.7,137,54,243,6793,233,231,399,305,192,6543,386,153,147,4.11628e+06,4.3,91.2,161,403,16742,2215,298,788,3.27,3.29,2.95,3.21,89.7648,10.1697,3.36127,3.36282,3.32845,3.08145,1.88636
2022-10,3.1,70,129874,289330,5.48898e+06,709037,146011,212660,123.3,126.6,137.4,141.3,153.5,157.1,113.8,116.6,131.1,134.6,137.8,100,402,7965,538,220,467,169,64,7805,684,179,427,4.12907e+06,4.2,91.5,193,407,14595,493,438,553,3.65,3.66,4.03,4.25,93.3319,10.3919,3.56438,3.51748,3.52448,3.12419,2.25
2022-11,3.3,69.7,129874,289330,5.48898e+06,709037,146011,212660,123.3,126.6,137.4,141.3,153.5,157.1,113.8,116.6,131.1,134.6,139.2,100,402,7965,538,220,467,169,64,7805,684,179,427,4.14562e+06,4.2,91.4,193,407,14595,493,438,553,3.87,3.88,4.03,4.25,91.4155,10.3357,3.27582,3.35255,3.27341,3.16341,2.46591
2022-12,3.5,70.2,129874,289330,5.48898e+06,709037,146011,212660,123.3,126.6,137.4,141.3,153.5,157.1,113.8,116.6,131.1,134.6,138.9,100,402,7965,538,220,467,169,64,7805,684,179,427,4.15883e+06,4.1,91.4,193,407,14595,493,438,553,3.99,3.99,4.03,4.25,80.924,10.448,3.026,3.03852,2.95557,3.10086,2.61905
2023-01,3.6,69.9,130225,290272,5.50433e+06,711307,146267,213433,126.8,126.4,140,140.3,157,156.4,114.9,115.3,135.5,134.5,139.5,27,441,7551,1103,126,519,174,232,6065,955,244,345,4.17487e+06,4.1,91.5,315,864,14587,1362,168,634,4.17,4.17,4.26,4.48,82.5014,10.7149,2.95014,2.92023,2.86268,3.09414,2.75
2023-02,4,69.7,130225,290272,5.50433e+06,711307,146267,213433,126.8,126.4,140,140.3,157,156.4,114.9,115.3,135.5,134.5,139.6,27,441,7551,1103,126,519,174,232,6065,955,244,345,4.18541e+06,4,91.9,315,864,14587,1362,168,634,4.19,4.19,4.26,4.48,82.585,10.9529,3.17545,3.19835,3.13315,3.27285,2.75
2023-03,3.5,70.4,130225,290272,5.50433e+06,711307,146267,213433,126.8,126.4,140,140.3,157,156.4,114.9,115.3,135.5,134.5,139.2,27,441,7551,1103,126,519,174,232,6065,955,244,345,4.20449e+06,4.2,92.7,315,864,14587,1362,168,634,4.22,4.22,4.26,4.48,78.4343,11.2858,3.10057,3.0827,3.03665,3.29357,2.81522
2023-04,3.5,70.3,130587,290357,5.51404e+06,712092,146811,213163,129.7,126.9,145.5,141.9,161.6,158.5,121.9,119.3,138.5,136,140,117,508,7148,426,144,508,58,304,4778,110,53,304,4.21481e+06,4.1,93.6,226,-146,6344,-590,383,-569,4.38,4.38,4.69,4.89,84.6383,11.5265,3.12341,3.15394,3.06765,3.46076,3
2023-05,3.1,70.2,130587,290357,5.51404e+06,712092,146811,213163,129.7,126.9,145.5,141.9,161.6,158.5,121.9,119.3,138.5,136,141.1,117,508,7148,426,144,508,58,304,4778,110,53,304,4.2234e+06,3.9,94.1,226,-146,6344,-590,383,-569,4.52,4.52,4.69,4.89,75.466,11.7233,3.24121,3.28779,3.20353,3.61421,3.21053
2023-06,3.3,70.3,130587,290357,5.51404e+06,712092,146811,213163,129.7,126.9,145.5,141.9,161.6,158.5,121.9,119.3,138.5,136,140.7,117,508,7148,426,144,508,58,304,4778,110,53,304,4.23209e+06,3.7,94.7,226,-146,6344,-590,383,-569,4.69,4.69,4.69,4.89,74.8391,11.7164,3.50868,3.70055,3.57691,3.8055,3.38636
2023-07,3.8,70.2,130772,291189,5.53358e+06,716272,148682,214093,125.3,125.2,141.3,140.7,157.3,157.3,119.8,119.1,135.4,135.4,140.8,41,158,5826,724,168,262,133,194,5410,750,107,411,4.24217e+06,3.7,95,90,571,15679,2823,1706,665,4.98,4.98,5.19,5.4,80.1081,11.3474,3.68952,4.08319,3.88486,4.11338,3.75
2023-08,3.6,70.4,130772,291189,5.53358e+06,716272,148682,214093,125.3,125.2,141.3,140.7,157.3,157.3,119.8,119.1,135.4,135.4,141.5,41,158,5826,724,168,262,133,194,5410,750,107,411,4.2541e+06,3.7,94.3,90,571,15679,2823,1706,665,5.19,5.19,5.19,5.4,86.1477,11.4127,3.87478,4.152,4.02004,4.17465,3.8587
2023-09,3.4,70.4,130772,291189,5.53358e+06,716272,148682,214093,125.3,125.2,141.3,140.7,157.3,157.3,119.8,119.1,135.4,135.4,141.7,41,158,5826,724,168,262,133,194,5410,750,107,411,4.26577e+06,3.7,94.3,90,571,15679,2823,1706,665,5.33,5.34,5.19,5.4,93.7224,11.4525,3.89657,4.11962,4.02886,4.22652,4.07143
2023-10,3.7,69.7,130921,291940,5.5502e+06,717710,149048,214565,122,125.4,136.4,140.4,153.8,157.5,116,119,131.4,135,142.8,72,132,7457,987,91,335,9,73,6578,664,146,1085,4.27321e+06,3.5,95.2,159,580,16457,705,287,378,5.46,5.46,5.61,5.8,90.5959,11.6284,4.04514,4.10441,4.03227,4.24545,4.25
2023-11,3.9,70.1,130921,291940,5.5502e+06,717710,149048,214565,122,125.4,136.4,140.4,153.8,157.5,116,119,131.4,135,143.4,72,132,7457,987,91,335,9,73,6578,664,146,1085,4.28091e+06,3.3,95.7,159,580,16457,705,287,378,5.54,5.54,5.61,5.8,82.94,11.7958,3.72032,3.86227,3.73282,4.30314,4.25
2023-12,3.7,69.9,130921,291940,5.5502e+06,717710,149048,214565,122,125.4,136.4,140.4,153.8,157.5,116,119,131.4,135,143.3,72,132,7457,987,91,335,9,73,6578,664,146,1085,4.29761e+06,3.4,95.7,159,580,16457,705,287,378,5.57,5.56,5.61,5.8,77.6311,11.5333,3.30074,3.42332,3.29332,4.26447,4.36842
2024-01,4.5,69.8,131136,292482,5.56236e+06,719852,149330,215121,128.6,128,141.7,141.9,158.9,158.2,121.1,121.4,137.5,136.5,144.3,30,199,5734,476,238,352,26,82,5553,646,76,254,4.29859e+06,3.3,95.9,100,393,10744,1011,147,366,5.64,5.62,5.76,5.94,80.1241,11.3501,3.51018,3.49832,3.41577,4.329,4.5
2024-02,3.6,69.9,131136,292482,5.56236e+06,719852,149330,215121,128.6,128,141.7,141.9,158.9,158.2,121.1,121.4,137.5,136.5,143.9,30,199,5734,476,238,352,26,82,5553,646,76,254,4.30818e+06,3.2,96.1,100,393,10744,1011,147,366,5.67,5.66,5.76,5.94,83.4781,11.3843,3.73814,3.79648,3.67533,4.401,4.5
2024-03,3.8,69.7,131136,292482,5.56236e+06,719852,149330,215121,128.6,128,141.7,141.9,158.9,158.2,121.1,121.4,137.5,136.5,144,30,199,5734,476,238,352,26,82,5553,646,76,254,4.31852e+06,3,96.3,100,393,10744,1011,147,366,5.72,5.71,5.76,5.94,85.4085,11.512,3.62179,3.70011,3.56505,4.36547,4.5
2024-04,4.3,69.7,131726,292277,5.57163e+06,720568,149449,215040,133.1,130.2,147.7,144,165.6,162.5,126.3,123.6,138.9,136.3,145,345,166,6523,697,224,672,252,78,4407,174,217,552,4.33045e+06,3,97,477,-480,5414,-815,-10,-349,5.75,5.74,5.75,5.93,89.9381,11.6828,3.77405,3.88495,3.74733,4.38567,4.5
2024-05,4,69.7,131726,292277,5.57163e+06,720568,149449,215040,133.1,130.2,147.7,144,165.6,162.5,126.3,123.6,138.9,136.3,147,345,166,6523,697,224,672,252,78,4407,174,217,552,4.34604e+06,3.2,96.9,477,-480,5414,-815,-10,-349,5.73,5.72,5.75,5.93,81.7462,11.5898,3.71037,3.76258,3.655,4.40426,4.5
2024-06,3.9,69.6,131726,292277,5.57163e+06,720568,149449,215040,133.1,130.2,147.7,144,165.6,162.5,126.3,123.6,138.9,136.3,146.9,345,166,6523,697,224,672,252,78,4407,174,217,552,4.36054e+06,3.3,97.2,477,-480,5414,-815,-10,-349,5.73,5.72,5.75,5.93,82.246,11.4178,3.5714,3.6737,3.5524,4.40945,4.5
2024-07,4,69.8,132033,293301,5.58504e+06,723196,149928,215873,134.4,134.4,145.9,145.4,164.9,165,127.1,126.4,136.7,136.7,147,55,92,5458,1080,135,359,60,68,4805,1049,87,197,4.37661e+06,3.4,97.7,146,666,9500,1081,309,598,5.75,5.73,5.72,5.91,85.153,11.716,3.5697,3.63843,3.54822,4.37335,4.5
2024-08,4,69.3,132033,293301,5.58504e+06,723196,149928,215873,134.4,134.4,145.9,145.4,164.9,165,127.1,126.4,136.7,136.7,146.8,55,92,5458,1080,135,359,60,68,4805,1049,87,197,4.39437e+06,3.5,96.8,146,666,9500,1081,309,598,5.73,5.69,5.72,5.91,80.3552,11.7895,3.31968,3.26555,3.19032,4.21555,4.5
2024-09,4,70.2,132033,293301,5.58504e+06,723196,149928,215873,134.4,134.4,145.9,145.4,164.9,165,127.1,126.4,136.7,136.7,147,55,92,5458,1080,135,359,60,68,4805,1049,87,197,4.40711e+06,3.5,97.1,146,666,9500,1081,309,598,5.7,5.58,5.72,5.91,74.0167,11.7852,3.32757,3.24195,3.19924,4.14376,4.5
2024-10,4.1,69.9,132358,293709,5.59434e+06,724290,150123,216518,134.6,138.4,143,147.1,162.1,165.9,124.6,127.9,134.2,137.8,147.5,250,114,6268,823,66,443,161,170,3993,252,222,382,4.42342e+06,3.7,97.7,252,228,8518,91,46,499,5.65,5.53,5.69,5.87,75.6326,11.7907,3.57109,3.51543,3.49626,4.16674,4.5
2024-11,3.8,70,132358,293709,5.59434e+06,724290,150123,216518,134.6,138.4,143,147.1,162.1,165.9,124.6,127.9,134.2,137.8,148.6,250,114,6268,823,66,443,161,170,3993,252,222,382,4.43725e+06,3.9,98,252,228,8518,91,46,499,5.68,5.66,5.69,5.87,74.3452,11.7408,3.74676,3.71743,3.68057,4.26076,4.5
2024-12,4.3,69.3,132358,293709,5.59434e+06,724290,150123,216518,134.6,138.4,143,147.1,162.1,165.9,124.6,127.9,134.2,137.8,148.7,250,114,6268,823,66,443,161,170,3993,252,222,382,4.4481e+06,3.8,97.9,252,228,8518,91,46,499,5.7,5.66,5.69,5.87,73.8595,11.7392,3.63933,3.662,3.6185,4.22722,4.5
2025-01,3.8,70.2,132578,294029,5.60105e+06,725243,150663,216889,144.3,143.4,150.9,151,172.2,171.4,138.8,138.9,140.4,139.4,149.5,201,332,5367,518,176,228,214,221,5809,770,326,403,4.46381e+06,3.9,98.1,208,109,5434,-39,408,172,5.68,5.68,5.68,5.87,79.2705,11.7456,3.90895,3.8375,3.86941,4.22486,4.5
2025-02,4.1,69.7,132578,294029,5.60105e+06,725243,150663,216889,144.3,143.4,150.9,151,172.2,171.4,138.8,138.9,140.4,139.4,149.6,201,332,5367,518,176,228,214,221,5809,770,326,403,4.47857e+06,4,99.5,208,109,5434,-39,408,172,5.67,5.66,5.68,5.87,75.438,11.6574,3.89295,3.70845,3.794,4.21695,4.5
2025-03,4.3,69.3,132578,294029,5.60105e+06,725243,150663,216889,144.3,143.4,150.9,151,172.2,171.4,138.8,138.9,140.4,139.4,149.5,201,332,5367,518,176,228,214,221,5809,770,326,403,4.49348e+06,4.1,98.8,208,109,5434,-39,408,172,5.65,5.64,5.68,5.87,72.7329,11.5472,4.05252,3.78343,3.96324,4.24919,4.5
2025-04,4.4,69.2,132966,293787,5.60694e+06,725180,150838,216752,147.7,144.6,154.4,150.6,172.7,169.5,143.8,140.8,143.3,140.6,150.6,178,201,4985,371,171,396,213,204,5121,565,493,757,4.51168e+06,4.2,99.4,259,-584,1992,-1611,-45,-457,5.63,5.63,5.65,5.83,68.1345,11.8313,3.91616,3.62711,3.80779,4.09589,4.5
2025-05,4.6,69.8,132966,293787,5.60694e+06,725180,150838,216752,147.7,144.6,154.4,150.6,172.7,169.5,143.8,140.8,143.3,140.6,153.6,178,201,4985,371,171,396,213,204,5121,565,493,757,4.52757e+06,4.2,99.9,259,-584,1992,-1611,-45,-457,5.63,5.63,5.65,5.83,64.453,11.6022,4.02685,3.70375,3.8695,4.0624,4.5
2025-06,5.3,70,132966,293787,5.60694e+06,725180,150838,216752,147.7,144.6,154.4,150.6,172.7,169.5,143.8,140.8,143.3,140.6,153.9,178,201,4985,371,171,396,213,204,5121,565,493,757,4.54478e+06,4.3,100.1,259,-584,1992,-1611,-45,-457,5.58,5.57,5.65,5.83,71.4448,11.5879,3.99165,3.69715,3.83135,3.9525,4.4125
2025-07,4.5,69.4,133201,294484,5.61835e+06,727797,151449,217774,147.9,148,153.2,152.7,170.3,170.5,146.6,145.8,140.4,140.4,153.8,12,57,4428,783,89,177,68,313,4212,84,237,170,4.56292e+06,4.3,100.8,126,366,6851,930,413,714,5.39,5.38,5.38,5.56,71.0413,11.8537,3.91296,3.5497,3.7227,3.756,4.25
2025-08,4.9,70,133201,294484,5.61835e+06,727797,151449,217774,147.9,148,153.2,152.7,170.3,170.5,146.6,145.8,140.4,140.4,153.9,12,57,4428,783,89,177,68,313,4212,84,237,170,4.57931e+06,4.3,100.2,126,366,6851,930,413,714,5.38,5.38,5.38,5.56,67.87,11.8653,3.9119,3.55371,3.72538,3.75748,4.25
2025-09,4.7,69,133201,294484,5.61835e+06,727797,151449,217774,147.9,148,153.2,152.7,170.3,170.5,146.6,145.8,140.4,140.4,154,12,57,4428,783,89,177,68,313,4212,84,237,170,4.59969e+06,4.4,100.6,126,366,6851,930,413,714,5.27,5.27,5.38,5.56,67.9855,11.6702,3.98536,3.74082,3.84177,3.85909,4.15909
2025-10,4.5,69.8,133228,294860,5.6274e+06,728714,151669,218460,148.9,153.1,151.5,155.8,169.4,173.3,147.2,151.2,140.9,144.6,154.1,13,131,4751,450,168,318,21,369,5109,341,219,543,4.61688e+06,4.4,100.7,-44,229,8063,-154,123,485,5.1,5.1,5.13,5.3,64.5435,11.6633,4.00904,3.81348,3.88313,3.89957,4
2025-11,4.6,69,133228,294860,5.6274e+06,728714,151669,218460,148.9,153.1,151.5,155.8,169.4,173.3,147.2,151.2,140.9,144.6,155.1,13,131,4751,450,168,318,21,369,5109,341,219,543,4.63466e+06,4.5,100.9,-44,229,8063,-154,123,485,5.12,5.12,5.13,5.3,63.797,11.7402,4.07375,3.83325,3.91415,3.9613,4
2025-12,4.3,69.6,133228,294860,5.6274e+06,728714,151669,218460,148.9,153.1,151.5,155.8,169.4,173.3,147.2,151.2,140.9,144.6,155.1,13,131,4751,450,168,318,21,369,5109,341,219,543,4.65698e+06,4.8,101,-44,229,8063,-154,123,485,5.09,5.09,5.13,5.3,62.5443,11.8448,4.15316,3.88653,3.94458,3.97353,4
2026-01,4.6,69.4,133374,295426,5.63377e+06,729799,151757,219152,158.5,157.4,156.7,156.7,174.2,173.3,154.2,154.1,143,142,156.4,167,125,4098,400,50,456,37,327,5138,554,165,300,4.67139e+06,4.7,101.6,119,319,4851,-30,-3,458,5.07,5.07,5.11,5.29,66.6024,11.667,4.17438,3.906,3.93681,3.96476,4
2026-02,4.8,70,133374,295426,5.63377e+06,729799,151757,219152,158.5,157.4,156.7,156.7,174.2,173.3,154.2,154.1,143,142,156.1,167,125,4098,400,50,456,37,327,5138,554,165,300,4.6875e+06,4.7,102.2,119,319,4851,-30,-3,458,5.07,5.07,5.11,5.29,70.887,11.3206,4.2185,4.024,4.0446,4.03915,4
2026-03,4.8,69.7,133374,295426,5.63377e+06,729799,151757,219152,158.5,157.4,156.7,156.7,174.2,173.3,154.2,154.1,143,142,155.8,167,125,4098,400,50,456,37,327,5138,554,165,300,4.70351e+06,4.7,102.4,119,319,4851,-30,-3,458,5.06,5.06,5.11,5.29,103.135,11.1658,4.33486,4.30473,4.27595,4.25564,4
2026-04,4.6,70.2,133712,295009,5.6369e+06,729437,151761,218787,164.4,161,161.2,157.3,174.1,171,159.5,156.3,146.1,143.4,156.3,140,64,4759,299,258,516,187,162,4604,569,296,203,4.71982e+06,4.7,102.8,164,-798,-1590,-2066,-215,-712,5.07,5.07,5.12,5.29,117.287,11.0229,4.38637,4.46263,4.37632,4.40458,4
2026-05,4.5,69.5,133712,295009,5.6369e+06,729437,151761,218787,164.4,161,161.2,157.3,174.1,171,159.5,156.3,146.1,143.4,160.4,140,64,4759,299,258,516,187,162,4604,569,296,203,4.73632e+06,4.6,103,164,-798,-1590,-2066,-215,-712,5.13,5.13,5.12,5.29,107.139,10.7948,4.44639,4.60233,4.47578,4.57117,4.19444
2026-06,4.6,69.7,133712,295009,5.6369e+06,729437,151761,218787,164.4,161,161.2,157.3,174.1,171,159.5,156.3,146.1,143.4,160.2,140,64,4759,299,258,516,187,162,4604,569,296,203,4.75533e+06,4.7,102.8,164,-798,-1590,-2066,-215,-712,5.23,5.23,5.12,5.29,85.3991,11.0338,4.30205,4.49468,4.34832,4.62241,4.25
2026-07,4.2,70.2,133712,295009,5.6369e+06,729437,151761,218787,164.4,161,161.2,157.3,174.1,171,159.5,156.3,146.1,143.4,160.6,140,64,4759,299,258,516,187,162,4604,569,296,203,4.77284e+06,4.6,103.8,164,-798,-1590,-2066,-215,-712,5.29,5.29,5.12,5.29,83.7587,11.0822,4.37239,4.51387,4.37122,4.59583,4.25
2026-08,4.5,69.8,133712,295009,5.6369e+06,729437,151761,218787,164.4,161,161.2,157.3,174.1,171,159.5,156.3,146.1,143.4,159.8,140,64,4759,299,258,516,187,162,4604,569,296,203,4.78916e+06,4.6,103.5,164,-798,-1590,-2066,-215,-712,5.32,5.32,5.12,5.29,91.076,10.9274,4.38486,4.49157,4.37086,4.53581,4.25
2026-09,4.5,69.8,133712,295009,5.6369e+06,729437,151761,218787,164.4,161,161.2,157.3,174.1,171,159.5,156.3,146.1,143.4,159.8,140,64,4759,299,258,516,187,162,4604,569,296,203,4.78916e+06,4.6,103.5,164,-798,-1590,-2066,-215,-712,5.32,5.32,5.12,5.29,114.076,10.8003,4.51714,4.69236,4.57005,4.64495,4.29545
2026-10,4.5,69.8,133712,295009,5.6369e+06,729437,151761,218787,164.4,161,161.2,157.3,174.1,171,159.5,156.3,146.1,143.4,159.8,140,64,4759,299,258,516,187,162,4604,569,296,203,4.78916e+06,4.6,103.5,164,-798,-1590,-2066,-215,-712,5.32,5.32,5.12,5.29,114.076,10.875,4.636,4.85,4.71,4.778,4.5
