date,value
1999-01-04,8.855
1999-01-05,8.7745
1999-01-06,8.7335
1999-01-07,8.6295
1999-01-08,8.59
1999-01-11,8.5585
1999-01-12,8.61
1999-01-13,8.747
1999-01-14,8.7245
1999-01-15,8.715
1999-01-18,8.6575
1999-01-19,8.63
1999-01-20,8.6
1999-01-21,8.605
1999-01-22,8.6225
1999-01-25,8.6125
1999-01-26,8.6125
1999-01-27,8.5985
1999-01-28,8.57
1999-01-29,8.5785
1999-02-01,8.5395
1999-02-02,8.5845
1999-02-03,8.625
1999-02-04,8.6425
1999-02-05,8.6725
1999-02-08,8.62
1999-02-09,8.6505
1999-02-10,8.6425
1999-02-11,8.6435
1999-02-12,8.6075
1999-02-15,8.593
1999-02-16,8.6205
1999-02-17,8.6955
1999-02-18,8.7385
1999-02-19,8.7075
1999-02-22,8.6885
1999-02-23,8.6745
1999-02-24,8.654
1999-02-25,8.6965
1999-02-26,8.6965
1999-03-01,8.6475
1999-03-02,8.652
1999-03-03,8.6475
1999-03-04,8.6155
1999-03-05,8.58
1999-03-08,8.5785
1999-03-09,8.5605
1999-03-10,8.5435
1999-03-11,8.501
1999-03-12,8.5285
1999-03-15,8.5275
1999-03-16,8.5515
1999-03-17,8.54
1999-03-18,8.479
1999-03-19,8.4515
1999-03-22,8.4445
1999-03-23,8.4435
1999-03-24,8.448
1999-03-25,8.4635
1999-03-26,8.376
1999-03-29,8.3635
1999-03-30,8.3585
1999-03-31,8.345
1999-04-06,8.3345
1999-04-07,8.3685
1999-04-08,8.4105
1999-04-09,8.412
1999-04-12,8.4048
1999-04-13,8.3645
1999-04-14,8.341
1999-04-15,8.345
1999-04-16,8.2875
1999-04-19,8.2685
1999-04-20,8.2755
1999-04-21,8.256
1999-04-22,8.2645
1999-04-23,8.2765
1999-04-26,8.2668
1999-04-27,8.2765
1999-04-28,8.296
1999-04-29,8.2695
1999-04-30,8.2515
1999-05-03,8.2445
1999-05-04,8.2385
1999-05-05,8.2565
1999-05-06,8.2685
1999-05-07,8.2585
1999-05-10,8.211
1999-05-11,8.2215
1999-05-12,8.1982
1999-05-14,8.1825
1999-05-18,8.2115
1999-05-19,8.2643
1999-05-20,8.26
1999-05-21,8.2255
1999-05-25,8.2565
1999-05-26,8.238
1999-05-27,8.2505
1999-05-28,8.2445
1999-05-31,8.2375
1999-06-01,8.2355
1999-06-02,8.2415
1999-06-03,8.231
1999-06-04,8.2275
1999-06-07,8.195
1999-06-08,8.1925
1999-06-09,8.212
1999-06-10,8.2
1999-06-11,8.1965
1999-06-14,8.1805
1999-06-15,8.189
1999-06-16,8.1685
1999-06-17,8.151
1999-06-18,8.137
1999-06-21,8.104
1999-06-22,8.0895
1999-06-23,8.106
1999-06-24,8.11
1999-06-25,8.153
1999-06-28,8.1315
1999-06-29,8.121
1999-06-30,8.1045
1999-07-01,8.0855
1999-07-02,8.081
1999-07-05,8.07
1999-07-06,8.0645
1999-07-07,8.0865
1999-07-08,8.095
1999-07-09,8.1145
1999-07-12,8.1075
1999-07-13,8.1155
1999-07-14,8.142
1999-07-15,8.1685
1999-07-16,8.127
1999-07-19,8.0985
1999-07-20,8.15
1999-07-21,8.263
1999-07-22,8.271
1999-07-23,8.239
1999-07-26,8.341
1999-07-27,8.3275
1999-07-28,8.3475
1999-07-29,8.3537
1999-07-30,8.3345
1999-08-02,8.278
1999-08-03,8.25
1999-08-04,8.303
1999-08-05,8.3095
1999-08-06,8.3125
1999-08-09,8.2635
1999-08-10,8.2745
1999-08-11,8.2385
1999-08-12,8.2265
1999-08-13,8.2595
1999-08-16,8.2205
1999-08-17,8.199
1999-08-18,8.2075
1999-08-19,8.2045
1999-08-20,8.247
1999-08-23,8.2515
1999-08-24,8.2375
1999-08-25,8.2435
1999-08-26,8.3245
1999-08-27,8.2945
1999-08-30,8.2995
1999-08-31,8.2795
1999-09-01,8.2775
1999-09-02,8.321
1999-09-03,8.3395
1999-09-06,8.285
1999-09-07,8.2725
1999-09-08,8.2245
1999-09-09,8.222
1999-09-10,8.224
1999-09-13,8.1715
1999-09-14,8.181
1999-09-15,8.229
1999-09-16,8.2155
1999-09-17,8.2135
1999-09-20,8.183
1999-09-21,8.1795
1999-09-22,8.222
1999-09-23,8.181
1999-09-24,8.1915
1999-09-27,8.1945
1999-09-28,8.173
1999-09-29,8.211
1999-09-30,8.281
1999-10-01,8.247
1999-10-04,8.238
1999-10-05,8.2325
1999-10-06,8.265
1999-10-07,8.2745
1999-10-08,8.3175
1999-10-11,8.2905
1999-10-12,8.3005
1999-10-13,8.319
1999-10-14,8.307
1999-10-15,8.3425
1999-10-18,8.368
1999-10-19,8.3565
1999-10-20,8.3145
1999-10-21,8.329
1999-10-22,8.283
1999-10-25,8.2725
1999-10-26,8.2645
1999-10-27,8.2395
1999-10-28,8.25
1999-10-29,8.246
1999-11-01,8.2545
1999-11-02,8.2635
1999-11-03,8.256
1999-11-04,8.259
1999-11-05,8.2355
1999-11-08,8.228
1999-11-09,8.2015
1999-11-10,8.1825
1999-11-11,8.1925
1999-11-12,8.1905
1999-11-15,8.1665
1999-11-16,8.1925
1999-11-17,8.2105
1999-11-18,8.1855
1999-11-19,8.1795
1999-11-22,8.1735
1999-11-23,8.17
1999-11-24,8.1675
1999-11-25,8.143
1999-11-26,8.1055
1999-11-29,8.1125
1999-11-30,8.1245
1999-12-01,8.1365
1999-12-02,8.132
1999-12-03,8.105
1999-12-06,8.131
1999-12-07,8.1135
1999-12-08,8.115
1999-12-09,8.1065
1999-12-10,8.1065
1999-12-13,8.095
1999-12-14,8.091
1999-12-15,8.105
1999-12-16,8.1155
1999-12-17,8.0905
1999-12-20,8.069
1999-12-21,8.081
1999-12-22,8.0435
1999-12-23,8.0605
1999-12-24,8.11
1999-12-27,8.107
1999-12-28,8.088
1999-12-29,8.071
1999-12-30,8.0765
1999-12-31,8.0765
2000-01-03,8.062
2000-01-04,8.15
2000-01-05,8.206
2000-01-06,8.203
2000-01-07,8.1945
2000-01-10,8.19
2000-01-11,8.2075
2000-01-12,8.216
2000-01-13,8.1795
2000-01-14,8.1365
2000-01-17,8.0965
2000-01-18,8.1065
2000-01-19,8.0755
2000-01-20,8.0865
2000-01-21,8.077
2000-01-24,8.0455
2000-01-25,8.0415
2000-01-26,8.069
2000-01-27,8.0815
2000-01-28,8.044
2000-01-31,8.0825
2000-02-01,8.073
2000-02-02,8.0175
2000-02-03,8.0475
2000-02-04,8.083
2000-02-07,8.059
2000-02-08,8.072
2000-02-09,8.0825
2000-02-10,8.0695
2000-02-11,8.0395
2000-02-14,8.0795
2000-02-15,8.0685
2000-02-16,8.1125
2000-02-17,8.1565
2000-02-18,8.1455
2000-02-21,8.17
2000-02-22,8.1915
2000-02-23,8.1955
2000-02-24,8.1475
2000-02-25,8.1275
2000-02-28,8.0625
2000-02-29,8.0805
2000-03-01,8.0825
2000-03-02,8.07
2000-03-03,8.084
2000-03-06,8.0765
2000-03-07,8.084
2000-03-08,8.085
2000-03-09,8.1175
2000-03-10,8.0995
2000-03-13,8.1205
2000-03-14,8.121
2000-03-15,8.14
2000-03-16,8.1585
2000-03-17,8.154
2000-03-20,8.1705
2000-03-21,8.166
2000-03-22,8.1475
2000-03-23,8.106
2000-03-24,8.13
2000-03-27,8.127
2000-03-28,8.081
2000-03-29,8.0625
2000-03-30,8.0815
2000-03-31,8.0885
2000-04-03,8.109
2000-04-04,8.1145
2000-04-05,8.157
2000-04-06,8.133
2000-04-07,8.127
2000-04-10,8.1465
2000-04-11,8.1765
2000-04-12,8.1585
2000-04-13,8.148
2000-04-14,8.149
2000-04-17,8.2075
2000-04-18,8.1775
2000-04-19,8.172
2000-04-25,8.163
2000-04-26,8.1535
2000-04-27,8.175
2000-04-28,8.1475
2000-05-02,8.1385
2000-05-03,8.06
2000-05-04,8.1055
2000-05-05,8.125
2000-05-08,8.1375
2000-05-09,8.1495
2000-05-10,8.1935
2000-05-11,8.224
2000-05-12,8.1715
2000-05-15,8.199
2000-05-16,8.175
2000-05-18,8.1565
2000-05-19,8.1505
2000-05-22,8.2155
2000-05-23,8.2665
2000-05-24,8.2745
2000-05-25,8.249
2000-05-26,8.286
2000-05-29,8.3075
2000-05-30,8.3425
2000-05-31,8.305
2000-06-02,8.312
2000-06-05,8.287
2000-06-06,8.279
2000-06-07,8.2715
2000-06-08,8.3095
2000-06-09,8.3245
2000-06-13,8.284
2000-06-14,8.2485
2000-06-15,8.224
2000-06-16,8.2485
2000-06-19,8.267
2000-06-20,8.2265
2000-06-21,8.223
2000-06-22,8.2135
2000-06-23,8.2025
2000-06-26,8.179
2000-06-27,8.2125
2000-06-28,8.175
2000-06-29,8.1785
2000-06-30,8.185
2000-07-03,8.169
2000-07-04,8.18
2000-07-05,8.187
2000-07-06,8.18
2000-07-07,8.173
2000-07-10,8.1655
2000-07-11,8.1755
2000-07-12,8.1515
2000-07-13,8.1475
2000-07-14,8.1515
2000-07-17,8.166
2000-07-18,8.1895
2000-07-19,8.1735
2000-07-20,8.189
2000-07-21,8.1835
2000-07-24,8.1915
2000-07-25,8.168
2000-07-26,8.1825
2000-07-27,8.195
2000-07-28,8.1835
2000-07-31,8.199
2000-08-01,8.1985
2000-08-02,8.18
2000-08-03,8.1585
2000-08-04,8.1215
2000-08-07,8.0945
2000-08-08,8.1165
2000-08-09,8.067
2000-08-10,8.087
2000-08-11,8.1195
2000-08-14,8.07
2000-08-15,8.114
2000-08-16,8.099
2000-08-17,8.09
2000-08-18,8.061
2000-08-21,8.0435
2000-08-22,8.0435
2000-08-23,8.0525
2000-08-24,8.1015
2000-08-25,8.0955
2000-08-28,8.0745
2000-08-29,8.0715
2000-08-30,8.0715
2000-08-31,8.0745
2000-09-01,8.0725
2000-09-04,8.0815
2000-09-05,8.074
2000-09-06,8.0515
2000-09-07,8.0155
2000-09-08,8.0385
2000-09-11,8.024
2000-09-12,7.98
2000-09-13,8.0435
2000-09-14,8.0405
2000-09-15,8.018
2000-09-18,7.991
2000-09-19,8.0055
2000-09-20,7.9665
2000-09-21,7.992
2000-09-22,8.0345
2000-09-25,8.027
2000-09-26,8.0215
2000-09-27,8.044
2000-09-28,8.0125
2000-09-29,8.0255
2000-10-02,8.043
2000-10-03,8.0345
2000-10-04,8.035
2000-10-05,8.048
2000-10-06,8.0355
2000-10-09,8.045
2000-10-10,8.0575
2000-10-11,8.073
2000-10-12,8.054
2000-10-13,8.047
2000-10-16,8.009
2000-10-17,8.0375
2000-10-18,8.0465
2000-10-19,8.007
2000-10-20,8.004
2000-10-23,7.9415
2000-10-24,7.9465
2000-10-25,7.946
2000-10-26,7.927
2000-10-27,7.9265
2000-10-30,7.933
2000-10-31,7.8735
2000-11-01,7.8765
2000-11-02,7.9395
2000-11-03,7.977
2000-11-06,7.977
2000-11-07,7.9785
2000-11-08,7.9635
2000-11-09,7.939
2000-11-10,8.0
2000-11-13,7.989
2000-11-14,8.0225
2000-11-15,8.0365
2000-11-16,8.0135
2000-11-17,8.0035
2000-11-20,7.9865
2000-11-21,8.0345
2000-11-22,8.0085
2000-11-23,8.009
2000-11-24,8.022
2000-11-27,8.015
2000-11-28,8.019
2000-11-29,8.028
2000-11-30,8.0525
2000-12-01,8.0815
2000-12-04,8.1075
2000-12-05,8.1035
2000-12-06,8.0655
2000-12-07,8.115
2000-12-08,8.112
2000-12-11,8.0905
2000-12-12,8.072
2000-12-13,8.1085
2000-12-14,8.1115
2000-12-15,8.14
2000-12-18,8.08
2000-12-19,8.1085
2000-12-20,8.1365
2000-12-21,8.177
2000-12-22,8.1915
2000-12-27,8.2485
2000-12-28,8.2525
2000-12-29,8.2335
2001-01-02,8.3065
2001-01-03,8.3145
2001-01-04,8.271
2001-01-05,8.291
2001-01-08,8.298
2001-01-09,8.2495
2001-01-10,8.205
2001-01-11,8.2
2001-01-12,8.185
2001-01-15,8.211
2001-01-16,8.208
2001-01-17,8.223
2001-01-18,8.227
2001-01-19,8.227
2001-01-22,8.211
2001-01-23,8.2755
2001-01-24,8.256
2001-01-25,8.226
2001-01-26,8.21
2001-01-29,8.195
2001-01-30,8.1865
2001-01-31,8.205
2001-02-01,8.213
2001-02-02,8.205
2001-02-05,8.204
2001-02-06,8.175
2001-02-07,8.1875
2001-02-08,8.1715
2001-02-09,8.1855
2001-02-12,8.202
2001-02-13,8.2165
2001-02-14,8.219
2001-02-15,8.2075
2001-02-16,8.195
2001-02-19,8.206
2001-02-20,8.2195
2001-02-21,8.2425
2001-02-22,8.26
2001-02-23,8.2455
2001-02-26,8.223
2001-02-27,8.2285
2001-02-28,8.244
2001-03-01,8.232
2001-03-02,8.2195
2001-03-05,8.226
2001-03-06,8.2315
2001-03-07,8.2155
2001-03-08,8.221
2001-03-09,8.207
2001-03-12,8.222
2001-03-13,8.2345
2001-03-14,8.213
2001-03-15,8.1835
2001-03-16,8.1695
2001-03-19,8.123
2001-03-20,8.1265
2001-03-21,8.1235
2001-03-22,8.1165
2001-03-23,8.0855
2001-03-26,8.083
2001-03-27,8.085
2001-03-28,8.081
2001-03-29,8.065
2001-03-30,8.057
2001-04-02,8.058
2001-04-03,8.0975
2001-04-04,8.1815
2001-04-05,8.167
2001-04-06,8.1285
2001-04-09,8.141
2001-04-10,8.1045
2001-04-11,8.09
2001-04-17,8.048
2001-04-18,8.059
2001-04-19,8.0605
2001-04-20,8.123
2001-04-23,8.1465
2001-04-24,8.147
2001-04-25,8.1625
2001-04-26,8.1665
2001-04-27,8.155
2001-04-30,8.0925
2001-05-02,8.103
2001-05-03,8.099
2001-05-04,8.0925
2001-05-07,8.079
2001-05-08,8.054
2001-05-09,8.04
2001-05-10,8.071
2001-05-11,8.0185
2001-05-14,7.99
2001-05-15,8.019
2001-05-16,8.0335
2001-05-18,7.9605
2001-05-21,7.931
2001-05-22,7.9315
2001-05-23,7.944
2001-05-25,7.901
2001-05-28,7.9115
2001-05-29,7.8865
2001-05-30,7.908
2001-05-31,7.93
2001-06-01,7.982
2001-06-05,7.969
2001-06-06,7.9675
2001-06-07,7.9555
2001-06-08,7.951
2001-06-11,7.9535
2001-06-12,7.9835
2001-06-13,7.995
2001-06-14,7.9545
2001-06-15,7.998
2001-06-18,7.9225
2001-06-19,7.9
2001-06-20,7.8565
2001-06-21,7.894
2001-06-22,7.86
2001-06-25,7.9285
2001-06-26,7.936
2001-06-27,7.899
2001-06-28,7.884
2001-06-29,7.8865
2001-07-02,7.9345
2001-07-03,7.9505
2001-07-04,7.924
2001-07-05,7.9115
2001-07-06,7.928
2001-07-09,7.918
2001-07-10,7.9455
2001-07-11,7.9825
2001-07-12,7.964
2001-07-13,7.9565
2001-07-16,7.9775
2001-07-17,7.9805
2001-07-18,8.0075
2001-07-19,8.011
2001-07-20,8.017
2001-07-23,7.9865
2001-07-24,8.002
2001-07-25,8.013
2001-07-26,8.0125
2001-07-27,7.984
2001-07-30,7.98
2001-07-31,7.985
2001-08-01,8.012
2001-08-02,7.996
2001-08-03,7.9685
2001-08-06,7.9775
2001-08-07,7.969
2001-08-08,7.958
2001-08-09,7.985
2001-08-10,8.015
2001-08-13,8.0625
2001-08-14,8.068
2001-08-15,8.1235
2001-08-16,8.1035
2001-08-17,8.1325
2001-08-20,8.1135
2001-08-21,8.1215
2001-08-22,8.1105
2001-08-23,8.112
2001-08-24,8.106
2001-08-27,8.083
2001-08-28,8.068
2001-08-29,8.068
2001-08-30,8.0485
2001-08-31,8.0675
2001-09-03,8.0305
2001-09-04,7.963
2001-09-05,7.9305
2001-09-06,7.949
2001-09-07,7.9775
2001-09-10,8.0025
2001-09-11,7.947
2001-09-12,7.987
2001-09-13,7.999
2001-09-14,8.028
2001-09-17,8.0655
2001-09-18,7.9935
2001-09-19,7.967
2001-09-20,7.9315
2001-09-21,7.929
2001-09-24,7.979
2001-09-25,8.045
2001-09-26,8.051
2001-09-27,8.085
2001-09-28,8.11
2001-10-01,8.0855
2001-10-02,8.089
2001-10-03,8.0835
2001-10-04,8.0605
2001-10-05,8.07
2001-10-08,8.06
2001-10-09,8.0235
2001-10-10,7.996
2001-10-11,7.972
2001-10-12,7.9555
2001-10-15,7.9735
2001-10-16,7.9705
2001-10-17,7.9495
2001-10-18,7.9575
2001-10-19,7.969
2001-10-22,7.98
2001-10-23,7.949
2001-10-24,7.945
2001-10-25,7.949
2001-10-26,7.9525
2001-10-29,7.968
2001-10-30,7.9745
2001-10-31,7.9985
2001-11-01,7.985
2001-11-02,7.969
2001-11-05,7.9515
2001-11-06,7.9265
2001-11-07,7.9585
2001-11-08,7.892
2001-11-09,7.8935
2001-11-12,7.897
2001-11-13,7.884
2001-11-14,7.844
2001-11-15,7.9
2001-11-16,7.92
2001-11-19,7.922
2001-11-20,7.9125
2001-11-21,7.894
2001-11-22,7.883
2001-11-23,7.929
2001-11-26,7.9495
2001-11-27,7.941
2001-11-28,7.9415
2001-11-29,7.948
2001-11-30,7.951
2001-12-03,8.0015
2001-12-04,7.9665
2001-12-05,8.0
2001-12-06,7.976
2001-12-07,7.977
2001-12-10,7.9895
2001-12-11,8.002
2001-12-12,8.0065
2001-12-13,8.0235
2001-12-14,8.028
2001-12-17,8.037
2001-12-18,7.9935
2001-12-19,7.9805
2001-12-20,7.984
2001-12-21,7.987
2001-12-24,8.01
2001-12-27,7.961
2001-12-28,7.9515
2001-12-31,7.9735
2002-01-02,8.0115
2002-01-03,8.0105
2002-01-04,7.9865
2002-01-07,7.975
2002-01-08,7.9585
2002-01-09,7.9475
2002-01-10,7.951
2002-01-11,7.952
2002-01-14,7.944
2002-01-15,7.9495
2002-01-16,7.912
2002-01-17,7.901
2002-01-18,7.9105
2002-01-21,7.914
2002-01-22,7.903
2002-01-23,7.9225
2002-01-24,7.876
2002-01-25,7.857
2002-01-28,7.8395
2002-01-29,7.8405
2002-01-30,7.8535
2002-01-31,7.841
2002-02-01,7.8405
2002-02-04,7.8375
2002-02-05,7.855
2002-02-06,7.829
2002-02-07,7.802
2002-02-08,7.8315
2002-02-11,7.836
2002-02-12,7.832
2002-02-13,7.827
2002-02-14,7.7795
2002-02-15,7.764
2002-02-18,7.7475
2002-02-19,7.7485
2002-02-20,7.7635
2002-02-21,7.7375
2002-02-22,7.762
2002-02-25,7.753
2002-02-26,7.735
2002-02-27,7.713
2002-02-28,7.712
2002-03-01,7.706
2002-03-04,7.6915
2002-03-05,7.6885
2002-03-06,7.7065
2002-03-07,7.712
2002-03-08,7.72
2002-03-11,7.726
2002-03-12,7.7165
2002-03-13,7.7455
2002-03-14,7.7645
2002-03-15,7.7675
2002-03-18,7.7485
2002-03-19,7.7395
2002-03-20,7.7155
2002-03-21,7.699
2002-03-22,7.693
2002-03-25,7.7025
2002-03-26,7.709
2002-03-27,7.712
2002-04-02,7.6965
2002-04-03,7.6675
2002-04-04,7.6455
2002-04-05,7.646
2002-04-08,7.632
2002-04-09,7.634
2002-04-10,7.641
2002-04-11,7.623
2002-04-12,7.6235
2002-04-15,7.614
2002-04-16,7.633
2002-04-17,7.6375
2002-04-18,7.634
2002-04-19,7.604
2002-04-22,7.6095
2002-04-23,7.5925
2002-04-24,7.6235
2002-04-25,7.585
2002-04-26,7.5745
2002-04-29,7.5745
2002-04-30,7.573
2002-05-02,7.557
2002-05-03,7.5645
2002-05-06,7.587
2002-05-07,7.623
2002-05-08,7.5815
2002-05-10,7.5645
2002-05-13,7.548
2002-05-14,7.5475
2002-05-15,7.536
2002-05-16,7.541
2002-05-21,7.536
2002-05-22,7.505
2002-05-23,7.483
2002-05-24,7.4435
2002-05-27,7.44
2002-05-28,7.404
2002-05-29,7.406
2002-05-30,7.434
2002-05-31,7.478
2002-06-03,7.4385
2002-06-04,7.4435
2002-06-05,7.4035
2002-06-06,7.389
2002-06-07,7.443
2002-06-10,7.4255
2002-06-11,7.424
2002-06-12,7.413
2002-06-13,7.423
2002-06-14,7.4155
2002-06-17,7.415
2002-06-18,7.421
2002-06-19,7.376
2002-06-20,7.3505
2002-06-21,7.376
2002-06-24,7.4005
2002-06-25,7.345
2002-06-26,7.365
2002-06-27,7.398
2002-06-28,7.4305
2002-07-01,7.414
2002-07-02,7.3535
2002-07-03,7.3415
2002-07-04,7.3225
2002-07-05,7.307
2002-07-08,7.305
2002-07-09,7.3095
2002-07-10,7.296
2002-07-11,7.285
2002-07-12,7.329
2002-07-15,7.357
2002-07-16,7.3725
2002-07-17,7.3775
2002-07-18,7.381
2002-07-19,7.438
2002-07-22,7.482
2002-07-23,7.548
2002-07-24,7.5485
2002-07-25,7.547
2002-07-26,7.563
2002-07-29,7.505
2002-07-30,7.505
2002-07-31,7.427
2002-08-01,7.449
2002-08-02,7.5075
2002-08-05,7.528
2002-08-06,7.5
2002-08-07,7.508
2002-08-08,7.478
2002-08-09,7.4635
2002-08-12,7.466
2002-08-13,7.4495
2002-08-14,7.448
2002-08-15,7.429
2002-08-16,7.374
2002-08-19,7.382
2002-08-20,7.355
2002-08-21,7.3575
2002-08-22,7.396
2002-08-23,7.4065
2002-08-26,7.3895
2002-08-27,7.3805
2002-08-28,7.381
2002-08-29,7.3945
2002-08-30,7.3815
2002-09-02,7.3925
2002-09-03,7.4375
2002-09-04,7.4425
2002-09-05,7.3815
2002-09-06,7.3535
2002-09-09,7.358
2002-09-10,7.391
2002-09-11,7.379
2002-09-12,7.371
2002-09-13,7.359
2002-09-16,7.3415
2002-09-17,7.356
2002-09-18,7.3645
2002-09-19,7.3245
2002-09-20,7.362
2002-09-23,7.355
2002-09-24,7.321
2002-09-25,7.3145
2002-09-26,7.322
2002-09-27,7.3325
2002-09-30,7.3415
2002-10-01,7.315
2002-10-02,7.302
2002-10-03,7.3125
2002-10-04,7.304
2002-10-07,7.2885
2002-10-08,7.276
2002-10-09,7.262
2002-10-10,7.305
2002-10-11,7.283
2002-10-14,7.2815
2002-10-15,7.2975
2002-10-16,7.3095
2002-10-17,7.412
2002-10-18,7.4015
2002-10-21,7.398
2002-10-22,7.434
2002-10-23,7.4015
2002-10-24,7.374
2002-10-25,7.358
2002-10-28,7.371
2002-10-29,7.391
2002-10-30,7.39
2002-10-31,7.365
2002-11-01,7.3685
2002-11-04,7.3705
2002-11-05,7.3715
2002-11-06,7.3595
2002-11-07,7.3545
2002-11-08,7.332
2002-11-11,7.2975
2002-11-12,7.3025
2002-11-13,7.321
2002-11-14,7.3145
2002-11-15,7.3025
2002-11-18,7.3135
2002-11-19,7.327
2002-11-20,7.331
2002-11-21,7.3155
2002-11-22,7.3045
2002-11-25,7.304
2002-11-26,7.264
2002-11-27,7.275
2002-11-28,7.288
2002-11-29,7.282
2002-12-02,7.2625
2002-12-03,7.275
2002-12-04,7.2655
2002-12-05,7.2745
2002-12-06,7.264
2002-12-09,7.308
2002-12-10,7.328
2002-12-11,7.344
2002-12-12,7.335
2002-12-13,7.3295
2002-12-16,7.31
2002-12-17,7.2945
2002-12-18,7.313
2002-12-19,7.285
2002-12-20,7.287
2002-12-23,7.2895
2002-12-24,7.272
2002-12-27,7.306
2002-12-30,7.2725
2002-12-31,7.291
2003-01-02,7.267
2003-01-03,7.236
2003-01-06,7.242
2003-01-07,7.237
2003-01-08,7.2225
2003-01-09,7.2255
2003-01-10,7.252
2003-01-13,7.2895
2003-01-14,7.3285
2003-01-15,7.302
2003-01-16,7.266
2003-01-17,7.274
2003-01-20,7.318
2003-01-21,7.343
2003-01-22,7.389
2003-01-23,7.406
2003-01-24,7.457
2003-01-27,7.4555
2003-01-28,7.47
2003-01-29,7.458
2003-01-30,7.4315
2003-01-31,7.452
2003-02-03,7.479
2003-02-04,7.487
2003-02-05,7.5635
2003-02-06,7.5145
2003-02-07,7.469
2003-02-10,7.4625
2003-02-11,7.466
2003-02-12,7.4615
2003-02-13,7.4935
2003-02-14,7.5355
2003-02-17,7.515
2003-02-18,7.5215
2003-02-19,7.5255
2003-02-20,7.536
2003-02-21,7.547
2003-02-24,7.553
2003-02-25,7.6295
2003-02-26,7.6115
2003-02-27,7.7825
2003-02-28,7.725
2003-03-03,7.7335
2003-03-04,7.777
2003-03-05,7.7775
2003-03-06,7.831
2003-03-07,7.883
2003-03-10,7.934
2003-03-11,7.934
2003-03-12,7.8665
2003-03-13,7.8195
2003-03-14,7.776
2003-03-17,7.804
2003-03-18,7.856
2003-03-19,7.8785
2003-03-20,7.92
2003-03-21,7.8615
2003-03-24,7.852
2003-03-25,7.829
2003-03-26,7.8135
2003-03-27,7.8415
2003-03-28,7.857
2003-03-31,7.8995
2003-04-01,7.925
2003-04-02,7.833
2003-04-03,7.825
2003-04-04,7.798
2003-04-07,7.772
2003-04-08,7.7735
2003-04-09,7.802
2003-04-10,7.886
2003-04-11,7.9
2003-04-14,7.876
2003-04-15,7.879
2003-04-16,7.8415
2003-04-22,7.8475
2003-04-23,7.835
2003-04-24,7.831
2003-04-25,7.812
2003-04-28,7.756
2003-04-29,7.7705
2003-04-30,7.838
2003-05-02,7.8535
2003-05-05,7.866
2003-05-06,7.883
2003-05-07,7.8675
2003-05-08,7.86
2003-05-09,7.8655
2003-05-12,7.8755
2003-05-13,7.874
2003-05-14,7.873
2003-05-15,7.849
2003-05-16,7.854
2003-05-19,7.92
2003-05-20,7.9305
2003-05-21,7.8415
2003-05-22,7.8475
2003-05-23,7.879
2003-05-26,7.868
2003-05-27,7.86
2003-05-28,7.8755
2003-05-30,7.8785
2003-06-02,7.8695
2003-06-03,7.965
2003-06-04,8.078
2003-06-05,8.137
2003-06-06,8.1485
2003-06-10,8.2175
2003-06-11,8.175
2003-06-12,8.195
2003-06-13,8.1515
2003-06-16,8.21
2003-06-17,8.212
2003-06-18,8.178
2003-06-19,8.1295
2003-06-20,8.158
2003-06-23,8.1775
2003-06-24,8.169
2003-06-25,8.24
2003-06-26,8.2655
2003-06-27,8.273
2003-06-30,8.2935
2003-07-01,8.3075
2003-07-02,8.242
2003-07-03,8.271
2003-07-04,8.267
2003-07-07,8.287
2003-07-08,8.286
2003-07-09,8.263
2003-07-10,8.32
2003-07-11,8.319
2003-07-14,8.322
2003-07-15,8.3575
2003-07-16,8.359
2003-07-17,8.349
2003-07-18,8.3595
2003-07-21,8.358
2003-07-22,8.343
2003-07-23,8.321
2003-07-24,8.27
2003-07-25,8.2285
2003-07-28,8.208
2003-07-29,8.248
2003-07-30,8.2065
2003-07-31,8.161
2003-08-01,8.157
2003-08-04,8.171
2003-08-05,8.227
2003-08-06,8.182
2003-08-07,8.165
2003-08-08,8.1625
2003-08-11,8.202
2003-08-12,8.2425
2003-08-13,8.281
2003-08-14,8.315
2003-08-15,8.2825
2003-08-18,8.3045
2003-08-19,8.332
2003-08-20,8.306
2003-08-21,8.2765
2003-08-22,8.286
2003-08-25,8.297
2003-08-26,8.323
2003-08-27,8.333
2003-08-28,8.2785
2003-08-29,8.247
2003-09-01,8.225
2003-09-02,8.225
2003-09-03,8.235
2003-09-04,8.1925
2003-09-05,8.2365
2003-09-08,8.2475
2003-09-09,8.256
2003-09-10,8.283
2003-09-11,8.26
2003-09-12,8.2585
2003-09-15,8.277
2003-09-16,8.27
2003-09-17,8.209
2003-09-18,8.176
2003-09-19,8.157
2003-09-22,8.17
2003-09-23,8.1385
2003-09-24,8.078
2003-09-25,8.0445
2003-09-26,8.083
2003-09-29,8.0875
2003-09-30,8.184
2003-10-01,8.2325
2003-10-02,8.191
2003-10-03,8.158
2003-10-06,8.164
2003-10-07,8.203
2003-10-08,8.213
2003-10-09,8.219
2003-10-10,8.227
2003-10-13,8.225
2003-10-14,8.2375
2003-10-15,8.2655
2003-10-16,8.25
2003-10-17,8.2445
2003-10-20,8.273
2003-10-21,8.274
2003-10-22,8.253
2003-10-23,8.235
2003-10-24,8.24
2003-10-27,8.25
2003-10-28,8.236
2003-10-29,8.212
2003-10-30,8.226
2003-10-31,8.211
2003-11-03,8.227
2003-11-04,8.233
2003-11-05,8.248
2003-11-06,8.2425
2003-11-07,8.234
2003-11-10,8.232
2003-11-11,8.21
2003-11-12,8.201
2003-11-13,8.182
2003-11-14,8.215
2003-11-17,8.205
2003-11-18,8.189
2003-11-19,8.186
2003-11-20,8.173
2003-11-21,8.1625
2003-11-24,8.1645
2003-11-25,8.157
2003-11-26,8.15
2003-11-27,8.1645
2003-11-28,8.1625
2003-12-01,8.175
2003-12-02,8.1635
2003-12-03,8.1425
2003-12-04,8.0905
2003-12-05,8.08
2003-12-08,8.0795
2003-12-09,8.11
2003-12-10,8.13
2003-12-11,8.1735
2003-12-12,8.185
2003-12-15,8.203
2003-12-16,8.222
2003-12-17,8.275
2003-12-18,8.335
2003-12-19,8.332
2003-12-22,8.327
2003-12-23,8.3715
2003-12-24,8.396
2003-12-29,8.434
2003-12-30,8.421
2003-12-31,8.4225
2004-01-02,8.3935
2004-01-05,8.406
2004-01-06,8.566
2004-01-07,8.5695
2004-01-08,8.608
2004-01-09,8.6475
2004-01-12,8.6065
2004-01-13,8.569
2004-01-14,8.567
2004-01-15,8.5415
2004-01-16,8.601
2004-01-19,8.6065
2004-01-20,8.6045
2004-01-21,8.64
2004-01-22,8.543
2004-01-23,8.593
2004-01-26,8.614
2004-01-27,8.601
2004-01-28,8.682
2004-01-29,8.764
2004-01-30,8.719
2004-02-02,8.6975
2004-02-03,8.683
2004-02-04,8.721
2004-02-05,8.737
2004-02-06,8.7355
2004-02-09,8.6975
2004-02-10,8.819
2004-02-11,8.8155
2004-02-12,8.86
2004-02-13,8.82
2004-02-16,8.812
2004-02-17,8.784
2004-02-18,8.7985
2004-02-19,8.796
2004-02-20,8.823
2004-02-23,8.783
2004-02-24,8.7775
2004-02-25,8.826
2004-02-26,8.78
2004-02-27,8.737
2004-03-01,8.717
2004-03-02,8.685
2004-03-03,8.6985
2004-03-04,8.6365
2004-03-05,8.665
2004-03-08,8.651
2004-03-09,8.644
2004-03-10,8.656
2004-03-11,8.584
2004-03-12,8.56
2004-03-15,8.4895
2004-03-16,8.479
2004-03-17,8.462
2004-03-18,8.502
2004-03-19,8.515
2004-03-22,8.429
2004-03-23,8.432
2004-03-24,8.429
2004-03-25,8.458
2004-03-26,8.446
2004-03-29,8.4525
2004-03-30,8.4085
2004-03-31,8.436
2004-04-01,8.474
2004-04-02,8.408
2004-04-05,8.3735
2004-04-06,8.375
2004-04-07,8.3765
2004-04-13,8.308
2004-04-14,8.306
2004-04-15,8.272
2004-04-16,8.282
2004-04-19,8.2955
2004-04-20,8.278
2004-04-21,8.28
2004-04-22,8.253
2004-04-23,8.238
2004-04-26,8.2415
2004-04-27,8.227
2004-04-28,8.203
2004-04-29,8.171
2004-04-30,8.221
2004-05-03,8.2105
2004-05-04,8.232
2004-05-05,8.173
2004-05-06,8.161
2004-05-07,8.093
2004-05-10,8.099
2004-05-11,8.197
2004-05-12,8.2015
2004-05-13,8.163
2004-05-14,8.185
2004-05-18,8.274
2004-05-19,8.301
2004-05-21,8.251
2004-05-24,8.235
2004-05-25,8.222
2004-05-26,8.217
2004-05-27,8.184
2004-05-28,8.212
2004-06-01,8.18
2004-06-02,8.193
2004-06-03,8.191
2004-06-04,8.182
2004-06-07,8.186
2004-06-08,8.1885
2004-06-09,8.183
2004-06-10,8.28
2004-06-11,8.2925
2004-06-14,8.3325
2004-06-15,8.304
2004-06-16,8.297
2004-06-17,8.348
2004-06-18,8.381
2004-06-21,8.3515
2004-06-22,8.324
2004-06-23,8.354
2004-06-24,8.358
2004-06-25,8.2785
2004-06-28,8.3145
2004-06-29,8.3285
2004-06-30,8.4365
2004-07-01,8.441
2004-07-02,8.4925
2004-07-05,8.489
2004-07-06,8.4665
2004-07-07,8.4405
2004-07-08,8.462
2004-07-09,8.4545
2004-07-12,8.458
2004-07-13,8.4735
2004-07-14,8.518
2004-07-15,8.515
2004-07-16,8.478
2004-07-19,8.477
2004-07-20,8.487
2004-07-21,8.505
2004-07-22,8.48
2004-07-23,8.477
2004-07-26,8.507
2004-07-27,8.494
2004-07-28,8.4605
2004-07-29,8.456
2004-07-30,8.42
2004-08-02,8.442
2004-08-03,8.426
2004-08-04,8.4145
2004-08-05,8.3675
2004-08-06,8.34
2004-08-09,8.3205
2004-08-10,8.3215
2004-08-11,8.329
2004-08-12,8.319
2004-08-13,8.289
2004-08-16,8.28
2004-08-17,8.281
2004-08-18,8.319
2004-08-19,8.2945
2004-08-20,8.246
2004-08-23,8.262
2004-08-24,8.283
2004-08-25,8.313
2004-08-26,8.336
2004-08-27,8.353
2004-08-30,8.355
2004-08-31,8.401
2004-09-01,8.3695
2004-09-02,8.3475
2004-09-03,8.3115
2004-09-06,8.3225
2004-09-07,8.3365
2004-09-08,8.3335
2004-09-09,8.3055
2004-09-10,8.3225
2004-09-13,8.3495
2004-09-14,8.363
2004-09-15,8.398
2004-09-16,8.4375
2004-09-17,8.435
2004-09-20,8.42
2004-09-21,8.395
2004-09-22,8.3935
2004-09-23,8.341
2004-09-24,8.339
2004-09-27,8.3655
2004-09-28,8.3505
2004-09-29,8.351
2004-09-30,8.341
2004-10-01,8.328
2004-10-04,8.295
2004-10-05,8.278
2004-10-06,8.27
2004-10-07,8.2855
2004-10-08,8.3
2004-10-11,8.226
2004-10-12,8.1925
2004-10-13,8.226
2004-10-14,8.1955
2004-10-15,8.216
2004-10-18,8.239
2004-10-19,8.24
2004-10-20,8.23
2004-10-21,8.2345
2004-10-22,8.2115
2004-10-25,8.2265
2004-10-26,8.237
2004-10-27,8.162
2004-10-28,8.1935
2004-10-29,8.1465
2004-11-01,8.127
2004-11-02,8.178
2004-11-03,8.193
2004-11-04,8.154
2004-11-05,8.179
2004-11-08,8.191
2004-11-09,8.23
2004-11-10,8.178
2004-11-11,8.145
2004-11-12,8.113
2004-11-15,8.083
2004-11-16,8.0935
2004-11-17,8.1265
2004-11-18,8.1265
2004-11-19,8.132
2004-11-22,8.168
2004-11-23,8.156
2004-11-24,8.132
2004-11-25,8.1195
2004-11-26,8.106
2004-11-29,8.07
2004-11-30,8.105
2004-12-01,8.1295
2004-12-02,8.1665
2004-12-03,8.175
2004-12-06,8.143
2004-12-07,8.1355
2004-12-08,8.2105
2004-12-09,8.241
2004-12-10,8.218
2004-12-13,8.204
2004-12-14,8.2
2004-12-15,8.226
2004-12-16,8.1855
2004-12-17,8.217
2004-12-20,8.229
2004-12-21,8.2575
2004-12-22,8.283
2004-12-23,8.2825
2004-12-27,8.265
2004-12-28,8.272
2004-12-29,8.275
2004-12-30,8.2435
2004-12-31,8.2385
2005-01-03,8.2135
2005-01-04,8.246
2005-01-05,8.2835
2005-01-06,8.2535
2005-01-07,8.221
2005-01-10,8.227
2005-01-11,8.2045
2005-01-12,8.194
2005-01-13,8.186
2005-01-14,8.175
2005-01-17,8.195
2005-01-18,8.161
2005-01-19,8.1475
2005-01-20,8.179
2005-01-21,8.197
2005-01-24,8.1915
2005-01-25,8.2065
2005-01-26,8.228
2005-01-27,8.243
2005-01-28,8.25
2005-01-31,8.26
2005-02-01,8.2945
2005-02-02,8.269
2005-02-03,8.26
2005-02-04,8.292
2005-02-07,8.346
2005-02-08,8.396
2005-02-09,8.354
2005-02-10,8.4305
2005-02-11,8.422
2005-02-14,8.4165
2005-02-15,8.372
2005-02-16,8.359
2005-02-17,8.366
2005-02-18,8.288
2005-02-21,8.2855
2005-02-22,8.27
2005-02-23,8.2605
2005-02-24,8.235
2005-02-25,8.2615
2005-02-28,8.22
2005-03-01,8.212
2005-03-02,8.206
2005-03-03,8.221
2005-03-04,8.2275
2005-03-07,8.216
2005-03-08,8.201
2005-03-09,8.175
2005-03-10,8.174
2005-03-11,8.177
2005-03-14,8.176
2005-03-15,8.186
2005-03-16,8.201
2005-03-17,8.141
2005-03-18,8.128
2005-03-21,8.14
2005-03-22,8.1735
2005-03-23,8.1755
2005-03-29,8.219
2005-03-30,8.186
2005-03-31,8.206
2005-04-01,8.195
2005-04-04,8.198
2005-04-05,8.164
2005-04-06,8.167
2005-04-07,8.162
2005-04-08,8.1635
2005-04-11,8.173
2005-04-12,8.176
2005-04-13,8.191
2005-04-14,8.2465
2005-04-15,8.232
2005-04-18,8.22
2005-04-19,8.2075
2005-04-20,8.1865
2005-04-21,8.156
2005-04-22,8.1625
2005-04-25,8.155
2005-04-26,8.1315
2005-04-27,8.127
2005-04-28,8.145
2005-04-29,8.143
2005-05-02,8.1365
2005-05-03,8.144
2005-05-04,8.1115
2005-05-06,8.1115
2005-05-09,8.1265
2005-05-10,8.091
2005-05-11,8.083
2005-05-12,8.092
2005-05-13,8.096
2005-05-18,8.094
2005-05-19,8.1135
2005-05-20,8.1345
2005-05-23,8.113
2005-05-24,8.0885
2005-05-25,8.056
2005-05-26,8.009
2005-05-27,7.971
2005-05-30,7.9585
2005-05-31,7.939
2005-06-01,7.917
2005-06-02,7.906
2005-06-03,7.898
2005-06-06,7.8725
2005-06-07,7.857
2005-06-08,7.9
2005-06-09,7.9135
2005-06-10,7.8375
2005-06-13,7.8485
2005-06-14,7.8765
2005-06-15,7.871
2005-06-16,7.8615
2005-06-17,7.863
2005-06-20,7.877
2005-06-21,7.874
2005-06-22,7.876
2005-06-23,7.93
2005-06-24,7.9725
2005-06-27,7.939
2005-06-28,7.9465
2005-06-29,7.897
2005-06-30,7.9155
2005-07-01,7.881
2005-07-04,7.8815
2005-07-05,7.914
2005-07-06,7.914
2005-07-07,7.916
2005-07-08,7.8755
2005-07-11,7.912
2005-07-12,7.8965
2005-07-13,7.8895
2005-07-14,7.922
2005-07-15,7.9695
2005-07-18,7.9515
2005-07-19,8.016
2005-07-20,7.961
2005-07-21,7.952
2005-07-22,7.974
2005-07-25,7.9155
2005-07-26,7.89
2005-07-27,7.9035
2005-07-28,7.8985
2005-07-29,7.887
2005-08-01,7.8575
2005-08-02,7.8465
2005-08-03,7.8425
2005-08-04,7.879
2005-08-05,7.8955
2005-08-08,7.93
2005-08-09,7.8905
2005-08-10,7.8965
2005-08-11,7.8975
2005-08-12,7.8885
2005-08-15,7.951
2005-08-16,7.9515
2005-08-17,7.9215
2005-08-18,7.944
2005-08-19,7.9805
2005-08-22,7.9835
2005-08-23,8.0085
2005-08-24,7.964
2005-08-25,7.9255
2005-08-26,7.926
2005-08-29,7.897
2005-08-30,7.9355
2005-08-31,7.866
2005-09-01,7.8445
2005-09-02,7.7825
2005-09-05,7.825
2005-09-06,7.827
2005-09-07,7.8065
2005-09-08,7.7895
2005-09-09,7.798
2005-09-12,7.8015
2005-09-13,7.821
2005-09-14,7.814
2005-09-15,7.7915
2005-09-16,7.7945
2005-09-19,7.794
2005-09-20,7.777
2005-09-21,7.7925
2005-09-22,7.779
2005-09-23,7.791
2005-09-26,7.8215
2005-09-27,7.8205
2005-09-28,7.8265
2005-09-29,7.816
2005-09-30,7.877
2005-10-03,7.8855
2005-10-04,7.8815
2005-10-05,7.891
2005-10-06,7.8735
2005-10-07,7.888
2005-10-10,7.8715
2005-10-11,7.845
2005-10-12,7.802
2005-10-13,7.8145
2005-10-14,7.8335
2005-10-17,7.8175
2005-10-18,7.821
2005-10-19,7.8035
2005-10-20,7.8
2005-10-21,7.7925
2005-10-24,7.8265
2005-10-25,7.834
2005-10-26,7.822
2005-10-27,7.811
2005-10-28,7.809
2005-10-31,7.806
2005-11-01,7.7825
2005-11-02,7.785
2005-11-03,7.8075
2005-11-04,7.7975
2005-11-07,7.782
2005-11-08,7.794
2005-11-09,7.7485
2005-11-10,7.737
2005-11-11,7.745
2005-11-14,7.779
2005-11-15,7.793
2005-11-16,7.8135
2005-11-17,7.8545
2005-11-18,7.882
2005-11-21,7.8935
2005-11-22,7.8505
2005-11-23,7.863
2005-11-24,7.873
2005-11-25,7.877
2005-11-28,7.87
2005-11-29,7.949
2005-11-30,7.9715
2005-12-01,7.972
2005-12-02,7.917
2005-12-05,7.894
2005-12-06,7.875
2005-12-07,7.926
2005-12-08,7.925
2005-12-09,7.927
2005-12-12,7.9775
2005-12-13,7.952
2005-12-14,7.951
2005-12-15,7.9595
2005-12-16,7.9685
2005-12-19,8.011
2005-12-20,8.033
2005-12-21,8.0495
2005-12-22,8.0325
2005-12-23,8.029
2005-12-27,8.018
2005-12-28,8.029
2005-12-29,8.0165
2005-12-30,7.985
2006-01-02,7.9805
2006-01-03,7.9615
2006-01-04,7.9335
2006-01-05,7.9325
2006-01-06,7.9295
2006-01-09,7.935
2006-01-10,7.981
2006-01-11,8.031
2006-01-12,8.078
2006-01-13,8.0475
2006-01-16,8.049
2006-01-17,8.1065
2006-01-18,8.124
2006-01-19,8.129
2006-01-20,8.0845
2006-01-23,8.0495
2006-01-24,8.046
2006-01-25,8.031
2006-01-26,8.069
2006-01-27,8.088
2006-01-30,8.1275
2006-01-31,8.092
2006-02-01,8.0585
2006-02-02,8.0505
2006-02-03,8.0225
2006-02-06,8.047
2006-02-07,8.0465
2006-02-08,8.0165
2006-02-09,8.0155
2006-02-10,8.0755
2006-02-13,8.102
2006-02-14,8.136
2006-02-15,8.1375
2006-02-16,8.107
2006-02-17,8.06
2006-02-20,8.0555
2006-02-21,8.0545
2006-02-22,8.0575
2006-02-23,8.046
2006-02-24,8.0465
2006-02-27,8.0265
2006-02-28,8.024
2006-03-01,8.029
2006-03-02,8.0095
2006-03-03,8.012
2006-03-06,7.979
2006-03-07,7.9875
2006-03-08,8.0075
2006-03-09,8.0235
2006-03-10,7.9735
2006-03-13,7.9755
2006-03-14,7.96
2006-03-15,7.968
2006-03-16,7.9995
2006-03-17,7.9765
2006-03-20,7.9535
2006-03-21,7.953
2006-03-22,7.9435
2006-03-23,7.967
2006-03-24,7.969
2006-03-27,7.967
2006-03-28,7.9385
2006-03-29,7.945
2006-03-30,7.977
2006-03-31,7.9675
2006-04-03,7.9165
2006-04-04,7.884
2006-04-05,7.8865
2006-04-06,7.892
2006-04-07,7.876
2006-04-10,7.8575
2006-04-11,7.8225
2006-04-12,7.843
2006-04-18,7.854
2006-04-19,7.8105
2006-04-20,7.79
2006-04-21,7.843
2006-04-24,7.831
2006-04-25,7.8475
2006-04-26,7.797
2006-04-27,7.796
2006-04-28,7.757
2006-05-02,7.775
2006-05-03,7.7615
2006-05-04,7.748
2006-05-05,7.767
2006-05-08,7.7865
2006-05-09,7.7995
2006-05-10,7.767
2006-05-11,7.761
2006-05-12,7.7645
2006-05-15,7.7885
2006-05-16,7.836
2006-05-18,7.839
2006-05-19,7.805
2006-05-22,7.806
2006-05-23,7.823
2006-05-24,7.8255
2006-05-26,7.823
2006-05-29,7.8195
2006-05-30,7.825
2006-05-31,7.8155
2006-06-01,7.7835
2006-06-02,7.7765
2006-06-06,7.7655
2006-06-07,7.8045
2006-06-08,7.831
2006-06-09,7.8165
2006-06-12,7.788
2006-06-13,7.808
2006-06-14,7.837
2006-06-15,7.8475
2006-06-16,7.8605
2006-06-19,7.8555
2006-06-20,7.898
2006-06-21,7.914
2006-06-22,7.971
2006-06-23,7.918
2006-06-26,7.9285
2006-06-27,7.9435
2006-06-28,7.9035
2006-06-29,7.8825
2006-06-30,7.936
2006-07-03,7.98
2006-07-04,7.97
2006-07-05,7.9545
2006-07-06,7.939
2006-07-07,7.953
2006-07-10,7.986
2006-07-11,7.9905
2006-07-12,7.9475
2006-07-13,7.928
2006-07-14,7.9155
2006-07-17,7.905
2006-07-18,7.9295
2006-07-19,7.969
2006-07-20,7.932
2006-07-21,7.933
2006-07-24,7.954
2006-07-25,7.94
2006-07-26,7.934
2006-07-27,7.9065
2006-07-28,7.8825
2006-07-31,7.8615
2006-08-01,7.8745
2006-08-02,7.8745
2006-08-03,7.8705
2006-08-04,7.8835
2006-08-07,7.8785
2006-08-08,7.9095
2006-08-09,7.945
2006-08-10,7.95
2006-08-11,7.9565
2006-08-14,7.998
2006-08-15,8.029
2006-08-16,8.016
2006-08-17,8.078
2006-08-18,8.072
2006-08-21,8.048
2006-08-22,8.0275
2006-08-23,8.043
2006-08-24,8.0755
2006-08-25,8.0655
2006-08-28,8.0345
2006-08-29,8.0425
2006-08-30,8.0655
2006-08-31,8.0795
2006-09-01,8.107
2006-09-04,8.126
2006-09-05,8.132
2006-09-06,8.1465
2006-09-07,8.1875
2006-09-08,8.2185
2006-09-11,8.308
2006-09-12,8.295
2006-09-13,8.3825
2006-09-14,8.332
2006-09-15,8.2775
2006-09-18,8.283
2006-09-19,8.2735
2006-09-20,8.279
2006-09-21,8.281
2006-09-22,8.3455
2006-09-25,8.3895
2006-09-26,8.3135
2006-09-27,8.265
2006-09-28,8.223
2006-09-29,8.235
2006-10-02,8.3425
2006-10-03,8.3735
2006-10-04,8.3995
2006-10-05,8.378
2006-10-06,8.4315
2006-10-09,8.42
2006-10-10,8.361
2006-10-11,8.418
2006-10-12,8.453
2006-10-13,8.4285
2006-10-16,8.461
2006-10-17,8.471
2006-10-18,8.471
2006-10-19,8.476
2006-10-20,8.4135
2006-10-23,8.426
2006-10-24,8.3855
2006-10-25,8.338
2006-10-26,8.2875
2006-10-27,8.311
2006-10-30,8.3335
2006-10-31,8.332
2006-11-01,8.3005
2006-11-02,8.243
2006-11-03,8.2445
2006-11-06,8.251
2006-11-07,8.251
2006-11-08,8.243
2006-11-09,8.2315
2006-11-10,8.2005
2006-11-13,8.197
2006-11-14,8.212
2006-11-15,8.246
2006-11-16,8.2225
2006-11-17,8.268
2006-11-20,8.262
2006-11-21,8.266
2006-11-22,8.252
2006-11-23,8.26
2006-11-24,8.2625
2006-11-27,8.269
2006-11-28,8.281
2006-11-29,8.252
2006-11-30,8.166
2006-12-01,8.1625
2006-12-04,8.1565
2006-12-05,8.13
2006-12-06,8.135
2006-12-07,8.0945
2006-12-08,8.118
2006-12-11,8.122
2006-12-12,8.132
2006-12-13,8.152
2006-12-14,8.15
2006-12-15,8.16
2006-12-18,8.141
2006-12-19,8.164
2006-12-20,8.161
2006-12-21,8.133
2006-12-22,8.177
2006-12-27,8.228
2006-12-28,8.2375
2006-12-29,8.238
2007-01-02,8.208
2007-01-03,8.2385
2007-01-04,8.273
2007-01-05,8.283
2007-01-08,8.264
2007-01-09,8.2555
2007-01-10,8.2985
2007-01-11,8.3525
2007-01-12,8.3435
2007-01-15,8.329
2007-01-16,8.314
2007-01-17,8.348
2007-01-18,8.364
2007-01-19,8.368
2007-01-22,8.3675
2007-01-23,8.35
2007-01-24,8.2635
2007-01-25,8.212
2007-01-26,8.1935
2007-01-29,8.175
2007-01-30,8.168
2007-01-31,8.148
2007-02-01,8.1255
2007-02-02,8.1355
2007-02-05,8.12
2007-02-06,8.112
2007-02-07,8.0895
2007-02-08,8.0955
2007-02-09,8.131
2007-02-12,8.0955
2007-02-13,8.111
2007-02-14,8.089
2007-02-15,8.0825
2007-02-16,8.0445
2007-02-19,8.044
2007-02-20,8.0415
2007-02-21,8.0625
2007-02-22,8.0635
2007-02-23,8.066
2007-02-26,8.063
2007-02-27,8.059
2007-02-28,8.12
2007-03-01,8.109
2007-03-02,8.116
2007-03-05,8.183
2007-03-06,8.1615
2007-03-07,8.1475
2007-03-08,8.153
2007-03-09,8.112
2007-03-12,8.122
2007-03-13,8.0945
2007-03-14,8.1225
2007-03-15,8.087
2007-03-16,8.1395
2007-03-19,8.148
2007-03-20,8.165
2007-03-21,8.195
2007-03-22,8.168
2007-03-23,8.115
2007-03-26,8.127
2007-03-27,8.127
2007-03-28,8.1335
2007-03-29,8.102
2007-03-30,8.119
2007-04-02,8.1585
2007-04-03,8.17
2007-04-04,8.177
2007-04-10,8.106
2007-04-11,8.093
2007-04-12,8.0885
2007-04-13,8.0985
2007-04-16,8.0925
2007-04-17,8.079
2007-04-18,8.11
2007-04-19,8.1075
2007-04-20,8.1075
2007-04-23,8.107
2007-04-24,8.103
2007-04-25,8.164
2007-04-26,8.1185
2007-04-27,8.138
2007-04-30,8.1265
2007-05-02,8.1265
2007-05-03,8.122
2007-05-04,8.128
2007-05-07,8.122
2007-05-08,8.136
2007-05-09,8.134
2007-05-10,8.159
2007-05-11,8.177
2007-05-14,8.1985
2007-05-15,8.1935
2007-05-16,8.1725
2007-05-18,8.175
2007-05-21,8.167
2007-05-22,8.1325
2007-05-23,8.121
2007-05-24,8.1055
2007-05-25,8.0945
2007-05-29,8.099
2007-05-30,8.1175
2007-05-31,8.1195
2007-06-01,8.111
2007-06-04,8.1085
2007-06-05,8.084
2007-06-06,8.08
2007-06-07,8.082
2007-06-08,8.1005
2007-06-11,8.1195
2007-06-12,8.1115
2007-06-13,8.101
2007-06-14,8.1075
2007-06-15,8.0935
2007-06-18,8.075
2007-06-19,8.079
2007-06-20,8.0525
2007-06-21,8.0345
2007-06-22,7.987
2007-06-25,8.004
2007-06-26,8.01
2007-06-27,7.9725
2007-06-28,7.952
2007-06-29,7.9725
2007-07-02,7.969
2007-07-03,7.938
2007-07-04,7.9365
2007-07-05,7.924
2007-07-06,7.9125
2007-07-09,7.913
2007-07-10,7.966
2007-07-11,7.9655
2007-07-12,7.9325
2007-07-13,7.913
2007-07-16,7.9025
2007-07-17,7.8845
2007-07-18,7.9225
2007-07-19,7.9035
2007-07-20,7.902
2007-07-23,7.912
2007-07-24,7.9135
2007-07-25,7.951
2007-07-26,7.976
2007-07-27,8.04
2007-07-30,8.0
2007-07-31,7.9595
2007-08-01,7.993
2007-08-02,7.9635
2007-08-03,7.9305
2007-08-06,7.9425
2007-08-07,7.9765
2007-08-08,7.9625
2007-08-09,7.942
2007-08-10,7.9985
2007-08-13,7.9845
2007-08-14,7.975
2007-08-15,7.991
2007-08-16,8.035
2007-08-17,8.0375
2007-08-20,7.991
2007-08-21,7.9985
2007-08-22,7.992
2007-08-23,7.9645
2007-08-24,7.954
2007-08-27,7.9515
2007-08-28,7.9475
2007-08-29,7.9565
2007-08-30,7.959
2007-08-31,7.944
2007-09-03,7.9315
2007-09-04,7.929
2007-09-05,7.9105
2007-09-06,7.9075
2007-09-07,7.9085
2007-09-10,7.896
2007-09-11,7.8515
2007-09-12,7.8325
2007-09-13,7.8345
2007-09-14,7.8275
2007-09-17,7.802
2007-09-18,7.807
2007-09-19,7.7775
2007-09-20,7.7815
2007-09-21,7.7865
2007-09-24,7.783
2007-09-25,7.806
2007-09-26,7.771
2007-09-27,7.75
2007-09-28,7.7185
2007-10-01,7.6875
2007-10-02,7.6965
2007-10-03,7.699
2007-10-04,7.693
2007-10-05,7.653
2007-10-08,7.67
2007-10-09,7.7055
2007-10-10,7.697
2007-10-11,7.6815
2007-10-12,7.649
2007-10-15,7.661
2007-10-16,7.666
2007-10-17,7.672
2007-10-18,7.6705
2007-10-19,7.6715
2007-10-22,7.7335
2007-10-23,7.69
2007-10-24,7.7455
2007-10-25,7.73
2007-10-26,7.7095
2007-10-29,7.722
2007-10-30,7.721
2007-10-31,7.791
2007-11-01,7.8295
2007-11-02,7.843
2007-11-05,7.8155
2007-11-06,7.78
2007-11-07,7.766
2007-11-08,7.741
2007-11-09,7.8115
2007-11-12,7.874
2007-11-13,7.909
2007-11-14,7.9275
2007-11-15,7.9935
2007-11-16,8.0315
2007-11-19,8.078
2007-11-20,7.995
2007-11-21,8.0415
2007-11-22,8.0255
2007-11-23,8.0485
2007-11-26,8.0375
2007-11-27,8.08
2007-11-28,8.1075
2007-11-29,8.0925
2007-11-30,8.114
2007-12-03,8.102
2007-12-04,8.109
2007-12-05,8.07
2007-12-06,8.046
2007-12-07,8.017
2007-12-10,7.992
2007-12-11,7.9975
2007-12-12,7.9565
2007-12-13,7.932
2007-12-14,7.975
2007-12-17,7.978
2007-12-18,8.026
2007-12-19,8.0385
2007-12-20,8.03
2007-12-21,8.034
2007-12-27,7.9955
2007-12-28,7.974
2007-12-31,7.961
2008-01-02,7.9855
2008-01-03,7.925
2008-01-04,7.865
2008-01-07,7.8685
2008-01-08,7.8895
2008-01-09,7.891
2008-01-10,7.839
2008-01-11,7.8185
2008-01-14,7.8275
2008-01-15,7.833
2008-01-16,7.942
2008-01-17,7.954
2008-01-18,7.9915
2008-01-21,8.0265
2008-01-22,8.044
2008-01-23,8.063
2008-01-24,8.036
2008-01-25,8.024
2008-01-28,8.0655
2008-01-29,8.035
2008-01-30,8.045
2008-01-31,8.076
2008-02-01,8.0265
2008-02-04,8.029
2008-02-05,8.0095
2008-02-06,8.0555
2008-02-07,8.07
2008-02-08,8.0245
2008-02-11,8.0265
2008-02-12,8.003
2008-02-13,7.983
2008-02-14,7.951
2008-02-15,7.9255
2008-02-18,7.915
2008-02-19,7.8605
2008-02-20,7.877
2008-02-21,7.8615
2008-02-22,7.8895
2008-02-25,7.881
2008-02-26,7.8845
2008-02-27,7.854
2008-02-28,7.8665
2008-02-29,7.914
2008-03-03,7.925
2008-03-04,7.8535
2008-03-05,7.8565
2008-03-06,7.834
2008-03-07,7.9145
2008-03-10,7.8855
2008-03-11,7.878
2008-03-12,7.8905
2008-03-13,7.9005
2008-03-14,7.9885
2008-03-17,8.057
2008-03-18,8.0675
2008-03-19,8.0325
2008-03-25,8.0865
2008-03-26,8.0475
2008-03-27,8.017
2008-03-28,8.0475
2008-03-31,8.051
2008-04-01,8.072
2008-04-02,8.065
2008-04-03,8.003
2008-04-04,7.998
2008-04-07,7.9685
2008-04-08,7.9565
2008-04-09,7.941
2008-04-10,7.927
2008-04-11,7.9415
2008-04-14,7.9445
2008-04-15,7.9105
2008-04-16,7.8985
2008-04-17,7.9105
2008-04-18,7.951
2008-04-21,7.9445
2008-04-22,7.923
2008-04-23,7.925
2008-04-24,7.9595
2008-04-25,8.024
2008-04-28,7.9655
2008-04-29,7.98
2008-04-30,7.974
2008-05-02,7.926
2008-05-05,7.915
2008-05-06,7.869
2008-05-07,7.8545
2008-05-08,7.874
2008-05-09,7.844
2008-05-13,7.846
2008-05-14,7.844
2008-05-15,7.859
2008-05-16,7.856
2008-05-19,7.7885
2008-05-20,7.819
2008-05-21,7.855
2008-05-22,7.8545
2008-05-23,7.901
2008-05-26,7.8895
2008-05-27,7.876
2008-05-28,7.8655
2008-05-29,7.876
2008-05-30,7.908
2008-06-02,7.9425
2008-06-03,7.9615
2008-06-04,7.9755
2008-06-05,7.968
2008-06-06,7.9415
2008-06-09,7.937
2008-06-10,7.969
2008-06-11,7.99
2008-06-12,8.0375
2008-06-13,8.05
2008-06-16,8.031
2008-06-17,8.0235
2008-06-18,8.0405
2008-06-19,8.0365
2008-06-20,8.0435
2008-06-23,8.013
2008-06-24,7.9745
2008-06-25,7.9405
2008-06-26,7.959
2008-06-27,7.979
2008-06-30,8.009
2008-07-01,8.004
2008-07-02,8.04
2008-07-03,8.0475
2008-07-04,7.986
2008-07-07,7.9855
2008-07-08,8.0135
2008-07-09,8.048
2008-07-10,8.0605
2008-07-11,8.0605
2008-07-14,8.0525
2008-07-15,8.037
2008-07-16,8.066
2008-07-17,8.064
2008-07-18,8.059
2008-07-21,8.0585
2008-07-22,8.0555
2008-07-23,8.09
2008-07-24,8.1
2008-07-25,8.0815
2008-07-28,8.075
2008-07-29,8.0725
2008-07-30,8.043
2008-07-31,8.0205
2008-08-01,7.996
2008-08-04,7.9995
2008-08-05,8.0315
2008-08-06,8.028
2008-08-07,7.997
2008-08-08,7.9915
2008-08-11,7.9975
2008-08-12,8.012
2008-08-13,7.996
2008-08-14,8.006
2008-08-15,7.9665
2008-08-18,7.974
2008-08-19,7.9525
2008-08-20,7.956
2008-08-21,7.945
2008-08-22,7.9335
2008-08-25,7.933
2008-08-26,7.9155
2008-08-27,7.926
2008-08-28,7.917
2008-08-29,7.9435
2008-09-01,7.9635
2008-09-02,8.0065
2008-09-03,8.011
2008-09-04,8.022
2008-09-05,8.0065
2008-09-08,7.9975
2008-09-09,8.033
2008-09-10,8.06
2008-09-11,8.097
2008-09-12,8.1165
2008-09-15,8.183
2008-09-16,8.246
2008-09-17,8.29
2008-09-18,8.334
2008-09-19,8.258
2008-09-22,8.1675
2008-09-23,8.215
2008-09-24,8.259
2008-09-25,8.271
2008-09-26,8.268
2008-09-29,8.308
2008-09-30,8.333
2008-10-01,8.26
2008-10-02,8.291
2008-10-03,8.292
2008-10-06,8.348
2008-10-07,8.381
2008-10-08,8.3975
2008-10-09,8.364
2008-10-10,8.4175
2008-10-13,8.4285
2008-10-14,8.4375
2008-10-15,8.6035
2008-10-16,8.9
2008-10-17,8.895
2008-10-20,8.787
2008-10-21,8.894
2008-10-22,9.0135
2008-10-23,9.155
2008-10-24,8.8
2008-10-27,8.815
2008-10-28,8.55
2008-10-29,8.554
2008-10-30,8.52
2008-10-31,8.53
2008-11-03,8.48
2008-11-04,8.5615
2008-11-05,8.66
2008-11-06,8.718
2008-11-07,8.721
2008-11-10,8.689
2008-11-11,8.744
2008-11-12,8.7825
2008-11-13,8.867
2008-11-14,8.7525
2008-11-17,8.792
2008-11-18,8.9
2008-11-19,8.87
2008-11-20,8.87
2008-11-21,8.927
2008-11-24,8.938
2008-11-25,9.0815
2008-11-26,9.034
2008-11-27,8.88
2008-11-28,8.92
2008-12-01,8.8915
2008-12-02,8.965
2008-12-03,8.905
2008-12-04,9.0365
2008-12-05,9.142
2008-12-08,9.127
2008-12-09,9.15
2008-12-10,9.1285
2008-12-11,9.2065
2008-12-12,9.211
2008-12-15,9.322
2008-12-16,9.515
2008-12-17,9.515
2008-12-18,9.865
2008-12-19,9.8335
2008-12-22,9.855
2008-12-23,9.76
2008-12-29,9.945
2008-12-30,9.84
2008-12-31,9.865
2009-01-02,9.695
2009-01-05,9.395
2009-01-06,9.385
2009-01-07,9.3915
2009-01-08,9.4825
2009-01-09,9.4975
2009-01-12,9.413
2009-01-13,9.4575
2009-01-14,9.431
2009-01-15,9.4275
2009-01-16,9.2125
2009-01-19,9.12
2009-01-20,9.1915
2009-01-21,9.0555
2009-01-22,9.03
2009-01-23,8.994
2009-01-26,8.8935
2009-01-27,8.8975
2009-01-28,8.887
2009-01-29,8.8
2009-01-30,8.8875
2009-02-02,8.9415
2009-02-03,9.039
2009-02-04,8.892
2009-02-05,8.779
2009-02-06,8.773
2009-02-09,8.662
2009-02-10,8.641
2009-02-11,8.69
2009-02-12,8.8155
2009-02-13,8.719
2009-02-16,8.777
2009-02-17,8.794
2009-02-18,8.86
2009-02-19,8.679
2009-02-20,8.7495
2009-02-23,8.719
2009-02-24,8.735
2009-02-25,8.746
2009-02-26,8.778
2009-02-27,8.886
2009-03-02,9.028
2009-03-03,9.0125
2009-03-04,8.94
2009-03-05,8.906
2009-03-06,8.953
2009-03-09,8.974
2009-03-10,8.936
2009-03-11,8.832
2009-03-12,8.892
2009-03-13,8.823
2009-03-16,8.765
2009-03-17,8.8315
2009-03-18,8.809
2009-03-19,8.645
2009-03-20,8.65
2009-03-23,8.6345
2009-03-24,8.6365
2009-03-25,8.7275
2009-03-26,8.8175
2009-03-27,8.8
2009-03-30,8.951
2009-03-31,8.89
2009-04-01,8.885
2009-04-02,8.848
2009-04-03,8.7975
2009-04-06,8.785
2009-04-07,8.8085
2009-04-08,8.9085
2009-04-14,8.788
2009-04-15,8.8405
2009-04-16,8.837
2009-04-17,8.744
2009-04-20,8.7925
2009-04-21,8.794
2009-04-22,8.7605
2009-04-23,8.69
2009-04-24,8.69
2009-04-27,8.763
2009-04-28,8.764
2009-04-29,8.732
2009-04-30,8.7245
2009-05-04,8.69
2009-05-05,8.687
2009-05-06,8.735
2009-05-07,8.62
2009-05-08,8.6415
2009-05-11,8.702
2009-05-12,8.751
2009-05-13,8.84
2009-05-14,8.832
2009-05-15,8.817
2009-05-18,8.7785
2009-05-19,8.745
2009-05-20,8.81
2009-05-22,8.875
2009-05-25,8.862
2009-05-26,8.951
2009-05-27,8.871
2009-05-28,8.9615
2009-05-29,8.8785
2009-06-02,8.7725
2009-06-03,8.921
2009-06-04,8.9055
2009-06-05,8.97
2009-06-08,8.936
2009-06-09,8.9135
2009-06-10,8.843
2009-06-11,8.914
2009-06-12,8.8845
2009-06-15,8.9055
2009-06-16,8.917
2009-06-17,8.918
2009-06-18,8.8825
2009-06-19,8.8995
2009-06-22,8.986
2009-06-23,9.099
2009-06-24,9.009
2009-06-25,9.076
2009-06-26,9.04
2009-06-29,9.034
2009-06-30,9.018
2009-07-01,8.98
2009-07-02,8.9375
2009-07-03,8.966
2009-07-06,9.054
2009-07-07,9.0565
2009-07-08,9.077
2009-07-09,9.074
2009-07-10,9.084
2009-07-13,9.07
2009-07-14,9.0355
2009-07-15,9.019
2009-07-16,9.0015
2009-07-17,8.996
2009-07-20,9.0085
2009-07-21,8.9515
2009-07-22,8.92
2009-07-23,8.925
2009-07-24,8.86
2009-07-27,8.801
2009-07-28,8.766
2009-07-29,8.789
2009-07-30,8.749
2009-07-31,8.715
2009-08-03,8.68
2009-08-04,8.704
2009-08-05,8.6685
2009-08-06,8.6635
2009-08-07,8.7515
2009-08-10,8.694
2009-08-11,8.8265
2009-08-12,8.7325
2009-08-13,8.608
2009-08-14,8.6165
2009-08-17,8.7265
2009-08-18,8.6735
2009-08-19,8.67
2009-08-20,8.5955
2009-08-21,8.555
2009-08-24,8.5845
2009-08-25,8.6095
2009-08-26,8.624
2009-08-27,8.644
2009-08-28,8.629
2009-08-31,8.607
2009-09-01,8.612
2009-09-02,8.68
2009-09-03,8.62
2009-09-04,8.608
2009-09-07,8.585
2009-09-08,8.569
2009-09-09,8.611
2009-09-10,8.6635
2009-09-11,8.634
2009-09-14,8.6685
2009-09-15,8.639
2009-09-16,8.6065
2009-09-17,8.6265
2009-09-18,8.641
2009-09-21,8.65
2009-09-22,8.628
2009-09-23,8.564
2009-09-24,8.51
2009-09-25,8.502
2009-09-28,8.5275
2009-09-29,8.515
2009-09-30,8.46
2009-10-01,8.4455
2009-10-02,8.447
2009-10-05,8.446
2009-10-06,8.385
2009-10-07,8.364
2009-10-08,8.3533
2009-10-09,8.3025
2009-10-12,8.3275
2009-10-13,8.328
2009-10-14,8.284
2009-10-15,8.335
2009-10-16,8.35
2009-10-19,8.3525
2009-10-20,8.3225
2009-10-21,8.328
2009-10-22,8.327
2009-10-23,8.3275
2009-10-26,8.3255
2009-10-27,8.385
2009-10-28,8.4
2009-10-29,8.3835
2009-10-30,8.3915
2009-11-02,8.43
2009-11-03,8.5135
2009-11-04,8.4415
2009-11-05,8.4365
2009-11-06,8.434
2009-11-09,8.4195
2009-11-10,8.3835
2009-11-11,8.36
2009-11-12,8.3915
2009-11-13,8.3645
2009-11-16,8.337
2009-11-17,8.3475
2009-11-18,8.352
2009-11-19,8.392
2009-11-20,8.425
2009-11-23,8.376
2009-11-24,8.3765
2009-11-25,8.416
2009-11-26,8.5
2009-11-27,8.492
2009-11-30,8.5125
2009-12-01,8.4805
2009-12-02,8.421
2009-12-03,8.439
2009-12-04,8.49
2009-12-07,8.4675
2009-12-08,8.4915
2009-12-09,8.465
2009-12-10,8.4355
2009-12-11,8.4435
2009-12-14,8.4685
2009-12-15,8.4735
2009-12-16,8.3695
2009-12-17,8.405
2009-12-18,8.3955
2009-12-21,8.352
2009-12-22,8.365
2009-12-23,8.3525
2009-12-28,8.344
2009-12-29,8.3285
2009-12-30,8.322
2009-12-31,8.315
2010-01-04,8.229
2010-01-05,8.212
2010-01-06,8.188
2010-01-07,8.198
2010-01-08,8.1695
2010-01-11,8.1395
2010-01-12,8.1825
2010-01-13,8.1785
2010-01-14,8.164
2010-01-15,8.143
2010-01-18,8.1435
2010-01-19,8.1485
2010-01-20,8.1335
2010-01-21,8.1455
2010-01-22,8.1955
2010-01-25,8.202
2010-01-26,8.2505
2010-01-27,8.2195
2010-01-28,8.179
2010-01-29,8.212
2010-02-01,8.1965
2010-02-02,8.1435
2010-02-03,8.166
2010-02-04,8.169
2010-02-05,8.2195
2010-02-08,8.1705
2010-02-09,8.152
2010-02-10,8.111
2010-02-11,8.0975
2010-02-12,8.063
2010-02-15,8.053
2010-02-16,8.052
2010-02-17,8.006
2010-02-18,8.068
2010-02-19,8.1055
2010-02-22,8.035
2010-02-23,8.021
2010-02-24,8.029
2010-02-25,8.0405
2010-02-26,8.0435
2010-03-01,8.057
2010-03-02,8.0485
2010-03-03,8.0745
2010-03-04,8.0505
2010-03-05,8.049
2010-03-08,8.031
2010-03-09,8.041
2010-03-10,8.0125
2010-03-11,8.0115
2010-03-12,8.033
2010-03-15,8.0155
2010-03-16,8.0145
2010-03-17,8.01
2010-03-18,7.999
2010-03-19,7.973
2010-03-22,8.0445
2010-03-23,8.042
2010-03-24,8.028
2010-03-25,8.077
2010-03-26,8.098
2010-03-29,8.067
2010-03-30,8.041
2010-03-31,8.029
2010-04-06,8.0124
2010-04-07,7.965
2010-04-08,7.9505
2010-04-09,7.9365
2010-04-12,8.0085
2010-04-13,7.994
2010-04-14,7.9955
2010-04-15,7.952
2010-04-16,7.955
2010-04-19,7.983
2010-04-20,7.9475
2010-04-21,7.8955
2010-04-22,7.8995
2010-04-23,7.8765
2010-04-26,7.8505
2010-04-27,7.844
2010-04-28,7.875
2010-04-29,7.843
2010-04-30,7.8445
2010-05-03,7.8395
2010-05-04,7.8235
2010-05-05,7.8165
2010-05-06,7.7855
2010-05-07,7.954
2010-05-10,7.8685
2010-05-11,7.841
2010-05-12,7.7865
2010-05-14,7.726
2010-05-18,7.728
2010-05-19,7.802
2010-05-20,8.045
2010-05-21,8.143
2010-05-25,8.127
2010-05-26,7.9775
2010-05-27,7.986
2010-05-28,7.9615
2010-05-31,7.939
2010-06-01,7.942
2010-06-02,7.922
2010-06-03,7.866
2010-06-04,7.851
2010-06-07,7.937
2010-06-08,7.982
2010-06-09,7.9535
2010-06-10,7.865
2010-06-11,7.835
2010-06-14,7.8175
2010-06-15,7.8515
2010-06-16,7.878
2010-06-17,7.8705
2010-06-18,7.8615
2010-06-21,7.8575
2010-06-22,7.933
2010-06-23,7.929
2010-06-24,7.978
2010-06-25,7.9885
2010-06-28,7.937
2010-06-29,7.9085
2010-06-30,7.9725
2010-07-01,8.045
2010-07-02,8.063
2010-07-05,8.059
2010-07-06,8.0685
2010-07-07,8.101
2010-07-08,8.066
2010-07-09,8.042
2010-07-12,8.016
2010-07-13,7.957
2010-07-14,7.926
2010-07-15,7.9265
2010-07-16,8.053
2010-07-19,8.142
2010-07-20,8.129
2010-07-21,8.0135
2010-07-22,7.975
2010-07-23,7.966
2010-07-26,8.002
2010-07-27,7.9995
2010-07-28,7.981
2010-07-29,7.9705
2010-07-30,7.9405
2010-08-02,7.8595
2010-08-03,7.8815
2010-08-04,7.887
2010-08-05,7.8765
2010-08-06,7.8775
2010-08-09,7.8975
2010-08-10,7.898
2010-08-11,7.9665
2010-08-12,7.9645
2010-08-13,7.926
2010-08-16,7.954
2010-08-17,7.9065
2010-08-18,7.93
2010-08-19,7.8945
2010-08-20,7.964
2010-08-23,7.903
2010-08-24,7.941
2010-08-25,8.0165
2010-08-26,8.004
2010-08-27,7.9785
2010-08-30,7.965
2010-08-31,8.0245
2010-09-01,7.9425
2010-09-02,7.901
2010-09-03,7.889
2010-09-06,7.88
2010-09-07,7.891
2010-09-08,7.881
2010-09-09,7.8725
2010-09-10,7.876
2010-09-13,7.852
2010-09-14,7.878
2010-09-15,7.897
2010-09-16,7.9555
2010-09-17,7.965
2010-09-20,7.954
2010-09-21,7.9295
2010-09-22,7.8965
2010-09-23,7.9195
2010-09-24,7.9475
2010-09-27,7.9145
2010-09-28,7.967
2010-09-29,7.967
2010-09-30,7.968
2010-10-01,8.04
2010-10-04,8.03
2010-10-05,8.041
2010-10-06,8.034
2010-10-07,8.083
2010-10-08,8.1
2010-10-11,8.1235
2010-10-12,8.124
2010-10-13,8.135
2010-10-14,8.0695
2010-10-15,8.0925
2010-10-18,8.15
2010-10-19,8.169
2010-10-20,8.1585
2010-10-21,8.1385
2010-10-22,8.143
2010-10-25,8.0935
2010-10-26,8.12
2010-10-27,8.145
2010-10-28,8.15
2010-10-29,8.192
2010-11-01,8.1455
2010-11-02,8.203
2010-11-03,8.208
2010-11-04,8.148
2010-11-05,8.119
2010-11-08,8.085
2010-11-09,8.077
2010-11-10,8.076
2010-11-11,8.091
2010-11-12,8.133
2010-11-15,8.1355
2010-11-16,8.167
2010-11-17,8.185
2010-11-18,8.162
2010-11-19,8.2
2010-11-22,8.207
2010-11-23,8.207
2010-11-24,8.1445
2010-11-25,8.1275
2010-11-26,8.177
2010-11-29,8.1285
2010-11-30,8.091
2010-12-01,8.06
2010-12-02,8.06
2010-12-03,8.005
2010-12-06,7.9785
2010-12-07,7.966
2010-12-08,7.9625
2010-12-09,7.955
2010-12-10,7.9375
2010-12-13,7.9265
2010-12-14,7.896
2010-12-15,7.866
2010-12-16,7.895
2010-12-17,7.8925
2010-12-20,7.8605
2010-12-21,7.862
2010-12-22,7.8715
2010-12-23,7.837
2010-12-27,7.835
2010-12-28,7.8255
2010-12-29,7.809
2010-12-30,7.819
2010-12-31,7.8125
2011-01-03,7.78
2011-01-04,7.809
2011-01-05,7.7895
2011-01-06,7.7475
2011-01-07,7.726
2011-01-10,7.7085
2011-01-11,7.726
2011-01-12,7.706
2011-01-13,7.797
2011-01-14,7.85
2011-01-17,7.786
2011-01-18,7.82
2011-01-19,7.826
2011-01-20,7.8745
2011-01-21,7.892
2011-01-24,7.883
2011-01-25,7.848
2011-01-26,7.8665
2011-01-27,7.923
2011-01-28,7.933
2011-01-31,7.927
2011-02-01,7.882
2011-02-02,7.884
2011-02-03,7.8585
2011-02-04,7.8075
2011-02-07,7.8385
2011-02-08,7.859
2011-02-09,7.8685
2011-02-10,7.932
2011-02-11,7.93
2011-02-14,7.877
2011-02-15,7.8335
2011-02-16,7.8275
2011-02-17,7.8075
2011-02-18,7.7555
2011-02-21,7.769
2011-02-22,7.7515
2011-02-23,7.739
2011-02-24,7.719
2011-02-25,7.764
2011-02-28,7.709
2011-03-01,7.712
2011-03-02,7.702
2011-03-03,7.7145
2011-03-04,7.78
2011-03-07,7.76
2011-03-08,7.755
2011-03-09,7.751
2011-03-10,7.782
2011-03-11,7.8055
2011-03-14,7.829
2011-03-15,7.914
2011-03-16,7.869
2011-03-17,7.8985
2011-03-18,7.883
2011-03-21,7.8795
2011-03-22,7.906
2011-03-23,7.891
2011-03-24,7.883
2011-03-25,7.884
2011-03-28,7.8745
2011-03-29,7.904
2011-03-30,7.8675
2011-03-31,7.833
2011-04-01,7.8055
2011-04-04,7.8205
2011-04-05,7.791
2011-04-06,7.785
2011-04-07,7.8175
2011-04-08,7.802
2011-04-11,7.8125
2011-04-12,7.877
2011-04-13,7.862
2011-04-14,7.858
2011-04-15,7.808
2011-04-18,7.788
2011-04-19,7.7635
2011-04-20,7.7735
2011-04-26,7.78
2011-04-27,7.7885
2011-04-28,7.809
2011-04-29,7.782
2011-05-02,7.78
2011-05-03,7.7995
2011-05-04,7.871
2011-05-05,7.93
2011-05-06,7.945
2011-05-09,7.8665
2011-05-10,7.8035
2011-05-11,7.789
2011-05-12,7.801
2011-05-13,7.8405
2011-05-16,7.867
2011-05-18,7.936
2011-05-19,7.8725
2011-05-20,7.828
2011-05-23,7.8475
2011-05-24,7.8385
2011-05-25,7.824
2011-05-26,7.79
2011-05-27,7.769
2011-05-30,7.7485
2011-05-31,7.759
2011-06-01,7.731
2011-06-03,7.7965
2011-06-06,7.8235
2011-06-07,7.8395
2011-06-08,7.8855
2011-06-09,7.873
2011-06-10,7.8555
2011-06-14,7.7965
2011-06-15,7.82
2011-06-16,7.8785
2011-06-17,7.8695
2011-06-20,7.9265
2011-06-21,7.912
2011-06-22,7.8665
2011-06-23,7.803
2011-06-24,7.7825
2011-06-27,7.7845
2011-06-28,7.802
2011-06-29,7.8055
2011-06-30,7.7875
2011-07-01,7.79
2011-07-04,7.7605
2011-07-05,7.7525
2011-07-06,7.7665
2011-07-07,7.742
2011-07-08,7.745
2011-07-11,7.744
2011-07-12,7.772
2011-07-13,7.8355
2011-07-14,7.838
2011-07-15,7.8665
2011-07-18,7.867
2011-07-19,7.862
2011-07-20,7.804
2011-07-21,7.775
2011-07-22,7.7675
2011-07-25,7.7715
2011-07-26,7.7575
2011-07-27,7.7615
2011-07-28,7.7245
2011-07-29,7.737
2011-08-01,7.6935
2011-08-02,7.646
2011-08-03,7.682
2011-08-04,7.7405
2011-08-05,7.784
2011-08-08,7.768
2011-08-09,7.8295
2011-08-10,7.8105
2011-08-11,7.8205
2011-08-12,7.826
2011-08-15,7.8705
2011-08-16,7.865
2011-08-17,7.7985
2011-08-18,7.8035
2011-08-19,7.8575
2011-08-22,7.836
2011-08-23,7.808
2011-08-24,7.8425
2011-08-25,7.788
2011-08-26,7.7735
2011-08-29,7.774
2011-08-30,7.772
2011-08-31,7.7395
2011-09-01,7.685
2011-09-02,7.6765
2011-09-05,7.6725
2011-09-06,7.5965
2011-09-07,7.5425
2011-09-08,7.5585
2011-09-09,7.5315
2011-09-12,7.5905
2011-09-13,7.7275
2011-09-14,7.746
2011-09-15,7.7355
2011-09-16,7.738
2011-09-19,7.741
2011-09-20,7.7615
2011-09-21,7.757
2011-09-22,7.827
2011-09-23,7.8855
2011-09-26,7.826
2011-09-27,7.79
2011-09-28,7.815
2011-09-29,7.843
2011-09-30,7.888
2011-10-03,7.826
2011-10-04,7.836
2011-10-05,7.8105
2011-10-06,7.8245
2011-10-07,7.8
2011-10-10,7.8025
2011-10-11,7.781
2011-10-12,7.783
2011-10-13,7.757
2011-10-14,7.7455
2011-10-17,7.732
2011-10-18,7.7605
2011-10-19,7.735
2011-10-20,7.7085
2011-10-21,7.706
2011-10-24,7.6915
2011-10-25,7.6855
2011-10-26,7.68
2011-10-27,7.656
2011-10-28,7.6725
2011-10-31,7.7015
2011-11-01,7.758
2011-11-02,7.7585
2011-11-03,7.721
2011-11-04,7.764
2011-11-07,7.7475
2011-11-08,7.725
2011-11-09,7.7645
2011-11-10,7.742
2011-11-11,7.752
2011-11-14,7.754
2011-11-15,7.8
2011-11-16,7.793
2011-11-17,7.8205
2011-11-18,7.82
2011-11-21,7.8405
2011-11-22,7.825
2011-11-23,7.8185
2011-11-24,7.831
2011-11-25,7.836
2011-11-28,7.8355
2011-11-29,7.8495
2011-11-30,7.753
2011-12-01,7.783
2011-12-02,7.766
2011-12-05,7.726
2011-12-06,7.716
2011-12-07,7.6935
2011-12-08,7.684
2011-12-09,7.677
2011-12-12,7.7015
2011-12-13,7.711
2011-12-14,7.766
2011-12-15,7.7675
2011-12-16,7.7815
2011-12-19,7.7475
2011-12-20,7.708
2011-12-21,7.752
2011-12-22,7.764
2011-12-23,7.782
2011-12-27,7.7945
2011-12-28,7.799
2011-12-29,7.774
2011-12-30,7.754
2012-01-02,7.754
2012-01-03,7.735
2012-01-04,7.7005
2012-01-05,7.6825
2012-01-06,7.6745
2012-01-09,7.657
2012-01-10,7.6555
2012-01-11,7.6505
2012-01-12,7.677
2012-01-13,7.693
2012-01-16,7.6705
2012-01-17,7.6635
2012-01-18,7.7045
2012-01-19,7.662
2012-01-20,7.66
2012-01-23,7.6645
2012-01-24,7.639
2012-01-25,7.6825
2012-01-26,7.6465
2012-01-27,7.645
2012-01-30,7.681
2012-01-31,7.656
2012-02-01,7.654
2012-02-02,7.648
2012-02-03,7.644
2012-02-06,7.5925
2012-02-07,7.6225
2012-02-08,7.629
2012-02-09,7.63
2012-02-10,7.618
2012-02-13,7.571
2012-02-14,7.535
2012-02-15,7.5285
2012-02-16,7.5515
2012-02-17,7.4975
2012-02-20,7.488
2012-02-21,7.52
2012-02-22,7.5
2012-02-23,7.471
2012-02-24,7.4785
2012-02-27,7.4975
2012-02-28,7.48
2012-02-29,7.4405
2012-03-01,7.4225
2012-03-02,7.4205
2012-03-05,7.42
2012-03-06,7.452
2012-03-07,7.448
2012-03-08,7.421
2012-03-09,7.46
2012-03-12,7.4795
2012-03-13,7.4515
2012-03-14,7.547
2012-03-15,7.5665
2012-03-16,7.548
2012-03-19,7.5505
2012-03-20,7.606
2012-03-21,7.6105
2012-03-22,7.624
2012-03-23,7.638
2012-03-26,7.609
2012-03-27,7.571
2012-03-28,7.611
2012-03-29,7.632
2012-03-30,7.604
2012-04-02,7.5505
2012-04-03,7.56
2012-04-04,7.572
2012-04-10,7.5815
2012-04-11,7.604
2012-04-12,7.61
2012-04-13,7.599
2012-04-16,7.553
2012-04-17,7.5475
2012-04-18,7.5525
2012-04-19,7.5485
2012-04-20,7.547
2012-04-23,7.559
2012-04-24,7.5565
2012-04-25,7.5625
2012-04-26,7.5765
2012-04-27,7.588
2012-04-30,7.5875
2012-05-02,7.5525
2012-05-03,7.5405
2012-05-04,7.561
2012-05-07,7.5635
2012-05-08,7.5605
2012-05-09,7.563
2012-05-10,7.5575
2012-05-11,7.5815
2012-05-14,7.5915
2012-05-15,7.6185
2012-05-16,7.621
2012-05-18,7.5975
2012-05-21,7.6265
2012-05-22,7.5715
2012-05-23,7.573
2012-05-24,7.536
2012-05-25,7.551
2012-05-29,7.5205
2012-05-30,7.5145
2012-05-31,7.5235
2012-06-01,7.5745
2012-06-04,7.603
2012-06-05,7.5945
2012-06-06,7.6065
2012-06-07,7.5885
2012-06-08,7.5995
2012-06-11,7.556
2012-06-12,7.5465
2012-06-13,7.5115
2012-06-14,7.507
2012-06-15,7.524
2012-06-18,7.526
2012-06-19,7.517
2012-06-20,7.506
2012-06-21,7.496
2012-06-22,7.4865
2012-06-25,7.498
2012-06-26,7.4995
2012-06-27,7.523
2012-06-28,7.5465
2012-06-29,7.533
2012-07-02,7.5255
2012-07-03,7.5195
2012-07-04,7.5165
2012-07-05,7.476
2012-07-06,7.519
2012-07-09,7.4965
2012-07-10,7.4865
2012-07-11,7.4745
2012-07-12,7.471
2012-07-13,7.441
2012-07-16,7.4525
2012-07-17,7.475
2012-07-18,7.4825
2012-07-19,7.4775
2012-07-20,7.423
2012-07-23,7.381
2012-07-24,7.372
2012-07-25,7.3695
2012-07-26,7.399
2012-07-27,7.473
2012-07-30,7.422
2012-07-31,7.4215
2012-08-01,7.385
2012-08-02,7.4045
2012-08-03,7.37
2012-08-06,7.3945
2012-08-07,7.3575
2012-08-08,7.304
2012-08-09,7.2955
2012-08-10,7.27
2012-08-13,7.3065
2012-08-14,7.301
2012-08-15,7.2955
2012-08-16,7.337
2012-08-17,7.3295
2012-08-20,7.313
2012-08-21,7.3235
2012-08-22,7.352
2012-08-23,7.341
2012-08-24,7.302
2012-08-27,7.295
2012-08-28,7.29
2012-08-29,7.3125
2012-08-30,7.2775
2012-08-31,7.2925
2012-09-03,7.3015
2012-09-04,7.289
2012-09-05,7.307
2012-09-06,7.3725
2012-09-07,7.373
2012-09-10,7.39
2012-09-11,7.389
2012-09-12,7.407
2012-09-13,7.419
2012-09-14,7.4285
2012-09-17,7.4725
2012-09-18,7.4655
2012-09-19,7.4315
2012-09-20,7.432
2012-09-21,7.4215
2012-09-24,7.437
2012-09-25,7.4
2012-09-26,7.403
2012-09-27,7.38
2012-09-28,7.3695
2012-10-01,7.378
2012-10-02,7.373
2012-10-03,7.4115
2012-10-04,7.4285
2012-10-05,7.3935
2012-10-08,7.402
2012-10-09,7.405
2012-10-10,7.3985
2012-10-11,7.3825
2012-10-12,7.4005
2012-10-15,7.41
2012-10-16,7.391
2012-10-17,7.396
2012-10-18,7.377
2012-10-19,7.384
2012-10-22,7.3865
2012-10-23,7.417
2012-10-24,7.435
2012-10-25,7.4615
2012-10-26,7.4675
2012-10-29,7.452
2012-10-30,7.438
2012-10-31,7.3855
2012-11-01,7.3705
2012-11-02,7.3305
2012-11-05,7.3425
2012-11-06,7.322
2012-11-07,7.3195
2012-11-08,7.302
2012-11-09,7.3015
2012-11-12,7.303
2012-11-13,7.326
2012-11-14,7.322
2012-11-15,7.3595
2012-11-16,7.3695
2012-11-19,7.3715
2012-11-20,7.335
2012-11-21,7.326
2012-11-22,7.325
2012-11-23,7.329
2012-11-26,7.337
2012-11-27,7.3575
2012-11-28,7.3415
2012-11-29,7.35
2012-11-30,7.376
2012-12-03,7.349
2012-12-04,7.3465
2012-12-05,7.356
2012-12-06,7.336
2012-12-07,7.3305
2012-12-10,7.325
2012-12-11,7.3375
2012-12-12,7.3295
2012-12-13,7.3325
2012-12-14,7.3715
2012-12-17,7.3705
2012-12-18,7.385
2012-12-19,7.3755
2012-12-20,7.3645
2012-12-21,7.3155
2012-12-27,7.376
2012-12-28,7.3375
2012-12-31,7.341
2013-01-02,7.3175
2013-01-03,7.2915
2013-01-04,7.299
2013-01-07,7.306
2013-01-08,7.3255
2013-01-09,7.325
2013-01-10,7.298
2013-01-11,7.349
2013-01-14,7.3625
2013-01-15,7.3995
2013-01-16,7.42
2013-01-17,7.4055
2013-01-18,7.46
2013-01-21,7.444
2013-01-22,7.442
2013-01-23,7.4015
2013-01-24,7.4135
2013-01-25,7.424
2013-01-28,7.442
2013-01-29,7.411
2013-01-30,7.435
2013-01-31,7.435
2013-02-01,7.4275
2013-02-04,7.4275
2013-02-05,7.414
2013-02-06,7.423
2013-02-07,7.435
2013-02-08,7.391
2013-02-11,7.3795
2013-02-12,7.387
2013-02-13,7.371
2013-02-14,7.3605
2013-02-15,7.3945
2013-02-18,7.407
2013-02-19,7.417
2013-02-20,7.4065
2013-02-21,7.4755
2013-02-22,7.467
2013-02-25,7.4675
2013-02-26,7.4595
2013-02-27,7.467
2013-02-28,7.487
2013-03-01,7.4855
2013-03-04,7.4455
2013-03-05,7.44
2013-03-06,7.425
2013-03-07,7.4165
2013-03-08,7.4435
2013-03-11,7.4385
2013-03-12,7.4455
2013-03-13,7.443
2013-03-14,7.532
2013-03-15,7.5325
2013-03-18,7.5015
2013-03-19,7.5205
2013-03-20,7.545
2013-03-21,7.548
2013-03-22,7.5395
2013-03-25,7.543
2013-03-26,7.4975
2013-03-27,7.474
2013-04-02,7.467
2013-04-03,7.4465
2013-04-04,7.449
2013-04-05,7.4475
2013-04-08,7.454
2013-04-09,7.486
2013-04-10,7.506
2013-04-11,7.477
2013-04-12,7.482
2013-04-15,7.5005
2013-04-16,7.522
2013-04-17,7.555
2013-04-18,7.587
2013-04-19,7.5965
2013-04-22,7.609
2013-04-23,7.6775
2013-04-24,7.678
2013-04-25,7.6535
2013-04-26,7.6215
2013-04-29,7.609
2013-04-30,7.6075
2013-05-02,7.5865
2013-05-03,7.6075
2013-05-06,7.624
2013-05-07,7.6395
2013-05-08,7.591
2013-05-10,7.526
2013-05-13,7.533
2013-05-14,7.5405
2013-05-15,7.5415
2013-05-16,7.536
2013-05-21,7.5065
2013-05-22,7.465
2013-05-23,7.534
2013-05-24,7.5285
2013-05-27,7.548
2013-05-28,7.553
2013-05-29,7.6
2013-05-30,7.619
2013-05-31,7.614
2013-06-03,7.597
2013-06-04,7.5975
2013-06-05,7.605
2013-06-06,7.581
2013-06-07,7.6305
2013-06-10,7.612
2013-06-11,7.686
2013-06-12,7.665
2013-06-13,7.677
2013-06-14,7.6405
2013-06-17,7.6345
2013-06-18,7.6935
2013-06-19,7.6765
2013-06-20,7.85
2013-06-21,7.909
2013-06-24,8.04
2013-06-25,7.98
2013-06-26,7.947
2013-06-27,7.881
2013-06-28,7.8845
2013-07-01,7.8985
2013-07-02,7.92
2013-07-03,7.9355
2013-07-04,7.935
2013-07-05,7.9525
2013-07-08,7.965
2013-07-09,7.9
2013-07-10,7.855
2013-07-11,7.929
2013-07-12,7.913
2013-07-15,7.931
2013-07-16,7.8935
2013-07-17,7.8775
2013-07-18,7.8535
2013-07-19,7.856
2013-07-22,7.823
2013-07-23,7.816
2013-07-24,7.7845
2013-07-25,7.8255
2013-07-26,7.864
2013-07-29,7.8605
2013-07-30,7.872
2013-07-31,7.8655
2013-08-01,7.8345
2013-08-02,7.8655
2013-08-05,7.855
2013-08-06,7.861
2013-08-07,7.8995
2013-08-08,7.884
2013-08-09,7.817
2013-08-12,7.8085
2013-08-13,7.796
2013-08-14,7.813
2013-08-15,7.8435
2013-08-16,7.9015
2013-08-19,7.904
2013-08-20,7.986
2013-08-21,8.0535
2013-08-22,8.1225
2013-08-23,8.094
2013-08-26,8.083
2013-08-27,8.029
2013-08-28,8.059
2013-08-29,8.049
2013-08-30,8.0905
2013-09-02,8.0095
2013-09-03,8.001
2013-09-04,8.0035
2013-09-05,8.048
2013-09-06,8.002
2013-09-09,8.022
2013-09-10,7.861
2013-09-11,7.85
2013-09-12,7.8555
2013-09-13,7.8695
2013-09-16,7.892
2013-09-17,7.8655
2013-09-18,7.8915
2013-09-19,7.842
2013-09-20,8.0065
2013-09-23,7.971
2013-09-24,8.02
2013-09-25,8.133
2013-09-26,8.0625
2013-09-27,8.103
2013-09-30,8.114
2013-10-01,8.131
2013-10-02,8.132
2013-10-03,8.109
2013-10-04,8.1145
2013-10-07,8.127
2013-10-08,8.082
2013-10-09,8.11
2013-10-10,8.19
2013-10-11,8.1285
2013-10-14,8.1325
2013-10-15,8.118
2013-10-16,8.1365
2013-10-17,8.115
2013-10-18,8.0985
2013-10-21,8.092
2013-10-22,8.1335
2013-10-23,8.136
2013-10-24,8.121
2013-10-25,8.137
2013-10-28,8.13
2013-10-29,8.1195
2013-10-30,8.08
2013-10-31,8.104
2013-11-01,8.046
2013-11-04,8.0165
2013-11-05,8.052
2013-11-06,8.0505
2013-11-07,8.016
2013-11-08,8.1755
2013-11-11,8.2065
2013-11-12,8.2995
2013-11-13,8.338
2013-11-14,8.331
2013-11-15,8.2535
2013-11-18,8.2685
2013-11-19,8.2285
2013-11-20,8.228
2013-11-21,8.2065
2013-11-22,8.2065
2013-11-25,8.2755
2013-11-26,8.2685
2013-11-27,8.253
2013-11-28,8.276
2013-11-29,8.32
2013-12-02,8.3095
2013-12-03,8.29
2013-12-04,8.3105
2013-12-05,8.4035
2013-12-06,8.434
2013-12-09,8.4285
2013-12-10,8.4015
2013-12-11,8.4215
2013-12-12,8.4765
2013-12-13,8.49
2013-12-16,8.4345
2013-12-17,8.46
2013-12-18,8.3795
2013-12-19,8.383
2013-12-20,8.416
2013-12-23,8.3975
2013-12-27,8.4475
2013-12-30,8.4255
2013-12-31,8.3825
2014-01-02,8.4025
2014-01-03,8.3585
2014-01-06,8.39
2014-01-07,8.385
2014-01-08,8.411
2014-01-09,8.4075
2014-01-10,8.4025
2014-01-13,8.362
2014-01-14,8.334
2014-01-15,8.3185
2014-01-16,8.389
2014-01-17,8.3795
2014-01-20,8.3775
2014-01-21,8.372
2014-01-22,8.3655
2014-01-23,8.3325
2014-01-24,8.3915
2014-01-27,8.438
2014-01-28,8.405
2014-01-29,8.438
2014-01-30,8.468
2014-01-31,8.511
2014-02-03,8.4525
2014-02-04,8.52
2014-02-05,8.458
2014-02-06,8.4
2014-02-07,8.412
2014-02-10,8.358
2014-02-11,8.368
2014-02-12,8.332
2014-02-13,8.3365
2014-02-14,8.355
2014-02-17,8.32
2014-02-18,8.343
2014-02-19,8.3185
2014-02-20,8.3625
2014-02-21,8.367
2014-02-24,8.278
2014-02-25,8.288
2014-02-26,8.307
2014-02-27,8.2735
2014-02-28,8.275
2014-03-03,8.3175
2014-03-04,8.2485
2014-03-05,8.2305
2014-03-06,8.2265
2014-03-07,8.278
2014-03-10,8.282
2014-03-11,8.2385
2014-03-12,8.287
2014-03-13,8.2575
2014-03-14,8.3075
2014-03-17,8.28
2014-03-18,8.305
2014-03-19,8.3175
2014-03-20,8.3705
2014-03-21,8.3695
2014-03-24,8.3495
2014-03-25,8.34
2014-03-26,8.332
2014-03-27,8.2655
2014-03-28,8.2455
2014-03-31,8.255
2014-04-01,8.227
2014-04-02,8.215
2014-04-03,8.23
2014-04-04,8.2125
2014-04-07,8.2405
2014-04-08,8.236
2014-04-09,8.2195
2014-04-10,8.216
2014-04-11,8.2605
2014-04-14,8.24
2014-04-15,8.2295
2014-04-16,8.23
2014-04-22,8.2615
2014-04-23,8.2715
2014-04-24,8.2785
2014-04-25,8.2845
2014-04-28,8.3145
2014-04-29,8.281
2014-04-30,8.272
2014-05-02,8.2355
2014-05-05,8.2605
2014-05-06,8.242
2014-05-07,8.2235
2014-05-08,8.178
2014-05-09,8.137
2014-05-12,8.1395
2014-05-13,8.13
2014-05-14,8.1165
2014-05-15,8.105
2014-05-16,8.1505
2014-05-19,8.1355
2014-05-20,8.136
2014-05-21,8.139
2014-05-22,8.12
2014-05-23,8.1305
2014-05-26,8.1245
2014-05-27,8.1185
2014-05-28,8.102
2014-05-30,8.1425
2014-06-02,8.1605
2014-06-03,8.1815
2014-06-04,8.1655
2014-06-05,8.136
2014-06-06,8.1495
2014-06-10,8.089
2014-06-11,8.1085
2014-06-12,8.1085
2014-06-13,8.1255
2014-06-16,8.119
2014-06-17,8.13
2014-06-18,8.1695
2014-06-19,8.314
2014-06-20,8.342
2014-06-23,8.324
2014-06-24,8.3035
2014-06-25,8.3585
2014-06-26,8.3565
2014-06-27,8.368
2014-06-30,8.4035
2014-07-01,8.438
2014-07-02,8.425
2014-07-03,8.481
2014-07-04,8.4115
2014-07-07,8.402
2014-07-08,8.3965
2014-07-09,8.4035
2014-07-10,8.377
2014-07-11,8.377
2014-07-14,8.41
2014-07-15,8.4305
2014-07-16,8.385
2014-07-17,8.3825
2014-07-18,8.3575
2014-07-21,8.3975
2014-07-22,8.344
2014-07-23,8.3235
2014-07-24,8.361
2014-07-25,8.3395
2014-07-28,8.3365
2014-07-29,8.362
2014-07-30,8.377
2014-07-31,8.405
2014-08-01,8.439
2014-08-04,8.4285
2014-08-05,8.3865
2014-08-06,8.4105
2014-08-07,8.37
2014-08-08,8.36
2014-08-11,8.279
2014-08-12,8.2425
2014-08-13,8.2375
2014-08-14,8.226
2014-08-15,8.2205
2014-08-18,8.2315
2014-08-19,8.1975
2014-08-20,8.2035
2014-08-21,8.163
2014-08-22,8.1495
2014-08-25,8.1515
2014-08-26,8.146
2014-08-27,8.1555
2014-08-28,8.1525
2014-08-29,8.1465
2014-09-01,8.133
2014-09-02,8.122
2014-09-03,8.1605
2014-09-04,8.1175
2014-09-05,8.137
2014-09-08,8.154
2014-09-09,8.1715
2014-09-10,8.2005
2014-09-11,8.2035
2014-09-12,8.2405
2014-09-15,8.275
2014-09-16,8.279
2014-09-17,8.304
2014-09-18,8.1895
2014-09-19,8.154
2014-09-22,8.1475
2014-09-23,8.1595
2014-09-24,8.179
2014-09-25,8.145
2014-09-26,8.1675
2014-09-29,8.196
2014-09-30,8.119
2014-10-01,8.142
2014-10-02,8.1475
2014-10-03,8.1785
2014-10-06,8.1575
2014-10-07,8.165
2014-10-08,8.1945
2014-10-09,8.191
2014-10-10,8.258
2014-10-13,8.2295
2014-10-14,8.29
2014-10-15,8.38
2014-10-16,8.4565
2014-10-17,8.3815
2014-10-20,8.39
2014-10-21,8.367
2014-10-22,8.3815
2014-10-23,8.309
2014-10-24,8.34
2014-10-27,8.395
2014-10-28,8.4415
2014-10-29,8.4675
2014-10-30,8.4605
2014-10-31,8.49
2014-11-03,8.464
2014-11-04,8.5775
2014-11-05,8.574
2014-11-06,8.5165
2014-11-07,8.4965
2014-11-10,8.4235
2014-11-11,8.4865
2014-11-12,8.4415
2014-11-13,8.4565
2014-11-14,8.453
2014-11-17,8.444
2014-11-18,8.429
2014-11-19,8.493
2014-11-20,8.492
2014-11-21,8.402
2014-11-24,8.407
2014-11-25,8.463
2014-11-26,8.51
2014-11-27,8.597
2014-11-28,8.6975
2014-12-01,8.6745
2014-12-02,8.697
2014-12-03,8.656
2014-12-04,8.721
2014-12-05,8.8105
2014-12-08,8.7975
2014-12-09,8.8105
2014-12-10,8.8765
2014-12-11,9.006
2014-12-12,9.119
2014-12-15,9.1765
2014-12-16,9.542
2014-12-17,9.2505
2014-12-18,9.0645
2014-12-19,9.0145
2014-12-22,9.0565
2014-12-23,9.029
2014-12-29,9.0475
2014-12-30,9.042
2014-12-31,9.0365
2015-01-02,9.042
2015-01-05,9.1075
2015-01-06,9.1795
2015-01-07,9.15
2015-01-08,9.028
2015-01-09,9.0605
2015-01-12,9.1275
2015-01-13,9.115
2015-01-14,9.056
2015-01-15,8.914
2015-01-16,8.7985
2015-01-19,8.8325
2015-01-20,8.8015
2015-01-21,8.825
2015-01-22,8.831
2015-01-23,8.7055
2015-01-26,8.7345
2015-01-27,8.813
2015-01-28,8.795
2015-01-29,8.823
2015-01-30,8.8335
2015-02-02,8.7225
2015-02-03,8.637
2015-02-04,8.6305
2015-02-05,8.637
2015-02-06,8.5715
2015-02-09,8.6145
2015-02-10,8.5665
2015-02-11,8.602
2015-02-12,8.7425
2015-02-13,8.6535
2015-02-16,8.6035
2015-02-17,8.5725
2015-02-18,8.548
2015-02-19,8.645
2015-02-20,8.593
2015-02-23,8.6405
2015-02-24,8.625
2015-02-25,8.6325
2015-02-26,8.564
2015-02-27,8.574
2015-03-02,8.6085
2015-03-03,8.6095
2015-03-04,8.6145
2015-03-05,8.546
2015-03-06,8.542
2015-03-09,8.5785
2015-03-10,8.6395
2015-03-11,8.657
2015-03-12,8.591
2015-03-13,8.6255
2015-03-16,8.686
2015-03-17,8.7915
2015-03-18,8.9
2015-03-19,8.6355
2015-03-20,8.7125
2015-03-23,8.6275
2015-03-24,8.5935
2015-03-25,8.593
2015-03-26,8.6005
2015-03-27,8.645
2015-03-30,8.6545
2015-03-31,8.7035
2015-04-01,8.6845
2015-04-07,8.73
2015-04-08,8.6766
2015-04-09,8.662
2015-04-10,8.613
2015-04-13,8.548
2015-04-14,8.482
2015-04-15,8.415
2015-04-16,8.3725
2015-04-17,8.397
2015-04-20,8.442
2015-04-21,8.425
2015-04-22,8.443
2015-04-23,8.516
2015-04-24,8.475
2015-04-27,8.4345
2015-04-28,8.392
2015-04-29,8.385
2015-04-30,8.3845
2015-05-04,8.463
2015-05-05,8.4475
2015-05-06,8.413
2015-05-07,8.3275
2015-05-08,8.3815
2015-05-11,8.4245
2015-05-12,8.3945
2015-05-13,8.357
2015-05-15,8.3745
2015-05-18,8.3815
2015-05-19,8.3545
2015-05-20,8.3975
2015-05-21,8.433
2015-05-22,8.4135
2015-05-26,8.3685
2015-05-27,8.4255
2015-05-28,8.491
2015-05-29,8.536
2015-06-01,8.7065
2015-06-02,8.6755
2015-06-03,8.7145
2015-06-04,8.737
2015-06-05,8.8085
2015-06-08,8.827
2015-06-09,8.778
2015-06-10,8.699
2015-06-11,8.786
2015-06-12,8.695
2015-06-15,8.712
2015-06-16,8.723
2015-06-17,8.7245
2015-06-18,8.831
2015-06-19,8.8255
2015-06-22,8.742
2015-06-23,8.7255
2015-06-24,8.769
2015-06-25,8.7595
2015-06-26,8.773
2015-06-29,8.8065
2015-06-30,8.791
2015-07-01,8.7435
2015-07-02,8.795
2015-07-03,8.85
2015-07-06,8.9095
2015-07-07,8.983
2015-07-08,9.07
2015-07-09,9.0185
2015-07-10,8.9005
2015-07-13,8.9035
2015-07-14,8.9925
2015-07-15,8.9405
2015-07-16,8.858
2015-07-17,8.8805
2015-07-20,8.8955
2015-07-21,8.9165
2015-07-22,8.899
2015-07-23,8.963
2015-07-24,8.9955
2015-07-27,9.042
2015-07-28,9.0215
2015-07-29,8.9975
2015-07-30,8.943
2015-07-31,9.0015
2015-08-03,9.0005
2015-08-04,9.0015
2015-08-05,8.9955
2015-08-06,9.026
2015-08-07,9.041
2015-08-10,9.026
2015-08-11,9.0835
2015-08-12,9.076
2015-08-13,9.0745
2015-08-14,9.1375
2015-08-17,9.1585
2015-08-18,9.1555
2015-08-19,9.168
2015-08-20,9.2325
2015-08-21,9.2745
2015-08-24,9.369
2015-08-25,9.3885
2015-08-26,9.502
2015-08-27,9.4025
2015-08-28,9.34
2015-08-31,9.3585
2015-09-01,9.356
2015-09-02,9.3015
2015-09-03,9.273
2015-09-04,9.2165
2015-09-07,9.2645
2015-09-08,9.2245
2015-09-09,9.2
2015-09-10,9.176
2015-09-11,9.271
2015-09-14,9.257
2015-09-15,9.2565
2015-09-16,9.2385
2015-09-17,9.2165
2015-09-18,9.237
2015-09-21,9.2205
2015-09-22,9.2145
2015-09-23,9.237
2015-09-24,9.463
2015-09-25,9.513
2015-09-28,9.582
2015-09-29,9.522
2015-09-30,9.5245
2015-10-01,9.4565
2015-10-02,9.4125
2015-10-05,9.387
2015-10-06,9.3765
2015-10-07,9.258
2015-10-08,9.2185
2015-10-09,9.1895
2015-10-12,9.158
2015-10-13,9.269
2015-10-14,9.24
2015-10-15,9.217
2015-10-16,9.2005
2015-10-19,9.185
2015-10-20,9.2355
2015-10-21,9.2625
2015-10-22,9.274
2015-10-23,9.2525
2015-10-26,9.226
2015-10-27,9.363
2015-10-28,9.42
2015-10-29,9.367
2015-10-30,9.393
2015-11-02,9.337
2015-11-03,9.341
2015-11-04,9.3275
2015-11-05,9.3065
2015-11-06,9.2715
2015-11-09,9.2875
2015-11-10,9.2765
2015-11-11,9.223
2015-11-12,9.324
2015-11-13,9.332
2015-11-16,9.305
2015-11-17,9.237
2015-11-18,9.2335
2015-11-19,9.2556
2015-11-20,9.2035
2015-11-23,9.1755
2015-11-24,9.209
2015-11-25,9.181
2015-11-26,9.193
2015-11-27,9.1885
2015-11-30,9.1935
2015-12-01,9.2015
2015-12-02,9.1405
2015-12-03,9.174
2015-12-04,9.2495
2015-12-07,9.3265
2015-12-08,9.5675
2015-12-09,9.537
2015-12-10,9.437
2015-12-11,9.5385
2015-12-14,9.5695
2015-12-15,9.4945
2015-12-16,9.5555
2015-12-17,9.511
2015-12-18,9.5
2015-12-21,9.5585
2015-12-22,9.543
2015-12-23,9.527
2015-12-28,9.538
2015-12-29,9.5115
2015-12-30,9.616
2015-12-31,9.619
2016-01-04,9.6475
2016-01-05,9.588
2016-01-06,9.6225
2016-01-07,9.6975
2016-01-08,9.681
2016-01-11,9.677
2016-01-12,9.6388
2016-01-13,9.5588
2016-01-14,9.6071
2016-01-15,9.6085
2016-01-18,9.6878
2016-01-19,9.6209
2016-01-20,9.665
2016-01-21,9.7033
2016-01-22,9.4685
2016-01-25,9.4585
2016-01-26,9.4858
2016-01-27,9.4508
2016-01-28,9.4465
2016-01-29,9.4845
2016-02-01,9.416
2016-02-02,9.5223
2016-02-03,9.5138
2016-02-04,9.5375
2016-02-05,9.5665
2016-02-08,9.5885
2016-02-09,9.6705
2016-02-10,9.6195
2016-02-11,9.7085
2016-02-12,9.6773
2016-02-15,9.6313
2016-02-16,9.6049
2016-02-17,9.5955
2016-02-18,9.5235
2016-02-19,9.5358
2016-02-22,9.493
2016-02-23,9.459
2016-02-24,9.5858
2016-02-25,9.5413
2016-02-26,9.5245
2016-02-29,9.5043
2016-03-01,9.407
2016-03-02,9.422
2016-03-03,9.4245
2016-03-04,9.383
2016-03-07,9.3583
2016-03-08,9.4285
2016-03-09,9.3964
2016-03-10,9.2926
2016-03-11,9.436
2016-03-14,9.414
2016-03-15,9.48
2016-03-16,9.502
2016-03-17,9.4768
2016-03-18,9.4111
2016-03-21,9.4428
2016-03-22,9.447
2016-03-23,9.442
2016-03-29,9.4839
2016-03-30,9.43
2016-03-31,9.4145
2016-04-01,9.4401
2016-04-04,9.4359
2016-04-05,9.4995
2016-04-06,9.476
2016-04-07,9.4546
2016-04-08,9.4183
2016-04-11,9.3809
2016-04-12,9.3515
2016-04-13,9.3113
2016-04-14,9.264
2016-04-15,9.3044
2016-04-18,9.3325
2016-04-19,9.2578
2016-04-20,9.2336
2016-04-21,9.2015
2016-04-22,9.2443
2016-04-25,9.2735
2016-04-26,9.2278
2016-04-27,9.2013
2016-04-28,9.246
2016-04-29,9.215
2016-05-02,9.233
2016-05-03,9.309
2016-05-04,9.341
2016-05-06,9.3513
2016-05-09,9.333
2016-05-10,9.352
2016-05-11,9.3475
2016-05-12,9.232
2016-05-13,9.2678
2016-05-18,9.2785
2016-05-19,9.3593
2016-05-20,9.3355
2016-05-23,9.3658
2016-05-24,9.3355
2016-05-25,9.2945
2016-05-26,9.247
2016-05-27,9.282
2016-05-30,9.3025
2016-05-31,9.32
2016-06-01,9.3083
2016-06-02,9.336
2016-06-03,9.2853
2016-06-06,9.2935
2016-06-07,9.2225
2016-06-08,9.2055
2016-06-09,9.2489
2016-06-10,9.2725
2016-06-13,9.3265
2016-06-14,9.3655
2016-06-15,9.3415
2016-06-16,9.3798
2016-06-17,9.431
2016-06-20,9.3575
2016-06-21,9.3718
2016-06-22,9.3555
2016-06-23,9.2993
2016-06-24,9.42
2016-06-27,9.4045
2016-06-28,9.3785
2016-06-29,9.3065
2016-06-30,9.3008
2016-07-01,9.2975
2016-07-04,9.2538
2016-07-05,9.3197
2016-07-06,9.3517
2016-07-07,9.3782
2016-07-08,9.393
2016-07-11,9.4061
2016-07-12,9.3499
2016-07-13,9.3145
2016-07-14,9.3247
2016-07-15,9.3183
2016-07-18,9.3627
2016-07-19,9.3489
2016-07-20,9.3552
2016-07-21,9.3541
2016-07-22,9.3847
2016-07-25,9.4102
2016-07-26,9.437
2016-07-27,9.4387
2016-07-28,9.4405
2016-07-29,9.5092
2016-08-01,9.4455
2016-08-02,9.4363
2016-08-03,9.4236
2016-08-04,9.4118
2016-08-05,9.4022
2016-08-08,9.4065
2016-08-09,9.357
2016-08-10,9.2571
2016-08-11,9.2293
2016-08-12,9.1635
2016-08-15,9.1752
2016-08-16,9.2101
2016-08-17,9.2812
2016-08-18,9.2389
2016-08-19,9.3048
2016-08-22,9.3281
2016-08-23,9.2875
2016-08-24,9.246
2016-08-25,9.2771
2016-08-26,9.2501
2016-08-29,9.2731
2016-08-30,9.2873
2016-08-31,9.2765
2016-09-01,9.305
2016-09-02,9.317
2016-09-05,9.2458
2016-09-06,9.2113
2016-09-07,9.1943
2016-09-08,9.195
2016-09-09,9.247
2016-09-12,9.2713
2016-09-13,9.2315
2016-09-14,9.2748
2016-09-15,9.2648
2016-09-16,9.2625
2016-09-19,9.2505
2016-09-20,9.2648
2016-09-21,9.2318
2016-09-22,9.1073
2016-09-23,9.1028
2016-09-26,9.1318
2016-09-27,9.1108
2016-09-28,9.0888
2016-09-29,9.0403
2016-09-30,8.9865
2016-10-03,8.9625
2016-10-04,8.9175
2016-10-05,8.9872
2016-10-06,8.9938
2016-10-07,9.001
2016-10-10,9.0448
2016-10-11,9.0395
2016-10-12,9.029
2016-10-13,9.0768
2016-10-14,9.0248
2016-10-17,9.0315
2016-10-18,8.9565
2016-10-19,8.9585
2016-10-20,8.9625
2016-10-21,8.9538
2016-10-24,8.9855
2016-10-25,8.9868
2016-10-26,9.0425
2016-10-27,8.9858
2016-10-28,9.0445
2016-10-31,9.0345
2016-11-01,9.0213
2016-11-02,9.0735
2016-11-03,9.0575
2016-11-04,9.1098
2016-11-07,9.1035
2016-11-08,9.0753
2016-11-09,9.1193
2016-11-10,9.0733
2016-11-11,9.1148
2016-11-14,9.135
2016-11-15,9.0848
2016-11-16,9.072
2016-11-17,9.0878
2016-11-18,9.1038
2016-11-21,9.0843
2016-11-22,9.0563
2016-11-23,9.068
2016-11-24,9.0858
2016-11-25,9.069
2016-11-28,9.0848
2016-11-29,9.0765
2016-11-30,9.019
2016-12-01,8.9628
2016-12-02,8.986
2016-12-05,8.984
2016-12-06,8.9803
2016-12-07,8.9908
2016-12-08,9.0145
2016-12-09,8.9805
2016-12-12,8.9498
2016-12-13,8.9495
2016-12-14,9.0223
2016-12-15,8.9993
2016-12-16,9.0623
2016-12-19,9.0485
2016-12-20,9.0343
2016-12-21,9.026
2016-12-22,9.0975
2016-12-23,9.0928
2016-12-27,9.1078
2016-12-28,9.0777
2016-12-29,9.0758
2016-12-30,9.0863
2017-01-02,9.0543
2017-01-03,9.0013
2017-01-04,8.9905
2017-01-05,9.0215
2017-01-06,8.9868
2017-01-09,9.0193
2017-01-10,9.075
2017-01-11,9.0633
2017-01-12,9.0625
2017-01-13,9.058
2017-01-16,9.0558
2017-01-17,9.036
2017-01-18,9.033
2017-01-19,9.0193
2017-01-20,8.999
2017-01-23,8.994
2017-01-24,8.9578
2017-01-25,8.9453
2017-01-26,8.9215
2017-01-27,8.919
2017-01-30,8.8758
2017-01-31,8.888
2017-02-01,8.883
2017-02-02,8.8575
2017-02-03,8.8568
2017-02-06,8.846
2017-02-07,8.8838
2017-02-08,8.8835
2017-02-09,8.886
2017-02-10,8.9065
2017-02-13,8.9018
2017-02-14,8.879
2017-02-15,8.8523
2017-02-16,8.869
2017-02-17,8.8645
2017-02-20,8.8568
2017-02-21,8.8138
2017-02-22,8.8153
2017-02-23,8.807
2017-02-24,8.8365
2017-02-27,8.8383
2017-02-28,8.8693
2017-03-01,8.8618
2017-03-02,8.883
2017-03-03,8.9303
2017-03-06,8.9673
2017-03-07,8.9443
2017-03-08,8.9513
2017-03-09,9.0458
2017-03-10,9.1405
2017-03-13,9.1298
2017-03-14,9.151
2017-03-15,9.1353
2017-03-16,9.1588
2017-03-17,9.1023
2017-03-20,9.1278
2017-03-21,9.1253
2017-03-22,9.1463
2017-03-23,9.1478
2017-03-24,9.1793
2017-03-27,9.2188
2017-03-28,9.238
2017-03-29,9.1908
2017-03-30,9.1695
2017-03-31,9.1683
2017-04-03,9.1468
2017-04-04,9.179
2017-04-05,9.1665
2017-04-06,9.1688
2017-04-07,9.1583
2017-04-10,9.1443
2017-04-11,9.1245
2017-04-12,9.1035
2017-04-18,9.1093
2017-04-19,9.1528
2017-04-20,9.212
2017-04-21,9.2478
2017-04-24,9.245
2017-04-25,9.3158
2017-04-26,9.3485
2017-04-27,9.3367
2017-04-28,9.3243
2017-05-02,9.378
2017-05-03,9.3878
2017-05-04,9.4803
2017-05-05,9.5023
2017-05-08,9.4465
2017-05-09,9.4138
2017-05-10,9.4435
2017-05-11,9.333
2017-05-12,9.3665
2017-05-15,9.3325
2017-05-16,9.3918
2017-05-18,9.4113
2017-05-19,9.3923
2017-05-22,9.3723
2017-05-23,9.376
2017-05-24,9.3843
2017-05-26,9.4018
2017-05-29,9.4065
2017-05-30,9.4398
2017-05-31,9.4388
2017-06-01,9.4895
2017-06-02,9.4918
2017-06-06,9.5158
2017-06-07,9.5023
2017-06-08,9.5233
2017-06-09,9.5218
2017-06-12,9.4985
2017-06-13,9.454
2017-06-14,9.414
2017-06-15,9.4718
2017-06-16,9.4615
2017-06-19,9.4518
2017-06-20,9.493
2017-06-21,9.5158
2017-06-22,9.4855
2017-06-23,9.4613
2017-06-26,9.4788
2017-06-27,9.52
2017-06-28,9.602
2017-06-29,9.57
2017-06-30,9.5713
2017-07-03,9.5065
2017-07-04,9.485
2017-07-05,9.4965
2017-07-06,9.5298
2017-07-07,9.5613
2017-07-10,9.5165
2017-07-11,9.512
2017-07-12,9.4688
2017-07-13,9.4518
2017-07-14,9.3843
2017-07-17,9.3558
2017-07-18,9.3065
2017-07-19,9.3018
2017-07-20,9.3
2017-07-21,9.3315
2017-07-24,9.3525
2017-07-25,9.3035
2017-07-26,9.2893
2017-07-27,9.2978
2017-07-28,9.3195
2017-07-31,9.305
2017-08-01,9.3343
2017-08-02,9.3505
2017-08-03,9.3768
2017-08-04,9.3618
2017-08-07,9.38
2017-08-08,9.3225
2017-08-09,9.3398
2017-08-10,9.3355
2017-08-11,9.3975
2017-08-14,9.3478
2017-08-15,9.3538
2017-08-16,9.3115
2017-08-17,9.3243
2017-08-18,9.3183
2017-08-21,9.2903
2017-08-22,9.3023
2017-08-23,9.313
2017-08-24,9.2585
2017-08-25,9.2278
2017-08-28,9.262
2017-08-29,9.2915
2017-08-30,9.2845
2017-08-31,9.279
2017-09-01,9.2555
2017-09-04,9.2933
2017-09-05,9.2788
2017-09-06,9.2765
2017-09-07,9.2938
2017-09-08,9.3093
2017-09-11,9.371
2017-09-12,9.3593
2017-09-13,9.3983
2017-09-14,9.395
2017-09-15,9.3348
2017-09-18,9.341
2017-09-19,9.342
2017-09-20,9.344
2017-09-21,9.3025
2017-09-22,9.3193
2017-09-25,9.2725
2017-09-26,9.2843
2017-09-27,9.3355
2017-09-28,9.3575
2017-09-29,9.4125
2017-10-02,9.377
2017-10-03,9.3885
2017-10-04,9.3533
2017-10-05,9.35
2017-10-06,9.372
2017-10-09,9.3788
2017-10-10,9.3745
2017-10-11,9.379
2017-10-12,9.3601
2017-10-13,9.339
2017-10-16,9.3133
2017-10-17,9.326
2017-10-18,9.3575
2017-10-19,9.419
2017-10-20,9.4145
2017-10-23,9.3883
2017-10-24,9.3883
2017-10-25,9.4383
2017-10-26,9.4865
2017-10-27,9.5348
2017-10-30,9.484
2017-10-31,9.5238
2017-11-01,9.461
2017-11-02,9.4838
2017-11-03,9.4843
2017-11-06,9.438
2017-11-07,9.4543
2017-11-08,9.473
2017-11-09,9.4535
2017-11-10,9.456
2017-11-13,9.4913
2017-11-14,9.5923
2017-11-15,9.751
2017-11-16,9.6553
2017-11-17,9.7163
2017-11-20,9.7298
2017-11-21,9.689
2017-11-22,9.6723
2017-11-23,9.6393
2017-11-24,9.6608
2017-11-27,9.7533
2017-11-28,9.745
2017-11-29,9.741
2017-11-30,9.8398
2017-12-01,9.8753
2017-12-04,9.8668
2017-12-05,9.8228
2017-12-06,9.7575
2017-12-07,9.7503
2017-12-08,9.7665
2017-12-11,9.8825
2017-12-12,9.8245
2017-12-13,9.8253
2017-12-14,9.7783
2017-12-15,9.7828
2017-12-18,9.8573
2017-12-19,9.8875
2017-12-20,9.8683
2017-12-21,9.9738
2017-12-22,9.8963
2017-12-27,9.8605
2017-12-28,9.867
2017-12-29,9.8403
2018-01-02,9.7748
2018-01-03,9.744
2018-01-04,9.7655
2018-01-05,9.7418
2018-01-08,9.6783
2018-01-09,9.6715
2018-01-10,9.6448
2018-01-11,9.6735
2018-01-12,9.659
2018-01-15,9.6708
2018-01-16,9.6308
2018-01-17,9.622
2018-01-18,9.6013
2018-01-19,9.6243
2018-01-22,9.6223
2018-01-23,9.638
2018-01-24,9.6275
2018-01-25,9.5858
2018-01-26,9.5655
2018-01-29,9.5548
2018-01-30,9.5628
2018-01-31,9.562
2018-02-01,9.5705
2018-02-02,9.5663
2018-02-05,9.6108
2018-02-06,9.7005
2018-02-07,9.6618
2018-02-08,9.686
2018-02-09,9.7983
2018-02-12,9.7475
2018-02-13,9.7418
2018-02-14,9.7148
2018-02-15,9.735
2018-02-16,9.681
2018-02-19,9.6575
2018-02-20,9.6683
2018-02-21,9.642
2018-02-22,9.6893
2018-02-23,9.677
2018-02-26,9.6303
2018-02-27,9.629
2018-02-28,9.6153
2018-03-01,9.66
2018-03-02,9.6178
2018-03-05,9.6335
2018-03-06,9.613
2018-03-07,9.6775
2018-03-08,9.7135
2018-03-09,9.5948
2018-03-12,9.5645
2018-03-13,9.5808
2018-03-14,9.5728
2018-03-15,9.5078
2018-03-16,9.491
2018-03-19,9.5205
2018-03-20,9.4863
2018-03-21,9.5028
2018-03-22,9.5308
2018-03-23,9.5715
2018-03-26,9.5613
2018-03-27,9.5603
2018-03-28,9.6423
2018-04-03,9.6338
2018-04-04,9.6345
2018-04-05,9.5875
2018-04-06,9.586
2018-04-09,9.5883
2018-04-10,9.647
2018-04-11,9.6213
2018-04-12,9.5973
2018-04-13,9.5643
2018-04-16,9.595
2018-04-17,9.598
2018-04-18,9.6095
2018-04-19,9.5825
2018-04-20,9.605
2018-04-23,9.6258
2018-04-24,9.629
2018-04-25,9.705
2018-04-26,9.6735
2018-04-27,9.659
2018-04-30,9.662
2018-05-02,9.6958
2018-05-03,9.6465
2018-05-04,9.644
2018-05-07,9.619
2018-05-08,9.6233
2018-05-09,9.6045
2018-05-11,9.5425
2018-05-14,9.5653
2018-05-15,9.5673
2018-05-16,9.5715
2018-05-18,9.5773
2018-05-22,9.49
2018-05-23,9.5063
2018-05-24,9.481
2018-05-25,9.4888
2018-05-28,9.5113
2018-05-29,9.5618
2018-05-30,9.5463
2018-05-31,9.5375
2018-06-01,9.5323
2018-06-04,9.503
2018-06-05,9.5008
2018-06-06,9.5238
2018-06-07,9.5013
2018-06-08,9.5085
2018-06-11,9.5013
2018-06-12,9.4435
2018-06-13,9.4373
2018-06-14,9.4268
2018-06-15,9.432
2018-06-18,9.434
2018-06-19,9.4895
2018-06-20,9.4693
2018-06-21,9.4253
2018-06-22,9.4328
2018-06-25,9.4703
2018-06-26,9.4718
2018-06-27,9.4785
2018-06-28,9.474
2018-06-29,9.5115
2018-07-02,9.5015
2018-07-03,9.4655
2018-07-04,9.4433
2018-07-05,9.441
2018-07-06,9.4425
2018-07-09,9.4218
2018-07-10,9.4145
2018-07-11,9.4458
2018-07-12,9.4443
2018-07-13,9.483
2018-07-16,9.479
2018-07-17,9.4875
2018-07-18,9.5023
2018-07-19,9.5763
2018-07-20,9.5905
2018-07-23,9.5533
2018-07-24,9.5605
2018-07-25,9.5485
2018-07-26,9.5455
2018-07-27,9.5358
2018-07-30,9.529
2018-07-31,9.5338
2018-08-01,9.538
2018-08-02,9.546
2018-08-03,9.541
2018-08-06,9.5325
2018-08-07,9.5003
2018-08-08,9.5303
2018-08-09,9.5443
2018-08-10,9.533
2018-08-13,9.5295
2018-08-14,9.5275
2018-08-15,9.5508
2018-08-16,9.613
2018-08-17,9.6795
2018-08-20,9.672
2018-08-21,9.705
2018-08-22,9.6808
2018-08-23,9.6483
2018-08-24,9.6938
2018-08-27,9.6988
2018-08-28,9.7243
2018-08-29,9.7475
2018-08-30,9.72
2018-08-31,9.7148
2018-09-03,9.702
2018-09-04,9.717
2018-09-05,9.7485
2018-09-06,9.776
2018-09-07,9.7745
2018-09-10,9.703
2018-09-11,9.679
2018-09-12,9.6328
2018-09-13,9.573
2018-09-14,9.6245
2018-09-17,9.562
2018-09-18,9.5473
2018-09-19,9.547
2018-09-20,9.5885
2018-09-21,9.5793
2018-09-24,9.5693
2018-09-25,9.5713
2018-09-26,9.5465
2018-09-27,9.5015
2018-09-28,9.4665
2018-10-01,9.4465
2018-10-02,9.4393
2018-10-03,9.4443
2018-10-04,9.4643
2018-10-05,9.5133
2018-10-08,9.5083
2018-10-09,9.4915
2018-10-10,9.4468
2018-10-11,9.5063
2018-10-12,9.4675
2018-10-15,9.4598
2018-10-16,9.4198
2018-10-17,9.4293
2018-10-18,9.4598
2018-10-19,9.4518
2018-10-22,9.4688
2018-10-23,9.5053
2018-10-24,9.4868
2018-10-25,9.4898
2018-10-26,9.516
2018-10-29,9.513
2018-10-30,9.5435
2018-10-31,9.5528
2018-11-01,9.515
2018-11-02,9.5143
2018-11-05,9.524
2018-11-06,9.5448
2018-11-07,9.5328
2018-11-08,9.5078
2018-11-09,9.5418
2018-11-12,9.5378
2018-11-13,9.5563
2018-11-14,9.599
2018-11-15,9.6028
2018-11-16,9.6118
2018-11-19,9.6493
2018-11-20,9.7135
2018-11-21,9.729
2018-11-22,9.7398
2018-11-23,9.7365
2018-11-26,9.729
2018-11-27,9.7325
2018-11-28,9.7085
2018-11-29,9.7318
2018-11-30,9.74
2018-12-03,9.6893
2018-12-04,9.6473
2018-12-05,9.648
2018-12-06,9.7028
2018-12-07,9.697
2018-12-10,9.6885
2018-12-11,9.7038
2018-12-12,9.7265
2018-12-13,9.7388
2018-12-14,9.7235
2018-12-17,9.7838
2018-12-18,9.8835
2018-12-19,9.9375
2018-12-20,9.897
2018-12-21,9.9428
2018-12-27,9.9698
2018-12-28,9.9738
2018-12-31,9.9483
2019-01-02,9.9108
2019-01-03,9.9113
2019-01-04,9.8648
2019-01-07,9.8018
2019-01-08,9.775
2019-01-09,9.7668
2019-01-10,9.7493
2019-01-11,9.7578
2019-01-14,9.7868
2019-01-15,9.7615
2019-01-16,9.7358
2019-01-17,9.758
2019-01-18,9.7218
2019-01-21,9.7438
2019-01-22,9.7628
2019-01-23,9.7563
2019-01-24,9.7278
2019-01-25,9.7045
2019-01-28,9.732
2019-01-29,9.7035
2019-01-30,9.6938
2019-01-31,9.6623
2019-02-01,9.6685
2019-02-04,9.703
2019-02-05,9.6783
2019-02-06,9.6918
2019-02-07,9.7253
2019-02-08,9.7693
2019-02-11,9.819
2019-02-12,9.795
2019-02-13,9.761
2019-02-14,9.7585
2019-02-15,9.769
2019-02-18,9.7508
2019-02-19,9.746
2019-02-20,9.7335
2019-02-21,9.7808
2019-02-22,9.7643
2019-02-25,9.762
2019-02-26,9.7725
2019-02-27,9.7123
2019-02-28,9.7268
2019-03-01,9.7268
2019-03-04,9.7633
2019-03-05,9.8023
2019-03-06,9.804
2019-03-07,9.786
2019-03-08,9.8733
2019-03-11,9.77
2019-03-12,9.7365
2019-03-13,9.7245
2019-03-14,9.7155
2019-03-15,9.688
2019-03-18,9.672
2019-03-19,9.6745
2019-03-20,9.6915
2019-03-21,9.6178
2019-03-22,9.6423
2019-03-25,9.659
2019-03-26,9.6398
2019-03-27,9.695
2019-03-28,9.738
2019-03-29,9.659
2019-04-01,9.638
2019-04-02,9.6445
2019-04-03,9.6218
2019-04-04,9.6308
2019-04-05,9.661
2019-04-08,9.6305
2019-04-09,9.619
2019-04-10,9.5895
2019-04-11,9.5885
2019-04-12,9.602
2019-04-15,9.6018
2019-04-16,9.5869
2019-04-17,9.5778
2019-04-23,9.5845
2019-04-24,9.607
2019-04-25,9.6638
2019-04-26,9.6653
2019-04-29,9.6883
2019-04-30,9.6678
2019-05-02,9.745
2019-05-03,9.7783
2019-05-06,9.7905
2019-05-07,9.7605
2019-05-08,9.8285
2019-05-09,9.8068
2019-05-10,9.8193
2019-05-13,9.8148
2019-05-14,9.799
2019-05-15,9.8003
2019-05-16,9.7513
2019-05-20,9.7978
2019-05-21,9.7913
2019-05-22,9.7598
2019-05-23,9.7543
2019-05-24,9.7558
2019-05-27,9.7523
2019-05-28,9.7165
2019-05-29,9.773
2019-05-31,9.7915
2019-06-03,9.7778
2019-06-04,9.786
2019-06-05,9.7738
2019-06-06,9.8083
2019-06-07,9.7963
2019-06-11,9.77
2019-06-12,9.782
2019-06-13,9.772
2019-06-14,9.7728
2019-06-17,9.7938
2019-06-18,9.7795
2019-06-19,9.7815
2019-06-20,9.6678
2019-06-21,9.686
2019-06-24,9.6643
2019-06-25,9.6855
2019-06-26,9.6733
2019-06-27,9.6843
2019-06-28,9.6938
2019-07-01,9.6848
2019-07-02,9.6715
2019-07-03,9.6593
2019-07-04,9.6298
2019-07-05,9.6325
2019-07-08,9.684
2019-07-09,9.6983
2019-07-10,9.693
2019-07-11,9.6323
2019-07-12,9.6208
2019-07-15,9.6223
2019-07-16,9.5933
2019-07-17,9.622
2019-07-18,9.6438
2019-07-19,9.6138
2019-07-22,9.6275
2019-07-23,9.681
2019-07-24,9.6355
2019-07-25,9.6058
2019-07-26,9.6913
2019-07-29,9.6935
2019-07-30,9.7368
2019-07-31,9.7778
2019-08-01,9.812
2019-08-02,9.9105
2019-08-05,9.972
2019-08-06,9.9545
2019-08-07,9.996
2019-08-08,10.018
2019-08-09,9.9588
2019-08-12,10.0003
2019-08-13,10.0078
2019-08-14,10.0035
2019-08-15,10.0145
2019-08-16,9.9653
2019-08-19,9.9658
2019-08-20,9.9638
2019-08-21,9.9263
2019-08-22,9.939
2019-08-23,9.9593
2019-08-26,9.9873
2019-08-27,9.992
2019-08-28,10.011
2019-08-29,10.0365
2019-08-30,10.038
2019-09-02,9.9788
2019-09-03,10.019
2019-09-04,9.9838
2019-09-05,9.9332
2019-09-06,9.923
2019-09-09,9.8663
2019-09-10,9.9125
2019-09-11,9.8745
2019-09-12,9.8543
2019-09-13,9.9213
2019-09-16,9.9043
2019-09-17,9.8715
2019-09-18,9.8905
2019-09-19,9.8905
2019-09-20,9.9423
2019-09-23,9.9723
2019-09-24,9.9225
2019-09-25,9.931
2019-09-26,9.9235
2019-09-27,9.9155
2019-09-30,9.8953
2019-10-01,9.9463
2019-10-02,9.993
2019-10-03,10.0165
2019-10-04,9.9915
2019-10-07,10.0388
2019-10-08,10.045
2019-10-09,10.0528
2019-10-10,10.0535
2019-10-11,10.0375
2019-10-14,10.0463
2019-10-15,10.0653
2019-10-16,10.1465
2019-10-17,10.1925
2019-10-18,10.2198
2019-10-21,10.1638
2019-10-22,10.1833
2019-10-23,10.1775
2019-10-24,10.1368
2019-10-25,10.1865
2019-10-28,10.2105
2019-10-29,10.2748
2019-10-30,10.2488
2019-10-31,10.252
2019-11-01,10.1638
2019-11-04,10.1668
2019-11-05,10.1525
2019-11-06,10.126
2019-11-07,10.0715
2019-11-08,10.0893
2019-11-11,10.091
2019-11-12,10.0798
2019-11-13,10.139
2019-11-14,10.1198
2019-11-15,10.0345
2019-11-18,10.086
2019-11-19,10.0853
2019-11-20,10.1455
2019-11-21,10.1018
2019-11-22,10.1083
2019-11-25,10.1065
2019-11-26,10.0968
2019-11-27,10.102
2019-11-28,10.113
2019-11-29,10.1045
2019-12-02,10.1353
2019-12-03,10.1668
2019-12-04,10.1723
2019-12-05,10.1613
2019-12-06,10.1235
2019-12-09,10.1238
2019-12-10,10.1823
2019-12-11,10.1495
2019-12-12,10.135
2019-12-13,10.063
2019-12-16,10.028
2019-12-17,10.0648
2019-12-18,10.0353
2019-12-19,9.9785
2019-12-20,9.9463
2019-12-23,9.913
2019-12-27,9.8578
2019-12-30,9.846
2019-12-31,9.8638
2020-01-02,9.8408
2020-01-03,9.8315
2020-01-06,9.8488
2020-01-07,9.8548
2020-01-08,9.8508
2020-01-09,9.8665
2020-01-10,9.8745
2020-01-13,9.8955
2020-01-14,9.892
2020-01-15,9.882
2020-01-16,9.9058
2020-01-17,9.889
2020-01-20,9.8815
2020-01-21,9.936
2020-01-22,9.959
2020-01-23,9.9678
2020-01-24,9.9375
2020-01-27,10.0363
2020-01-28,10.0758
2020-01-29,10.0563
2020-01-30,10.1738
2020-01-31,10.1893
2020-02-03,10.259
2020-02-04,10.1948
2020-02-05,10.1173
2020-02-06,10.1288
2020-02-07,10.1673
2020-02-10,10.1188
2020-02-11,10.0953
2020-02-12,10.0445
2020-02-13,10.0415
2020-02-14,10.0258
2020-02-17,10.0373
2020-02-18,10.0883
2020-02-19,10.0178
2020-02-20,10.0455
2020-02-21,10.0873
2020-02-24,10.1328
2020-02-25,10.16
2020-02-26,10.2113
2020-02-27,10.2918
2020-02-28,10.3888
2020-03-02,10.4043
2020-03-03,10.3328
2020-03-04,10.3051
2020-03-05,10.371
2020-03-06,10.4983
2020-03-09,10.89
2020-03-10,10.8433
2020-03-11,10.8558
2020-03-12,11.3682
2020-03-13,11.0966
2020-03-16,11.4765
2020-03-17,11.5063
2020-03-18,11.701
2020-03-19,12.3165
2020-03-20,12.1215
2020-03-23,12.2568
2020-03-24,11.9745
2020-03-25,11.7745
2020-03-26,11.5273
2020-03-27,11.6558
2020-03-30,11.6888
2020-03-31,11.51
2020-04-01,11.2685
2020-04-02,11.2345
2020-04-03,11.2628
2020-04-06,11.3875
2020-04-07,11.0945
2020-04-08,11.194
2020-04-14,11.3118
2020-04-15,11.4503
2020-04-16,11.4145
2020-04-17,11.2845
2020-04-20,11.2698
2020-04-21,11.4843
2020-04-22,11.6775
2020-04-23,11.5165
2020-04-24,11.4785
2020-04-27,11.4513
2020-04-28,11.2783
2020-04-29,11.2728
2020-04-30,11.184
2020-05-04,11.328
2020-05-05,11.173
2020-05-06,11.09
2020-05-07,11.0405
2020-05-08,11.0695
2020-05-11,11.046
2020-05-12,11.0518
2020-05-13,10.938
2020-05-14,11.0598
2020-05-15,11.0568
2020-05-18,10.9663
2020-05-19,10.9153
2020-05-20,10.8765
2020-05-22,10.9078
2020-05-25,10.9358
2020-05-26,10.8943
2020-05-27,10.8283
2020-05-28,10.8553
2020-05-29,10.788
2020-06-02,10.6798
2020-06-03,10.6777
2020-06-04,10.6048
2020-06-05,10.5403
2020-06-08,10.4603
2020-06-09,10.5418
2020-06-10,10.5383
2020-06-11,10.72
2020-06-12,10.8475
2020-06-15,10.8894
2020-06-16,10.7389
2020-06-17,10.705
2020-06-18,10.7083
2020-06-19,10.7135
2020-06-22,10.7985
2020-06-23,10.7345
2020-06-24,10.7958
2020-06-25,10.8748
2020-06-26,10.885
2020-06-29,10.9013
2020-06-30,10.912
2020-07-01,10.7736
2020-07-02,10.6873
2020-07-03,10.6775
2020-07-06,10.6218
2020-07-07,10.6428
2020-07-08,10.6885
2020-07-09,10.6173
2020-07-10,10.7163
2020-07-13,10.665
2020-07-14,10.711
2020-07-15,10.6275
2020-07-16,10.6148
2020-07-17,10.5995
2020-07-20,10.606
2020-07-21,10.4933
2020-07-22,10.5343
2020-07-23,10.6073
2020-07-24,10.6953
2020-07-27,10.6683
2020-07-28,10.694
2020-07-29,10.6573
2020-07-30,10.7213
2020-07-31,10.7323
2020-08-03,10.7188
2020-08-04,10.7568
2020-08-05,10.6585
2020-08-06,10.6538
2020-08-07,10.6433
2020-08-10,10.629
2020-08-11,10.5658
2020-08-12,10.5463
2020-08-13,10.5148
2020-08-14,10.5403
2020-08-17,10.512
2020-08-18,10.501
2020-08-19,10.5455
2020-08-20,10.6068
2020-08-21,10.5913
2020-08-24,10.6188
2020-08-25,10.5688
2020-08-26,10.5603
2020-08-27,10.5178
2020-08-28,10.47
2020-08-31,10.455
2020-09-01,10.4378
2020-09-02,10.406
2020-09-03,10.5315
2020-09-04,10.5768
2020-09-07,10.5453
2020-09-08,10.6713
2020-09-09,10.715
2020-09-10,10.687
2020-09-11,10.7028
2020-09-14,10.6933
2020-09-15,10.6963
2020-09-16,10.6608
2020-09-17,10.7238
2020-09-18,10.7538
2020-09-21,10.884
2020-09-22,10.9528
2020-09-23,10.9938
2020-09-24,11.1023
2020-09-25,11.1445
2020-09-28,11.058
2020-09-29,11.0543
2020-09-30,11.1008
2020-10-01,10.9073
2020-10-02,10.904
2020-10-05,10.8855
2020-10-06,10.8603
2020-10-07,10.9313
2020-10-08,10.9038
2020-10-09,10.8623
2020-10-12,10.7925
2020-10-13,10.7923
2020-10-14,10.8218
2020-10-15,10.9678
2020-10-16,10.957
2020-10-19,10.947
2020-10-20,10.9698
2020-10-21,10.9315
2020-10-22,10.9325
2020-10-23,10.9178
2020-10-26,10.9465
2020-10-27,10.8398
2020-10-28,10.9693
2020-10-29,11.1495
2020-10-30,11.094
2020-11-02,11.1128
2020-11-03,11.0103
2020-11-04,10.9583
2020-11-05,10.85
2020-11-06,10.9203
2020-11-09,10.7101
2020-11-10,10.6618
2020-11-11,10.6773
2020-11-12,10.7658
2020-11-13,10.8123
2020-11-16,10.731
2020-11-17,10.7683
2020-11-18,10.7115
2020-11-19,10.69
2020-11-20,10.6613
2020-11-23,10.6903
2020-11-24,10.6768
2020-11-25,10.5488
2020-11-26,10.5705
2020-11-27,10.563
2020-11-30,10.561
2020-12-01,10.6028
2020-12-02,10.7003
2020-12-03,10.707
2020-12-04,10.6598
2020-12-07,10.6328
2020-12-08,10.6283
2020-12-09,10.5763
2020-12-10,10.7
2020-12-11,10.6968
2020-12-14,10.5833
2020-12-15,10.614
2020-12-16,10.5788
2020-12-17,10.5015
2020-12-18,10.5163
2020-12-21,10.6518
2020-12-22,10.5938
2020-12-23,10.6238
2020-12-28,10.5713
2020-12-29,10.55
2020-12-30,10.547
2020-12-31,10.4703
2021-01-04,10.444
2021-01-05,10.4713
2021-01-06,10.381
2021-01-07,10.3435
2021-01-08,10.2863
2021-01-11,10.368
2021-01-12,10.3765
2021-01-13,10.339
2021-01-14,10.3108
2021-01-15,10.3135
2021-01-18,10.3858
2021-01-19,10.3423
2021-01-20,10.323
2021-01-21,10.2513
2021-01-22,10.3308
2021-01-25,10.3478
2021-01-26,10.3873
2021-01-27,10.4555
2021-01-28,10.5205
2021-01-29,10.343
2021-02-01,10.389
2021-02-02,10.3463
2021-02-03,10.354
2021-02-04,10.338
2021-02-05,10.3068
2021-02-08,10.2725
2021-02-09,10.2588
2021-02-10,10.228
2021-02-11,10.2595
2021-02-12,10.285
2021-02-15,10.1963
2021-02-16,10.1938
2021-02-17,10.2113
2021-02-18,10.2178
2021-02-19,10.2095
2021-02-22,10.3185
2021-02-23,10.319
2021-02-24,10.2483
2021-02-25,10.2275
2021-02-26,10.4012
2021-03-01,10.36
2021-03-02,10.2555
2021-03-03,10.2451
2021-03-04,10.2595
2021-03-05,10.211
2021-03-08,10.1785
2021-03-09,10.0838
2021-03-10,10.0813
2021-03-11,10.091
2021-03-12,10.0863
2021-03-15,10.0988
2021-03-16,10.1028
2021-03-17,10.1213
2021-03-18,10.1058
2021-03-19,10.2018
2021-03-22,10.1393
2021-03-23,10.1783
2021-03-24,10.1563
2021-03-25,10.1653
2021-03-26,10.1258
2021-03-29,10.0738
2021-03-30,10.0613
2021-03-31,9.9955
2021-04-06,10.0768
2021-04-07,10.0535
2021-04-08,10.078
2021-04-09,10.113
2021-04-12,10.094
2021-04-13,10.1675
2021-04-14,10.0745
2021-04-15,10.0433
2021-04-16,10.018
2021-04-19,9.9733
2021-04-20,9.9965
2021-04-21,10.0423
2021-04-22,10.0475
2021-04-23,10.043
2021-04-26,10.0358
2021-04-27,10.0073
2021-04-28,9.9795
2021-04-29,9.9145
2021-04-30,9.9533
2021-05-03,10.016
2021-05-04,10.0123
2021-05-05,9.9848
2021-05-06,10.0558
2021-05-07,10.0125
2021-05-10,10.0008
2021-05-11,10.032
2021-05-12,10.0263
2021-05-14,10.0074
2021-05-18,10.0125
2021-05-19,10.1058
2021-05-20,10.1775
2021-05-21,10.142
2021-05-25,10.1965
2021-05-26,10.178
2021-05-27,10.1953
2021-05-28,10.179
2021-05-31,10.2183
2021-06-01,10.1113
2021-06-02,10.1393
2021-06-03,10.1501
2021-06-04,10.156
2021-06-07,10.0483
2021-06-08,10.048
2021-06-09,10.0518
2021-06-10,10.1118
2021-06-11,10.0828
2021-06-14,10.0828
2021-06-15,10.0823
2021-06-16,10.1208
2021-06-17,10.1973
2021-06-18,10.2868
2021-06-21,10.2673
2021-06-22,10.2198
2021-06-23,10.1725
2021-06-24,10.174
2021-06-25,10.136
2021-06-28,10.1763
2021-06-29,10.1893
2021-06-30,10.1717
2021-07-01,10.2105
2021-07-02,10.2375
2021-07-05,10.1778
2021-07-06,10.215
2021-07-07,10.2475
2021-07-08,10.4138
2021-07-09,10.3355
2021-07-12,10.328
2021-07-13,10.3085
2021-07-14,10.332
2021-07-15,10.3803
2021-07-16,10.3878
2021-07-19,10.538
2021-07-20,10.617
2021-07-21,10.5808
2021-07-22,10.3795
2021-07-23,10.4065
2021-07-26,10.427
2021-07-27,10.4423
2021-07-28,10.4828
2021-07-29,10.3993
2021-07-30,10.4405
2021-08-02,10.4515
2021-08-03,10.4343
2021-08-04,10.455
2021-08-05,10.441
2021-08-06,10.423
2021-08-09,10.4885
2021-08-10,10.468
2021-08-11,10.4548
2021-08-12,10.3755
2021-08-13,10.3753
2021-08-16,10.4048
2021-08-17,10.3983
2021-08-18,10.422
2021-08-19,10.545
2021-08-20,10.6
2021-08-23,10.487
2021-08-24,10.4003
2021-08-25,10.3863
2021-08-26,10.3615
2021-08-27,10.3575
2021-08-30,10.2395
2021-08-31,10.26
2021-09-01,10.2633
2021-09-02,10.2938
2021-09-03,10.2738
2021-09-06,10.2728
2021-09-07,10.299
2021-09-08,10.265
2021-09-09,10.2648
2021-09-10,10.2028
2021-09-13,10.1885
2021-09-14,10.1745
2021-09-15,10.1418
2021-09-16,10.1293
2021-09-17,10.1208
2021-09-20,10.243
2021-09-21,10.1828
2021-09-22,10.1268
2021-09-23,10.086
2021-09-24,10.089
2021-09-27,10.0655
2021-09-28,10.102
2021-09-29,10.143
2021-09-30,10.165
2021-10-01,10.0204
2021-10-04,9.977
2021-10-05,9.9155
2021-10-06,9.923
2021-10-07,9.9388
2021-10-08,9.8855
2021-10-11,9.888
2021-10-12,9.8608
2021-10-13,9.8555
2021-10-14,9.7928
2021-10-15,9.7625
2021-10-18,9.7643
2021-10-19,9.734
2021-10-20,9.7435
2021-10-21,9.7065
2021-10-22,9.7075
2021-10-25,9.7098
2021-10-26,9.6828
2021-10-27,9.7368
2021-10-28,9.7468
2021-10-29,9.7495
2021-11-01,9.7368
2021-11-02,9.792
2021-11-03,9.861
2021-11-04,9.859
2021-11-05,9.8878
2021-11-08,9.8745
2021-11-09,9.8555
2021-11-10,9.8848
2021-11-11,9.9695
2021-11-12,9.9508
2021-11-15,9.9173
2021-11-16,9.8863
2021-11-17,9.8895
2021-11-18,9.9523
2021-11-19,10.0483
2021-11-22,10.0715
2021-11-23,10.071
2021-11-24,10.026
2021-11-25,10.0655
2021-11-26,10.1613
2021-11-29,10.214
2021-11-30,10.2795
2021-12-01,10.2195
2021-12-02,10.2962
2021-12-03,10.2875
2021-12-06,10.2943
2021-12-07,10.19
2021-12-08,10.096
2021-12-09,10.155
2021-12-10,10.1335
2021-12-13,10.1598
2021-12-14,10.2475
2021-12-15,10.2278
2021-12-16,10.1458
2021-12-17,10.1783
2021-12-20,10.1915
2021-12-21,10.1488
2021-12-22,10.0613
2021-12-23,10.0113
2021-12-27,10.0405
2021-12-28,9.9728
2021-12-29,9.9883
2021-12-30,9.9703
2021-12-31,9.9888
2022-01-03,10.0013
2022-01-04,10.0138
2022-01-05,9.9672
2022-01-06,10.035
2022-01-07,10.0288
2022-01-10,10.0253
2022-01-11,10.0165
2022-01-12,9.927
2022-01-13,9.9333
2022-01-14,9.9863
2022-01-17,9.9623
2022-01-18,9.9638
2022-01-19,9.9368
2022-01-20,9.9578
2022-01-21,10.0523
2022-01-24,10.1638
2022-01-25,10.1385
2022-01-26,10.0115
2022-01-27,9.9903
2022-01-28,10.026
2022-01-31,10.0085
2022-02-01,9.9638
2022-02-02,9.9228
2022-02-03,9.9545
2022-02-04,10.0483
2022-02-07,10.0658
2022-02-08,10.0758
2022-02-09,10.0585
2022-02-10,10.0693
2022-02-11,10.0732
2022-02-14,10.0693
2022-02-15,10.0893
2022-02-16,10.1095
2022-02-17,10.1225
2022-02-18,10.1465
2022-02-21,10.1738
2022-02-22,10.1018
2022-02-23,10.0335
2022-02-24,10.0878
2022-02-25,9.9756
2022-02-28,9.9465
2022-03-01,9.8598
2022-03-02,9.8826
2022-03-03,9.8418
2022-03-04,9.8358
2022-03-07,9.8325
2022-03-08,9.7925
2022-03-09,9.798
2022-03-10,9.919
2022-03-11,9.8033
2022-03-14,9.8588
2022-03-15,9.849
2022-03-16,9.7988
2022-03-17,9.78
2022-03-18,9.694
2022-03-21,9.6575
2022-03-22,9.6233
2022-03-23,9.6425
2022-03-24,9.4923
2022-03-25,9.5205
2022-03-28,9.5123
2022-03-29,9.5995
2022-03-30,9.6398
2022-03-31,9.711
2022-04-01,9.6628
2022-04-04,9.5489
2022-04-05,9.5398
2022-04-06,9.5523
2022-04-07,9.5595
2022-04-08,9.508
2022-04-11,9.5478
2022-04-12,9.5395
2022-04-13,9.5693
2022-04-19,9.5228
2022-04-20,9.5443
2022-04-21,9.5788
2022-04-22,9.6255
2022-04-25,9.7018
2022-04-26,9.7943
2022-04-27,9.7838
2022-04-28,9.899
2022-04-29,9.7525
2022-05-02,9.9248
2022-05-03,9.909
2022-05-04,9.9042
2022-05-05,9.8463
2022-05-06,9.9808
2022-05-09,10.0583
2022-05-10,10.2315
2022-05-11,10.1793
2022-05-12,10.2898
2022-05-13,10.2043
2022-05-16,10.2188
2022-05-18,10.2125
2022-05-19,10.3102
2022-05-20,10.262
2022-05-23,10.252
2022-05-24,10.289
2022-05-25,10.2704
2022-05-27,10.179
2022-05-30,10.1256
2022-05-31,10.0983
2022-06-01,10.0438
2022-06-02,10.0845
2022-06-03,10.103
2022-06-07,10.1843
2022-06-08,10.1395
2022-06-09,10.1818
2022-06-10,10.1495
2022-06-13,10.3222
2022-06-14,10.3945
2022-06-15,10.3868
2022-06-16,10.4588
2022-06-17,10.4525
2022-06-20,10.4085
2022-06-21,10.3283
2022-06-22,10.5045
2022-06-23,10.475
2022-06-24,10.4345
2022-06-27,10.408
2022-06-28,10.337
2022-06-29,10.3065
2022-06-30,10.3485
2022-07-01,10.3651
2022-07-04,10.2958
2022-07-05,10.285
2022-07-06,10.2803
2022-07-07,10.291
2022-07-08,10.263
2022-07-11,10.299
2022-07-12,10.2754
2022-07-13,10.2428
2022-07-14,10.2536
2022-07-15,10.2763
2022-07-18,10.2553
2022-07-19,10.176
2022-07-20,10.1323
2022-07-21,10.175
2022-07-22,10.1498
2022-07-25,10.0704
2022-07-26,10.0105
2022-07-27,9.9558
2022-07-28,9.8983
2022-07-29,9.8773
2022-08-01,9.8638
2022-08-02,9.9305
2022-08-03,9.8743
2022-08-04,9.9065
2022-08-05,9.982
2022-08-08,9.9405
2022-08-09,9.9365
2022-08-10,9.9118
2022-08-11,9.804
2022-08-12,9.813
2022-08-15,9.871
2022-08-16,9.8428
2022-08-17,9.8428
2022-08-18,9.8283
2022-08-19,9.8418
2022-08-22,9.7719
2022-08-23,9.7438
2022-08-24,9.636
2022-08-25,9.64
2022-08-26,9.667
2022-08-29,9.7675
2022-08-30,9.7553
2022-08-31,9.9388
2022-09-01,10.013
2022-09-02,10.0035
2022-09-05,9.9188
2022-09-06,9.8945
2022-09-07,9.9483
2022-09-08,10.0615
2022-09-09,9.9836
2022-09-12,9.9718
2022-09-13,9.9988
2022-09-14,10.1125
2022-09-15,10.1203
2022-09-16,10.1985
2022-09-19,10.2826
2022-09-20,10.273
2022-09-21,10.2858
2022-09-22,10.235
2022-09-23,10.2335
2022-09-26,10.3585
2022-09-27,10.3473
2022-09-28,10.4576
2022-09-29,10.4518
2022-09-30,10.5838
2022-10-03,10.5655
2022-10-04,10.4915
2022-10-05,10.4858
2022-10-06,10.4278
2022-10-07,10.4498
2022-10-10,10.3378
2022-10-11,10.4235
2022-10-12,10.4145
2022-10-13,10.3525
2022-10-14,10.3323
2022-10-17,10.342
2022-10-18,10.3528
2022-10-19,10.3823
2022-10-20,10.402
2022-10-21,10.4315
2022-10-24,10.392
2022-10-25,10.391
2022-10-26,10.3408
2022-10-27,10.342
2022-10-28,10.2695
2022-10-31,10.3028
2022-11-01,10.1835
2022-11-02,10.2388
2022-11-03,10.3543
2022-11-04,10.2019
2022-11-07,10.2555
2022-11-08,10.2795
2022-11-09,10.322
2022-11-10,10.3615
2022-11-11,10.2635
2022-11-14,10.3143
2022-11-15,10.357
2022-11-16,10.3675
2022-11-17,10.498
2022-11-18,10.486
2022-11-21,10.4898
2022-11-22,10.4445
2022-11-23,10.3659
2022-11-24,10.3435
2022-11-25,10.2985
2022-11-28,10.364
2022-11-29,10.3313
2022-11-30,10.2648
2022-12-01,10.2495
2022-12-02,10.2615
2022-12-05,10.3366
2022-12-06,10.4408
2022-12-07,10.5255
2022-12-08,10.488
2022-12-09,10.5345
2022-12-12,10.5548
2022-12-13,10.4679
2022-12-14,10.362
2022-12-15,10.4013
2022-12-16,10.4833
2022-12-19,10.5025
2022-12-20,10.5098
2022-12-21,10.4309
2022-12-22,10.4123
2022-12-23,10.4448
2022-12-27,10.4895
2022-12-28,10.4495
2022-12-29,10.55
2022-12-30,10.5138
2023-01-02,10.5135
2023-01-03,10.528
2023-01-04,10.738
2023-01-05,10.7248
2023-01-06,10.807
2023-01-09,10.6108
2023-01-10,10.6785
2023-01-11,10.738
2023-01-12,10.7228
2023-01-13,10.6945
2023-01-16,10.6945
2023-01-17,10.7463
2023-01-18,10.6553
2023-01-19,10.746
2023-01-20,10.7135
2023-01-23,10.6835
2023-01-24,10.7193
2023-01-25,10.7896
2023-01-26,10.762
2023-01-27,10.76
2023-01-30,10.7925
2023-01-31,10.9083
2023-02-01,10.8569
2023-02-02,10.9535
2023-02-03,10.9783
2023-02-06,11.0428
2023-02-07,11.1253
2023-02-08,11.026
2023-02-09,10.9123
2023-02-10,10.871
2023-02-13,10.8213
2023-02-14,10.8778
2023-02-15,10.9193
2023-02-16,10.9513
2023-02-17,11.015
2023-02-20,10.9683
2023-02-21,10.9468
2023-02-22,10.9665
2023-02-23,10.9545
2023-02-24,10.937
2023-02-27,10.9635
2023-02-28,10.9713
2023-03-01,11.0365
2023-03-02,11.085
2023-03-03,11.061
2023-03-06,11.1109
2023-03-07,11.1935
2023-03-08,11.2205
2023-03-09,11.2715
2023-03-10,11.29
2023-03-13,11.3893
2023-03-14,11.335
2023-03-15,11.34
2023-03-16,11.4487
2023-03-17,11.4218
2023-03-20,11.421
2023-03-21,11.3125
2023-03-22,11.332
2023-03-23,11.284
2023-03-24,11.3065
2023-03-27,11.338
2023-03-28,11.324
2023-03-29,11.3005
2023-03-30,11.357
2023-03-31,11.394
2023-04-03,11.2515
2023-04-04,11.2345
2023-04-05,11.399
2023-04-11,11.5435
2023-04-12,11.4745
2023-04-13,11.457
2023-04-14,11.402
2023-04-17,11.364
2023-04-18,11.4675
2023-04-19,11.5335
2023-04-20,11.604
2023-04-21,11.6505
2023-04-24,11.647
2023-04-25,11.695
2023-04-26,11.722
2023-04-27,11.714
2023-04-28,11.791
2023-05-02,11.762
2023-05-03,11.886
2023-05-04,11.8282
2023-05-05,11.6895
2023-05-08,11.5505
2023-05-09,11.575
2023-05-10,11.5485
2023-05-11,11.518
2023-05-12,11.631
2023-05-15,11.583
2023-05-16,11.613
2023-05-19,11.701
2023-05-22,11.7765
2023-05-23,11.792
2023-05-24,11.8175
2023-05-25,11.7695
2023-05-26,11.8218
2023-05-30,11.8745
2023-05-31,12.0045
2023-06-01,11.967
2023-06-02,11.845
2023-06-05,11.8275
2023-06-06,11.8775
2023-06-07,11.7975
2023-06-08,11.758
2023-06-09,11.612
2023-06-12,11.634
2023-06-13,11.6235
2023-06-14,11.476
2023-06-15,11.5025
2023-06-16,11.517
2023-06-19,11.6335
2023-06-20,11.7155
2023-06-21,11.747
2023-06-22,11.599
2023-06-23,11.8565
2023-06-26,11.708
2023-06-27,11.7563
2023-06-28,11.8395
2023-06-29,11.7645
2023-06-30,11.704
2023-07-03,11.6945
2023-07-04,11.5958
2023-07-05,11.6455
2023-07-06,11.637
2023-07-07,11.7085
2023-07-10,11.5635
2023-07-11,11.452
2023-07-12,11.331
2023-07-13,11.248
2023-07-14,11.2105
2023-07-17,11.242
2023-07-18,11.3395
2023-07-19,11.266
2023-07-20,11.1555
2023-07-21,11.1775
2023-07-24,11.1925
2023-07-25,11.1605
2023-07-26,11.2
2023-07-27,11.1275
2023-07-28,11.168
2023-07-31,11.1805
2023-08-01,11.211
2023-08-02,11.1615
2023-08-03,11.2765
2023-08-04,11.1858
2023-08-07,11.1485
2023-08-08,11.295
2023-08-09,11.2063
2023-08-10,11.1785
2023-08-11,11.4225
2023-08-14,11.434
2023-08-15,11.4705
2023-08-16,11.453
2023-08-17,11.4985
2023-08-18,11.58
2023-08-21,11.5205
2023-08-22,11.5195
2023-08-23,11.573
2023-08-24,11.5775
2023-08-25,11.518
2023-08-28,11.5705
2023-08-29,11.5645
2023-08-30,11.546
2023-08-31,11.58
2023-09-01,11.486
2023-09-04,11.5005
2023-09-05,11.5435
2023-09-06,11.492
2023-09-07,11.4805
2023-09-08,11.422
2023-09-11,11.424
2023-09-12,11.454
2023-09-13,11.478
2023-09-14,11.5038
2023-09-15,11.422
2023-09-18,11.5688
2023-09-19,11.4905
2023-09-20,11.482
2023-09-21,11.527
2023-09-22,11.427
2023-09-25,11.43
2023-09-26,11.44
2023-09-27,11.361
2023-09-28,11.316
2023-09-29,11.2535
2023-10-02,11.3225
2023-10-03,11.4258
2023-10-04,11.5135
2023-10-05,11.5703
2023-10-06,11.609
2023-10-09,11.4828
2023-10-10,11.4965
2023-10-11,11.4953
2023-10-12,11.5165
2023-10-13,11.516
2023-10-16,11.517
2023-10-17,11.576
2023-10-18,11.595
2023-10-19,11.6973
2023-10-20,11.6808
2023-10-23,11.7985
2023-10-24,11.8255
2023-10-25,11.838
2023-10-26,11.855
2023-10-27,11.8285
2023-10-30,11.7905
2023-10-31,11.8735
2023-11-01,11.796
2023-11-02,11.8743
2023-11-03,11.8535
2023-11-06,11.8235
2023-11-07,11.922
2023-11-08,11.9305
2023-11-09,11.9335
2023-11-10,11.8725
2023-11-13,11.877
2023-11-14,11.945
2023-11-15,11.746
2023-11-16,11.7675
2023-11-17,11.811
2023-11-20,11.72
2023-11-21,11.67
2023-11-22,11.702
2023-11-23,11.711
2023-11-24,11.7345
2023-11-27,11.684
2023-11-28,11.7165
2023-11-29,11.6965
2023-11-30,11.72
2023-12-01,11.698
2023-12-04,11.678
2023-12-05,11.7865
2023-12-06,11.796
2023-12-07,11.7535
2023-12-08,11.727
2023-12-11,11.795
2023-12-12,11.778
2023-12-13,11.825
2023-12-14,11.518
2023-12-15,11.4495
2023-12-18,11.3485
2023-12-19,11.3655
2023-12-20,11.2895
2023-12-21,11.315
2023-12-22,11.2705
2023-12-27,11.2355
2023-12-28,11.2625
2023-12-29,11.2405
2024-01-02,11.2815
2024-01-03,11.32
2024-01-04,11.2845
2024-01-05,11.309
2024-01-08,11.362
2024-01-09,11.308
2024-01-10,11.2915
2024-01-11,11.3283
2024-01-12,11.2765
2024-01-15,11.314
2024-01-16,11.3335
2024-01-17,11.4335
2024-01-18,11.446
2024-01-19,11.41
2024-01-22,11.441
2024-01-23,11.4298
2024-01-24,11.4155
2024-01-25,11.3905
2024-01-26,11.3325
2024-01-29,11.305
2024-01-30,11.3383
2024-01-31,11.351
2024-02-01,11.3665
2024-02-02,11.387
2024-02-05,11.465
2024-02-06,11.458
2024-02-07,11.376
2024-02-08,11.412
2024-02-09,11.399
2024-02-12,11.32
2024-02-13,11.302
2024-02-14,11.3375
2024-02-15,11.361
2024-02-16,11.3555
2024-02-19,11.3045
2024-02-20,11.3275
2024-02-21,11.3345
2024-02-22,11.356
2024-02-23,11.389
2024-02-26,11.4285
2024-02-27,11.431
2024-02-28,11.4675
2024-02-29,11.492
2024-03-01,11.443
2024-03-04,11.4325
2024-03-05,11.475
2024-03-06,11.468
2024-03-07,11.394
2024-03-08,11.3395
2024-03-11,11.4405
2024-03-12,11.4673
2024-03-13,11.4805
2024-03-14,11.467
2024-03-15,11.5205
2024-03-18,11.5565
2024-03-19,11.5985
2024-03-20,11.5725
2024-03-21,11.543
2024-03-22,11.617
2024-03-25,11.605
2024-03-26,11.626
2024-03-27,11.6825
2024-04-02,11.708
2024-04-03,11.658
2024-04-04,11.6125
2024-04-05,11.6118
2024-04-08,11.5905
2024-04-09,11.593
2024-04-10,11.5665
2024-04-11,11.618
2024-04-12,11.587
2024-04-15,11.626
2024-04-16,11.6745
2024-04-17,11.696
2024-04-18,11.7375
2024-04-19,11.765
2024-04-22,11.7185
2024-04-23,11.731
2024-04-24,11.733
2024-04-25,11.714
2024-04-26,11.7995
2024-04-29,11.7835
2024-04-30,11.815
2024-05-02,11.843
2024-05-03,11.708
2024-05-06,11.6663
2024-05-07,11.698
2024-05-08,11.757
2024-05-10,11.6735
2024-05-13,11.68
2024-05-14,11.6815
2024-05-15,11.649
2024-05-16,11.642
2024-05-21,11.583
2024-05-22,11.585
2024-05-23,11.5165
2024-05-24,11.4953
2024-05-27,11.415
2024-05-28,11.407
2024-05-29,11.417
2024-05-30,11.4065
2024-05-31,11.383
2024-06-03,11.3885
2024-06-04,11.489
2024-06-05,11.475
2024-06-06,11.5
2024-06-07,11.4865
2024-06-10,11.512
2024-06-11,11.491
2024-06-12,11.4675
2024-06-13,11.4315
2024-06-14,11.4025
2024-06-17,11.486
2024-06-18,11.448
2024-06-19,11.354
2024-06-20,11.2915
2024-06-21,11.2685
2024-06-24,11.349
2024-06-25,11.3265
2024-06-26,11.3945
2024-06-27,11.398
2024-06-28,11.3965
2024-07-01,11.4315
2024-07-02,11.4795
2024-07-03,11.4583
2024-07-04,11.4015
2024-07-05,11.448
2024-07-08,11.4575
2024-07-09,11.489
2024-07-10,11.607
2024-07-11,11.6725
2024-07-12,11.7025
2024-07-15,11.746
2024-07-16,11.7815
2024-07-17,11.7575
2024-07-18,11.748
2024-07-19,11.8255
2024-07-22,11.9165
2024-07-23,11.9635
2024-07-24,11.942
2024-07-25,12.0825
2024-07-26,11.937
2024-07-29,11.9155
2024-07-30,11.8885
2024-07-31,11.8175
2024-08-01,11.7465
2024-08-02,11.929
2024-08-05,12.1108
2024-08-06,12.0005
2024-08-07,11.781
2024-08-08,11.8825
2024-08-09,11.8295
2024-08-12,11.7745
2024-08-13,11.797
2024-08-14,11.7665
2024-08-15,11.7455
2024-08-16,11.8185
2024-08-19,11.7345
2024-08-20,11.6825
2024-08-21,11.683
2024-08-22,11.7685
2024-08-23,11.802
2024-08-26,11.7785
2024-08-27,11.723
2024-08-28,11.712
2024-08-29,11.641
2024-08-30,11.662
2024-09-02,11.73
2024-09-03,11.766
2024-09-04,11.805
2024-09-05,11.7895
2024-09-06,11.8015
2024-09-09,11.9405
2024-09-10,11.902
2024-09-11,11.937
2024-09-12,11.934
2024-09-13,11.8495
2024-09-16,11.78
2024-09-17,11.7885
2024-09-18,11.7753
2024-09-19,11.6678
2024-09-20,11.733
2024-09-23,11.686
2024-09-24,11.612
2024-09-25,11.684
2024-09-26,11.7865
2024-09-27,11.7575
2024-09-30,11.7645
2024-10-01,11.7305
2024-10-02,11.6735
2024-10-03,11.7195
2024-10-04,11.6845
2024-10-07,11.656
2024-10-08,11.687
2024-10-09,11.786
2024-10-10,11.792
2024-10-11,11.7393
2024-10-14,11.7465
2024-10-15,11.766
2024-10-16,11.8015
2024-10-17,11.8735
2024-10-18,11.8115
2024-10-21,11.838
2024-10-22,11.823
2024-10-23,11.8525
2024-10-24,11.8155
2024-10-25,11.8195
2024-10-28,11.912
2024-10-29,11.8415
2024-10-30,11.8785
2024-10-31,11.9385
2024-11-01,11.96
2024-11-04,11.9465
2024-11-05,11.96
2024-11-06,11.909
2024-11-07,11.7485
2024-11-08,11.7735
2024-11-11,11.7865
2024-11-12,11.7385
2024-11-13,11.7645
2024-11-14,11.759
2024-11-15,11.699
2024-11-18,11.717
2024-11-19,11.6595
2024-11-20,11.644
2024-11-21,11.62
2024-11-22,11.568
2024-11-25,11.5865
2024-11-26,11.6815
2024-11-27,11.69
2024-11-28,11.664
2024-11-29,11.6805
2024-12-02,11.659
2024-12-03,11.629
2024-12-04,11.6205
2024-12-05,11.66
2024-12-06,11.7445
2024-12-09,11.7435
2024-12-10,11.7315
2024-12-11,11.712
2024-12-12,11.654
2024-12-13,11.6758
2024-12-16,11.716
2024-12-17,11.7635
2024-12-18,11.762
2024-12-19,11.8143
2024-12-20,11.8685
2024-12-23,11.807
2024-12-27,11.8435
2024-12-30,11.8455
2024-12-31,11.795
2025-01-02,11.7173
2025-01-03,11.713
2025-01-06,11.7095
2025-01-07,11.7385
2025-01-08,11.738
2025-01-09,11.7605
2025-01-10,11.757
2025-01-13,11.709
2025-01-14,11.7195
2025-01-15,11.7035
2025-01-16,11.6965
2025-01-17,11.759
2025-01-20,11.7665
2025-01-21,11.817
2025-01-22,11.7525
2025-01-23,11.7305
2025-01-24,11.7495
2025-01-27,11.8095
2025-01-28,11.7785
2025-01-29,11.7785
2025-01-30,11.7615
2025-01-31,11.7373
2025-02-03,11.7138
2025-02-04,11.721
2025-02-05,11.6693
2025-02-06,11.6585
2025-02-07,11.625
2025-02-10,11.5745
2025-02-11,11.5755
2025-02-12,11.662
2025-02-13,11.7145
2025-02-14,11.6515
2025-02-17,11.6415
2025-02-18,11.659
2025-02-19,11.629
2025-02-20,11.609
2025-02-21,11.629
2025-02-24,11.6355
2025-02-25,11.6638
2025-02-26,11.6895
2025-02-27,11.7015
2025-02-28,11.7245
2025-03-03,11.695
2025-03-04,11.808
2025-03-05,11.82
2025-03-06,11.716
2025-03-07,11.759
2025-03-10,11.6705
2025-03-11,11.634
2025-03-12,11.6085
2025-03-13,11.5975
2025-03-14,11.62
2025-03-17,11.5283
2025-03-18,11.528
2025-03-19,11.505
2025-03-20,11.5025
2025-03-21,11.401
2025-03-24,11.3795
2025-03-25,11.309
2025-03-26,11.3585
2025-03-27,11.3435
2025-03-28,11.294
2025-03-31,11.413
2025-04-01,11.318
2025-04-02,11.2745
2025-04-03,11.4235
2025-04-04,11.6815
2025-04-07,11.9545
2025-04-08,11.9505
2025-04-09,12.1195
2025-04-10,11.9815
2025-04-11,12.1005
2025-04-14,12.0205
2025-04-15,11.9726
2025-04-16,12.0725
2025-04-22,11.8885
2025-04-23,11.891
2025-04-24,11.8285
2025-04-25,11.8415
2025-04-28,11.8615
2025-04-29,11.8045
2025-04-30,11.809
2025-05-02,11.7585
2025-05-05,11.7885
2025-05-06,11.7015
2025-05-07,11.6715
2025-05-08,11.688
2025-05-09,11.6725
2025-05-12,11.596
2025-05-13,11.5733
2025-05-14,11.5715
2025-05-15,11.65
2025-05-16,11.635
2025-05-19,11.5955
2025-05-20,11.5955
2025-05-21,11.484
2025-05-22,11.5155
2025-05-23,11.522
2025-05-26,11.484
2025-05-27,11.506
2025-05-28,11.4945
2025-05-30,11.5408
2025-06-02,11.51
2025-06-03,11.533
2025-06-04,11.5185
2025-06-05,11.5265
2025-06-06,11.524
2025-06-10,11.5073
2025-06-11,11.566
2025-06-12,11.574
2025-06-13,11.4435
2025-06-16,11.467
2025-06-17,11.4175
2025-06-18,11.4435
2025-06-19,11.5315
2025-06-20,11.598
2025-06-23,11.6635
2025-06-24,11.713
2025-06-25,11.782
2025-06-26,11.8125
2025-06-27,11.792
2025-06-30,11.8345
2025-07-01,11.8445
2025-07-02,11.878
2025-07-03,11.875
2025-07-04,11.847
2025-07-07,11.8755
2025-07-08,11.8295
2025-07-09,11.83
2025-07-10,11.803
2025-07-11,11.8305
2025-07-14,11.803
2025-07-15,11.8715
2025-07-16,11.946
2025-07-17,11.9675
2025-07-18,11.8335
2025-07-21,11.866
2025-07-22,11.8845
2025-07-23,11.8415
2025-07-24,11.8765
2025-07-25,11.8995
2025-07-28,11.8625
2025-07-29,11.8165
2025-07-30,11.7795
2025-07-31,11.774
2025-08-01,11.8128
2025-08-04,11.8745
2025-08-05,11.857
2025-08-06,11.8515
2025-08-07,11.8903
2025-08-08,11.954
2025-08-11,11.905
2025-08-12,11.8938
2025-08-13,11.944
2025-08-14,11.9215
2025-08-15,11.896
2025-08-18,11.884
2025-08-19,11.928
2025-08-20,11.9505
2025-08-21,11.8505
2025-08-22,11.8325
2025-08-25,11.8085
2025-08-26,11.836
2025-08-27,11.786
2025-08-28,11.748
2025-08-29,11.7465
2025-09-01,11.7315
2025-09-02,11.674
2025-09-03,11.7
2025-09-04,11.753
2025-09-05,11.7505
2025-09-08,11.7125
2025-09-09,11.7105
2025-09-10,11.6195
2025-09-11,11.612
2025-09-12,11.5845
2025-09-15,11.5565
2025-09-16,11.59
2025-09-17,11.626
2025-09-18,11.587
2025-09-19,11.6705
2025-09-22,11.7025
2025-09-23,11.672
2025-09-24,11.688
2025-09-25,11.689
2025-09-26,11.7105
2025-09-29,11.6775
2025-09-30,11.7265
2025-10-01,11.658
2025-10-02,11.675
2025-10-03,11.6745
2025-10-06,11.621
2025-10-07,11.6025
2025-10-08,11.6125
2025-10-09,11.624
2025-10-10,11.6775
2025-10-13,11.679
2025-10-14,11.7725
2025-10-15,11.7225
2025-10-16,11.734
2025-10-17,11.7293
2025-10-20,11.7415
2025-10-21,11.6693
2025-10-22,11.643
2025-10-23,11.583
2025-10-24,11.6185
2025-10-27,11.632
2025-10-28,11.6335
2025-10-29,11.6385
2025-10-30,11.6648
2025-10-31,11.6485
2025-11-03,11.648
2025-11-04,11.7265
2025-11-05,11.749
2025-11-06,11.7265
2025-11-07,11.78
2025-11-10,11.6885
2025-11-11,11.6605
2025-11-12,11.6495
2025-11-13,11.674
2025-11-14,11.7285
2025-11-17,11.7005
2025-11-18,11.7333
2025-11-19,11.748
2025-11-20,11.7405
2025-11-21,11.794
2025-11-24,11.7945
2025-11-25,11.848
2025-11-26,11.8468
2025-11-27,11.803
2025-11-28,11.7645
2025-12-01,11.771
2025-12-02,11.789
2025-12-03,11.758
2025-12-04,11.782
2025-12-05,11.755
2025-12-08,11.786
2025-12-09,11.7845
2025-12-10,11.809
2025-12-11,11.825
2025-12-12,11.856
2025-12-15,11.9075
2025-12-16,11.985
2025-12-17,11.9858
2025-12-18,11.9545
2025-12-19,11.915
2025-12-22,11.8875
2025-12-23,11.849
2025-12-29,11.827
2025-12-30,11.826
2025-12-31,11.843
2026-01-02,11.7985
2026-01-05,11.7795
2026-01-06,11.7285
2026-01-07,11.7585
2026-01-08,11.7935
2026-01-09,11.7765
2026-01-12,11.7445
2026-01-13,11.756
2026-01-14,11.733
2026-01-15,11.72
2026-01-16,11.7203
2026-01-19,11.7295
2026-01-20,11.7155
2026-01-21,11.6365
2026-01-22,11.576
2026-01-23,11.542
2026-01-26,11.6015
2026-01-27,11.567
2026-01-28,11.523
2026-01-29,11.418
2026-01-30,11.3885
2026-02-02,11.4655
2026-02-03,11.422
2026-02-04,11.3995
2026-02-05,11.474
2026-02-06,11.4695
2026-02-09,11.429
2026-02-10,11.3115
2026-02-11,11.265
2026-02-12,11.2535
2026-02-13,11.326
2026-02-16,11.2665
2026-02-17,11.2815
2026-02-18,11.2285
2026-02-19,11.253
2026-02-20,11.254
2026-02-23,11.2585
2026-02-24,11.2575
2026-02-25,11.2955
2026-02-26,11.293
2026-02-27,11.2085
2026-03-02,11.191
2026-03-03,11.2485
2026-03-04,11.2385
2026-03-05,11.214
2026-03-06,11.1725
2026-03-09,11.1545
2026-03-10,11.147
2026-03-11,11.17
2026-03-12,11.1575
2026-03-13,11.159
2026-03-16,11.149
2026-03-17,11.073
2026-03-18,11.0205
2026-03-19,10.996
2026-03-20,11.029
2026-03-23,11.285
2026-03-24,11.2305
2026-03-25,11.2855
2026-03-26,11.1265
2026-03-27,11.1885
2026-03-30,11.198
2026-03-31,11.2125
2026-04-01,11.208
2026-04-07,11.183
2026-04-08,11.1535
2026-04-09,11.1265
2026-04-10,11.1165
2026-04-13,11.098
2026-04-14,11.101
2026-04-15,11.12
2026-04-16,11.048
2026-04-17,11.017
2026-04-20,10.9745
2026-04-21,10.967
2026-04-22,10.912
2026-04-23,10.913
2026-04-24,10.9525
2026-04-27,10.883
2026-04-28,10.8875
2026-04-29,10.862
2026-04-30,10.9123
2026-05-04,10.828
2026-05-05,10.8055
2026-05-06,10.898
2026-05-07,10.8675
2026-05-08,10.8215
2026-05-11,10.8275
2026-05-12,10.771
2026-05-13,10.7415
2026-05-15,10.845
2026-05-18,10.8005
2026-05-19,10.7635
2026-05-20,10.764
2026-05-21,10.7075
2026-05-22,10.7295
2026-05-26,10.772
2026-05-27,10.797
2026-05-28,10.794
2026-05-29,10.7735
2026-06-01,10.7885
2026-06-02,10.8
2026-06-03,10.7935
2026-06-04,10.8445
2026-06-05,10.8445
2026-06-08,10.9165
2026-06-09,10.9345
2026-06-10,10.952
2026-06-11,10.9895
2026-06-12,11.0255
2026-06-15,11.0555
2026-06-16,11.0465
2026-06-17,11.008
2026-06-18,11.105
2026-06-19,11.1045
2026-06-22,11.074
2026-06-23,11.143
2026-06-24,11.157
2026-06-25,11.2175
2026-06-26,11.3035
2026-06-29,11.3295
2026-06-30,11.3105
2026-07-01,11.3125
2026-07-02,11.2885
2026-07-03,11.269
2026-07-06,11.234
2026-07-07,11.214
2026-07-08,11.136
2026-07-09,11.1305
2026-07-10,11.1485
2026-07-13,11.1595
2026-07-14,11.077
2026-07-15,11.096
2026-07-16,11.064
2026-07-17,11.039
2026-07-20,11.042
2026-07-21,10.987
2026-07-22,10.947
2026-07-23,10.9525
2026-07-24,10.888
2026-07-27,10.9845
2026-07-28,11.0055
2026-07-29,10.998
2026-07-30,10.9758
2026-07-31,10.942
2026-08-03,10.9965
2026-08-04,10.9925
2026-08-05,10.9835
2026-08-06,11.0003
2026-08-07,10.975
2026-08-10,10.986
2026-08-11,10.9705
2026-08-12,10.936
2026-08-13,10.986
2026-08-14,10.9325
2026-08-17,10.9235
2026-08-18,10.9025
2026-08-19,10.9105
2026-08-20,10.9025
2026-08-21,10.8675
2026-08-24,10.8645
2026-08-25,10.892
2026-08-26,10.8845
2026-08-27,10.877
2026-08-28,10.8595
2026-08-31,10.832
2026-09-01,10.8185
2026-09-02,10.809
2026-09-03,10.8063
2026-09-04,10.8035
2026-09-07,10.774
2026-09-08,10.745
2026-09-09,10.6975
2026-09-10,10.7635
2026-09-11,10.7805
2026-09-14,10.767
2026-09-15,10.785
2026-09-16,10.7885
2026-09-17,10.825
2026-09-18,10.8095
2026-09-21,10.813
2026-09-22,10.801
2026-09-23,10.799
2026-09-24,10.7895
2026-09-25,10.84
2026-09-28,10.817
2026-09-29,10.8735
2026-09-30,10.9015
2026-10-01,10.875
2026-10-02,10.8315
