series,period,value
bpi_norge,1992K1,18.8
bpi_norge,1992K2,18.9
bpi_norge,1992K3,19.0
bpi_norge,1992K4,18.5
bpi_norge,1993K1,17.8
bpi_norge,1993K2,18.7
bpi_norge,1993K3,19.4
bpi_norge,1993K4,20.0
bpi_norge,1994K1,20.6
bpi_norge,1994K2,21.2
bpi_norge,1994K3,22.1
bpi_norge,1994K4,22.0
bpi_norge,1995K1,22.1
bpi_norge,1995K2,23.0
bpi_norge,1995K3,23.4
bpi_norge,1995K4,23.7
bpi_norge,1996K1,23.9
bpi_norge,1996K2,25.0
bpi_norge,1996K3,25.5
bpi_norge,1996K4,26.1
bpi_norge,1997K1,26.5
bpi_norge,1997K2,28.4
bpi_norge,1997K3,28.6
bpi_norge,1997K4,29.0
bpi_norge,1998K1,30.2
bpi_norge,1998K2,32.1
bpi_norge,1998K3,31.8
bpi_norge,1998K4,30.9
bpi_norge,1999K1,32.1
bpi_norge,1999K2,34.7
bpi_norge,1999K3,35.4
bpi_norge,1999K4,36.7
bpi_norge,2000K1,38.9
bpi_norge,2000K2,41.5
bpi_norge,2000K3,40.3
bpi_norge,2000K4,40.3
bpi_norge,2001K1,41.7
bpi_norge,2001K2,43.5
bpi_norge,2001K3,43.5
bpi_norge,2001K4,43.4
bpi_norge,2002K1,44.8
bpi_norge,2002K2,46.4
bpi_norge,2002K3,44.9
bpi_norge,2002K4,44.6
bpi_norge,2003K1,45.6
bpi_norge,2003K2,45.9
bpi_norge,2003K3,45.8
bpi_norge,2003K4,46.4
bpi_norge,2004K1,49.8
bpi_norge,2004K2,50.6
bpi_norge,2004K3,50.7
bpi_norge,2004K4,51.3
bpi_norge,2005K1,53.4
bpi_norge,2005K2,54.9
bpi_norge,2005K3,55.4
bpi_norge,2005K4,55.4
bpi_norge,2006K1,58.9
bpi_norge,2006K2,61.8
bpi_norge,2006K3,63.8
bpi_norge,2006K4,64.6
bpi_norge,2007K1,68.6
bpi_norge,2007K2,71.2
bpi_norge,2007K3,71.1
bpi_norge,2007K4,69.5
bpi_norge,2008K1,71.1
bpi_norge,2008K2,72.0
bpi_norge,2008K3,69.6
bpi_norge,2008K4,64.7
bpi_norge,2009K1,67.4
bpi_norge,2009K2,70.9
bpi_norge,2009K3,72.2
bpi_norge,2009K4,72.2
bpi_norge,2010K1,74.6
bpi_norge,2010K2,77.4
bpi_norge,2010K3,77.0
bpi_norge,2010K4,76.9
bpi_norge,2011K1,80.9
bpi_norge,2011K2,83.1
bpi_norge,2011K3,83.4
bpi_norge,2011K4,83.0
bpi_norge,2012K1,86.0
bpi_norge,2012K2,88.8
bpi_norge,2012K3,89.3
bpi_norge,2012K4,88.7
bpi_norge,2013K1,91.4
bpi_norge,2013K2,93.9
bpi_norge,2013K3,92.1
bpi_norge,2013K4,89.6
bpi_norge,2014K1,91.7
bpi_norge,2014K2,95.2
bpi_norge,2014K3,95.3
bpi_norge,2014K4,94.8
bpi_norge,2015K1,98.3
bpi_norge,2015K2,101.5
bpi_norge,2015K3,101.1
bpi_norge,2015K4,99.1
bpi_norge,2016K1,102.8
bpi_norge,2016K2,107.1
bpi_norge,2016K3,109.1
bpi_norge,2016K4,109.1
bpi_norge,2017K1,113.2
bpi_norge,2017K2,114.5
bpi_norge,2017K3,111.8
bpi_norge,2017K4,109.9
bpi_norge,2018K1,112.0
bpi_norge,2018K2,116.4
bpi_norge,2018K3,115.1
bpi_norge,2018K4,112.4
bpi_norge,2019K1,115.4
bpi_norge,2019K2,118.7
bpi_norge,2019K3,117.8
bpi_norge,2019K4,115.3
bpi_norge,2020K1,117.6
bpi_norge,2020K2,121.9
bpi_norge,2020K3,123.6
bpi_norge,2020K4,124.0
bpi_norge,2021K1,130.7
bpi_norge,2021K2,137.0
bpi_norge,2021K3,136.5
bpi_norge,2021K4,133.9
bpi_norge,2022K1,140.1
bpi_norge,2022K2,145.7
bpi_norge,2022K3,143.1
bpi_norge,2022K4,137.4
bpi_norge,2023K1,140.0
bpi_norge,2023K2,145.5
bpi_norge,2023K3,141.3
bpi_norge,2023K4,136.4
bpi_norge,2024K1,141.7
bpi_norge,2024K2,147.7
bpi_norge,2024K3,145.9
bpi_norge,2024K4,143.0
bpi_norge,2025K1,150.9
bpi_norge,2025K2,154.4
bpi_norge,2025K3,153.2
bpi_norge,2025K4,151.5
bpi_norge,2026K1,156.7
bpi_norge,2026K2,161.2
bpi_oslo,1992K1,13.5
bpi_oslo,1992K2,13.7
bpi_oslo,1992K3,13.8
bpi_oslo,1992K4,13.2
bpi_oslo,1993K1,12.8
bpi_oslo,1993K2,13.5
bpi_oslo,1993K3,14.4
bpi_oslo,1993K4,15.8
bpi_oslo,1994K1,16.2
bpi_oslo,1994K2,17.0
bpi_oslo,1994K3,17.4
bpi_oslo,1994K4,17.0
bpi_oslo,1995K1,17.0
bpi_oslo,1995K2,17.6
bpi_oslo,1995K3,18.2
bpi_oslo,1995K4,18.4
bpi_oslo,1996K1,18.8
bpi_oslo,1996K2,20.2
bpi_oslo,1996K3,20.5
bpi_oslo,1996K4,21.5
bpi_oslo,1997K1,22.7
bpi_oslo,1997K2,24.1
bpi_oslo,1997K3,24.2
bpi_oslo,1997K4,25.1
bpi_oslo,1998K1,27.5
bpi_oslo,1998K2,28.8
bpi_oslo,1998K3,28.2
bpi_oslo,1998K4,27.3
bpi_oslo,1999K1,29.5
bpi_oslo,1999K2,32.4
bpi_oslo,1999K3,33.4
bpi_oslo,1999K4,34.7
bpi_oslo,2000K1,38.5
bpi_oslo,2000K2,40.3
bpi_oslo,2000K3,38.8
bpi_oslo,2000K4,37.9
bpi_oslo,2001K1,40.6
bpi_oslo,2001K2,41.7
bpi_oslo,2001K3,42.1
bpi_oslo,2001K4,41.6
bpi_oslo,2002K1,43.8
bpi_oslo,2002K2,45.2
bpi_oslo,2002K3,44.3
bpi_oslo,2002K4,43.0
bpi_oslo,2003K1,43.3
bpi_oslo,2003K2,42.8
bpi_oslo,2003K3,43.8
bpi_oslo,2003K4,44.5
bpi_oslo,2004K1,46.6
bpi_oslo,2004K2,47.5
bpi_oslo,2004K3,48.7
bpi_oslo,2004K4,49.3
bpi_oslo,2005K1,51.2
bpi_oslo,2005K2,51.8
bpi_oslo,2005K3,53.1
bpi_oslo,2005K4,53.5
bpi_oslo,2006K1,56.5
bpi_oslo,2006K2,59.3
bpi_oslo,2006K3,62.4
bpi_oslo,2006K4,63.3
bpi_oslo,2007K1,67.2
bpi_oslo,2007K2,68.1
bpi_oslo,2007K3,67.9
bpi_oslo,2007K4,65.4
bpi_oslo,2008K1,66.1
bpi_oslo,2008K2,66.5
bpi_oslo,2008K3,64.7
bpi_oslo,2008K4,59.4
bpi_oslo,2009K1,61.8
bpi_oslo,2009K2,66.1
bpi_oslo,2009K3,69.0
bpi_oslo,2009K4,68.4
bpi_oslo,2010K1,69.7
bpi_oslo,2010K2,72.0
bpi_oslo,2010K3,73.2
bpi_oslo,2010K4,73.0
bpi_oslo,2011K1,77.3
bpi_oslo,2011K2,78.9
bpi_oslo,2011K3,80.3
bpi_oslo,2011K4,79.9
bpi_oslo,2012K1,82.7
bpi_oslo,2012K2,85.3
bpi_oslo,2012K3,87.6
bpi_oslo,2012K4,86.5
bpi_oslo,2013K1,89.2
bpi_oslo,2013K2,89.9
bpi_oslo,2013K3,88.2
bpi_oslo,2013K4,85.5
bpi_oslo,2014K1,87.0
bpi_oslo,2014K2,90.9
bpi_oslo,2014K3,92.2
bpi_oslo,2014K4,92.5
bpi_oslo,2015K1,97.4
bpi_oslo,2015K2,100.0
bpi_oslo,2015K3,101.6
bpi_oslo,2015K4,101.0
bpi_oslo,2016K1,106.5
bpi_oslo,2016K2,112.7
bpi_oslo,2016K3,119.9
bpi_oslo,2016K4,122.9
bpi_oslo,2017K1,128.9
bpi_oslo,2017K2,127.4
bpi_oslo,2017K3,122.2
bpi_oslo,2017K4,119.2
bpi_oslo,2018K1,122.6
bpi_oslo,2018K2,127.9
bpi_oslo,2018K3,127.1
bpi_oslo,2018K4,124.5
bpi_oslo,2019K1,128.3
bpi_oslo,2019K2,131.3
bpi_oslo,2019K3,131.8
bpi_oslo,2019K4,130.2
bpi_oslo,2020K1,132.2
bpi_oslo,2020K2,136.1
bpi_oslo,2020K3,138.2
bpi_oslo,2020K4,142.6
bpi_oslo,2021K1,150.5
bpi_oslo,2021K2,153.9
bpi_oslo,2021K3,152.7
bpi_oslo,2021K4,151.2
bpi_oslo,2022K1,159.4
bpi_oslo,2022K2,162.7
bpi_oslo,2022K3,160.1
bpi_oslo,2022K4,153.5
bpi_oslo,2023K1,157.0
bpi_oslo,2023K2,161.6
bpi_oslo,2023K3,157.3
bpi_oslo,2023K4,153.8
bpi_oslo,2024K1,158.9
bpi_oslo,2024K2,165.6
bpi_oslo,2024K3,164.9
bpi_oslo,2024K4,162.1
bpi_oslo,2025K1,172.2
bpi_oslo,2025K2,172.7
bpi_oslo,2025K3,170.3
bpi_oslo,2025K4,169.4
bpi_oslo,2026K1,174.2
bpi_oslo,2026K2,174.1
bpi_stavanger,1992K1,0.0
bpi_stavanger,1992K2,0.0
bpi_stavanger,1992K3,0.0
bpi_stavanger,1992K4,0.0
bpi_stavanger,1993K1,0.0
bpi_stavanger,1993K2,0.0
bpi_stavanger,1993K3,0.0
bpi_stavanger,1993K4,0.0
bpi_stavanger,1994K1,0.0
bpi_stavanger,1994K2,0.0
bpi_stavanger,1994K3,0.0
bpi_stavanger,1994K4,0.0
bpi_stavanger,1995K1,0.0
bpi_stavanger,1995K2,0.0
bpi_stavanger,1995K3,0.0
bpi_stavanger,1995K4,0.0
bpi_stavanger,1996K1,0.0
bpi_stavanger,1996K2,0.0
bpi_stavanger,1996K3,0.0
bpi_stavanger,1996K4,0.0
bpi_stavanger,1997K1,0.0
bpi_stavanger,1997K2,0.0
bpi_stavanger,1997K3,0.0
bpi_stavanger,1997K4,0.0
bpi_stavanger,1998K1,0.0
bpi_stavanger,1998K2,0.0
bpi_stavanger,1998K3,0.0
bpi_stavanger,1998K4,0.0
bpi_stavanger,1999K1,0.0
bpi_stavanger,1999K2,0.0
bpi_stavanger,1999K3,0.0
bpi_stavanger,1999K4,0.0
bpi_stavanger,2000K1,0.0
bpi_stavanger,2000K2,0.0
bpi_stavanger,2000K3,0.0
bpi_stavanger,2000K4,0.0
bpi_stavanger,2001K1,0.0
bpi_stavanger,2001K2,0.0
bpi_stavanger,2001K3,0.0
bpi_stavanger,2001K4,0.0
bpi_stavanger,2002K1,0.0
bpi_stavanger,2002K2,0.0
bpi_stavanger,2002K3,0.0
bpi_stavanger,2002K4,0.0
bpi_stavanger,2003K1,0.0
bpi_stavanger,2003K2,0.0
bpi_stavanger,2003K3,0.0
bpi_stavanger,2003K4,0.0
bpi_stavanger,2004K1,0.0
bpi_stavanger,2004K2,0.0
bpi_stavanger,2004K3,0.0
bpi_stavanger,2004K4,0.0
bpi_stavanger,2005K1,48.5
bpi_stavanger,2005K2,49.7
bpi_stavanger,2005K3,50.1
bpi_stavanger,2005K4,52.1
bpi_stavanger,2006K1,57.1
bpi_stavanger,2006K2,61.3
bpi_stavanger,2006K3,64.7
bpi_stavanger,2006K4,68.0
bpi_stavanger,2007K1,73.7
bpi_stavanger,2007K2,74.5
bpi_stavanger,2007K3,76.2
bpi_stavanger,2007K4,76.6
bpi_stavanger,2008K1,78.6
bpi_stavanger,2008K2,78.7
bpi_stavanger,2008K3,75.1
bpi_stavanger,2008K4,71.2
bpi_stavanger,2009K1,72.4
bpi_stavanger,2009K2,74.7
bpi_stavanger,2009K3,77.6
bpi_stavanger,2009K4,82.1
bpi_stavanger,2010K1,85.6
bpi_stavanger,2010K2,87.3
bpi_stavanger,2010K3,88.5
bpi_stavanger,2010K4,89.9
bpi_stavanger,2011K1,94.5
bpi_stavanger,2011K2,95.6
bpi_stavanger,2011K3,96.7
bpi_stavanger,2011K4,97.9
bpi_stavanger,2012K1,99.7
bpi_stavanger,2012K2,103.1
bpi_stavanger,2012K3,106.0
bpi_stavanger,2012K4,105.0
bpi_stavanger,2013K1,107.1
bpi_stavanger,2013K2,107.8
bpi_stavanger,2013K3,105.7
bpi_stavanger,2013K4,103.2
bpi_stavanger,2014K1,101.2
bpi_stavanger,2014K2,105.7
bpi_stavanger,2014K3,104.8
bpi_stavanger,2014K4,104.2
bpi_stavanger,2015K1,103.3
bpi_stavanger,2015K2,101.8
bpi_stavanger,2015K3,99.2
bpi_stavanger,2015K4,95.7
bpi_stavanger,2016K1,92.7
bpi_stavanger,2016K2,93.8
bpi_stavanger,2016K3,93.8
bpi_stavanger,2016K4,96.1
bpi_stavanger,2017K1,97.7
bpi_stavanger,2017K2,100.3
bpi_stavanger,2017K3,96.6
bpi_stavanger,2017K4,99.7
bpi_stavanger,2018K1,98.0
bpi_stavanger,2018K2,99.2
bpi_stavanger,2018K3,97.7
bpi_stavanger,2018K4,96.4
bpi_stavanger,2019K1,98.2
bpi_stavanger,2019K2,100.9
bpi_stavanger,2019K3,98.6
bpi_stavanger,2019K4,93.3
bpi_stavanger,2020K1,99.4
bpi_stavanger,2020K2,101.4
bpi_stavanger,2020K3,103.4
bpi_stavanger,2020K4,102.6
bpi_stavanger,2021K1,106.4
bpi_stavanger,2021K2,111.8
bpi_stavanger,2021K3,113.1
bpi_stavanger,2021K4,112.4
bpi_stavanger,2022K1,115.3
bpi_stavanger,2022K2,119.0
bpi_stavanger,2022K3,116.9
bpi_stavanger,2022K4,113.8
bpi_stavanger,2023K1,114.9
bpi_stavanger,2023K2,121.9
bpi_stavanger,2023K3,119.8
bpi_stavanger,2023K4,116.0
bpi_stavanger,2024K1,121.1
bpi_stavanger,2024K2,126.3
bpi_stavanger,2024K3,127.1
bpi_stavanger,2024K4,124.6
bpi_stavanger,2025K1,138.8
bpi_stavanger,2025K2,143.8
bpi_stavanger,2025K3,146.6
bpi_stavanger,2025K4,147.2
bpi_stavanger,2026K1,154.2
bpi_stavanger,2026K2,159.5
bpi_bergen,1992K1,0.0
bpi_bergen,1992K2,0.0
bpi_bergen,1992K3,0.0
bpi_bergen,1992K4,0.0
bpi_bergen,1993K1,0.0
bpi_bergen,1993K2,0.0
bpi_bergen,1993K3,0.0
bpi_bergen,1993K4,0.0
bpi_bergen,1994K1,0.0
bpi_bergen,1994K2,0.0
bpi_bergen,1994K3,0.0
bpi_bergen,1994K4,0.0
bpi_bergen,1995K1,0.0
bpi_bergen,1995K2,0.0
bpi_bergen,1995K3,0.0
bpi_bergen,1995K4,0.0
bpi_bergen,1996K1,0.0
bpi_bergen,1996K2,0.0
bpi_bergen,1996K3,0.0
bpi_bergen,1996K4,0.0
bpi_bergen,1997K1,0.0
bpi_bergen,1997K2,0.0
bpi_bergen,1997K3,0.0
bpi_bergen,1997K4,0.0
bpi_bergen,1998K1,0.0
bpi_bergen,1998K2,0.0
bpi_bergen,1998K3,0.0
bpi_bergen,1998K4,0.0
bpi_bergen,1999K1,0.0
bpi_bergen,1999K2,0.0
bpi_bergen,1999K3,0.0
bpi_bergen,1999K4,0.0
bpi_bergen,2000K1,0.0
bpi_bergen,2000K2,0.0
bpi_bergen,2000K3,0.0
bpi_bergen,2000K4,0.0
bpi_bergen,2001K1,0.0
bpi_bergen,2001K2,0.0
bpi_bergen,2001K3,0.0
bpi_bergen,2001K4,0.0
bpi_bergen,2002K1,0.0
bpi_bergen,2002K2,0.0
bpi_bergen,2002K3,0.0
bpi_bergen,2002K4,0.0
bpi_bergen,2003K1,0.0
bpi_bergen,2003K2,0.0
bpi_bergen,2003K3,0.0
bpi_bergen,2003K4,0.0
bpi_bergen,2004K1,0.0
bpi_bergen,2004K2,0.0
bpi_bergen,2004K3,0.0
bpi_bergen,2004K4,0.0
bpi_bergen,2005K1,53.3
bpi_bergen,2005K2,54.4
bpi_bergen,2005K3,56.1
bpi_bergen,2005K4,55.3
bpi_bergen,2006K1,61.0
bpi_bergen,2006K2,63.0
bpi_bergen,2006K3,66.2
bpi_bergen,2006K4,67.3
bpi_bergen,2007K1,71.7
bpi_bergen,2007K2,71.2
bpi_bergen,2007K3,69.7
bpi_bergen,2007K4,67.3
bpi_bergen,2008K1,67.7
bpi_bergen,2008K2,67.6
bpi_bergen,2008K3,62.8
bpi_bergen,2008K4,58.9
bpi_bergen,2009K1,61.2
bpi_bergen,2009K2,64.2
bpi_bergen,2009K3,66.9
bpi_bergen,2009K4,67.0
bpi_bergen,2010K1,69.6
bpi_bergen,2010K2,73.5
bpi_bergen,2010K3,73.1
bpi_bergen,2010K4,73.1
bpi_bergen,2011K1,78.1
bpi_bergen,2011K2,79.0
bpi_bergen,2011K3,79.5
bpi_bergen,2011K4,81.0
bpi_bergen,2012K1,84.2
bpi_bergen,2012K2,83.6
bpi_bergen,2012K3,84.7
bpi_bergen,2012K4,85.3
bpi_bergen,2013K1,88.1
bpi_bergen,2013K2,91.7
bpi_bergen,2013K3,90.1
bpi_bergen,2013K4,86.4
bpi_bergen,2014K1,90.5
bpi_bergen,2014K2,92.6
bpi_bergen,2014K3,94.5
bpi_bergen,2014K4,94.2
bpi_bergen,2015K1,98.2
bpi_bergen,2015K2,101.9
bpi_bergen,2015K3,101.5
bpi_bergen,2015K4,98.4
bpi_bergen,2016K1,99.2
bpi_bergen,2016K2,101.6
bpi_bergen,2016K3,101.2
bpi_bergen,2016K4,101.5
bpi_bergen,2017K1,103.7
bpi_bergen,2017K2,105.7
bpi_bergen,2017K3,102.5
bpi_bergen,2017K4,99.4
bpi_bergen,2018K1,101.7
bpi_bergen,2018K2,105.5
bpi_bergen,2018K3,103.4
bpi_bergen,2018K4,100.9
bpi_bergen,2019K1,104.3
bpi_bergen,2019K2,106.7
bpi_bergen,2019K3,105.7
bpi_bergen,2019K4,105.1
bpi_bergen,2020K1,108.1
bpi_bergen,2020K2,110.5
bpi_bergen,2020K3,112.5
bpi_bergen,2020K4,112.9
bpi_bergen,2021K1,117.5
bpi_bergen,2021K2,122.4
bpi_bergen,2021K3,121.5
bpi_bergen,2021K4,120.0
bpi_bergen,2022K1,124.9
bpi_bergen,2022K2,130.0
bpi_bergen,2022K3,128.1
bpi_bergen,2022K4,123.3
bpi_bergen,2023K1,126.8
bpi_bergen,2023K2,129.7
bpi_bergen,2023K3,125.3
bpi_bergen,2023K4,122.0
bpi_bergen,2024K1,128.6
bpi_bergen,2024K2,133.1
bpi_bergen,2024K3,134.4
bpi_bergen,2024K4,134.6
bpi_bergen,2025K1,144.3
bpi_bergen,2025K2,147.7
bpi_bergen,2025K3,147.9
bpi_bergen,2025K4,148.9
bpi_bergen,2026K1,158.5
bpi_bergen,2026K2,164.4
bpi_trondheim,1992K1,0.0
bpi_trondheim,1992K2,0.0
bpi_trondheim,1992K3,0.0
bpi_trondheim,1992K4,0.0
bpi_trondheim,1993K1,0.0
bpi_trondheim,1993K2,0.0
bpi_trondheim,1993K3,0.0
bpi_trondheim,1993K4,0.0
bpi_trondheim,1994K1,0.0
bpi_trondheim,1994K2,0.0
bpi_trondheim,1994K3,0.0
bpi_trondheim,1994K4,0.0
bpi_trondheim,1995K1,0.0
bpi_trondheim,1995K2,0.0
bpi_trondheim,1995K3,0.0
bpi_trondheim,1995K4,0.0
bpi_trondheim,1996K1,0.0
bpi_trondheim,1996K2,0.0
bpi_trondheim,1996K3,0.0
bpi_trondheim,1996K4,0.0
bpi_trondheim,1997K1,0.0
bpi_trondheim,1997K2,0.0
bpi_trondheim,1997K3,0.0
bpi_trondheim,1997K4,0.0
bpi_trondheim,1998K1,0.0
bpi_trondheim,1998K2,0.0
bpi_trondheim,1998K3,0.0
bpi_trondheim,1998K4,0.0
bpi_trondheim,1999K1,0.0
bpi_trondheim,1999K2,0.0
bpi_trondheim,1999K3,0.0
bpi_trondheim,1999K4,0.0
bpi_trondheim,2000K1,0.0
bpi_trondheim,2000K2,0.0
bpi_trondheim,2000K3,0.0
bpi_trondheim,2000K4,0.0
bpi_trondheim,2001K1,0.0
bpi_trondheim,2001K2,0.0
bpi_trondheim,2001K3,0.0
bpi_trondheim,2001K4,0.0
bpi_trondheim,2002K1,0.0
bpi_trondheim,2002K2,0.0
bpi_trondheim,2002K3,0.0
bpi_trondheim,2002K4,0.0
bpi_trondheim,2003K1,0.0
bpi_trondheim,2003K2,0.0
bpi_trondheim,2003K3,0.0
bpi_trondheim,2003K4,0.0
bpi_trondheim,2004K1,0.0
bpi_trondheim,2004K2,0.0
bpi_trondheim,2004K3,0.0
bpi_trondheim,2004K4,0.0
bpi_trondheim,2005K1,53.8
bpi_trondheim,2005K2,54.3
bpi_trondheim,2005K3,55.0
bpi_trondheim,2005K4,55.0
bpi_trondheim,2006K1,59.0
bpi_trondheim,2006K2,60.5
bpi_trondheim,2006K3,61.3
bpi_trondheim,2006K4,61.8
bpi_trondheim,2007K1,65.3
bpi_trondheim,2007K2,66.0
bpi_trondheim,2007K3,65.6
bpi_trondheim,2007K4,63.0
bpi_trondheim,2008K1,64.4
bpi_trondheim,2008K2,65.9
bpi_trondheim,2008K3,62.6
bpi_trondheim,2008K4,58.7
bpi_trondheim,2009K1,61.6
bpi_trondheim,2009K2,63.8
bpi_trondheim,2009K3,65.0
bpi_trondheim,2009K4,66.8
bpi_trondheim,2010K1,70.6
bpi_trondheim,2010K2,71.2
bpi_trondheim,2010K3,73.2
bpi_trondheim,2010K4,72.9
bpi_trondheim,2011K1,77.0
bpi_trondheim,2011K2,80.0
bpi_trondheim,2011K3,80.5
bpi_trondheim,2011K4,82.0
bpi_trondheim,2012K1,83.2
bpi_trondheim,2012K2,86.9
bpi_trondheim,2012K3,87.9
bpi_trondheim,2012K4,88.4
bpi_trondheim,2013K1,92.7
bpi_trondheim,2013K2,92.4
bpi_trondheim,2013K3,92.3
bpi_trondheim,2013K4,89.4
bpi_trondheim,2014K1,91.7
bpi_trondheim,2014K2,96.2
bpi_trondheim,2014K3,94.6
bpi_trondheim,2014K4,96.0
bpi_trondheim,2015K1,97.7
bpi_trondheim,2015K2,101.7
bpi_trondheim,2015K3,101.3
bpi_trondheim,2015K4,99.3
bpi_trondheim,2016K1,104.0
bpi_trondheim,2016K2,106.4
bpi_trondheim,2016K3,108.8
bpi_trondheim,2016K4,108.3
bpi_trondheim,2017K1,111.7
bpi_trondheim,2017K2,113.0
bpi_trondheim,2017K3,110.5
bpi_trondheim,2017K4,106.8
bpi_trondheim,2018K1,110.0
bpi_trondheim,2018K2,113.4
bpi_trondheim,2018K3,110.2
bpi_trondheim,2018K4,110.4
bpi_trondheim,2019K1,111.7
bpi_trondheim,2019K2,111.1
bpi_trondheim,2019K3,112.1
bpi_trondheim,2019K4,110.5
bpi_trondheim,2020K1,113.3
bpi_trondheim,2020K2,115.4
bpi_trondheim,2020K3,115.8
bpi_trondheim,2020K4,117.6
bpi_trondheim,2021K1,123.5
bpi_trondheim,2021K2,128.5
bpi_trondheim,2021K3,129.6
bpi_trondheim,2021K4,129.8
bpi_trondheim,2022K1,137.7
bpi_trondheim,2022K2,139.7
bpi_trondheim,2022K3,136.7
bpi_trondheim,2022K4,131.1
bpi_trondheim,2023K1,135.5
bpi_trondheim,2023K2,138.5
bpi_trondheim,2023K3,135.4
bpi_trondheim,2023K4,131.4
bpi_trondheim,2024K1,137.5
bpi_trondheim,2024K2,138.9
bpi_trondheim,2024K3,136.7
bpi_trondheim,2024K4,134.2
bpi_trondheim,2025K1,140.4
bpi_trondheim,2025K2,143.3
bpi_trondheim,2025K3,140.4
bpi_trondheim,2025K4,140.9
bpi_trondheim,2026K1,143.0
bpi_trondheim,2026K2,146.1
bpi_norge_sa,2005K1,53.2
bpi_norge_sa,2005K2,54.0
bpi_norge_sa,2005K3,55.2
bpi_norge_sa,2005K4,56.8
bpi_norge_sa,2006K1,58.7
bpi_norge_sa,2006K2,60.7
bpi_norge_sa,2006K3,63.6
bpi_norge_sa,2006K4,66.1
bpi_norge_sa,2007K1,68.4
bpi_norge_sa,2007K2,69.9
bpi_norge_sa,2007K3,70.9
bpi_norge_sa,2007K4,71.1
bpi_norge_sa,2008K1,71.0
bpi_norge_sa,2008K2,70.7
bpi_norge_sa,2008K3,69.4
bpi_norge_sa,2008K4,66.2
bpi_norge_sa,2009K1,67.3
bpi_norge_sa,2009K2,69.6
bpi_norge_sa,2009K3,72.0
bpi_norge_sa,2009K4,73.8
bpi_norge_sa,2010K1,74.7
bpi_norge_sa,2010K2,75.9
bpi_norge_sa,2010K3,76.8
bpi_norge_sa,2010K4,78.6
bpi_norge_sa,2011K1,80.9
bpi_norge_sa,2011K2,81.5
bpi_norge_sa,2011K3,83.2
bpi_norge_sa,2011K4,84.8
bpi_norge_sa,2012K1,86.1
bpi_norge_sa,2012K2,87.1
bpi_norge_sa,2012K3,89.0
bpi_norge_sa,2012K4,90.5
bpi_norge_sa,2013K1,91.5
bpi_norge_sa,2013K2,92.1
bpi_norge_sa,2013K3,91.8
bpi_norge_sa,2013K4,91.5
bpi_norge_sa,2014K1,91.8
bpi_norge_sa,2014K2,93.4
bpi_norge_sa,2014K3,95.0
bpi_norge_sa,2014K4,96.9
bpi_norge_sa,2015K1,98.4
bpi_norge_sa,2015K2,99.6
bpi_norge_sa,2015K3,100.7
bpi_norge_sa,2015K4,101.3
bpi_norge_sa,2016K1,102.9
bpi_norge_sa,2016K2,105.1
bpi_norge_sa,2016K3,108.7
bpi_norge_sa,2016K4,111.6
bpi_norge_sa,2017K1,113.3
bpi_norge_sa,2017K2,112.4
bpi_norge_sa,2017K3,111.4
bpi_norge_sa,2017K4,112.4
bpi_norge_sa,2018K1,112.1
bpi_norge_sa,2018K2,114.2
bpi_norge_sa,2018K3,114.6
bpi_norge_sa,2018K4,115.0
bpi_norge_sa,2019K1,115.6
bpi_norge_sa,2019K2,116.3
bpi_norge_sa,2019K3,117.3
bpi_norge_sa,2019K4,118.1
bpi_norge_sa,2020K1,117.9
bpi_norge_sa,2020K2,119.3
bpi_norge_sa,2020K3,123.0
bpi_norge_sa,2020K4,127.2
bpi_norge_sa,2021K1,131.0
bpi_norge_sa,2021K2,133.8
bpi_norge_sa,2021K3,135.8
bpi_norge_sa,2021K4,137.6
bpi_norge_sa,2022K1,140.4
bpi_norge_sa,2022K2,142.2
bpi_norge_sa,2022K3,142.4
bpi_norge_sa,2022K4,141.3
bpi_norge_sa,2023K1,140.3
bpi_norge_sa,2023K2,141.9
bpi_norge_sa,2023K3,140.7
bpi_norge_sa,2023K4,140.4
bpi_norge_sa,2024K1,141.9
bpi_norge_sa,2024K2,144.0
bpi_norge_sa,2024K3,145.4
bpi_norge_sa,2024K4,147.1
bpi_norge_sa,2025K1,151.0
bpi_norge_sa,2025K2,150.6
bpi_norge_sa,2025K3,152.7
bpi_norge_sa,2025K4,155.8
bpi_norge_sa,2026K1,156.7
bpi_norge_sa,2026K2,157.3
bpi_oslo_sa,2005K1,51.0
bpi_oslo_sa,2005K2,51.3
bpi_oslo_sa,2005K3,52.6
bpi_oslo_sa,2005K4,54.6
bpi_oslo_sa,2006K1,56.4
bpi_oslo_sa,2006K2,58.7
bpi_oslo_sa,2006K3,61.8
bpi_oslo_sa,2006K4,64.6
bpi_oslo_sa,2007K1,67.2
bpi_oslo_sa,2007K2,67.4
bpi_oslo_sa,2007K3,67.3
bpi_oslo_sa,2007K4,66.8
bpi_oslo_sa,2008K1,66.2
bpi_oslo_sa,2008K2,65.8
bpi_oslo_sa,2008K3,64.0
bpi_oslo_sa,2008K4,60.6
bpi_oslo_sa,2009K1,62.0
bpi_oslo_sa,2009K2,65.3
bpi_oslo_sa,2009K3,68.3
bpi_oslo_sa,2009K4,69.8
bpi_oslo_sa,2010K1,69.9
bpi_oslo_sa,2010K2,71.1
bpi_oslo_sa,2010K3,72.5
bpi_oslo_sa,2010K4,74.4
bpi_oslo_sa,2011K1,77.4
bpi_oslo_sa,2011K2,78.0
bpi_oslo_sa,2011K3,79.6
bpi_oslo_sa,2011K4,81.4
bpi_oslo_sa,2012K1,82.7
bpi_oslo_sa,2012K2,84.4
bpi_oslo_sa,2012K3,86.9
bpi_oslo_sa,2012K4,88.2
bpi_oslo_sa,2013K1,89.1
bpi_oslo_sa,2013K2,88.9
bpi_oslo_sa,2013K3,87.5
bpi_oslo_sa,2013K4,87.2
bpi_oslo_sa,2014K1,86.8
bpi_oslo_sa,2014K2,89.9
bpi_oslo_sa,2014K3,91.6
bpi_oslo_sa,2014K4,94.4
bpi_oslo_sa,2015K1,97.1
bpi_oslo_sa,2015K2,98.9
bpi_oslo_sa,2015K3,101.1
bpi_oslo_sa,2015K4,103.0
bpi_oslo_sa,2016K1,106.1
bpi_oslo_sa,2016K2,111.4
bpi_oslo_sa,2016K3,119.5
bpi_oslo_sa,2016K4,125.3
bpi_oslo_sa,2017K1,128.4
bpi_oslo_sa,2017K2,125.8
bpi_oslo_sa,2017K3,121.9
bpi_oslo_sa,2017K4,121.5
bpi_oslo_sa,2018K1,122.1
bpi_oslo_sa,2018K2,126.2
bpi_oslo_sa,2018K3,127.0
bpi_oslo_sa,2018K4,126.9
bpi_oslo_sa,2019K1,127.9
bpi_oslo_sa,2019K2,129.3
bpi_oslo_sa,2019K3,131.7
bpi_oslo_sa,2019K4,132.8
bpi_oslo_sa,2020K1,131.7
bpi_oslo_sa,2020K2,133.9
bpi_oslo_sa,2020K3,138.2
bpi_oslo_sa,2020K4,145.6
bpi_oslo_sa,2021K1,150.0
bpi_oslo_sa,2021K2,151.2
bpi_oslo_sa,2021K3,152.6
bpi_oslo_sa,2021K4,154.6
bpi_oslo_sa,2022K1,158.9
bpi_oslo_sa,2022K2,159.7
bpi_oslo_sa,2022K3,160.1
bpi_oslo_sa,2022K4,157.1
bpi_oslo_sa,2023K1,156.4
bpi_oslo_sa,2023K2,158.5
bpi_oslo_sa,2023K3,157.3
bpi_oslo_sa,2023K4,157.5
bpi_oslo_sa,2024K1,158.2
bpi_oslo_sa,2024K2,162.5
bpi_oslo_sa,2024K3,165.0
bpi_oslo_sa,2024K4,165.9
bpi_oslo_sa,2025K1,171.4
bpi_oslo_sa,2025K2,169.5
bpi_oslo_sa,2025K3,170.5
bpi_oslo_sa,2025K4,173.3
bpi_oslo_sa,2026K1,173.3
bpi_oslo_sa,2026K2,171.0
bpi_stavanger_sa,2005K1,48.0
bpi_stavanger_sa,2005K2,49.4
bpi_stavanger_sa,2005K3,50.4
bpi_stavanger_sa,2005K4,52.8
bpi_stavanger_sa,2006K1,56.6
bpi_stavanger_sa,2006K2,60.8
bpi_stavanger_sa,2006K3,65.1
bpi_stavanger_sa,2006K4,68.8
bpi_stavanger_sa,2007K1,73.1
bpi_stavanger_sa,2007K2,74.0
bpi_stavanger_sa,2007K3,76.6
bpi_stavanger_sa,2007K4,77.3
bpi_stavanger_sa,2008K1,78.0
bpi_stavanger_sa,2008K2,78.3
bpi_stavanger_sa,2008K3,75.5
bpi_stavanger_sa,2008K4,71.8
bpi_stavanger_sa,2009K1,72.0
bpi_stavanger_sa,2009K2,74.3
bpi_stavanger_sa,2009K3,77.8
bpi_stavanger_sa,2009K4,82.6
bpi_stavanger_sa,2010K1,85.3
bpi_stavanger_sa,2010K2,86.8
bpi_stavanger_sa,2010K3,88.7
bpi_stavanger_sa,2010K4,90.5
bpi_stavanger_sa,2011K1,94.3
bpi_stavanger_sa,2011K2,95.1
bpi_stavanger_sa,2011K3,96.7
bpi_stavanger_sa,2011K4,98.6
bpi_stavanger_sa,2012K1,99.7
bpi_stavanger_sa,2012K2,102.6
bpi_stavanger_sa,2012K3,105.8
bpi_stavanger_sa,2012K4,105.7
bpi_stavanger_sa,2013K1,107.3
bpi_stavanger_sa,2013K2,107.1
bpi_stavanger_sa,2013K3,105.5
bpi_stavanger_sa,2013K4,103.8
bpi_stavanger_sa,2014K1,101.5
bpi_stavanger_sa,2014K2,104.9
bpi_stavanger_sa,2014K3,104.5
bpi_stavanger_sa,2014K4,104.8
bpi_stavanger_sa,2015K1,103.8
bpi_stavanger_sa,2015K2,100.9
bpi_stavanger_sa,2015K3,99.0
bpi_stavanger_sa,2015K4,96.2
bpi_stavanger_sa,2016K1,93.2
bpi_stavanger_sa,2016K2,92.8
bpi_stavanger_sa,2016K3,93.7
bpi_stavanger_sa,2016K4,96.7
bpi_stavanger_sa,2017K1,98.4
bpi_stavanger_sa,2017K2,99.1
bpi_stavanger_sa,2017K3,96.4
bpi_stavanger_sa,2017K4,100.6
bpi_stavanger_sa,2018K1,98.7
bpi_stavanger_sa,2018K2,97.8
bpi_stavanger_sa,2018K3,97.4
bpi_stavanger_sa,2018K4,97.6
bpi_stavanger_sa,2019K1,98.9
bpi_stavanger_sa,2019K2,99.3
bpi_stavanger_sa,2019K3,98.1
bpi_stavanger_sa,2019K4,94.8
bpi_stavanger_sa,2020K1,100.1
bpi_stavanger_sa,2020K2,99.6
bpi_stavanger_sa,2020K3,102.8
bpi_stavanger_sa,2020K4,104.6
bpi_stavanger_sa,2021K1,107.0
bpi_stavanger_sa,2021K2,109.6
bpi_stavanger_sa,2021K3,112.3
bpi_stavanger_sa,2021K4,114.9
bpi_stavanger_sa,2022K1,115.9
bpi_stavanger_sa,2022K2,116.5
bpi_stavanger_sa,2022K3,116.1
bpi_stavanger_sa,2022K4,116.6
bpi_stavanger_sa,2023K1,115.3
bpi_stavanger_sa,2023K2,119.3
bpi_stavanger_sa,2023K3,119.1
bpi_stavanger_sa,2023K4,119.0
bpi_stavanger_sa,2024K1,121.4
bpi_stavanger_sa,2024K2,123.6
bpi_stavanger_sa,2024K3,126.4
bpi_stavanger_sa,2024K4,127.9
bpi_stavanger_sa,2025K1,138.9
bpi_stavanger_sa,2025K2,140.8
bpi_stavanger_sa,2025K3,145.8
bpi_stavanger_sa,2025K4,151.2
bpi_stavanger_sa,2026K1,154.1
bpi_stavanger_sa,2026K2,156.3
bpi_bergen_sa,2005K1,52.5
bpi_bergen_sa,2005K2,54.0
bpi_bergen_sa,2005K3,55.9
bpi_bergen_sa,2005K4,56.7
bpi_bergen_sa,2006K1,60.2
bpi_bergen_sa,2006K2,62.5
bpi_bergen_sa,2006K3,66.0
bpi_bergen_sa,2006K4,68.9
bpi_bergen_sa,2007K1,70.9
bpi_bergen_sa,2007K2,70.5
bpi_bergen_sa,2007K3,69.6
bpi_bergen_sa,2007K4,68.8
bpi_bergen_sa,2008K1,67.1
bpi_bergen_sa,2008K2,66.8
bpi_bergen_sa,2008K3,62.8
bpi_bergen_sa,2008K4,60.2
bpi_bergen_sa,2009K1,60.7
bpi_bergen_sa,2009K2,63.4
bpi_bergen_sa,2009K3,66.9
bpi_bergen_sa,2009K4,68.4
bpi_bergen_sa,2010K1,69.1
bpi_bergen_sa,2010K2,72.6
bpi_bergen_sa,2010K3,73.1
bpi_bergen_sa,2010K4,74.5
bpi_bergen_sa,2011K1,77.6
bpi_bergen_sa,2011K2,77.9
bpi_bergen_sa,2011K3,79.5
bpi_bergen_sa,2011K4,82.7
bpi_bergen_sa,2012K1,83.8
bpi_bergen_sa,2012K2,82.5
bpi_bergen_sa,2012K3,84.5
bpi_bergen_sa,2012K4,87.1
bpi_bergen_sa,2013K1,87.6
bpi_bergen_sa,2013K2,90.5
bpi_bergen_sa,2013K3,89.8
bpi_bergen_sa,2013K4,88.2
bpi_bergen_sa,2014K1,90.3
bpi_bergen_sa,2014K2,91.2
bpi_bergen_sa,2014K3,94.2
bpi_bergen_sa,2014K4,96.2
bpi_bergen_sa,2015K1,98.2
bpi_bergen_sa,2015K2,100.2
bpi_bergen_sa,2015K3,101.1
bpi_bergen_sa,2015K4,100.5
bpi_bergen_sa,2016K1,99.3
bpi_bergen_sa,2016K2,99.7
bpi_bergen_sa,2016K3,100.9
bpi_bergen_sa,2016K4,103.7
bpi_bergen_sa,2017K1,103.9
bpi_bergen_sa,2017K2,103.6
bpi_bergen_sa,2017K3,102.3
bpi_bergen_sa,2017K4,101.5
bpi_bergen_sa,2018K1,101.9
bpi_bergen_sa,2018K2,103.3
bpi_bergen_sa,2018K3,103.3
bpi_bergen_sa,2018K4,103.1
bpi_bergen_sa,2019K1,104.5
bpi_bergen_sa,2019K2,104.4
bpi_bergen_sa,2019K3,105.6
bpi_bergen_sa,2019K4,107.5
bpi_bergen_sa,2020K1,108.2
bpi_bergen_sa,2020K2,108.1
bpi_bergen_sa,2020K3,112.3
bpi_bergen_sa,2020K4,115.6
bpi_bergen_sa,2021K1,117.5
bpi_bergen_sa,2021K2,119.7
bpi_bergen_sa,2021K3,121.3
bpi_bergen_sa,2021K4,123.1
bpi_bergen_sa,2022K1,124.7
bpi_bergen_sa,2022K2,127.1
bpi_bergen_sa,2022K3,128.0
bpi_bergen_sa,2022K4,126.6
bpi_bergen_sa,2023K1,126.4
bpi_bergen_sa,2023K2,126.9
bpi_bergen_sa,2023K3,125.2
bpi_bergen_sa,2023K4,125.4
bpi_bergen_sa,2024K1,128.0
bpi_bergen_sa,2024K2,130.2
bpi_bergen_sa,2024K3,134.4
bpi_bergen_sa,2024K4,138.4
bpi_bergen_sa,2025K1,143.4
bpi_bergen_sa,2025K2,144.6
bpi_bergen_sa,2025K3,148.0
bpi_bergen_sa,2025K4,153.1
bpi_bergen_sa,2026K1,157.4
bpi_bergen_sa,2026K2,161.0
bpi_trondheim_sa,2005K1,53.1
bpi_trondheim_sa,2005K2,53.7
bpi_trondheim_sa,2005K3,54.9
bpi_trondheim_sa,2005K4,56.4
bpi_trondheim_sa,2006K1,58.3
bpi_trondheim_sa,2006K2,59.8
bpi_trondheim_sa,2006K3,61.3
bpi_trondheim_sa,2006K4,63.3
bpi_trondheim_sa,2007K1,64.6
bpi_trondheim_sa,2007K2,65.3
bpi_trondheim_sa,2007K3,65.6
bpi_trondheim_sa,2007K4,64.5
bpi_trondheim_sa,2008K1,63.8
bpi_trondheim_sa,2008K2,65.1
bpi_trondheim_sa,2008K3,62.5
bpi_trondheim_sa,2008K4,59.9
bpi_trondheim_sa,2009K1,61.1
bpi_trondheim_sa,2009K2,63.0
bpi_trondheim_sa,2009K3,65.0
bpi_trondheim_sa,2009K4,68.2
bpi_trondheim_sa,2010K1,70.1
bpi_trondheim_sa,2010K2,70.4
bpi_trondheim_sa,2010K3,73.1
bpi_trondheim_sa,2010K4,74.3
bpi_trondheim_sa,2011K1,76.7
bpi_trondheim_sa,2011K2,79.1
bpi_trondheim_sa,2011K3,80.4
bpi_trondheim_sa,2011K4,83.4
bpi_trondheim_sa,2012K1,82.9
bpi_trondheim_sa,2012K2,85.7
bpi_trondheim_sa,2012K3,87.8
bpi_trondheim_sa,2012K4,90.0
bpi_trondheim_sa,2013K1,92.6
bpi_trondheim_sa,2013K2,91.0
bpi_trondheim_sa,2013K3,92.2
bpi_trondheim_sa,2013K4,91.0
bpi_trondheim_sa,2014K1,91.7
bpi_trondheim_sa,2014K2,94.8
bpi_trondheim_sa,2014K3,94.4
bpi_trondheim_sa,2014K4,97.9
bpi_trondheim_sa,2015K1,97.7
bpi_trondheim_sa,2015K2,100.1
bpi_trondheim_sa,2015K3,101.1
bpi_trondheim_sa,2015K4,101.2
bpi_trondheim_sa,2016K1,103.9
bpi_trondheim_sa,2016K2,104.7
bpi_trondheim_sa,2016K3,108.5
bpi_trondheim_sa,2016K4,110.5
bpi_trondheim_sa,2017K1,111.6
bpi_trondheim_sa,2017K2,111.3
bpi_trondheim_sa,2017K3,110.3
bpi_trondheim_sa,2017K4,108.9
bpi_trondheim_sa,2018K1,109.8
bpi_trondheim_sa,2018K2,111.7
bpi_trondheim_sa,2018K3,110.0
bpi_trondheim_sa,2018K4,112.6
bpi_trondheim_sa,2019K1,111.3
bpi_trondheim_sa,2019K2,109.4
bpi_trondheim_sa,2019K3,112.0
bpi_trondheim_sa,2019K4,112.8
bpi_trondheim_sa,2020K1,112.9
bpi_trondheim_sa,2020K2,113.6
bpi_trondheim_sa,2020K3,115.7
bpi_trondheim_sa,2020K4,120.2
bpi_trondheim_sa,2021K1,122.9
bpi_trondheim_sa,2021K2,126.3
bpi_trondheim_sa,2021K3,129.6
bpi_trondheim_sa,2021K4,133.0
bpi_trondheim_sa,2022K1,136.8
bpi_trondheim_sa,2022K2,137.2
bpi_trondheim_sa,2022K3,136.7
bpi_trondheim_sa,2022K4,134.6
bpi_trondheim_sa,2023K1,134.5
bpi_trondheim_sa,2023K2,136.0
bpi_trondheim_sa,2023K3,135.4
bpi_trondheim_sa,2023K4,135.0
bpi_trondheim_sa,2024K1,136.5
bpi_trondheim_sa,2024K2,136.3
bpi_trondheim_sa,2024K3,136.7
bpi_trondheim_sa,2024K4,137.8
bpi_trondheim_sa,2025K1,139.4
bpi_trondheim_sa,2025K2,140.6
bpi_trondheim_sa,2025K3,140.4
bpi_trondheim_sa,2025K4,144.6
bpi_trondheim_sa,2026K1,142.0
bpi_trondheim_sa,2026K2,143.4
kpi,1920M03,3.7
kpi,1920M04,3.8
kpi,1920M05,3.8
kpi,1920M06,3.9
kpi,1920M07,4.0
kpi,1920M08,4.1
kpi,1920M09,4.2
kpi,1920M10,4.3
kpi,1920M11,4.3
kpi,1920M12,4.3
kpi,1921M01,4.2
kpi,1921M02,3.9
kpi,1921M03,3.8
kpi,1921M04,3.8
kpi,1921M05,3.7
kpi,1921M06,3.7
kpi,1921M07,3.7
kpi,1921M08,3.7
kpi,1921M09,3.6
kpi,1921M10,3.6
kpi,1921M11,3.6
kpi,1921M12,3.4
kpi,1922M01,3.4
kpi,1922M02,3.3
kpi,1922M03,3.2
kpi,1922M04,3.2
kpi,1922M05,3.1
kpi,1922M06,3.1
kpi,1922M07,3.1
kpi,1922M08,3.1
kpi,1922M09,3.1
kpi,1922M10,3.0
kpi,1922M11,3.0
kpi,1922M12,2.9
kpi,1923M01,2.9
kpi,1923M02,2.9
kpi,1923M03,2.9
kpi,1923M04,2.9
kpi,1923M05,2.9
kpi,1923M06,2.9
kpi,1923M07,2.9
kpi,1923M08,3.0
kpi,1923M09,2.9
kpi,1923M10,2.9
kpi,1923M11,3.0
kpi,1923M12,3.0
kpi,1924M01,3.0
kpi,1924M02,3.1
kpi,1924M03,3.1
kpi,1924M04,3.1
kpi,1924M05,3.1
kpi,1924M06,3.2
kpi,1924M07,3.2
kpi,1924M08,3.3
kpi,1924M09,3.3
kpi,1924M10,3.3
kpi,1924M11,3.4
kpi,1924M12,3.4
kpi,1925M01,3.4
kpi,1925M02,3.5
kpi,1925M03,3.5
kpi,1925M04,3.4
kpi,1925M05,3.4
kpi,1925M06,3.3
kpi,1925M07,3.3
kpi,1925M08,3.3
kpi,1925M09,3.2
kpi,1925M10,3.1
kpi,1925M11,3.0
kpi,1925M12,3.0
kpi,1926M01,2.9
kpi,1926M02,2.9
kpi,1926M03,2.9
kpi,1926M04,2.8
kpi,1926M05,2.8
kpi,1926M06,2.8
kpi,1926M07,2.8
kpi,1926M08,2.8
kpi,1926M09,2.7
kpi,1926M10,2.7
kpi,1926M11,2.7
kpi,1926M12,2.7
kpi,1927M01,2.6
kpi,1927M02,2.6
kpi,1927M03,2.5
kpi,1927M04,2.5
kpi,1927M05,2.5
kpi,1927M06,2.5
kpi,1927M07,2.5
kpi,1927M08,2.5
kpi,1927M09,2.5
kpi,1927M10,2.5
kpi,1927M11,2.4
kpi,1927M12,2.4
kpi,1928M01,2.4
kpi,1928M02,2.4
kpi,1928M03,2.3
kpi,1928M04,2.3
kpi,1928M05,2.3
kpi,1928M06,2.3
kpi,1928M07,2.4
kpi,1928M08,2.3
kpi,1928M09,2.3
kpi,1928M10,2.3
kpi,1928M11,2.3
kpi,1928M12,2.3
kpi,1929M01,2.2
kpi,1929M02,2.2
kpi,1929M03,2.2
kpi,1929M04,2.2
kpi,1929M05,2.2
kpi,1929M06,2.2
kpi,1929M07,2.2
kpi,1929M08,2.2
kpi,1929M09,2.2
kpi,1929M10,2.2
kpi,1929M11,2.2
kpi,1929M12,2.2
kpi,1930M01,2.2
kpi,1930M02,2.2
kpi,1930M03,2.2
kpi,1930M04,2.2
kpi,1930M05,2.2
kpi,1930M06,2.2
kpi,1930M07,2.2
kpi,1930M08,2.2
kpi,1930M09,2.2
kpi,1930M10,2.1
kpi,1930M11,2.1
kpi,1930M12,2.1
kpi,1931M01,2.1
kpi,1931M02,2.1
kpi,1931M03,2.1
kpi,1931M04,2.1
kpi,1931M05,2.0
kpi,1931M06,2.0
kpi,1931M07,2.0
kpi,1931M08,2.0
kpi,1931M09,2.0
kpi,1931M10,2.0
kpi,1931M11,2.0
kpi,1931M12,2.0
kpi,1932M01,2.0
kpi,1932M02,2.0
kpi,1932M03,2.0
kpi,1932M04,2.0
kpi,1932M05,2.0
kpi,1932M06,2.0
kpi,1932M07,2.0
kpi,1932M08,2.0
kpi,1932M09,2.0
kpi,1932M10,2.0
kpi,1932M11,2.0
kpi,1932M12,2.0
kpi,1933M01,2.0
kpi,1933M02,2.0
kpi,1933M03,2.0
kpi,1933M04,2.0
kpi,1933M05,2.0
kpi,1933M06,2.0
kpi,1933M07,2.0
kpi,1933M08,2.0
kpi,1933M09,2.0
kpi,1933M10,2.0
kpi,1933M11,2.0
kpi,1933M12,2.0
kpi,1934M01,2.0
kpi,1934M02,2.0
kpi,1934M03,2.0
kpi,1934M04,2.0
kpi,1934M05,2.0
kpi,1934M06,2.0
kpi,1934M07,2.0
kpi,1934M08,2.0
kpi,1934M09,2.0
kpi,1934M10,2.0
kpi,1934M11,2.0
kpi,1934M12,2.0
kpi,1935M01,2.0
kpi,1935M02,2.0
kpi,1935M03,2.0
kpi,1935M04,2.0
kpi,1935M05,2.0
kpi,1935M06,2.0
kpi,1935M07,2.0
kpi,1935M08,2.0
kpi,1935M09,2.0
kpi,1935M10,2.0
kpi,1935M11,2.1
kpi,1935M12,2.1
kpi,1936M01,2.1
kpi,1936M02,2.1
kpi,1936M03,2.1
kpi,1936M04,2.1
kpi,1936M05,2.1
kpi,1936M06,2.1
kpi,1936M07,2.1
kpi,1936M08,2.1
kpi,1936M09,2.1
kpi,1936M10,2.1
kpi,1936M11,2.1
kpi,1936M12,2.1
kpi,1937M01,2.1
kpi,1937M02,2.1
kpi,1937M03,2.2
kpi,1937M04,2.2
kpi,1937M05,2.2
kpi,1937M06,2.2
kpi,1937M07,2.3
kpi,1937M08,2.3
kpi,1937M09,2.3
kpi,1937M10,2.3
kpi,1937M11,2.3
kpi,1937M12,2.3
kpi,1938M01,2.3
kpi,1938M02,2.3
kpi,1938M03,2.3
kpi,1938M04,2.3
kpi,1938M05,2.3
kpi,1938M06,2.3
kpi,1938M07,2.3
kpi,1938M08,2.3
kpi,1938M09,2.3
kpi,1938M10,2.3
kpi,1938M11,2.3
kpi,1938M12,2.3
kpi,1939M01,2.3
kpi,1939M02,2.3
kpi,1939M03,2.3
kpi,1939M04,2.3
kpi,1939M05,2.3
kpi,1939M06,2.3
kpi,1939M07,2.3
kpi,1939M08,2.3
kpi,1939M09,2.3
kpi,1939M10,2.4
kpi,1939M11,2.4
kpi,1939M12,2.4
kpi,1940M01,2.4
kpi,1940M02,2.5
kpi,1940M03,2.6
kpi,1940M04,2.7
kpi,1940M05,2.7
kpi,1940M06,2.7
kpi,1940M07,2.7
kpi,1940M08,2.7
kpi,1940M09,2.9
kpi,1940M10,2.9
kpi,1940M11,2.9
kpi,1940M12,3.0
kpi,1941M01,3.1
kpi,1941M02,3.1
kpi,1941M03,3.1
kpi,1941M04,3.1
kpi,1941M05,3.2
kpi,1941M06,3.2
kpi,1941M07,3.2
kpi,1941M08,3.3
kpi,1941M09,3.3
kpi,1941M10,3.3
kpi,1941M11,3.3
kpi,1941M12,3.3
kpi,1942M01,3.3
kpi,1942M02,3.3
kpi,1942M03,3.4
kpi,1942M04,3.4
kpi,1942M05,3.4
kpi,1942M06,3.4
kpi,1942M07,3.4
kpi,1942M08,3.4
kpi,1942M09,3.4
kpi,1942M10,3.4
kpi,1942M11,3.4
kpi,1942M12,3.4
kpi,1943M01,3.4
kpi,1943M02,3.5
kpi,1943M03,3.5
kpi,1943M04,3.5
kpi,1943M05,3.5
kpi,1943M06,3.5
kpi,1943M07,3.5
kpi,1943M08,3.5
kpi,1943M09,3.5
kpi,1943M10,3.5
kpi,1943M11,3.5
kpi,1943M12,3.5
kpi,1944M01,3.5
kpi,1944M02,3.5
kpi,1944M03,3.5
kpi,1944M04,3.5
kpi,1944M05,3.5
kpi,1944M06,3.5
kpi,1944M07,3.5
kpi,1944M08,3.5
kpi,1944M09,3.5
kpi,1944M10,3.5
kpi,1944M11,3.5
kpi,1944M12,3.5
kpi,1945M01,3.5
kpi,1945M02,3.5
kpi,1945M03,3.5
kpi,1945M04,3.6
kpi,1945M05,3.6
kpi,1945M06,3.6
kpi,1945M07,3.6
kpi,1945M08,3.6
kpi,1945M09,3.6
kpi,1945M10,3.6
kpi,1945M11,3.6
kpi,1945M12,3.6
kpi,1946M01,3.6
kpi,1946M02,3.6
kpi,1946M03,3.6
kpi,1946M04,3.6
kpi,1946M05,3.6
kpi,1946M06,3.6
kpi,1946M07,3.7
kpi,1946M08,3.7
kpi,1946M09,3.7
kpi,1946M10,3.7
kpi,1946M11,3.7
kpi,1946M12,3.7
kpi,1947M01,3.7
kpi,1947M02,3.7
kpi,1947M03,3.7
kpi,1947M04,3.7
kpi,1947M05,3.7
kpi,1947M06,3.7
kpi,1947M07,3.7
kpi,1947M08,3.7
kpi,1947M09,3.6
kpi,1947M10,3.6
kpi,1947M11,3.6
kpi,1947M12,3.6
kpi,1948M01,3.6
kpi,1948M02,3.7
kpi,1948M03,3.7
kpi,1948M04,3.7
kpi,1948M05,3.7
kpi,1948M06,3.7
kpi,1948M07,3.7
kpi,1948M08,3.6
kpi,1948M09,3.6
kpi,1948M10,3.6
kpi,1948M11,3.6
kpi,1948M12,3.6
kpi,1949M01,3.6
kpi,1949M02,3.6
kpi,1949M03,3.6
kpi,1949M04,3.6
kpi,1949M05,3.7
kpi,1949M06,3.7
kpi,1949M07,3.7
kpi,1949M08,3.7
kpi,1949M09,3.7
kpi,1949M10,3.7
kpi,1949M11,3.7
kpi,1949M12,3.7
kpi,1950M01,3.7
kpi,1950M02,3.7
kpi,1950M03,3.7
kpi,1950M04,3.8
kpi,1950M05,3.8
kpi,1950M06,3.8
kpi,1950M07,3.8
kpi,1950M08,3.8
kpi,1950M09,3.9
kpi,1950M10,4.0
kpi,1950M11,4.1
kpi,1950M12,4.1
kpi,1951M01,4.2
kpi,1951M02,4.2
kpi,1951M03,4.2
kpi,1951M04,4.4
kpi,1951M05,4.5
kpi,1951M06,4.6
kpi,1951M07,4.6
kpi,1951M08,4.6
kpi,1951M09,4.6
kpi,1951M10,4.6
kpi,1951M11,4.6
kpi,1951M12,4.7
kpi,1952M01,4.7
kpi,1952M02,4.8
kpi,1952M03,4.8
kpi,1952M04,4.8
kpi,1952M05,4.8
kpi,1952M06,4.8
kpi,1952M07,4.9
kpi,1952M08,4.9
kpi,1952M09,5.0
kpi,1952M10,5.0
kpi,1952M11,5.0
kpi,1952M12,4.9
kpi,1953M01,4.9
kpi,1953M02,4.9
kpi,1953M03,4.9
kpi,1953M04,4.9
kpi,1953M05,4.9
kpi,1953M06,5.0
kpi,1953M07,5.0
kpi,1953M08,5.0
kpi,1953M09,5.0
kpi,1953M10,5.0
kpi,1953M11,5.0
kpi,1953M12,5.0
kpi,1954M01,5.0
kpi,1954M02,5.0
kpi,1954M03,5.1
kpi,1954M04,5.1
kpi,1954M05,5.1
kpi,1954M06,5.1
kpi,1954M07,5.3
kpi,1954M08,5.3
kpi,1954M09,5.3
kpi,1954M10,5.2
kpi,1954M11,5.2
kpi,1954M12,5.2
kpi,1955M01,5.2
kpi,1955M02,5.2
kpi,1955M03,5.2
kpi,1955M04,5.2
kpi,1955M05,5.2
kpi,1955M06,5.2
kpi,1955M07,5.2
kpi,1955M08,5.2
kpi,1955M09,5.2
kpi,1955M10,5.2
kpi,1955M11,5.2
kpi,1955M12,5.2
kpi,1956M01,5.2
kpi,1956M02,5.3
kpi,1956M03,5.3
kpi,1956M04,5.4
kpi,1956M05,5.5
kpi,1956M06,5.5
kpi,1956M07,5.6
kpi,1956M08,5.5
kpi,1956M09,5.5
kpi,1956M10,5.5
kpi,1956M11,5.5
kpi,1956M12,5.5
kpi,1957M01,5.5
kpi,1957M02,5.5
kpi,1957M03,5.6
kpi,1957M04,5.6
kpi,1957M05,5.6
kpi,1957M06,5.6
kpi,1957M07,5.6
kpi,1957M08,5.6
kpi,1957M09,5.6
kpi,1957M10,5.6
kpi,1957M11,5.6
kpi,1957M12,5.6
kpi,1958M01,5.7
kpi,1958M02,5.7
kpi,1958M03,5.7
kpi,1958M04,5.8
kpi,1958M05,5.9
kpi,1958M06,5.9
kpi,1958M07,5.9
kpi,1958M08,6.0
kpi,1958M09,6.0
kpi,1958M10,6.0
kpi,1958M11,6.0
kpi,1958M12,6.0
kpi,1959M01,6.0
kpi,1959M02,6.0
kpi,1959M03,5.9
kpi,1959M04,6.0
kpi,1959M05,6.0
kpi,1959M06,6.0
kpi,1959M07,6.0
kpi,1959M08,6.0
kpi,1959M09,6.0
kpi,1959M10,6.0
kpi,1959M11,6.0
kpi,1959M12,6.0
kpi,1960M01,6.0
kpi,1960M02,6.0
kpi,1960M03,6.0
kpi,1960M04,6.0
kpi,1960M05,6.0
kpi,1960M06,6.0
kpi,1960M07,6.0
kpi,1960M08,6.0
kpi,1960M09,6.0
kpi,1960M10,6.0
kpi,1960M11,6.0
kpi,1960M12,6.0
kpi,1961M01,6.0
kpi,1961M02,6.0
kpi,1961M03,6.1
kpi,1961M04,6.1
kpi,1961M05,6.1
kpi,1961M06,6.1
kpi,1961M07,6.1
kpi,1961M08,6.2
kpi,1961M09,6.2
kpi,1961M10,6.3
kpi,1961M11,6.3
kpi,1961M12,6.3
kpi,1962M01,6.3
kpi,1962M02,6.3
kpi,1962M03,6.4
kpi,1962M04,6.4
kpi,1962M05,6.4
kpi,1962M06,6.4
kpi,1962M07,6.5
kpi,1962M08,6.5
kpi,1962M09,6.6
kpi,1962M10,6.5
kpi,1962M11,6.5
kpi,1962M12,6.6
kpi,1963M01,6.6
kpi,1963M02,6.6
kpi,1963M03,6.7
kpi,1963M04,6.7
kpi,1963M05,6.6
kpi,1963M06,6.6
kpi,1963M07,6.7
kpi,1963M08,6.6
kpi,1963M09,6.6
kpi,1963M10,6.6
kpi,1963M11,6.6
kpi,1963M12,6.7
kpi,1964M01,6.9
kpi,1964M02,6.9
kpi,1964M03,6.9
kpi,1964M04,7.0
kpi,1964M05,7.0
kpi,1964M06,7.0
kpi,1964M07,7.1
kpi,1964M08,7.1
kpi,1964M09,7.2
kpi,1964M10,7.1
kpi,1964M11,7.2
kpi,1964M12,7.2
kpi,1965M01,7.2
kpi,1965M02,7.2
kpi,1965M03,7.3
kpi,1965M04,7.3
kpi,1965M05,7.3
kpi,1965M06,7.3
kpi,1965M07,7.4
kpi,1965M08,7.3
kpi,1965M09,7.4
kpi,1965M10,7.3
kpi,1965M11,7.4
kpi,1965M12,7.4
kpi,1966M01,7.4
kpi,1966M02,7.4
kpi,1966M03,7.5
kpi,1966M04,7.5
kpi,1966M05,7.5
kpi,1966M06,7.5
kpi,1966M07,7.6
kpi,1966M08,7.6
kpi,1966M09,7.6
kpi,1966M10,7.7
kpi,1966M11,7.7
kpi,1966M12,7.7
kpi,1967M01,7.7
kpi,1967M02,7.7
kpi,1967M03,7.8
kpi,1967M04,7.8
kpi,1967M05,7.8
kpi,1967M06,7.9
kpi,1967M07,8.0
kpi,1967M08,8.0
kpi,1967M09,8.0
kpi,1967M10,8.0
kpi,1967M11,8.0
kpi,1967M12,8.0
kpi,1968M01,8.1
kpi,1968M02,8.1
kpi,1968M03,8.1
kpi,1968M04,8.1
kpi,1968M05,8.1
kpi,1968M06,8.1
kpi,1968M07,8.2
kpi,1968M08,8.2
kpi,1968M09,8.2
kpi,1968M10,8.3
kpi,1968M11,8.3
kpi,1968M12,8.3
kpi,1969M01,8.3
kpi,1969M02,8.3
kpi,1969M03,8.3
kpi,1969M04,8.4
kpi,1969M05,8.4
kpi,1969M06,8.4
kpi,1969M07,8.5
kpi,1969M08,8.4
kpi,1969M09,8.5
kpi,1969M10,8.5
kpi,1969M11,8.5
kpi,1969M12,8.5
kpi,1970M01,9.0
kpi,1970M02,9.1
kpi,1970M03,9.1
kpi,1970M04,9.2
kpi,1970M05,9.2
kpi,1970M06,9.2
kpi,1970M07,9.4
kpi,1970M08,9.4
kpi,1970M09,9.5
kpi,1970M10,9.5
kpi,1970M11,9.6
kpi,1970M12,9.7
kpi,1971M01,9.7
kpi,1971M02,9.7
kpi,1971M03,9.8
kpi,1971M04,9.8
kpi,1971M05,9.8
kpi,1971M06,9.9
kpi,1971M07,9.9
kpi,1971M08,9.9
kpi,1971M09,10.0
kpi,1971M10,10.1
kpi,1971M11,10.1
kpi,1971M12,10.2
kpi,1972M01,10.3
kpi,1972M02,10.3
kpi,1972M03,10.4
kpi,1972M04,10.5
kpi,1972M05,10.5
kpi,1972M06,10.6
kpi,1972M07,10.7
kpi,1972M08,10.7
kpi,1972M09,10.8
kpi,1972M10,10.8
kpi,1972M11,10.9
kpi,1972M12,10.9
kpi,1973M01,11.0
kpi,1973M02,11.1
kpi,1973M03,11.2
kpi,1973M04,11.3
kpi,1973M05,11.3
kpi,1973M06,11.4
kpi,1973M07,11.5
kpi,1973M08,11.4
kpi,1973M09,11.5
kpi,1973M10,11.6
kpi,1973M11,11.7
kpi,1973M12,11.8
kpi,1974M01,12.0
kpi,1974M02,12.1
kpi,1974M03,12.2
kpi,1974M04,12.3
kpi,1974M05,12.3
kpi,1974M06,12.4
kpi,1974M07,12.5
kpi,1974M08,12.6
kpi,1974M09,12.7
kpi,1974M10,12.8
kpi,1974M11,12.9
kpi,1974M12,13.0
kpi,1975M01,13.4
kpi,1975M02,13.4
kpi,1975M03,13.6
kpi,1975M04,13.6
kpi,1975M05,13.7
kpi,1975M06,13.9
kpi,1975M07,14.1
kpi,1975M08,14.1
kpi,1975M09,14.3
kpi,1975M10,14.3
kpi,1975M11,14.4
kpi,1975M12,14.4
kpi,1976M01,14.6
kpi,1976M02,14.7
kpi,1976M03,14.9
kpi,1976M04,15.0
kpi,1976M05,15.1
kpi,1976M06,15.3
kpi,1976M07,15.4
kpi,1976M08,15.4
kpi,1976M09,15.5
kpi,1976M10,15.5
kpi,1976M11,15.5
kpi,1976M12,15.6
kpi,1977M01,15.9
kpi,1977M02,16.0
kpi,1977M03,16.2
kpi,1977M04,16.4
kpi,1977M05,16.5
kpi,1977M06,16.6
kpi,1977M07,16.8
kpi,1977M08,16.8
kpi,1977M09,16.9
kpi,1977M10,17.0
kpi,1977M11,17.0
kpi,1977M12,17.0
kpi,1978M01,17.4
kpi,1978M02,17.5
kpi,1978M03,17.6
kpi,1978M04,17.7
kpi,1978M05,17.7
kpi,1978M06,17.8
kpi,1978M07,18.1
kpi,1978M08,18.1
kpi,1978M09,18.3
kpi,1978M10,18.3
kpi,1978M11,18.4
kpi,1978M12,18.4
kpi,1979M01,18.4
kpi,1979M02,18.4
kpi,1979M03,18.5
kpi,1979M04,18.6
kpi,1979M05,18.7
kpi,1979M06,18.8
kpi,1979M07,18.9
kpi,1979M08,18.9
kpi,1979M09,19.0
kpi,1979M10,19.1
kpi,1979M11,19.2
kpi,1979M12,19.3
kpi,1980M01,19.6
kpi,1980M02,19.9
kpi,1980M03,20.2
kpi,1980M04,20.3
kpi,1980M05,20.5
kpi,1980M06,20.8
kpi,1980M07,21.0
kpi,1980M08,21.2
kpi,1980M09,21.4
kpi,1980M10,21.6
kpi,1980M11,21.7
kpi,1980M12,21.9
kpi,1981M01,22.5
kpi,1981M02,22.7
kpi,1981M03,23.1
kpi,1981M04,23.3
kpi,1981M05,23.4
kpi,1981M06,23.7
kpi,1981M07,24.0
kpi,1981M08,24.0
kpi,1981M09,24.3
kpi,1981M10,24.3
kpi,1981M11,24.4
kpi,1981M12,24.5
kpi,1982M01,25.2
kpi,1982M02,25.4
kpi,1982M03,25.8
kpi,1982M04,26.0
kpi,1982M05,26.0
kpi,1982M06,26.2
kpi,1982M07,26.7
kpi,1982M08,26.7
kpi,1982M09,26.9
kpi,1982M10,27.1
kpi,1982M11,27.3
kpi,1982M12,27.4
kpi,1983M01,27.8
kpi,1983M02,27.9
kpi,1983M03,28.2
kpi,1983M04,28.3
kpi,1983M05,28.4
kpi,1983M06,28.6
kpi,1983M07,28.8
kpi,1983M08,28.7
kpi,1983M09,29.0
kpi,1983M10,29.1
kpi,1983M11,29.2
kpi,1983M12,29.3
kpi,1984M01,29.6
kpi,1984M02,29.7
kpi,1984M03,30.1
kpi,1984M04,30.2
kpi,1984M05,30.2
kpi,1984M06,30.4
kpi,1984M07,30.5
kpi,1984M08,30.5
kpi,1984M09,30.7
kpi,1984M10,30.9
kpi,1984M11,30.9
kpi,1984M12,31.0
kpi,1985M01,31.3
kpi,1985M02,31.4
kpi,1985M03,31.7
kpi,1985M04,31.8
kpi,1985M05,31.9
kpi,1985M06,32.2
kpi,1985M07,32.3
kpi,1985M08,32.2
kpi,1985M09,32.5
kpi,1985M10,32.6
kpi,1985M11,32.7
kpi,1985M12,32.8
kpi,1986M01,33.1
kpi,1986M02,33.3
kpi,1986M03,33.5
kpi,1986M04,33.7
kpi,1986M05,33.7
kpi,1986M06,34.3
kpi,1986M07,34.7
kpi,1986M08,34.8
kpi,1986M09,35.3
kpi,1986M10,35.4
kpi,1986M11,35.5
kpi,1986M12,35.7
kpi,1987M01,36.3
kpi,1987M02,36.6
kpi,1987M03,37.0
kpi,1987M04,37.1
kpi,1987M05,37.2
kpi,1987M06,37.4
kpi,1987M07,37.5
kpi,1987M08,37.5
kpi,1987M09,38.1
kpi,1987M10,38.1
kpi,1987M11,38.2
kpi,1987M12,38.4
kpi,1988M01,38.8
kpi,1988M02,39.1
kpi,1988M03,39.6
kpi,1988M04,39.7
kpi,1988M05,39.8
kpi,1988M06,40.0
kpi,1988M07,40.0
kpi,1988M08,40.0
kpi,1988M09,40.5
kpi,1988M10,40.5
kpi,1988M11,40.5
kpi,1988M12,40.5
kpi,1989M01,40.8
kpi,1989M02,41.0
kpi,1989M03,41.3
kpi,1989M04,41.6
kpi,1989M05,41.7
kpi,1989M06,41.9
kpi,1989M07,42.0
kpi,1989M08,41.8
kpi,1989M09,42.2
kpi,1989M10,42.3
kpi,1989M11,42.3
kpi,1989M12,42.2
kpi,1990M01,42.5
kpi,1990M02,42.7
kpi,1990M03,43.2
kpi,1990M04,43.2
kpi,1990M05,43.3
kpi,1990M06,43.4
kpi,1990M07,43.5
kpi,1990M08,43.4
kpi,1990M09,43.8
kpi,1990M10,44.2
kpi,1990M11,44.2
kpi,1990M12,44.1
kpi,1991M01,44.3
kpi,1991M02,44.4
kpi,1991M03,44.7
kpi,1991M04,44.9
kpi,1991M05,44.9
kpi,1991M06,45.0
kpi,1991M07,45.0
kpi,1991M08,45.0
kpi,1991M09,45.3
kpi,1991M10,45.3
kpi,1991M11,45.3
kpi,1991M12,45.3
kpi,1992M01,45.3
kpi,1992M02,45.4
kpi,1992M03,45.9
kpi,1992M04,46.0
kpi,1992M05,46.0
kpi,1992M06,46.1
kpi,1992M07,46.2
kpi,1992M08,46.0
kpi,1992M09,46.2
kpi,1992M10,46.3
kpi,1992M11,46.4
kpi,1992M12,46.3
kpi,1993M01,46.5
kpi,1993M02,46.6
kpi,1993M03,47.0
kpi,1993M04,47.1
kpi,1993M05,47.2
kpi,1993M06,47.2
kpi,1993M07,47.1
kpi,1993M08,47.0
kpi,1993M09,47.2
kpi,1993M10,47.3
kpi,1993M11,47.2
kpi,1993M12,47.2
kpi,1994M01,47.1
kpi,1994M02,47.3
kpi,1994M03,47.5
kpi,1994M04,47.5
kpi,1994M05,47.6
kpi,1994M06,47.7
kpi,1994M07,47.8
kpi,1994M08,47.8
kpi,1994M09,48.0
kpi,1994M10,48.1
kpi,1994M11,48.1
kpi,1994M12,48.1
kpi,1995M01,48.3
kpi,1995M02,48.5
kpi,1995M03,48.8
kpi,1995M04,48.8
kpi,1995M05,48.9
kpi,1995M06,49.0
kpi,1995M07,49.0
kpi,1995M08,48.9
kpi,1995M09,49.1
kpi,1995M10,49.1
kpi,1995M11,49.1
kpi,1995M12,49.1
kpi,1996M01,48.9
kpi,1996M02,48.9
kpi,1996M03,49.1
kpi,1996M04,49.3
kpi,1996M05,49.4
kpi,1996M06,49.4
kpi,1996M07,49.6
kpi,1996M08,49.6
kpi,1996M09,49.8
kpi,1996M10,50.0
kpi,1996M11,50.0
kpi,1996M12,50.0
kpi,1997M01,50.3
kpi,1997M02,50.5
kpi,1997M03,50.6
kpi,1997M04,50.6
kpi,1997M05,50.7
kpi,1997M06,50.8
kpi,1997M07,50.7
kpi,1997M08,50.7
kpi,1997M09,50.9
kpi,1997M10,51.1
kpi,1997M11,51.1
kpi,1997M12,51.1
kpi,1998M01,51.4
kpi,1998M02,51.5
kpi,1998M03,51.8
kpi,1998M04,51.8
kpi,1998M05,51.8
kpi,1998M06,51.9
kpi,1998M07,52.0
kpi,1998M08,51.8
kpi,1998M09,52.2
kpi,1998M10,52.2
kpi,1998M11,52.3
kpi,1998M12,52.3
kpi,1999M01,52.5
kpi,1999M02,52.7
kpi,1999M03,53.0
kpi,1999M04,53.1
kpi,1999M05,53.1
kpi,1999M06,53.1
kpi,1999M07,53.0
kpi,1999M08,52.8
kpi,1999M09,53.3
kpi,1999M10,53.5
kpi,1999M11,53.7
kpi,1999M12,53.8
kpi,2000M01,54.1
kpi,2000M02,54.3
kpi,2000M03,54.4
kpi,2000M04,54.5
kpi,2000M05,54.6
kpi,2000M06,54.9
kpi,2000M07,54.7
kpi,2000M08,54.7
kpi,2000M09,55.2
kpi,2000M10,55.2
kpi,2000M11,55.4
kpi,2000M12,55.4
kpi,2001M01,55.8
kpi,2001M02,56.3
kpi,2001M03,56.4
kpi,2001M04,56.7
kpi,2001M05,56.9
kpi,2001M06,56.9
kpi,2001M07,56.2
kpi,2001M08,56.1
kpi,2001M09,56.4
kpi,2001M10,56.4
kpi,2001M11,56.4
kpi,2001M12,56.5
kpi,2002M01,56.6
kpi,2002M02,56.7
kpi,2002M03,56.9
kpi,2002M04,57.0
kpi,2002M05,57.1
kpi,2002M06,57.2
kpi,2002M07,57.1
kpi,2002M08,56.9
kpi,2002M09,57.2
kpi,2002M10,57.4
kpi,2002M11,57.6
kpi,2002M12,58.1
kpi,2003M01,59.5
kpi,2003M02,59.5
kpi,2003M03,59.1
kpi,2003M04,58.6
kpi,2003M05,58.3
kpi,2003M06,58.1
kpi,2003M07,58.0
kpi,2003M08,58.1
kpi,2003M09,58.4
kpi,2003M10,58.4
kpi,2003M11,58.5
kpi,2003M12,58.5
kpi,2004M01,58.4
kpi,2004M02,58.5
kpi,2004M03,58.7
kpi,2004M04,58.8
kpi,2004M05,58.9
kpi,2004M06,58.9
kpi,2004M07,58.8
kpi,2004M08,58.7
kpi,2004M09,59.0
kpi,2004M10,59.2
kpi,2004M11,59.2
kpi,2004M12,59.1
kpi,2005M01,59.0
kpi,2005M02,59.0
kpi,2005M03,59.3
kpi,2005M04,59.6
kpi,2005M05,59.8
kpi,2005M06,59.9
kpi,2005M07,59.7
kpi,2005M08,59.8
kpi,2005M09,60.2
kpi,2005M10,60.2
kpi,2005M11,60.2
kpi,2005M12,60.2
kpi,2006M01,60.0
kpi,2006M02,60.5
kpi,2006M03,60.7
kpi,2006M04,61.2
kpi,2006M05,61.2
kpi,2006M06,61.1
kpi,2006M07,60.9
kpi,2006M08,60.9
kpi,2006M09,61.8
kpi,2006M10,61.8
kpi,2006M11,61.8
kpi,2006M12,61.5
kpi,2007M01,60.7
kpi,2007M02,61.0
kpi,2007M03,61.4
kpi,2007M04,61.4
kpi,2007M05,61.4
kpi,2007M06,61.4
kpi,2007M07,61.2
kpi,2007M08,61.2
kpi,2007M09,61.6
kpi,2007M10,61.7
kpi,2007M11,62.7
kpi,2007M12,63.3
kpi,2008M01,63.0
kpi,2008M02,63.3
kpi,2008M03,63.3
kpi,2008M04,63.3
kpi,2008M05,63.3
kpi,2008M06,63.4
kpi,2008M07,63.9
kpi,2008M08,63.9
kpi,2008M09,64.9
kpi,2008M10,65.1
kpi,2008M11,64.7
kpi,2008M12,64.6
kpi,2009M01,64.4
kpi,2009M02,64.9
kpi,2009M03,64.9
kpi,2009M04,65.1
kpi,2009M05,65.3
kpi,2009M06,65.6
kpi,2009M07,65.3
kpi,2009M08,65.1
kpi,2009M09,65.6
kpi,2009M10,65.5
kpi,2009M11,65.7
kpi,2009M12,65.9
kpi,2010M01,66.0
kpi,2010M02,66.8
kpi,2010M03,67.1
kpi,2010M04,67.3
kpi,2010M05,66.9
kpi,2010M06,66.9
kpi,2010M07,66.5
kpi,2010M08,66.3
kpi,2010M09,66.8
kpi,2010M10,66.9
kpi,2010M11,67.0
kpi,2010M12,67.7
kpi,2011M01,67.3
kpi,2011M02,67.6
kpi,2011M03,67.8
kpi,2011M04,68.2
kpi,2011M05,68.0
kpi,2011M06,67.8
kpi,2011M07,67.6
kpi,2011M08,67.2
kpi,2011M09,67.8
kpi,2011M10,67.8
kpi,2011M11,67.8
kpi,2011M12,67.8
kpi,2012M01,67.7
kpi,2012M02,68.4
kpi,2012M03,68.3
kpi,2012M04,68.4
kpi,2012M05,68.4
kpi,2012M06,68.0
kpi,2012M07,67.8
kpi,2012M08,67.5
kpi,2012M09,68.1
kpi,2012M10,68.5
kpi,2012M11,68.5
kpi,2012M12,68.7
kpi,2013M01,68.6
kpi,2013M02,69.0
kpi,2013M03,69.3
kpi,2013M04,69.7
kpi,2013M05,69.7
kpi,2013M06,69.5
kpi,2013M07,69.8
kpi,2013M08,69.7
kpi,2013M09,70.0
kpi,2013M10,70.1
kpi,2013M11,70.2
kpi,2013M12,70.1
kpi,2014M01,70.2
kpi,2014M02,70.5
kpi,2014M03,70.7
kpi,2014M04,70.9
kpi,2014M05,71.0
kpi,2014M06,70.8
kpi,2014M07,71.4
kpi,2014M08,71.1
kpi,2014M09,71.5
kpi,2014M10,71.6
kpi,2014M11,71.6
kpi,2014M12,71.6
kpi,2015M01,71.6
kpi,2015M02,71.8
kpi,2015M03,72.0
kpi,2015M04,72.3
kpi,2015M05,72.5
kpi,2015M06,72.7
kpi,2015M07,72.7
kpi,2015M08,72.5
kpi,2015M09,73.0
kpi,2015M10,73.3
kpi,2015M11,73.6
kpi,2015M12,73.3
kpi,2016M01,73.7
kpi,2016M02,74.1
kpi,2016M03,74.4
kpi,2016M04,74.7
kpi,2016M05,74.9
kpi,2016M06,75.4
kpi,2016M07,75.9
kpi,2016M08,75.4
kpi,2016M09,75.7
kpi,2016M10,76.0
kpi,2016M11,76.2
kpi,2016M12,75.8
kpi,2017M01,75.7
kpi,2017M02,76.0
kpi,2017M03,76.3
kpi,2017M04,76.4
kpi,2017M05,76.6
kpi,2017M06,76.9
kpi,2017M07,77.1
kpi,2017M08,76.5
kpi,2017M09,76.9
kpi,2017M10,76.9
kpi,2017M11,77.0
kpi,2017M12,77.1
kpi,2018M01,77.0
kpi,2018M02,77.7
kpi,2018M03,77.9
kpi,2018M04,78.2
kpi,2018M05,78.2
kpi,2018M06,78.8
kpi,2018M07,79.4
kpi,2018M08,79.1
kpi,2018M09,79.5
kpi,2018M10,79.4
kpi,2018M11,79.7
kpi,2018M12,79.7
kpi,2019M01,79.4
kpi,2019M02,80.0
kpi,2019M03,80.1
kpi,2019M04,80.5
kpi,2019M05,80.3
kpi,2019M06,80.3
kpi,2019M07,80.9
kpi,2019M08,80.3
kpi,2019M09,80.7
kpi,2019M10,80.8
kpi,2019M11,81.0
kpi,2019M12,80.8
kpi,2020M01,80.8
kpi,2020M02,80.8
kpi,2020M03,80.8
kpi,2020M04,81.1
kpi,2020M05,81.2
kpi,2020M06,81.4
kpi,2020M07,82.0
kpi,2020M08,81.7
kpi,2020M09,82.0
kpi,2020M10,82.2
kpi,2020M11,81.6
kpi,2020M12,82.0
kpi,2021M01,82.8
kpi,2021M02,83.4
kpi,2021M03,83.2
kpi,2021M04,83.5
kpi,2021M05,83.4
kpi,2021M06,83.7
kpi,2021M07,84.5
kpi,2021M08,84.4
kpi,2021M09,85.4
kpi,2021M10,85.1
kpi,2021M11,85.8
kpi,2021M12,86.3
kpi,2022M01,85.5
kpi,2022M02,86.5
kpi,2022M03,87.0
kpi,2022M04,88.0
kpi,2022M05,88.3
kpi,2022M06,89.0
kpi,2022M07,90.2
kpi,2022M08,89.9
kpi,2022M09,91.2
kpi,2022M10,91.5
kpi,2022M11,91.4
kpi,2022M12,91.4
kpi,2023M01,91.5
kpi,2023M02,91.9
kpi,2023M03,92.7
kpi,2023M04,93.6
kpi,2023M05,94.1
kpi,2023M06,94.7
kpi,2023M07,95.0
kpi,2023M08,94.3
kpi,2023M09,94.3
kpi,2023M10,95.2
kpi,2023M11,95.7
kpi,2023M12,95.7
kpi,2024M01,95.9
kpi,2024M02,96.1
kpi,2024M03,96.3
kpi,2024M04,97.0
kpi,2024M05,96.9
kpi,2024M06,97.2
kpi,2024M07,97.7
kpi,2024M08,96.8
kpi,2024M09,97.1
kpi,2024M10,97.7
kpi,2024M11,98.0
kpi,2024M12,97.9
kpi,2025M01,98.1
kpi,2025M02,99.5
kpi,2025M03,98.8
kpi,2025M04,99.4
kpi,2025M05,99.9
kpi,2025M06,100.1
kpi,2025M07,100.8
kpi,2025M08,100.2
kpi,2025M09,100.6
kpi,2025M10,100.7
kpi,2025M11,100.9
kpi,2025M12,101.0
kpi,2026M01,101.6
kpi,2026M02,102.2
kpi,2026M03,102.4
kpi,2026M04,102.8
kpi,2026M05,103.0
kpi,2026M06,102.8
kpi,2026M07,103.8
kpi,2026M08,103.5
bef_norge,1997K4,4418446.0
bef_norge,1998K1,4423276.0
bef_norge,1998K2,4431399.0
bef_norge,1998K3,4440847.0
bef_norge,1998K4,4448460.0
bef_norge,1999K1,4451204.0
bef_norge,1999K2,4459565.0
bef_norge,1999K3,4473603.0
bef_norge,1999K4,4478725.0
bef_norge,2000K1,4484578.0
bef_norge,2000K2,4492974.0
bef_norge,2000K3,4500806.0
bef_norge,2000K4,4503364.0
bef_norge,2001K1,4507850.0
bef_norge,2001K2,4512957.0
bef_norge,2001K3,4519403.0
bef_norge,2001K4,4523861.0
bef_norge,2002K1,4530398.0
bef_norge,2002K2,4538423.0
bef_norge,2002K3,4547302.0
bef_norge,2002K4,4551996.0
bef_norge,2003K1,4557998.0
bef_norge,2003K2,4565107.0
bef_norge,2003K3,4572924.0
bef_norge,2003K4,4577207.0
bef_norge,2004K1,4582562.0
bef_norge,2004K2,4589608.0
bef_norge,2004K3,4599202.0
bef_norge,2004K4,4606003.0
bef_norge,2005K1,4612656.0
bef_norge,2005K2,4621299.0
bef_norge,2005K3,4631799.0
bef_norge,2005K4,4640219.0
bef_norge,2006K1,4649302.0
bef_norge,2006K2,4660387.0
bef_norge,2006K3,4671871.0
bef_norge,2006K4,4681134.0
bef_norge,2007K1,4691502.0
bef_norge,2007K2,4704573.0
bef_norge,2007K3,4721620.0
bef_norge,2007K4,4737171.0
bef_norge,2008K1,4753373.0
bef_norge,2008K2,4769073.0
bef_norge,2008K3,4787021.0
bef_norge,2008K4,4799252.0
bef_norge,2009K1,4812196.0
bef_norge,2009K2,4825552.0
bef_norge,2009K3,4842676.0
bef_norge,2009K4,4858199.0
bef_norge,2010K1,4873212.0
bef_norge,2010K2,4887958.0
bef_norge,2010K3,4908147.0
bef_norge,2010K4,4920305.0
bef_norge,2011K1,4937265.0
bef_norge,2011K2,4952982.0
bef_norge,2011K3,4973029.0
bef_norge,2011K4,4985870.0
bef_norge,2012K1,5002942.0
bef_norge,2012K2,5017518.0
bef_norge,2012K3,5038137.0
bef_norge,2012K4,5051275.0
bef_norge,2013K1,5063709.0
bef_norge,2013K2,5077798.0
bef_norge,2013K3,5096300.0
bef_norge,2013K4,5109056.0
bef_norge,2014K1,5124383.0
bef_norge,2014K2,5137679.0
bef_norge,2014K3,5156451.0
bef_norge,2014K4,5165802.0
bef_norge,2015K1,5176998.0
bef_norge,2015K2,5189435.0
bef_norge,2015K3,5205434.0
bef_norge,2015K4,5213985.0
bef_norge,2016K1,5223256.0
bef_norge,2016K2,5236826.0
bef_norge,2016K3,5252166.0
bef_norge,2016K4,5258317.0
bef_norge,2017K1,5267146.0
bef_norge,2017K2,5277762.0
bef_norge,2017K3,5290288.0
bef_norge,2017K4,5295619.0
bef_norge,2018K1,5302778.0
bef_norge,2018K2,5312343.0
bef_norge,2018K3,5323933.0
bef_norge,2018K4,5328212.0
bef_norge,2019K1,5336494.0
bef_norge,2019K2,5345599.0
bef_norge,2019K3,5356789.0
bef_norge,2019K4,5367580.0
bef_norge,2020K1,5372355.0
bef_norge,2020K2,5374807.0
bef_norge,2020K3,5384576.0
bef_norge,2020K4,5391369.0
bef_norge,2021K1,5398804.0
bef_norge,2021K2,5402171.0
bef_norge,2021K3,5415166.0
bef_norge,2021K4,5425270.0
bef_norge,2022K1,5435536.0
bef_norge,2022K2,5455582.0
bef_norge,2022K3,5475240.0
bef_norge,2022K4,5488984.0
bef_norge,2023K1,5504329.0
bef_norge,2023K2,5514042.0
bef_norge,2023K3,5533582.0
bef_norge,2023K4,5550203.0
bef_norge,2024K1,5562363.0
bef_norge,2024K2,5571634.0
bef_norge,2024K3,5585044.0
bef_norge,2024K4,5594340.0
bef_norge,2025K1,5601049.0
bef_norge,2025K2,5606944.0
bef_norge,2025K3,5618354.0
bef_norge,2025K4,5627400.0
bef_norge,2026K1,5633770.0
bef_norge,2026K2,5636904.0
bef_oslo,1997K4,500037.0
bef_oslo,1998K1,501234.0
bef_oslo,1998K2,501994.0
bef_oslo,1998K3,502267.0
bef_oslo,1998K4,502392.0
bef_oslo,1999K1,504132.0
bef_oslo,1999K2,505142.0
bef_oslo,1999K3,506341.0
bef_oslo,1999K4,506942.0
bef_oslo,2000K1,508820.0
bef_oslo,2000K2,508826.0
bef_oslo,2000K3,509029.0
bef_oslo,2000K4,508686.0
bef_oslo,2001K1,510873.0
bef_oslo,2001K2,511790.0
bef_oslo,2001K3,512932.0
bef_oslo,2001K4,512718.0
bef_oslo,2002K1,514541.0
bef_oslo,2002K2,515425.0
bef_oslo,2002K3,516467.0
bef_oslo,2002K4,517401.0
bef_oslo,2003K1,518902.0
bef_oslo,2003K2,519553.0
bef_oslo,2003K3,521193.0
bef_oslo,2003K4,521892.0
bef_oslo,2004K1,523488.0
bef_oslo,2004K2,524888.0
bef_oslo,2004K3,527378.0
bef_oslo,2004K4,529407.0
bef_oslo,2005K1,531410.0
bef_oslo,2005K2,533050.0
bef_oslo,2005K3,536209.0
bef_oslo,2005K4,538411.0
bef_oslo,2006K1,541822.0
bef_oslo,2006K2,544073.0
bef_oslo,2006K3,547155.0
bef_oslo,2006K4,548617.0
bef_oslo,2007K1,551832.0
bef_oslo,2007K2,553396.0
bef_oslo,2007K3,557052.0
bef_oslo,2007K4,560484.0
bef_oslo,2008K1,565653.0
bef_oslo,2008K2,568809.0
bef_oslo,2008K3,573388.0
bef_oslo,2008K4,575475.0
bef_oslo,2009K1,578870.0
bef_oslo,2009K2,580229.0
bef_oslo,2009K3,584292.0
bef_oslo,2009K4,586860.0
bef_oslo,2010K1,590041.0
bef_oslo,2010K2,592082.0
bef_oslo,2010K3,596923.0
bef_oslo,2010K4,599230.0
bef_oslo,2011K1,605005.0
bef_oslo,2011K2,607292.0
bef_oslo,2011K3,611491.0
bef_oslo,2011K4,613285.0
bef_oslo,2012K1,617242.0
bef_oslo,2012K2,618378.0
bef_oslo,2012K3,621332.0
bef_oslo,2012K4,623966.0
bef_oslo,2013K1,626953.0
bef_oslo,2013K2,629313.0
bef_oslo,2013K3,632990.0
bef_oslo,2013K4,634463.0
bef_oslo,2014K1,638529.0
bef_oslo,2014K2,640313.0
bef_oslo,2014K3,645701.0
bef_oslo,2014K4,647676.0
bef_oslo,2015K1,650733.0
bef_oslo,2015K2,652044.0
bef_oslo,2015K3,656614.0
bef_oslo,2015K4,658390.0
bef_oslo,2016K1,660987.0
bef_oslo,2016K2,662587.0
bef_oslo,2016K3,666691.0
bef_oslo,2016K4,666757.0
bef_oslo,2017K1,668819.0
bef_oslo,2017K2,669060.0
bef_oslo,2017K3,672062.0
bef_oslo,2017K4,673468.0
bef_oslo,2018K1,674736.0
bef_oslo,2018K2,676462.0
bef_oslo,2018K3,679886.0
bef_oslo,2018K4,681067.0
bef_oslo,2019K1,683947.0
bef_oslo,2019K2,685811.0
bef_oslo,2019K3,690335.0
bef_oslo,2019K4,693494.0
bef_oslo,2020K1,694657.0
bef_oslo,2020K2,694086.0
bef_oslo,2020K3,697549.0
bef_oslo,2020K4,697010.0
bef_oslo,2021K1,697028.0
bef_oslo,2021K2,696088.0
bef_oslo,2021K3,698660.0
bef_oslo,2021K4,699827.0
bef_oslo,2022K1,702543.0
bef_oslo,2022K2,703979.0
bef_oslo,2022K3,707531.0
bef_oslo,2022K4,709037.0
bef_oslo,2023K1,711307.0
bef_oslo,2023K2,712092.0
bef_oslo,2023K3,716272.0
bef_oslo,2023K4,717710.0
bef_oslo,2024K1,719852.0
bef_oslo,2024K2,720568.0
bef_oslo,2024K3,723196.0
bef_oslo,2024K4,724290.0
bef_oslo,2025K1,725243.0
bef_oslo,2025K2,725180.0
bef_oslo,2025K3,727797.0
bef_oslo,2025K4,728714.0
bef_oslo,2026K1,729799.0
bef_oslo,2026K2,729437.0
bef_baerum,1997K4,99538.0
bef_baerum,1998K1,99995.0
bef_baerum,1998K2,100347.0
bef_baerum,1998K3,100686.0
bef_baerum,1998K4,100828.0
bef_baerum,1999K1,101115.0
bef_baerum,1999K2,101305.0
bef_baerum,1999K3,101533.0
bef_baerum,1999K4,101558.0
bef_baerum,2000K1,101648.0
bef_baerum,2000K2,101479.0
bef_baerum,2000K3,101426.0
bef_baerum,2000K4,101349.0
bef_baerum,2001K1,101368.0
bef_baerum,2001K2,101299.0
bef_baerum,2001K3,101329.0
bef_baerum,2001K4,101442.0
bef_baerum,2002K1,101769.0
bef_baerum,2002K2,102103.0
bef_baerum,2002K3,102208.0
bef_baerum,2002K4,102492.0
bef_baerum,2003K1,102567.0
bef_baerum,2003K2,102744.0
bef_baerum,2003K3,102948.0
bef_baerum,2003K4,103247.0
bef_baerum,2004K1,103629.0
bef_baerum,2004K2,103967.0
bef_baerum,2004K3,104331.0
bef_baerum,2004K4,104706.0
bef_baerum,2005K1,104896.0
bef_baerum,2005K2,105102.0
bef_baerum,2005K3,105485.0
bef_baerum,2005K4,105928.0
bef_baerum,2006K1,106220.0
bef_baerum,2006K2,106525.0
bef_baerum,2006K3,106627.0
bef_baerum,2006K4,106932.0
bef_baerum,2007K1,107286.0
bef_baerum,2007K2,107633.0
bef_baerum,2007K3,108033.0
bef_baerum,2007K4,108144.0
bef_baerum,2008K1,108582.0
bef_baerum,2008K2,108967.0
bef_baerum,2008K3,109425.0
bef_baerum,2008K4,109700.0
bef_baerum,2009K1,110048.0
bef_baerum,2009K2,110381.0
bef_baerum,2009K3,110783.0
bef_baerum,2009K4,111213.0
bef_baerum,2010K1,111637.0
bef_baerum,2010K2,111959.0
bef_baerum,2010K3,112376.0
bef_baerum,2010K4,112789.0
bef_baerum,2011K1,113222.0
bef_baerum,2011K2,113659.0
bef_baerum,2011K3,113945.0
bef_baerum,2011K4,114489.0
bef_baerum,2012K1,114989.0
bef_baerum,2012K2,115805.0
bef_baerum,2012K3,116298.0
bef_baerum,2012K4,116677.0
bef_baerum,2013K1,116974.0
bef_baerum,2013K2,117527.0
bef_baerum,2013K3,118115.0
bef_baerum,2013K4,118588.0
bef_baerum,2014K1,119111.0
bef_baerum,2014K2,119849.0
bef_baerum,2014K3,120369.0
bef_baerum,2014K4,120685.0
bef_baerum,2015K1,121229.0
bef_baerum,2015K2,121827.0
bef_baerum,2015K3,122062.0
bef_baerum,2015K4,122348.0
bef_baerum,2016K1,122660.0
bef_baerum,2016K2,123322.0
bef_baerum,2016K3,123562.0
bef_baerum,2016K4,124008.0
bef_baerum,2017K1,124223.0
bef_baerum,2017K2,124798.0
bef_baerum,2017K3,125019.0
bef_baerum,2017K4,125454.0
bef_baerum,2018K1,125708.0
bef_baerum,2018K2,126347.0
bef_baerum,2018K3,126583.0
bef_baerum,2018K4,126841.0
bef_baerum,2019K1,127013.0
bef_baerum,2019K2,127334.0
bef_baerum,2019K3,127467.0
bef_baerum,2019K4,127731.0
bef_baerum,2020K1,127867.0
bef_baerum,2020K2,128102.0
bef_baerum,2020K3,128112.0
bef_baerum,2020K4,128233.0
bef_baerum,2021K1,128481.0
bef_baerum,2021K2,128833.0
bef_baerum,2021K3,128760.0
bef_baerum,2021K4,128982.0
bef_baerum,2022K1,129073.0
bef_baerum,2022K2,129431.0
bef_baerum,2022K3,129732.0
bef_baerum,2022K4,129874.0
bef_baerum,2023K1,130225.0
bef_baerum,2023K2,130587.0
bef_baerum,2023K3,130772.0
bef_baerum,2023K4,130921.0
bef_baerum,2024K1,131136.0
bef_baerum,2024K2,131726.0
bef_baerum,2024K3,132033.0
bef_baerum,2024K4,132358.0
bef_baerum,2025K1,132578.0
bef_baerum,2025K2,132966.0
bef_baerum,2025K3,133201.0
bef_baerum,2025K4,133228.0
bef_baerum,2026K1,133374.0
bef_baerum,2026K2,133712.0
bef_bergen,1997K4,225388.0
bef_bergen,1998K1,225933.0
bef_bergen,1998K2,226180.0
bef_bergen,1998K3,226860.0
bef_bergen,1998K4,227297.0
bef_bergen,1999K1,227730.0
bef_bergen,1999K2,228273.0
bef_bergen,1999K3,229188.0
bef_bergen,1999K4,229513.0
bef_bergen,2000K1,230036.0
bef_bergen,2000K2,230232.0
bef_bergen,2000K3,230628.0
bef_bergen,2000K4,230993.0
bef_bergen,2001K1,231666.0
bef_bergen,2001K2,231994.0
bef_bergen,2001K3,232825.0
bef_bergen,2001K4,233308.0
bef_bergen,2002K1,233892.0
bef_bergen,2002K2,234348.0
bef_bergen,2002K3,235007.0
bef_bergen,2002K4,235450.0
bef_bergen,2003K1,236014.0
bef_bergen,2003K2,236277.0
bef_bergen,2003K3,237062.0
bef_bergen,2003K4,237472.0
bef_bergen,2004K1,238002.0
bef_bergen,2004K2,238459.0
bef_bergen,2004K3,239151.0
bef_bergen,2004K4,239271.0
bef_bergen,2005K1,239950.0
bef_bergen,2005K2,240732.0
bef_bergen,2005K3,241440.0
bef_bergen,2005K4,242158.0
bef_bergen,2006K1,242854.0
bef_bergen,2006K2,243219.0
bef_bergen,2006K3,243960.0
bef_bergen,2006K4,244620.0
bef_bergen,2007K1,245444.0
bef_bergen,2007K2,245997.0
bef_bergen,2007K3,247123.0
bef_bergen,2007K4,247746.0
bef_bergen,2008K1,248668.0
bef_bergen,2008K2,249527.0
bef_bergen,2008K3,250985.0
bef_bergen,2008K4,252051.0
bef_bergen,2009K1,252918.0
bef_bergen,2009K2,253600.0
bef_bergen,2009K3,255490.0
bef_bergen,2009K4,256600.0
bef_bergen,2010K1,257864.0
bef_bergen,2010K2,258365.0
bef_bergen,2010K3,259913.0
bef_bergen,2010K4,260392.0
bef_bergen,2011K1,261311.0
bef_bergen,2011K2,261705.0
bef_bergen,2011K3,263218.0
bef_bergen,2011K4,263762.0
bef_bergen,2012K1,264785.0
bef_bergen,2012K2,265244.0
bef_bergen,2012K3,267160.0
bef_bergen,2012K4,267950.0
bef_bergen,2013K1,268926.0
bef_bergen,2013K2,269205.0
bef_bergen,2013K3,271067.0
bef_bergen,2013K4,271949.0
bef_bergen,2014K1,272520.0
bef_bergen,2014K2,272612.0
bef_bergen,2014K3,274379.0
bef_bergen,2014K4,275112.0
bef_bergen,2015K1,275737.0
bef_bergen,2015K2,275938.0
bef_bergen,2015K3,277378.0
bef_bergen,2015K4,277391.0
bef_bergen,2016K1,278120.0
bef_bergen,2016K2,277807.0
bef_bergen,2016K3,278951.0
bef_bergen,2016K4,278555.0
bef_bergen,2017K1,279007.0
bef_bergen,2017K2,279035.0
bef_bergen,2017K3,279914.0
bef_bergen,2017K4,279792.0
bef_bergen,2018K1,280216.0
bef_bergen,2018K2,280203.0
bef_bergen,2018K3,281445.0
bef_bergen,2018K4,281190.0
bef_bergen,2019K1,281858.0
bef_bergen,2019K2,281978.0
bef_bergen,2019K3,283246.0
bef_bergen,2019K4,283929.0
bef_bergen,2020K1,284208.0
bef_bergen,2020K2,283763.0
bef_bergen,2020K3,285070.0
bef_bergen,2020K4,285601.0
bef_bergen,2021K1,285911.0
bef_bergen,2021K2,285249.0
bef_bergen,2021K3,286567.0
bef_bergen,2021K4,286930.0
bef_bergen,2022K1,287428.0
bef_bergen,2022K2,288133.0
bef_bergen,2022K3,288841.0
bef_bergen,2022K4,289330.0
bef_bergen,2023K1,290272.0
bef_bergen,2023K2,290357.0
bef_bergen,2023K3,291189.0
bef_bergen,2023K4,291940.0
bef_bergen,2024K1,292482.0
bef_bergen,2024K2,292277.0
bef_bergen,2024K3,293301.0
bef_bergen,2024K4,293709.0
bef_bergen,2025K1,294029.0
bef_bergen,2025K2,293787.0
bef_bergen,2025K3,294484.0
bef_bergen,2025K4,294860.0
bef_bergen,2026K1,295426.0
bef_bergen,2026K2,295009.0
bef_trondheim,1997K4,145594.0
bef_trondheim,1998K1,145895.0
bef_trondheim,1998K2,146252.0
bef_trondheim,1998K3,146923.0
bef_trondheim,1998K4,147150.0
bef_trondheim,1999K1,147677.0
bef_trondheim,1999K2,147954.0
bef_trondheim,1999K3,148697.0
bef_trondheim,1999K4,148795.0
bef_trondheim,2000K1,149376.0
bef_trondheim,2000K2,149435.0
bef_trondheim,2000K3,149998.0
bef_trondheim,2000K4,150169.0
bef_trondheim,2001K1,150540.0
bef_trondheim,2001K2,150798.0
bef_trondheim,2001K3,151104.0
bef_trondheim,2001K4,151396.0
bef_trondheim,2002K1,151973.0
bef_trondheim,2002K2,152166.0
bef_trondheim,2002K3,152446.0
bef_trondheim,2002K4,152668.0
bef_trondheim,2003K1,153171.0
bef_trondheim,2003K2,153481.0
bef_trondheim,2003K3,154082.0
bef_trondheim,2003K4,154377.0
bef_trondheim,2004K1,154900.0
bef_trondheim,2004K2,155010.0
bef_trondheim,2004K3,155686.0
bef_trondheim,2004K4,156152.0
bef_trondheim,2005K1,156724.0
bef_trondheim,2005K2,157079.0
bef_trondheim,2005K3,157813.0
bef_trondheim,2005K4,158613.0
bef_trondheim,2006K1,159490.0
bef_trondheim,2006K2,159931.0
bef_trondheim,2006K3,160950.0
bef_trondheim,2006K4,161730.0
bef_trondheim,2007K1,162652.0
bef_trondheim,2007K2,163047.0
bef_trondheim,2007K3,164245.0
bef_trondheim,2007K4,165191.0
bef_trondheim,2008K1,166304.0
bef_trondheim,2008K2,166708.0
bef_trondheim,2008K3,167709.0
bef_trondheim,2008K4,168257.0
bef_trondheim,2009K1,168988.0
bef_trondheim,2009K2,169343.0
bef_trondheim,2009K3,170491.0
bef_trondheim,2009K4,170936.0
bef_trondheim,2010K1,171652.0
bef_trondheim,2010K2,171722.0
bef_trondheim,2010K3,173221.0
bef_trondheim,2010K4,173486.0
bef_trondheim,2011K1,174161.0
bef_trondheim,2011K2,174326.0
bef_trondheim,2011K3,176008.0
bef_trondheim,2011K4,176348.0
bef_trondheim,2012K1,177173.0
bef_trondheim,2012K2,177258.0
bef_trondheim,2012K3,179123.0
bef_trondheim,2012K4,179692.0
bef_trondheim,2013K1,180280.0
bef_trondheim,2013K2,180048.0
bef_trondheim,2013K3,181513.0
bef_trondheim,2013K4,182035.0
bef_trondheim,2014K1,182657.0
bef_trondheim,2014K2,182740.0
bef_trondheim,2014K3,184604.0
bef_trondheim,2014K4,184960.0
bef_trondheim,2015K1,185537.0
bef_trondheim,2015K2,185341.0
bef_trondheim,2015K3,186868.0
bef_trondheim,2015K4,187353.0
bef_trondheim,2016K1,187951.0
bef_trondheim,2016K2,187981.0
bef_trondheim,2016K3,189842.0
bef_trondheim,2016K4,190464.0
bef_trondheim,2017K1,191329.0
bef_trondheim,2017K2,191152.0
bef_trondheim,2017K3,192847.0
bef_trondheim,2017K4,193501.0
bef_trondheim,2018K1,194128.0
bef_trondheim,2018K2,194051.0
bef_trondheim,2018K3,195449.0
bef_trondheim,2018K4,196159.0
bef_trondheim,2019K1,196866.0
bef_trondheim,2019K2,196939.0
bef_trondheim,2019K3,198219.0
bef_trondheim,2019K4,199039.0
bef_trondheim,2020K1,205811.0
bef_trondheim,2020K2,205332.0
bef_trondheim,2020K3,207015.0
bef_trondheim,2020K4,207595.0
bef_trondheim,2021K1,208281.0
bef_trondheim,2021K2,207415.0
bef_trondheim,2021K3,209802.0
bef_trondheim,2021K4,210496.0
bef_trondheim,2022K1,211246.0
bef_trondheim,2022K2,211106.0
bef_trondheim,2022K3,212135.0
bef_trondheim,2022K4,212660.0
bef_trondheim,2023K1,213433.0
bef_trondheim,2023K2,213163.0
bef_trondheim,2023K3,214093.0
bef_trondheim,2023K4,214565.0
bef_trondheim,2024K1,215121.0
bef_trondheim,2024K2,215040.0
bef_trondheim,2024K3,215873.0
bef_trondheim,2024K4,216518.0
bef_trondheim,2025K1,216889.0
bef_trondheim,2025K2,216752.0
bef_trondheim,2025K3,217774.0
bef_trondheim,2025K4,218460.0
bef_trondheim,2026K1,219152.0
bef_trondheim,2026K2,218787.0
bef_stavanger,1997K4,106788.0
bef_stavanger,1998K1,107230.0
bef_stavanger,1998K2,107443.0
bef_stavanger,1998K3,107758.0
bef_stavanger,1998K4,108086.0
bef_stavanger,1999K1,108290.0
bef_stavanger,1999K2,108466.0
bef_stavanger,1999K3,108700.0
bef_stavanger,1999K4,108890.0
bef_stavanger,2000K1,108754.0
bef_stavanger,2000K2,108795.0
bef_stavanger,2000K3,108946.0
bef_stavanger,2000K4,108834.0
bef_stavanger,2001K1,108912.0
bef_stavanger,2001K2,109132.0
bef_stavanger,2001K3,109556.0
bef_stavanger,2001K4,109745.0
bef_stavanger,2002K1,110062.0
bef_stavanger,2002K2,110383.0
bef_stavanger,2002K3,110691.0
bef_stavanger,2002K4,110993.0
bef_stavanger,2003K1,111339.0
bef_stavanger,2003K2,111530.0
bef_stavanger,2003K3,112003.0
bef_stavanger,2003K4,112378.0
bef_stavanger,2004K1,112819.0
bef_stavanger,2004K2,113133.0
bef_stavanger,2004K3,113619.0
bef_stavanger,2004K4,114001.0
bef_stavanger,2005K1,114377.0
bef_stavanger,2005K2,114594.0
bef_stavanger,2005K3,114936.0
bef_stavanger,2005K4,115157.0
bef_stavanger,2006K1,115567.0
bef_stavanger,2006K2,116080.0
bef_stavanger,2006K3,116725.0
bef_stavanger,2006K4,117315.0
bef_stavanger,2007K1,117874.0
bef_stavanger,2007K2,118391.0
bef_stavanger,2007K3,119176.0
bef_stavanger,2007K4,119586.0
bef_stavanger,2008K1,120284.0
bef_stavanger,2008K2,120798.0
bef_stavanger,2008K3,121325.0
bef_stavanger,2008K4,121610.0
bef_stavanger,2009K1,122162.0
bef_stavanger,2009K2,122602.0
bef_stavanger,2009K3,123318.0
bef_stavanger,2009K4,123850.0
bef_stavanger,2010K1,124510.0
bef_stavanger,2010K2,124901.0
bef_stavanger,2010K3,125635.0
bef_stavanger,2010K4,126021.0
bef_stavanger,2011K1,126469.0
bef_stavanger,2011K2,126714.0
bef_stavanger,2011K3,127230.0
bef_stavanger,2011K4,127506.0
bef_stavanger,2012K1,128073.0
bef_stavanger,2012K2,128117.0
bef_stavanger,2012K3,128830.0
bef_stavanger,2012K4,129191.0
bef_stavanger,2013K1,129585.0
bef_stavanger,2013K2,129758.0
bef_stavanger,2013K3,130426.0
bef_stavanger,2013K4,130754.0
bef_stavanger,2014K1,131212.0
bef_stavanger,2014K2,131371.0
bef_stavanger,2014K3,131982.0
bef_stavanger,2014K4,132102.0
bef_stavanger,2015K1,132302.0
bef_stavanger,2015K2,132264.0
bef_stavanger,2015K3,132587.0
bef_stavanger,2015K4,132644.0
bef_stavanger,2016K1,132895.0
bef_stavanger,2016K2,132960.0
bef_stavanger,2016K3,133234.0
bef_stavanger,2016K4,132728.0
bef_stavanger,2017K1,132790.0
bef_stavanger,2017K2,132913.0
bef_stavanger,2017K3,133233.0
bef_stavanger,2017K4,133139.0
bef_stavanger,2018K1,133309.0
bef_stavanger,2018K2,133410.0
bef_stavanger,2018K3,134312.0
bef_stavanger,2018K4,134037.0
bef_stavanger,2019K1,134284.0
bef_stavanger,2019K2,134339.0
bef_stavanger,2019K3,135118.0
bef_stavanger,2019K4,135510.0
bef_stavanger,2020K1,143840.0
bef_stavanger,2020K2,143691.0
bef_stavanger,2020K3,143981.0
bef_stavanger,2020K4,144147.0
bef_stavanger,2021K1,144223.0
bef_stavanger,2021K2,143985.0
bef_stavanger,2021K3,144515.0
bef_stavanger,2021K4,144699.0
bef_stavanger,2022K1,144877.0
bef_stavanger,2022K2,145144.0
bef_stavanger,2022K3,145568.0
bef_stavanger,2022K4,146011.0
bef_stavanger,2023K1,146267.0
bef_stavanger,2023K2,146811.0
bef_stavanger,2023K3,148682.0
bef_stavanger,2023K4,149048.0
bef_stavanger,2024K1,149330.0
bef_stavanger,2024K2,149449.0
bef_stavanger,2024K3,149928.0
bef_stavanger,2024K4,150123.0
bef_stavanger,2025K1,150663.0
bef_stavanger,2025K2,150838.0
bef_stavanger,2025K3,151449.0
bef_stavanger,2025K4,151669.0
bef_stavanger,2026K1,151757.0
bef_stavanger,2026K2,151761.0
nettoinnfl_norge,1997K4,3066.0
nettoinnfl_norge,1998K1,3154.0
nettoinnfl_norge,1998K2,3601.0
nettoinnfl_norge,1998K3,4299.0
nettoinnfl_norge,1998K4,3022.0
nettoinnfl_norge,1999K1,4237.0
nettoinnfl_norge,1999K2,3337.0
nettoinnfl_norge,1999K3,8898.0
nettoinnfl_norge,1999K4,3467.0
nettoinnfl_norge,2000K1,3589.0
nettoinnfl_norge,2000K2,3531.0
nettoinnfl_norge,2000K3,2618.0
nettoinnfl_norge,2000K4,124.0
nettoinnfl_norge,2001K1,1559.0
nettoinnfl_norge,2001K2,1051.0
nettoinnfl_norge,2001K3,2481.0
nettoinnfl_norge,2001K4,2813.0
nettoinnfl_norge,2002K1,4398.0
nettoinnfl_norge,2002K2,4261.0
nettoinnfl_norge,2002K3,4833.0
nettoinnfl_norge,2002K4,3704.0
nettoinnfl_norge,2003K1,3484.0
nettoinnfl_norge,2003K2,2633.0
nettoinnfl_norge,2003K3,3025.0
nettoinnfl_norge,2003K4,2105.0
nettoinnfl_norge,2004K1,1967.0
nettoinnfl_norge,2004K2,2371.0
nettoinnfl_norge,2004K3,4634.0
nettoinnfl_norge,2004K4,4250.0
nettoinnfl_norge,2005K1,3599.0
nettoinnfl_norge,2005K2,4029.0
nettoinnfl_norge,2005K3,5342.0
nettoinnfl_norge,2005K4,5317.0
nettoinnfl_norge,2006K1,5307.0
nettoinnfl_norge,2006K2,5759.0
nettoinnfl_norge,2006K3,5993.0
nettoinnfl_norge,2006K4,6630.0
nettoinnfl_norge,2007K1,7489.0
nettoinnfl_norge,2007K2,7855.0
nettoinnfl_norge,2007K3,11615.0
nettoinnfl_norge,2007K4,12673.0
nettoinnfl_norge,2008K1,12431.0
nettoinnfl_norge,2008K2,9932.0
nettoinnfl_norge,2008K3,11852.0
nettoinnfl_norge,2008K4,9138.0
nettoinnfl_norge,2009K1,9618.0
nettoinnfl_norge,2009K2,6961.0
nettoinnfl_norge,2009K3,10426.0
nettoinnfl_norge,2009K4,11629.0
nettoinnfl_norge,2010K1,10889.0
nettoinnfl_norge,2010K2,8845.0
nettoinnfl_norge,2010K3,13754.0
nettoinnfl_norge,2010K4,8848.0
nettoinnfl_norge,2011K1,13421.0
nettoinnfl_norge,2011K2,9829.0
nettoinnfl_norge,2011K3,13928.0
nettoinnfl_norge,2011K4,9860.0
nettoinnfl_norge,2012K1,13617.0
nettoinnfl_norge,2012K2,9241.0
nettoinnfl_norge,2012K3,14185.0
nettoinnfl_norge,2012K4,10294.0
nettoinnfl_norge,2013K1,9629.0
nettoinnfl_norge,2013K2,8217.0
nettoinnfl_norge,2013K3,12476.0
nettoinnfl_norge,2013K4,9622.0
nettoinnfl_norge,2014K1,11282.0
nettoinnfl_norge,2014K2,7359.0
nettoinnfl_norge,2014K3,12940.0
nettoinnfl_norge,2014K4,6589.0
nettoinnfl_norge,2015K1,8648.0
nettoinnfl_norge,2015K2,6285.0
nettoinnfl_norge,2015K3,9408.0
nettoinnfl_norge,2015K4,5432.0
nettoinnfl_norge,2016K1,5760.0
nettoinnfl_norge,2016K2,7290.0
nettoinnfl_norge,2016K3,9403.0
nettoinnfl_norge,2016K4,3640.0
nettoinnfl_norge,2017K1,6435.0
nettoinnfl_norge,2017K2,5221.0
nettoinnfl_norge,2017K3,6868.0
nettoinnfl_norge,2017K4,2769.0
nettoinnfl_norge,2018K1,5468.0
nettoinnfl_norge,2018K2,4602.0
nettoinnfl_norge,2018K3,6289.0
nettoinnfl_norge,2018K4,1722.0
nettoinnfl_norge,2019K1,5653.0
nettoinnfl_norge,2019K2,4701.0
nettoinnfl_norge,2019K3,6190.0
nettoinnfl_norge,2019K4,8721.0
nettoinnfl_norge,2020K1,2576.0
nettoinnfl_norge,2020K2,-1828.0
nettoinnfl_norge,2020K3,5379.0
nettoinnfl_norge,2020K4,5015.0
nettoinnfl_norge,2021K1,3805.0
nettoinnfl_norge,2021K2,-1736.0
nettoinnfl_norge,2021K3,8006.0
nettoinnfl_norge,2021K4,9542.0
nettoinnfl_norge,2022K1,9333.0
nettoinnfl_norge,2022K2,17668.0
nettoinnfl_norge,2022K3,16742.0
nettoinnfl_norge,2022K4,14595.0
nettoinnfl_norge,2023K1,14587.0
nettoinnfl_norge,2023K2,6344.0
nettoinnfl_norge,2023K3,15679.0
nettoinnfl_norge,2023K4,16457.0
nettoinnfl_norge,2024K1,10744.0
nettoinnfl_norge,2024K2,5414.0
nettoinnfl_norge,2024K3,9500.0
nettoinnfl_norge,2024K4,8518.0
nettoinnfl_norge,2025K1,5434.0
nettoinnfl_norge,2025K2,1992.0
nettoinnfl_norge,2025K3,6851.0
nettoinnfl_norge,2025K4,8063.0
nettoinnfl_norge,2026K1,4851.0
nettoinnfl_norge,2026K2,-1590.0
nettoinnfl_oslo,1997K4,93.0
nettoinnfl_oslo,1998K1,1208.0
nettoinnfl_oslo,1998K2,-244.0
nettoinnfl_oslo,1998K3,-558.0
nettoinnfl_oslo,1998K4,-543.0
nettoinnfl_oslo,1999K1,1043.0
nettoinnfl_oslo,1999K2,54.0
nettoinnfl_oslo,1999K3,175.0
nettoinnfl_oslo,1999K4,-285.0
nettoinnfl_oslo,2000K1,905.0
nettoinnfl_oslo,2000K2,-760.0
nettoinnfl_oslo,2000K3,-527.0
nettoinnfl_oslo,2000K4,-920.0
nettoinnfl_oslo,2001K1,1718.0
nettoinnfl_oslo,2001K2,141.0
nettoinnfl_oslo,2001K3,475.0
nettoinnfl_oslo,2001K4,-670.0
nettoinnfl_oslo,2002K1,1543.0
nettoinnfl_oslo,2002K2,100.0
nettoinnfl_oslo,2002K3,229.0
nettoinnfl_oslo,2002K4,458.0
nettoinnfl_oslo,2003K1,941.0
nettoinnfl_oslo,2003K2,-247.0
nettoinnfl_oslo,2003K3,643.0
nettoinnfl_oslo,2003K4,-29.0
nettoinnfl_oslo,2004K1,799.0
nettoinnfl_oslo,2004K2,375.0
nettoinnfl_oslo,2004K3,1480.0
nettoinnfl_oslo,2004K4,1180.0
nettoinnfl_oslo,2005K1,886.0
nettoinnfl_oslo,2005K2,322.0
nettoinnfl_oslo,2005K3,1989.0
nettoinnfl_oslo,2005K4,1112.0
nettoinnfl_oslo,2006K1,2294.0
nettoinnfl_oslo,2006K2,999.0
nettoinnfl_oslo,2006K3,1749.0
nettoinnfl_oslo,2006K4,799.0
nettoinnfl_oslo,2007K1,2154.0
nettoinnfl_oslo,2007K2,171.0
nettoinnfl_oslo,2007K3,2312.0
nettoinnfl_oslo,2007K4,2409.0
nettoinnfl_oslo,2008K1,3995.0
nettoinnfl_oslo,2008K2,1598.0
nettoinnfl_oslo,2008K3,3057.0
nettoinnfl_oslo,2008K4,1082.0
nettoinnfl_oslo,2009K1,2111.0
nettoinnfl_oslo,2009K2,-162.0
nettoinnfl_oslo,2009K3,2402.0
nettoinnfl_oslo,2009K4,1232.0
nettoinnfl_oslo,2010K1,1883.0
nettoinnfl_oslo,2010K2,406.0
nettoinnfl_oslo,2010K3,3181.0
nettoinnfl_oslo,2010K4,1072.0
nettoinnfl_oslo,2011K1,4518.0
nettoinnfl_oslo,2011K2,640.0
nettoinnfl_oslo,2011K3,2534.0
nettoinnfl_oslo,2011K4,640.0
nettoinnfl_oslo,2012K1,2698.0
nettoinnfl_oslo,2012K2,-467.0
nettoinnfl_oslo,2012K3,1300.0
nettoinnfl_oslo,2012K4,1534.0
nettoinnfl_oslo,2013K1,1808.0
nettoinnfl_oslo,2013K2,792.0
nettoinnfl_oslo,2013K3,2001.0
nettoinnfl_oslo,2013K4,253.0
nettoinnfl_oslo,2014K1,2604.0
nettoinnfl_oslo,2014K2,91.0
nettoinnfl_oslo,2014K3,3643.0
nettoinnfl_oslo,2014K4,775.0
nettoinnfl_oslo,2015K1,1834.0
nettoinnfl_oslo,2015K2,-417.0
nettoinnfl_oslo,2015K3,2824.0
nettoinnfl_oslo,2015K4,620.0
nettoinnfl_oslo,2016K1,1278.0
nettoinnfl_oslo,2016K2,-296.0
nettoinnfl_oslo,2016K3,2410.0
nettoinnfl_oslo,2016K4,-1002.0
nettoinnfl_oslo,2017K1,873.0
nettoinnfl_oslo,2017K2,-1393.0
nettoinnfl_oslo,2017K3,1388.0
nettoinnfl_oslo,2017K4,193.0
nettoinnfl_oslo,2018K1,125.0
nettoinnfl_oslo,2018K2,27.0
nettoinnfl_oslo,2018K3,1880.0
nettoinnfl_oslo,2018K4,158.0
nettoinnfl_oslo,2019K1,1687.0
nettoinnfl_oslo,2019K2,266.0
nettoinnfl_oslo,2019K3,2912.0
nettoinnfl_oslo,2019K4,1975.0
nettoinnfl_oslo,2020K1,-61.0
nettoinnfl_oslo,2020K2,-2124.0
nettoinnfl_oslo,2020K3,1918.0
nettoinnfl_oslo,2020K4,-1591.0
nettoinnfl_oslo,2021K1,-1389.0
nettoinnfl_oslo,2021K2,-2610.0
nettoinnfl_oslo,2021K3,1045.0
nettoinnfl_oslo,2021K4,130.0
nettoinnfl_oslo,2022K1,1766.0
nettoinnfl_oslo,2022K2,220.0
nettoinnfl_oslo,2022K3,2215.0
nettoinnfl_oslo,2022K4,493.0
nettoinnfl_oslo,2023K1,1362.0
nettoinnfl_oslo,2023K2,-590.0
nettoinnfl_oslo,2023K3,2823.0
nettoinnfl_oslo,2023K4,705.0
nettoinnfl_oslo,2024K1,1011.0
nettoinnfl_oslo,2024K2,-815.0
nettoinnfl_oslo,2024K3,1081.0
nettoinnfl_oslo,2024K4,91.0
nettoinnfl_oslo,2025K1,-39.0
nettoinnfl_oslo,2025K2,-1611.0
nettoinnfl_oslo,2025K3,930.0
nettoinnfl_oslo,2025K4,-154.0
nettoinnfl_oslo,2026K1,-30.0
nettoinnfl_oslo,2026K2,-2066.0
nettoinnfl_baerum,1997K4,78.0
nettoinnfl_baerum,1998K1,236.0
nettoinnfl_baerum,1998K2,186.0
nettoinnfl_baerum,1998K3,155.0
nettoinnfl_baerum,1998K4,79.0
nettoinnfl_baerum,1999K1,188.0
nettoinnfl_baerum,1999K2,7.0
nettoinnfl_baerum,1999K3,124.0
nettoinnfl_baerum,1999K4,-45.0
nettoinnfl_baerum,2000K1,5.0
nettoinnfl_baerum,2000K2,-345.0
nettoinnfl_baerum,2000K3,-228.0
nettoinnfl_baerum,2000K4,-165.0
nettoinnfl_baerum,2001K1,-112.0
nettoinnfl_baerum,2001K2,-213.0
nettoinnfl_baerum,2001K3,-124.0
nettoinnfl_baerum,2001K4,51.0
nettoinnfl_baerum,2002K1,158.0
nettoinnfl_baerum,2002K2,188.0
nettoinnfl_baerum,2002K3,-51.0
nettoinnfl_baerum,2002K4,176.0
nettoinnfl_baerum,2003K1,-39.0
nettoinnfl_baerum,2003K2,-21.0
nettoinnfl_baerum,2003K3,44.0
nettoinnfl_baerum,2003K4,164.0
nettoinnfl_baerum,2004K1,212.0
nettoinnfl_baerum,2004K2,164.0
nettoinnfl_baerum,2004K3,188.0
nettoinnfl_baerum,2004K4,244.0
nettoinnfl_baerum,2005K1,86.0
nettoinnfl_baerum,2005K2,54.0
nettoinnfl_baerum,2005K3,215.0
nettoinnfl_baerum,2005K4,256.0
nettoinnfl_baerum,2006K1,136.0
nettoinnfl_baerum,2006K2,108.0
nettoinnfl_baerum,2006K3,-57.0
nettoinnfl_baerum,2006K4,198.0
nettoinnfl_baerum,2007K1,283.0
nettoinnfl_baerum,2007K2,198.0
nettoinnfl_baerum,2007K3,277.0
nettoinnfl_baerum,2007K4,35.0
nettoinnfl_baerum,2008K1,366.0
nettoinnfl_baerum,2008K2,249.0
nettoinnfl_baerum,2008K3,268.0
nettoinnfl_baerum,2008K4,207.0
nettoinnfl_baerum,2009K1,248.0
nettoinnfl_baerum,2009K2,185.0
nettoinnfl_baerum,2009K3,226.0
nettoinnfl_baerum,2009K4,321.0
nettoinnfl_baerum,2010K1,305.0
nettoinnfl_baerum,2010K2,236.0
nettoinnfl_baerum,2010K3,267.0
nettoinnfl_baerum,2010K4,326.0
nettoinnfl_baerum,2011K1,350.0
nettoinnfl_baerum,2011K2,317.0
nettoinnfl_baerum,2011K3,123.0
nettoinnfl_baerum,2011K4,484.0
nettoinnfl_baerum,2012K1,405.0
nettoinnfl_baerum,2012K2,651.0
nettoinnfl_baerum,2012K3,355.0
nettoinnfl_baerum,2012K4,333.0
nettoinnfl_baerum,2013K1,200.0
nettoinnfl_baerum,2013K2,392.0
nettoinnfl_baerum,2013K3,474.0
nettoinnfl_baerum,2013K4,402.0
nettoinnfl_baerum,2014K1,426.0
nettoinnfl_baerum,2014K2,548.0
nettoinnfl_baerum,2014K3,408.0
nettoinnfl_baerum,2014K4,282.0
nettoinnfl_baerum,2015K1,484.0
nettoinnfl_baerum,2015K2,411.0
nettoinnfl_baerum,2015K3,22.0
nettoinnfl_baerum,2015K4,191.0
nettoinnfl_baerum,2016K1,206.0
nettoinnfl_baerum,2016K2,484.0
nettoinnfl_baerum,2016K3,92.0
nettoinnfl_baerum,2016K4,379.0
nettoinnfl_baerum,2017K1,142.0
nettoinnfl_baerum,2017K2,413.0
nettoinnfl_baerum,2017K3,100.0
nettoinnfl_baerum,2017K4,351.0
nettoinnfl_baerum,2018K1,189.0
nettoinnfl_baerum,2018K2,484.0
nettoinnfl_baerum,2018K3,97.0
nettoinnfl_baerum,2018K4,112.0
nettoinnfl_baerum,2019K1,98.0
nettoinnfl_baerum,2019K2,164.0
nettoinnfl_baerum,2019K3,40.0
nettoinnfl_baerum,2019K4,199.0
nettoinnfl_baerum,2020K1,33.0
nettoinnfl_baerum,2020K2,112.0
nettoinnfl_baerum,2020K3,-136.0
nettoinnfl_baerum,2020K4,72.0
nettoinnfl_baerum,2021K1,149.0
nettoinnfl_baerum,2021K2,168.0
nettoinnfl_baerum,2021K3,-209.0
nettoinnfl_baerum,2021K4,199.0
nettoinnfl_baerum,2022K1,84.0
nettoinnfl_baerum,2022K2,257.0
nettoinnfl_baerum,2022K3,161.0
nettoinnfl_baerum,2022K4,193.0
nettoinnfl_baerum,2023K1,315.0
nettoinnfl_baerum,2023K2,226.0
nettoinnfl_baerum,2023K3,90.0
nettoinnfl_baerum,2023K4,159.0
nettoinnfl_baerum,2024K1,100.0
nettoinnfl_baerum,2024K2,477.0
nettoinnfl_baerum,2024K3,146.0
nettoinnfl_baerum,2024K4,252.0
nettoinnfl_baerum,2025K1,208.0
nettoinnfl_baerum,2025K2,259.0
nettoinnfl_baerum,2025K3,126.0
nettoinnfl_baerum,2025K4,-44.0
nettoinnfl_baerum,2026K1,119.0
nettoinnfl_baerum,2026K2,164.0
nettoinnfl_bergen,1997K4,26.0
nettoinnfl_bergen,1998K1,227.0
nettoinnfl_bergen,1998K2,-25.0
nettoinnfl_bergen,1998K3,255.0
nettoinnfl_bergen,1998K4,206.0
nettoinnfl_bergen,1999K1,237.0
nettoinnfl_bergen,1999K2,183.0
nettoinnfl_bergen,1999K3,605.0
nettoinnfl_bergen,1999K4,138.0
nettoinnfl_bergen,2000K1,364.0
nettoinnfl_bergen,2000K2,-93.0
nettoinnfl_bergen,2000K3,39.0
nettoinnfl_bergen,2000K4,124.0
nettoinnfl_bergen,2001K1,451.0
nettoinnfl_bergen,2001K2,97.0
nettoinnfl_bergen,2001K3,514.0
nettoinnfl_bergen,2001K4,304.0
nettoinnfl_bergen,2002K1,388.0
nettoinnfl_bergen,2002K2,168.0
nettoinnfl_bergen,2002K3,336.0
nettoinnfl_bergen,2002K4,279.0
nettoinnfl_bergen,2003K1,366.0
nettoinnfl_bergen,2003K2,-47.0
nettoinnfl_bergen,2003K3,463.0
nettoinnfl_bergen,2003K4,154.0
nettoinnfl_bergen,2004K1,259.0
nettoinnfl_bergen,2004K2,79.0
nettoinnfl_bergen,2004K3,324.0
nettoinnfl_bergen,2004K4,-94.0
nettoinnfl_bergen,2005K1,408.0
nettoinnfl_bergen,2005K2,389.0
nettoinnfl_bergen,2005K3,320.0
nettoinnfl_bergen,2005K4,422.0
nettoinnfl_bergen,2006K1,361.0
nettoinnfl_bergen,2006K2,-11.0
nettoinnfl_bergen,2006K3,404.0
nettoinnfl_bergen,2006K4,355.0
nettoinnfl_bergen,2007K1,574.0
nettoinnfl_bergen,2007K2,149.0
nettoinnfl_bergen,2007K3,695.0
nettoinnfl_bergen,2007K4,349.0
nettoinnfl_bergen,2008K1,648.0
nettoinnfl_bergen,2008K2,480.0
nettoinnfl_bergen,2008K3,1012.0
nettoinnfl_bergen,2008K4,725.0
nettoinnfl_bergen,2009K1,593.0
nettoinnfl_bergen,2009K2,229.0
nettoinnfl_bergen,2009K3,1386.0
nettoinnfl_bergen,2009K4,766.0
nettoinnfl_bergen,2010K1,938.0
nettoinnfl_bergen,2010K2,53.0
nettoinnfl_bergen,2010K3,1100.0
nettoinnfl_bergen,2010K4,202.0
nettoinnfl_bergen,2011K1,607.0
nettoinnfl_bergen,2011K2,15.0
nettoinnfl_bergen,2011K3,1038.0
nettoinnfl_bergen,2011K4,298.0
nettoinnfl_bergen,2012K1,804.0
nettoinnfl_bergen,2012K2,1.0
nettoinnfl_bergen,2012K3,1463.0
nettoinnfl_bergen,2012K4,523.0
nettoinnfl_bergen,2013K1,717.0
nettoinnfl_bergen,2013K2,-196.0
nettoinnfl_bergen,2013K3,1445.0
nettoinnfl_bergen,2013K4,592.0
nettoinnfl_bergen,2014K1,254.0
nettoinnfl_bergen,2014K2,-303.0
nettoinnfl_bergen,2014K3,1363.0
nettoinnfl_bergen,2014K4,453.0
nettoinnfl_bergen,2015K1,401.0
nettoinnfl_bergen,2015K2,-300.0
nettoinnfl_bergen,2015K3,935.0
nettoinnfl_bergen,2015K4,-322.0
nettoinnfl_bergen,2016K1,379.0
nettoinnfl_bergen,2016K2,-784.0
nettoinnfl_bergen,2016K3,668.0
nettoinnfl_bergen,2016K4,-648.0
nettoinnfl_bergen,2017K1,202.0
nettoinnfl_bergen,2017K2,-308.0
nettoinnfl_bergen,2017K3,468.0
nettoinnfl_bergen,2017K4,-404.0
nettoinnfl_bergen,2018K1,197.0
nettoinnfl_bergen,2018K2,-382.0
nettoinnfl_bergen,2018K3,805.0
nettoinnfl_bergen,2018K4,-491.0
nettoinnfl_bergen,2019K1,387.0
nettoinnfl_bergen,2019K2,-207.0
nettoinnfl_bergen,2019K3,872.0
nettoinnfl_bergen,2019K4,429.0
nettoinnfl_bergen,2020K1,73.0
nettoinnfl_bergen,2020K2,-803.0
nettoinnfl_bergen,2020K3,1016.0
nettoinnfl_bergen,2020K4,331.0
nettoinnfl_bergen,2021K1,2.0
nettoinnfl_bergen,2021K2,-1089.0
nettoinnfl_bergen,2021K3,972.0
nettoinnfl_bergen,2021K4,205.0
nettoinnfl_bergen,2022K1,348.0
nettoinnfl_bergen,2022K2,488.0
nettoinnfl_bergen,2022K3,403.0
nettoinnfl_bergen,2022K4,407.0
nettoinnfl_bergen,2023K1,864.0
nettoinnfl_bergen,2023K2,-146.0
nettoinnfl_bergen,2023K3,571.0
nettoinnfl_bergen,2023K4,580.0
nettoinnfl_bergen,2024K1,393.0
nettoinnfl_bergen,2024K2,-480.0
nettoinnfl_bergen,2024K3,666.0
nettoinnfl_bergen,2024K4,228.0
nettoinnfl_bergen,2025K1,109.0
nettoinnfl_bergen,2025K2,-584.0
nettoinnfl_bergen,2025K3,366.0
nettoinnfl_bergen,2025K4,229.0
nettoinnfl_bergen,2026K1,319.0
nettoinnfl_bergen,2026K2,-798.0
nettoinnfl_trondheim,1997K4,-85.0
nettoinnfl_trondheim,1998K1,-23.0
nettoinnfl_trondheim,1998K2,79.0
nettoinnfl_trondheim,1998K3,336.0
nettoinnfl_trondheim,1998K4,131.0
nettoinnfl_trondheim,1999K1,324.0
nettoinnfl_trondheim,1999K2,11.0
nettoinnfl_trondheim,1999K3,494.0
nettoinnfl_trondheim,1999K4,17.0
nettoinnfl_trondheim,2000K1,318.0
nettoinnfl_trondheim,2000K2,-149.0
nettoinnfl_trondheim,2000K3,272.0
nettoinnfl_trondheim,2000K4,4.0
nettoinnfl_trondheim,2001K1,133.0
nettoinnfl_trondheim,2001K2,20.0
nettoinnfl_trondheim,2001K3,53.0
nettoinnfl_trondheim,2001K4,150.0
nettoinnfl_trondheim,2002K1,412.0
nettoinnfl_trondheim,2002K2,-65.0
nettoinnfl_trondheim,2002K3,90.0
nettoinnfl_trondheim,2002K4,117.0
nettoinnfl_trondheim,2003K1,311.0
nettoinnfl_trondheim,2003K2,98.0
nettoinnfl_trondheim,2003K3,327.0
nettoinnfl_trondheim,2003K4,188.0
nettoinnfl_trondheim,2004K1,358.0
nettoinnfl_trondheim,2004K2,-167.0
nettoinnfl_trondheim,2004K3,401.0
nettoinnfl_trondheim,2004K4,292.0
nettoinnfl_trondheim,2005K1,375.0
nettoinnfl_trondheim,2005K2,138.0
nettoinnfl_trondheim,2005K3,438.0
nettoinnfl_trondheim,2005K4,610.0
nettoinnfl_trondheim,2006K1,665.0
nettoinnfl_trondheim,2006K2,208.0
nettoinnfl_trondheim,2006K3,690.0
nettoinnfl_trondheim,2006K4,612.0
nettoinnfl_trondheim,2007K1,699.0
nettoinnfl_trondheim,2007K2,137.0
nettoinnfl_trondheim,2007K3,891.0
nettoinnfl_trondheim,2007K4,737.0
nettoinnfl_trondheim,2008K1,801.0
nettoinnfl_trondheim,2008K2,69.0
nettoinnfl_trondheim,2008K3,640.0
nettoinnfl_trondheim,2008K4,311.0
nettoinnfl_trondheim,2009K1,513.0
nettoinnfl_trondheim,2009K2,-73.0
nettoinnfl_trondheim,2009K3,783.0
nettoinnfl_trondheim,2009K4,182.0
nettoinnfl_trondheim,2010K1,448.0
nettoinnfl_trondheim,2010K2,-277.0
nettoinnfl_trondheim,2010K3,1113.0
nettoinnfl_trondheim,2010K4,19.0
nettoinnfl_trondheim,2011K1,454.0
nettoinnfl_trondheim,2011K2,-172.0
nettoinnfl_trondheim,2011K3,1346.0
nettoinnfl_trondheim,2011K4,134.0
nettoinnfl_trondheim,2012K1,568.0
nettoinnfl_trondheim,2012K2,-272.0
nettoinnfl_trondheim,2012K3,1502.0
nettoinnfl_trondheim,2012K4,388.0
nettoinnfl_trondheim,2013K1,323.0
nettoinnfl_trondheim,2013K2,-573.0
nettoinnfl_trondheim,2013K3,1130.0
nettoinnfl_trondheim,2013K4,264.0
nettoinnfl_trondheim,2014K1,397.0
nettoinnfl_trondheim,2014K2,-314.0
nettoinnfl_trondheim,2014K3,1534.0
nettoinnfl_trondheim,2014K4,148.0
nettoinnfl_trondheim,2015K1,374.0
nettoinnfl_trondheim,2015K2,-495.0
nettoinnfl_trondheim,2015K3,1119.0
nettoinnfl_trondheim,2015K4,282.0
nettoinnfl_trondheim,2016K1,361.0
nettoinnfl_trondheim,2016K2,-325.0
nettoinnfl_trondheim,2016K3,1487.0
nettoinnfl_trondheim,2016K4,442.0
nettoinnfl_trondheim,2017K1,665.0
nettoinnfl_trondheim,2017K2,-474.0
nettoinnfl_trondheim,2017K3,1409.0
nettoinnfl_trondheim,2017K4,509.0
nettoinnfl_trondheim,2018K1,445.0
nettoinnfl_trondheim,2018K2,-359.0
nettoinnfl_trondheim,2018K3,1115.0
nettoinnfl_trondheim,2018K4,551.0
nettoinnfl_trondheim,2019K1,496.0
nettoinnfl_trondheim,2019K2,-224.0
nettoinnfl_trondheim,2019K3,969.0
nettoinnfl_trondheim,2019K4,641.0
nettoinnfl_trondheim,2020K1,476.0
nettoinnfl_trondheim,2020K2,-772.0
nettoinnfl_trondheim,2020K3,1406.0
nettoinnfl_trondheim,2020K4,360.0
nettoinnfl_trondheim,2021K1,481.0
nettoinnfl_trondheim,2021K2,-1237.0
nettoinnfl_trondheim,2021K3,2004.0
nettoinnfl_trondheim,2021K4,529.0
nettoinnfl_trondheim,2022K1,607.0
nettoinnfl_trondheim,2022K2,-392.0
nettoinnfl_trondheim,2022K3,788.0
nettoinnfl_trondheim,2022K4,553.0
nettoinnfl_trondheim,2023K1,634.0
nettoinnfl_trondheim,2023K2,-569.0
nettoinnfl_trondheim,2023K3,665.0
nettoinnfl_trondheim,2023K4,378.0
nettoinnfl_trondheim,2024K1,366.0
nettoinnfl_trondheim,2024K2,-349.0
nettoinnfl_trondheim,2024K3,598.0
nettoinnfl_trondheim,2024K4,499.0
nettoinnfl_trondheim,2025K1,172.0
nettoinnfl_trondheim,2025K2,-457.0
nettoinnfl_trondheim,2025K3,714.0
nettoinnfl_trondheim,2025K4,485.0
nettoinnfl_trondheim,2026K1,458.0
nettoinnfl_trondheim,2026K2,-712.0
nettoinnfl_stavanger,1997K4,156.0
nettoinnfl_stavanger,1998K1,181.0
nettoinnfl_stavanger,1998K2,-36.0
nettoinnfl_stavanger,1998K3,57.0
nettoinnfl_stavanger,1998K4,170.0
nettoinnfl_stavanger,1999K1,76.0
nettoinnfl_stavanger,1999K2,-73.0
nettoinnfl_stavanger,1999K3,30.0
nettoinnfl_stavanger,1999K4,50.0
nettoinnfl_stavanger,2000K1,-210.0
nettoinnfl_stavanger,2000K2,-167.0
nettoinnfl_stavanger,2000K3,-97.0
nettoinnfl_stavanger,2000K4,-229.0
nettoinnfl_stavanger,2001K1,-83.0
nettoinnfl_stavanger,2001K2,-17.0
nettoinnfl_stavanger,2001K3,241.0
nettoinnfl_stavanger,2001K4,52.0
nettoinnfl_stavanger,2002K1,233.0
nettoinnfl_stavanger,2002K2,135.0
nettoinnfl_stavanger,2002K3,134.0
nettoinnfl_stavanger,2002K4,181.0
nettoinnfl_stavanger,2003K1,135.0
nettoinnfl_stavanger,2003K2,19.0
nettoinnfl_stavanger,2003K3,248.0
nettoinnfl_stavanger,2003K4,220.0
nettoinnfl_stavanger,2004K1,233.0
nettoinnfl_stavanger,2004K2,63.0
nettoinnfl_stavanger,2004K3,294.0
nettoinnfl_stavanger,2004K4,218.0
nettoinnfl_stavanger,2005K1,181.0
nettoinnfl_stavanger,2005K2,4.0
nettoinnfl_stavanger,2005K3,112.0
nettoinnfl_stavanger,2005K4,38.0
nettoinnfl_stavanger,2006K1,158.0
nettoinnfl_stavanger,2006K2,265.0
nettoinnfl_stavanger,2006K3,354.0
nettoinnfl_stavanger,2006K4,387.0
nettoinnfl_stavanger,2007K1,360.0
nettoinnfl_stavanger,2007K2,293.0
nettoinnfl_stavanger,2007K3,515.0
nettoinnfl_stavanger,2007K4,197.0
nettoinnfl_stavanger,2008K1,503.0
nettoinnfl_stavanger,2008K2,228.0
nettoinnfl_stavanger,2008K3,248.0
nettoinnfl_stavanger,2008K4,127.0
nettoinnfl_stavanger,2009K1,352.0
nettoinnfl_stavanger,2009K2,179.0
nettoinnfl_stavanger,2009K3,401.0
nettoinnfl_stavanger,2009K4,320.0
nettoinnfl_stavanger,2010K1,467.0
nettoinnfl_stavanger,2010K2,94.0
nettoinnfl_stavanger,2010K3,448.0
nettoinnfl_stavanger,2010K4,149.0
nettoinnfl_stavanger,2011K1,212.0
nettoinnfl_stavanger,2011K2,-10.0
nettoinnfl_stavanger,2011K3,245.0
nettoinnfl_stavanger,2011K4,63.0
nettoinnfl_stavanger,2012K1,368.0
nettoinnfl_stavanger,2012K2,-187.0
nettoinnfl_stavanger,2012K3,467.0
nettoinnfl_stavanger,2012K4,149.0
nettoinnfl_stavanger,2013K1,209.0
nettoinnfl_stavanger,2013K2,-93.0
nettoinnfl_stavanger,2013K3,419.0
nettoinnfl_stavanger,2013K4,138.0
nettoinnfl_stavanger,2014K1,280.0
nettoinnfl_stavanger,2014K2,-127.0
nettoinnfl_stavanger,2014K3,350.0
nettoinnfl_stavanger,2014K4,-67.0
nettoinnfl_stavanger,2015K1,65.0
nettoinnfl_stavanger,2015K2,-293.0
nettoinnfl_stavanger,2015K3,28.0
nettoinnfl_stavanger,2015K4,-101.0
nettoinnfl_stavanger,2016K1,50.0
nettoinnfl_stavanger,2016K2,-212.0
nettoinnfl_stavanger,2016K3,57.0
nettoinnfl_stavanger,2016K4,-660.0
nettoinnfl_stavanger,2017K1,-62.0
nettoinnfl_stavanger,2017K2,-132.0
nettoinnfl_stavanger,2017K3,39.0
nettoinnfl_stavanger,2017K4,-266.0
nettoinnfl_stavanger,2018K1,14.0
nettoinnfl_stavanger,2018K2,-113.0
nettoinnfl_stavanger,2018K3,645.0
nettoinnfl_stavanger,2018K4,-386.0
nettoinnfl_stavanger,2019K1,85.0
nettoinnfl_stavanger,2019K2,-92.0
nettoinnfl_stavanger,2019K3,574.0
nettoinnfl_stavanger,2019K4,265.0
nettoinnfl_stavanger,2020K1,142.0
nettoinnfl_stavanger,2020K2,-342.0
nettoinnfl_stavanger,2020K3,90.0
nettoinnfl_stavanger,2020K4,73.0
nettoinnfl_stavanger,2021K1,-108.0
nettoinnfl_stavanger,2021K2,-464.0
nettoinnfl_stavanger,2021K3,293.0
nettoinnfl_stavanger,2021K4,76.0
nettoinnfl_stavanger,2022K1,73.0
nettoinnfl_stavanger,2022K2,131.0
nettoinnfl_stavanger,2022K3,298.0
nettoinnfl_stavanger,2022K4,438.0
nettoinnfl_stavanger,2023K1,168.0
nettoinnfl_stavanger,2023K2,383.0
nettoinnfl_stavanger,2023K3,1706.0
nettoinnfl_stavanger,2023K4,287.0
nettoinnfl_stavanger,2024K1,147.0
nettoinnfl_stavanger,2024K2,-10.0
nettoinnfl_stavanger,2024K3,309.0
nettoinnfl_stavanger,2024K4,46.0
nettoinnfl_stavanger,2025K1,408.0
nettoinnfl_stavanger,2025K2,-45.0
nettoinnfl_stavanger,2025K3,413.0
nettoinnfl_stavanger,2025K4,123.0
nettoinnfl_stavanger,2026K1,-3.0
nettoinnfl_stavanger,2026K2,-215.0
aku_ledighet,2006M01,4.2
aku_ledighet,2006M02,4.2
aku_ledighet,2006M03,3.9
aku_ledighet,2006M04,3.9
aku_ledighet,2006M05,3.8
aku_ledighet,2006M06,3.8
aku_ledighet,2006M07,3.4
aku_ledighet,2006M08,3.6
aku_ledighet,2006M09,3.3
aku_ledighet,2006M10,2.8
aku_ledighet,2006M11,3.1
aku_ledighet,2006M12,3.0
aku_ledighet,2007M01,3.0
aku_ledighet,2007M02,2.8
aku_ledighet,2007M03,2.8
aku_ledighet,2007M04,2.7
aku_ledighet,2007M05,2.6
aku_ledighet,2007M06,2.5
aku_ledighet,2007M07,2.9
aku_ledighet,2007M08,2.7
aku_ledighet,2007M09,2.4
aku_ledighet,2007M10,2.8
aku_ledighet,2007M11,2.6
aku_ledighet,2007M12,2.6
aku_ledighet,2008M01,2.8
aku_ledighet,2008M02,2.6
aku_ledighet,2008M03,2.6
aku_ledighet,2008M04,2.6
aku_ledighet,2008M05,2.7
aku_ledighet,2008M06,3.0
aku_ledighet,2008M07,3.0
aku_ledighet,2008M08,2.8
aku_ledighet,2008M09,3.2
aku_ledighet,2008M10,3.2
aku_ledighet,2008M11,3.1
aku_ledighet,2008M12,3.5
aku_ledighet,2009M01,3.2
aku_ledighet,2009M02,3.3
aku_ledighet,2009M03,3.2
aku_ledighet,2009M04,3.5
aku_ledighet,2009M05,3.5
aku_ledighet,2009M06,3.5
aku_ledighet,2009M07,3.3
aku_ledighet,2009M08,3.6
aku_ledighet,2009M09,3.4
aku_ledighet,2009M10,3.4
aku_ledighet,2009M11,3.9
aku_ledighet,2009M12,3.6
aku_ledighet,2010M01,3.8
aku_ledighet,2010M02,3.9
aku_ledighet,2010M03,4.4
aku_ledighet,2010M04,3.8
aku_ledighet,2010M05,4.0
aku_ledighet,2010M06,4.3
aku_ledighet,2010M07,3.7
aku_ledighet,2010M08,3.8
aku_ledighet,2010M09,4.0
aku_ledighet,2010M10,3.8
aku_ledighet,2010M11,3.6
aku_ledighet,2010M12,4.3
aku_ledighet,2011M01,3.2
aku_ledighet,2011M02,3.3
aku_ledighet,2011M03,3.6
aku_ledighet,2011M04,3.6
aku_ledighet,2011M05,3.5
aku_ledighet,2011M06,3.7
aku_ledighet,2011M07,3.4
aku_ledighet,2011M08,3.8
aku_ledighet,2011M09,3.5
aku_ledighet,2011M10,3.8
aku_ledighet,2011M11,3.6
aku_ledighet,2011M12,3.6
aku_ledighet,2012M01,3.8
aku_ledighet,2012M02,3.6
aku_ledighet,2012M03,2.7
aku_ledighet,2012M04,3.4
aku_ledighet,2012M05,3.5
aku_ledighet,2012M06,3.3
aku_ledighet,2012M07,3.4
aku_ledighet,2012M08,3.4
aku_ledighet,2012M09,3.3
aku_ledighet,2012M10,3.8
aku_ledighet,2012M11,3.6
aku_ledighet,2012M12,3.8
aku_ledighet,2013M01,3.7
aku_ledighet,2013M02,4.0
aku_ledighet,2013M03,3.8
aku_ledighet,2013M04,4.0
aku_ledighet,2013M05,4.0
aku_ledighet,2013M06,3.8
aku_ledighet,2013M07,3.6
aku_ledighet,2013M08,4.3
aku_ledighet,2013M09,3.9
aku_ledighet,2013M10,3.6
aku_ledighet,2013M11,4.0
aku_ledighet,2013M12,4.4
aku_ledighet,2014M01,4.0
aku_ledighet,2014M02,3.2
aku_ledighet,2014M03,3.8
aku_ledighet,2014M04,3.6
aku_ledighet,2014M05,3.4
aku_ledighet,2014M06,3.5
aku_ledighet,2014M07,4.1
aku_ledighet,2014M08,3.6
aku_ledighet,2014M09,4.1
aku_ledighet,2014M10,4.0
aku_ledighet,2014M11,4.0
aku_ledighet,2014M12,3.9
aku_ledighet,2015M01,4.3
aku_ledighet,2015M02,4.7
aku_ledighet,2015M03,4.5
aku_ledighet,2015M04,4.5
aku_ledighet,2015M05,4.4
aku_ledighet,2015M06,4.8
aku_ledighet,2015M07,5.2
aku_ledighet,2015M08,4.2
aku_ledighet,2015M09,4.8
aku_ledighet,2015M10,5.0
aku_ledighet,2015M11,4.5
aku_ledighet,2015M12,5.2
aku_ledighet,2016M01,4.9
aku_ledighet,2016M02,5.6
aku_ledighet,2016M03,4.8
aku_ledighet,2016M04,5.0
aku_ledighet,2016M05,5.1
aku_ledighet,2016M06,4.7
aku_ledighet,2016M07,4.9
aku_ledighet,2016M08,5.1
aku_ledighet,2016M09,4.7
aku_ledighet,2016M10,4.9
aku_ledighet,2016M11,4.9
aku_ledighet,2016M12,4.2
aku_ledighet,2017M01,4.1
aku_ledighet,2017M02,4.5
aku_ledighet,2017M03,4.7
aku_ledighet,2017M04,4.6
aku_ledighet,2017M05,4.7
aku_ledighet,2017M06,4.5
aku_ledighet,2017M07,4.2
aku_ledighet,2017M08,4.2
aku_ledighet,2017M09,4.2
aku_ledighet,2017M10,4.0
aku_ledighet,2017M11,4.1
aku_ledighet,2017M12,4.5
aku_ledighet,2018M01,4.0
aku_ledighet,2018M02,4.0
aku_ledighet,2018M03,4.2
aku_ledighet,2018M04,4.2
aku_ledighet,2018M05,3.6
aku_ledighet,2018M06,4.2
aku_ledighet,2018M07,4.1
aku_ledighet,2018M08,3.9
aku_ledighet,2018M09,4.4
aku_ledighet,2018M10,4.0
aku_ledighet,2018M11,3.9
aku_ledighet,2018M12,3.7
aku_ledighet,2019M01,4.0
aku_ledighet,2019M02,4.3
aku_ledighet,2019M03,3.6
aku_ledighet,2019M04,3.2
aku_ledighet,2019M05,3.5
aku_ledighet,2019M06,3.8
aku_ledighet,2019M07,3.9
aku_ledighet,2019M08,4.2
aku_ledighet,2019M09,3.6
aku_ledighet,2019M10,4.3
aku_ledighet,2019M11,4.1
aku_ledighet,2019M12,4.1
aku_ledighet,2020M01,4.1
aku_ledighet,2020M02,3.6
aku_ledighet,2020M03,3.4
aku_ledighet,2020M04,4.1
aku_ledighet,2020M05,4.9
aku_ledighet,2020M06,5.0
aku_ledighet,2020M07,6.0
aku_ledighet,2020M08,5.2
aku_ledighet,2020M09,5.2
aku_ledighet,2020M10,5.5
aku_ledighet,2020M11,5.3
aku_ledighet,2020M12,4.8
aku_ledighet,2021M01,5.1
aku_ledighet,2021M02,5.4
aku_ledighet,2021M03,4.3
aku_ledighet,2021M04,5.1
aku_ledighet,2021M05,5.5
aku_ledighet,2021M06,4.4
aku_ledighet,2021M07,5.1
aku_ledighet,2021M08,3.9
aku_ledighet,2021M09,3.7
aku_ledighet,2021M10,3.6
aku_ledighet,2021M11,4.0
aku_ledighet,2021M12,3.3
aku_ledighet,2022M01,3.2
aku_ledighet,2022M02,3.5
aku_ledighet,2022M03,3.0
aku_ledighet,2022M04,2.6
aku_ledighet,2022M05,3.8
aku_ledighet,2022M06,3.1
aku_ledighet,2022M07,2.9
aku_ledighet,2022M08,3.4
aku_ledighet,2022M09,3.4
aku_ledighet,2022M10,3.1
aku_ledighet,2022M11,3.3
aku_ledighet,2022M12,3.5
aku_ledighet,2023M01,3.6
aku_ledighet,2023M02,4.0
aku_ledighet,2023M03,3.5
aku_ledighet,2023M04,3.5
aku_ledighet,2023M05,3.1
aku_ledighet,2023M06,3.3
aku_ledighet,2023M07,3.8
aku_ledighet,2023M08,3.6
aku_ledighet,2023M09,3.4
aku_ledighet,2023M10,3.7
aku_ledighet,2023M11,3.9
aku_ledighet,2023M12,3.7
aku_ledighet,2024M01,4.5
aku_ledighet,2024M02,3.6
aku_ledighet,2024M03,3.8
aku_ledighet,2024M04,4.3
aku_ledighet,2024M05,4.0
aku_ledighet,2024M06,3.9
aku_ledighet,2024M07,4.0
aku_ledighet,2024M08,4.0
aku_ledighet,2024M09,4.0
aku_ledighet,2024M10,4.1
aku_ledighet,2024M11,3.8
aku_ledighet,2024M12,4.3
aku_ledighet,2025M01,3.8
aku_ledighet,2025M02,4.1
aku_ledighet,2025M03,4.3
aku_ledighet,2025M04,4.4
aku_ledighet,2025M05,4.6
aku_ledighet,2025M06,5.3
aku_ledighet,2025M07,4.5
aku_ledighet,2025M08,4.9
aku_ledighet,2025M09,4.7
aku_ledighet,2025M10,4.5
aku_ledighet,2025M11,4.6
aku_ledighet,2025M12,4.3
aku_ledighet,2026M01,4.6
aku_ledighet,2026M02,4.8
aku_ledighet,2026M03,4.8
aku_ledighet,2026M04,4.6
aku_ledighet,2026M05,4.5
aku_ledighet,2026M06,4.6
aku_ledighet,2026M07,4.2
aku_ledighet,2026M08,4.5
aku_sysselsatt_andel,2009M01,71.5
aku_sysselsatt_andel,2009M02,71.4
aku_sysselsatt_andel,2009M03,71.8
aku_sysselsatt_andel,2009M04,71.3
aku_sysselsatt_andel,2009M05,71.1
aku_sysselsatt_andel,2009M06,71.2
aku_sysselsatt_andel,2009M07,70.9
aku_sysselsatt_andel,2009M08,70.6
aku_sysselsatt_andel,2009M09,70.1
aku_sysselsatt_andel,2009M10,70.4
aku_sysselsatt_andel,2009M11,70.0
aku_sysselsatt_andel,2009M12,69.6
aku_sysselsatt_andel,2010M01,70.3
aku_sysselsatt_andel,2010M02,70.1
aku_sysselsatt_andel,2010M03,69.1
aku_sysselsatt_andel,2010M04,69.6
aku_sysselsatt_andel,2010M05,69.7
aku_sysselsatt_andel,2010M06,70.2
aku_sysselsatt_andel,2010M07,70.1
aku_sysselsatt_andel,2010M08,69.6
aku_sysselsatt_andel,2010M09,69.7
aku_sysselsatt_andel,2010M10,69.6
aku_sysselsatt_andel,2010M11,69.9
aku_sysselsatt_andel,2010M12,69.3
aku_sysselsatt_andel,2011M01,69.7
aku_sysselsatt_andel,2011M02,69.7
aku_sysselsatt_andel,2011M03,69.6
aku_sysselsatt_andel,2011M04,69.8
aku_sysselsatt_andel,2011M05,69.9
aku_sysselsatt_andel,2011M06,69.5
aku_sysselsatt_andel,2011M07,70.0
aku_sysselsatt_andel,2011M08,69.8
aku_sysselsatt_andel,2011M09,70.2
aku_sysselsatt_andel,2011M10,69.6
aku_sysselsatt_andel,2011M11,69.5
aku_sysselsatt_andel,2011M12,70.2
aku_sysselsatt_andel,2012M01,69.8
aku_sysselsatt_andel,2012M02,69.8
aku_sysselsatt_andel,2012M03,70.2
aku_sysselsatt_andel,2012M04,69.9
aku_sysselsatt_andel,2012M05,70.0
aku_sysselsatt_andel,2012M06,69.7
aku_sysselsatt_andel,2012M07,69.3
aku_sysselsatt_andel,2012M08,69.7
aku_sysselsatt_andel,2012M09,70.2
aku_sysselsatt_andel,2012M10,69.6
aku_sysselsatt_andel,2012M11,69.3
aku_sysselsatt_andel,2012M12,69.5
aku_sysselsatt_andel,2013M01,69.3
aku_sysselsatt_andel,2013M02,69.1
aku_sysselsatt_andel,2013M03,69.6
aku_sysselsatt_andel,2013M04,69.3
aku_sysselsatt_andel,2013M05,68.7
aku_sysselsatt_andel,2013M06,69.3
aku_sysselsatt_andel,2013M07,69.9
aku_sysselsatt_andel,2013M08,69.2
aku_sysselsatt_andel,2013M09,69.4
aku_sysselsatt_andel,2013M10,69.4
aku_sysselsatt_andel,2013M11,69.4
aku_sysselsatt_andel,2013M12,68.7
aku_sysselsatt_andel,2014M01,68.8
aku_sysselsatt_andel,2014M02,69.2
aku_sysselsatt_andel,2014M03,68.7
aku_sysselsatt_andel,2014M04,69.7
aku_sysselsatt_andel,2014M05,69.1
aku_sysselsatt_andel,2014M06,69.0
aku_sysselsatt_andel,2014M07,68.7
aku_sysselsatt_andel,2014M08,69.2
aku_sysselsatt_andel,2014M09,68.6
aku_sysselsatt_andel,2014M10,68.4
aku_sysselsatt_andel,2014M11,68.5
aku_sysselsatt_andel,2014M12,69.4
aku_sysselsatt_andel,2015M01,68.9
aku_sysselsatt_andel,2015M02,68.6
aku_sysselsatt_andel,2015M03,68.8
aku_sysselsatt_andel,2015M04,68.6
aku_sysselsatt_andel,2015M05,69.0
aku_sysselsatt_andel,2015M06,68.9
aku_sysselsatt_andel,2015M07,67.7
aku_sysselsatt_andel,2015M08,68.6
aku_sysselsatt_andel,2015M09,68.8
aku_sysselsatt_andel,2015M10,67.6
aku_sysselsatt_andel,2015M11,68.2
aku_sysselsatt_andel,2015M12,68.3
aku_sysselsatt_andel,2016M01,68.3
aku_sysselsatt_andel,2016M02,68.3
aku_sysselsatt_andel,2016M03,67.9
aku_sysselsatt_andel,2016M04,67.8
aku_sysselsatt_andel,2016M05,68.0
aku_sysselsatt_andel,2016M06,67.6
aku_sysselsatt_andel,2016M07,67.9
aku_sysselsatt_andel,2016M08,68.0
aku_sysselsatt_andel,2016M09,67.6
aku_sysselsatt_andel,2016M10,68.0
aku_sysselsatt_andel,2016M11,67.4
aku_sysselsatt_andel,2016M12,66.7
aku_sysselsatt_andel,2017M01,68.1
aku_sysselsatt_andel,2017M02,67.2
aku_sysselsatt_andel,2017M03,67.2
aku_sysselsatt_andel,2017M04,68.0
aku_sysselsatt_andel,2017M05,67.2
aku_sysselsatt_andel,2017M06,67.3
aku_sysselsatt_andel,2017M07,67.3
aku_sysselsatt_andel,2017M08,67.4
aku_sysselsatt_andel,2017M09,67.4
aku_sysselsatt_andel,2017M10,67.7
aku_sysselsatt_andel,2017M11,67.7
aku_sysselsatt_andel,2017M12,66.9
aku_sysselsatt_andel,2018M01,67.9
aku_sysselsatt_andel,2018M02,68.2
aku_sysselsatt_andel,2018M03,68.0
aku_sysselsatt_andel,2018M04,67.9
aku_sysselsatt_andel,2018M05,68.2
aku_sysselsatt_andel,2018M06,68.4
aku_sysselsatt_andel,2018M07,68.3
aku_sysselsatt_andel,2018M08,68.2
aku_sysselsatt_andel,2018M09,68.4
aku_sysselsatt_andel,2018M10,68.3
aku_sysselsatt_andel,2018M11,68.6
aku_sysselsatt_andel,2018M12,68.3
aku_sysselsatt_andel,2019M01,68.1
aku_sysselsatt_andel,2019M02,68.5
aku_sysselsatt_andel,2019M03,68.9
aku_sysselsatt_andel,2019M04,68.4
aku_sysselsatt_andel,2019M05,68.3
aku_sysselsatt_andel,2019M06,68.3
aku_sysselsatt_andel,2019M07,69.2
aku_sysselsatt_andel,2019M08,68.6
aku_sysselsatt_andel,2019M09,69.2
aku_sysselsatt_andel,2019M10,68.6
aku_sysselsatt_andel,2019M11,68.1
aku_sysselsatt_andel,2019M12,69.3
aku_sysselsatt_andel,2020M01,68.8
aku_sysselsatt_andel,2020M02,69.0
aku_sysselsatt_andel,2020M03,69.2
aku_sysselsatt_andel,2020M04,67.4
aku_sysselsatt_andel,2020M05,67.7
aku_sysselsatt_andel,2020M06,67.4
aku_sysselsatt_andel,2020M07,67.1
aku_sysselsatt_andel,2020M08,67.6
aku_sysselsatt_andel,2020M09,67.8
aku_sysselsatt_andel,2020M10,68.1
aku_sysselsatt_andel,2020M11,67.6
aku_sysselsatt_andel,2020M12,68.2
aku_sysselsatt_andel,2021M01,67.4
aku_sysselsatt_andel,2021M02,67.8
aku_sysselsatt_andel,2021M03,67.9
aku_sysselsatt_andel,2021M04,67.8
aku_sysselsatt_andel,2021M05,68.2
aku_sysselsatt_andel,2021M06,69.8
aku_sysselsatt_andel,2021M07,68.9
aku_sysselsatt_andel,2021M08,69.4
aku_sysselsatt_andel,2021M09,69.9
aku_sysselsatt_andel,2021M10,69.9
aku_sysselsatt_andel,2021M11,69.8
aku_sysselsatt_andel,2021M12,70.0
aku_sysselsatt_andel,2022M01,70.1
aku_sysselsatt_andel,2022M02,71.0
aku_sysselsatt_andel,2022M03,70.5
aku_sysselsatt_andel,2022M04,70.6
aku_sysselsatt_andel,2022M05,70.6
aku_sysselsatt_andel,2022M06,70.1
aku_sysselsatt_andel,2022M07,70.7
aku_sysselsatt_andel,2022M08,69.7
aku_sysselsatt_andel,2022M09,70.2
aku_sysselsatt_andel,2022M10,70.0
aku_sysselsatt_andel,2022M11,69.7
aku_sysselsatt_andel,2022M12,70.2
aku_sysselsatt_andel,2023M01,69.9
aku_sysselsatt_andel,2023M02,69.7
aku_sysselsatt_andel,2023M03,70.4
aku_sysselsatt_andel,2023M04,70.3
aku_sysselsatt_andel,2023M05,70.2
aku_sysselsatt_andel,2023M06,70.3
aku_sysselsatt_andel,2023M07,70.2
aku_sysselsatt_andel,2023M08,70.4
aku_sysselsatt_andel,2023M09,70.4
aku_sysselsatt_andel,2023M10,69.7
aku_sysselsatt_andel,2023M11,70.1
aku_sysselsatt_andel,2023M12,69.9
aku_sysselsatt_andel,2024M01,69.8
aku_sysselsatt_andel,2024M02,69.9
aku_sysselsatt_andel,2024M03,69.7
aku_sysselsatt_andel,2024M04,69.7
aku_sysselsatt_andel,2024M05,69.7
aku_sysselsatt_andel,2024M06,69.6
aku_sysselsatt_andel,2024M07,69.8
aku_sysselsatt_andel,2024M08,69.3
aku_sysselsatt_andel,2024M09,70.2
aku_sysselsatt_andel,2024M10,69.9
aku_sysselsatt_andel,2024M11,70.0
aku_sysselsatt_andel,2024M12,69.3
aku_sysselsatt_andel,2025M01,70.2
aku_sysselsatt_andel,2025M02,69.7
aku_sysselsatt_andel,2025M03,69.3
aku_sysselsatt_andel,2025M04,69.2
aku_sysselsatt_andel,2025M05,69.8
aku_sysselsatt_andel,2025M06,70.0
aku_sysselsatt_andel,2025M07,69.4
aku_sysselsatt_andel,2025M08,70.0
aku_sysselsatt_andel,2025M09,69.0
aku_sysselsatt_andel,2025M10,69.8
aku_sysselsatt_andel,2025M11,69.0
aku_sysselsatt_andel,2025M12,69.6
aku_sysselsatt_andel,2026M01,69.4
aku_sysselsatt_andel,2026M02,70.0
aku_sysselsatt_andel,2026M03,69.7
aku_sysselsatt_andel,2026M04,70.2
aku_sysselsatt_andel,2026M05,69.5
aku_sysselsatt_andel,2026M06,69.7
aku_sysselsatt_andel,2026M07,70.2
aku_sysselsatt_andel,2026M08,69.8
rente_ny_total,2013M12,3.98
rente_ny_total,2014M01,3.97
rente_ny_total,2014M02,3.97
rente_ny_total,2014M03,3.96
rente_ny_total,2014M04,3.87
rente_ny_total,2014M05,3.8
rente_ny_total,2014M06,3.78
rente_ny_total,2014M07,3.76
rente_ny_total,2014M08,3.76
rente_ny_total,2014M09,3.72
rente_ny_total,2014M10,3.58
rente_ny_total,2014M11,3.53
rente_ny_total,2014M12,3.48
rente_ny_total,2015M01,3.18
rente_ny_total,2015M02,3.01
rente_ny_total,2015M03,2.99
rente_ny_total,2015M04,3.01
rente_ny_total,2015M05,3.0
rente_ny_total,2015M06,2.97
rente_ny_total,2015M07,2.86
rente_ny_total,2015M08,2.82
rente_ny_total,2015M09,2.78
rente_ny_total,2015M10,2.6
rente_ny_total,2015M11,2.57
rente_ny_total,2015M12,2.53
rente_ny_total,2016M01,2.55
rente_ny_total,2016M02,2.5
rente_ny_total,2016M03,2.47
rente_ny_total,2016M04,2.39
rente_ny_total,2016M05,2.37
rente_ny_total,2016M06,2.37
rente_ny_total,2016M07,2.38
rente_ny_total,2016M08,2.35
rente_ny_total,2016M09,2.36
rente_ny_total,2016M10,2.39
rente_ny_total,2016M11,2.44
rente_ny_total,2016M12,2.46
rente_ny_total,2017M01,2.49
rente_ny_total,2017M02,2.5
rente_ny_total,2017M03,2.53
rente_ny_total,2017M04,2.53
rente_ny_total,2017M05,2.51
rente_ny_total,2017M06,2.51
rente_ny_total,2017M07,2.51
rente_ny_total,2017M08,2.5
rente_ny_total,2017M09,2.49
rente_ny_total,2017M10,2.45
rente_ny_total,2017M11,2.45
rente_ny_total,2017M12,2.42
rente_ny_total,2018M01,2.43
rente_ny_total,2018M02,2.44
rente_ny_total,2018M03,2.44
rente_ny_total,2018M04,2.42
rente_ny_total,2018M05,2.43
rente_ny_total,2018M06,2.43
rente_ny_total,2018M07,2.45
rente_ny_total,2018M08,2.43
rente_ny_total,2018M09,2.44
rente_ny_total,2018M10,2.55
rente_ny_total,2018M11,2.58
rente_ny_total,2018M12,2.55
rente_ny_total,2019M01,2.51
rente_ny_total,2019M02,2.5
rente_ny_total,2019M03,2.52
rente_ny_total,2019M04,2.65
rente_ny_total,2019M05,2.68
rente_ny_total,2019M06,2.72
rente_ny_total,2019M07,2.81
rente_ny_total,2019M08,2.87
rente_ny_total,2019M09,2.87
rente_ny_total,2019M10,2.97
rente_ny_total,2019M11,3.03
rente_ny_total,2019M12,3.04
rente_ny_total,2020M01,3.02
rente_ny_total,2020M02,3.03
rente_ny_total,2020M03,2.76
rente_ny_total,2020M04,2.23
rente_ny_total,2020M05,1.88
rente_ny_total,2020M06,1.8
rente_ny_total,2020M07,1.82
rente_ny_total,2020M08,1.82
rente_ny_total,2020M09,1.81
rente_ny_total,2020M10,1.81
rente_ny_total,2020M11,1.79
rente_ny_total,2020M12,1.77
rente_ny_total,2021M01,1.78
rente_ny_total,2021M02,1.77
rente_ny_total,2021M03,1.77
rente_ny_total,2021M04,1.77
rente_ny_total,2021M05,1.76
rente_ny_total,2021M06,1.75
rente_ny_total,2021M07,1.75
rente_ny_total,2021M08,1.74
rente_ny_total,2021M09,1.75
rente_ny_total,2021M10,1.86
rente_ny_total,2021M11,1.91
rente_ny_total,2021M12,1.93
rente_ny_total,2022M01,2.07
rente_ny_total,2022M02,2.12
rente_ny_total,2022M03,2.16
rente_ny_total,2022M04,2.31
rente_ny_total,2022M05,2.36
rente_ny_total,2022M06,2.4
rente_ny_total,2022M07,2.69
rente_ny_total,2022M08,2.89
rente_ny_total,2022M09,3.29
rente_ny_total,2022M10,3.66
rente_ny_total,2022M11,3.88
rente_ny_total,2022M12,3.99
rente_ny_total,2023M01,4.17
rente_ny_total,2023M02,4.19
rente_ny_total,2023M03,4.22
rente_ny_total,2023M04,4.38
rente_ny_total,2023M05,4.52
rente_ny_total,2023M06,4.69
rente_ny_total,2023M07,4.98
rente_ny_total,2023M08,5.19
rente_ny_total,2023M09,5.34
rente_ny_total,2023M10,5.46
rente_ny_total,2023M11,5.54
rente_ny_total,2023M12,5.56
rente_ny_total,2024M01,5.62
rente_ny_total,2024M02,5.66
rente_ny_total,2024M03,5.71
rente_ny_total,2024M04,5.74
rente_ny_total,2024M05,5.72
rente_ny_total,2024M06,5.72
rente_ny_total,2024M07,5.73
rente_ny_total,2024M08,5.69
rente_ny_total,2024M09,5.58
rente_ny_total,2024M10,5.53
rente_ny_total,2024M11,5.66
rente_ny_total,2024M12,5.66
rente_ny_total,2025M01,5.68
rente_ny_total,2025M02,5.66
rente_ny_total,2025M03,5.64
rente_ny_total,2025M04,5.63
rente_ny_total,2025M05,5.63
rente_ny_total,2025M06,5.57
rente_ny_total,2025M07,5.38
rente_ny_total,2025M08,5.38
rente_ny_total,2025M09,5.27
rente_ny_total,2025M10,5.1
rente_ny_total,2025M11,5.12
rente_ny_total,2025M12,5.09
rente_ny_total,2026M01,5.07
rente_ny_total,2026M02,5.07
rente_ny_total,2026M03,5.06
rente_ny_total,2026M04,5.07
rente_ny_total,2026M05,5.13
rente_ny_total,2026M06,5.23
rente_ny_total,2026M07,5.29
rente_ny_total,2026M08,5.32
rente_ny_flytende,2013M12,3.97
rente_ny_flytende,2014M01,3.96
rente_ny_flytende,2014M02,3.97
rente_ny_flytende,2014M03,3.95
rente_ny_flytende,2014M04,3.87
rente_ny_flytende,2014M05,3.8
rente_ny_flytende,2014M06,3.78
rente_ny_flytende,2014M07,3.76
rente_ny_flytende,2014M08,3.76
rente_ny_flytende,2014M09,3.73
rente_ny_flytende,2014M10,3.59
rente_ny_flytende,2014M11,3.54
rente_ny_flytende,2014M12,3.49
rente_ny_flytende,2015M01,3.22
rente_ny_flytende,2015M02,3.11
rente_ny_flytende,2015M03,3.08
rente_ny_flytende,2015M04,3.09
rente_ny_flytende,2015M05,3.07
rente_ny_flytende,2015M06,3.0
rente_ny_flytende,2015M07,2.87
rente_ny_flytende,2015M08,2.83
rente_ny_flytende,2015M09,2.78
rente_ny_flytende,2015M10,2.6
rente_ny_flytende,2015M11,2.57
rente_ny_flytende,2015M12,2.54
rente_ny_flytende,2016M01,2.55
rente_ny_flytende,2016M02,2.5
rente_ny_flytende,2016M03,2.48
rente_ny_flytende,2016M04,2.4
rente_ny_flytende,2016M05,2.37
rente_ny_flytende,2016M06,2.38
rente_ny_flytende,2016M07,2.38
rente_ny_flytende,2016M08,2.35
rente_ny_flytende,2016M09,2.36
rente_ny_flytende,2016M10,2.38
rente_ny_flytende,2016M11,2.43
rente_ny_flytende,2016M12,2.44
rente_ny_flytende,2017M01,2.47
rente_ny_flytende,2017M02,2.49
rente_ny_flytende,2017M03,2.52
rente_ny_flytende,2017M04,2.52
rente_ny_flytende,2017M05,2.51
rente_ny_flytende,2017M06,2.51
rente_ny_flytende,2017M07,2.51
rente_ny_flytende,2017M08,2.5
rente_ny_flytende,2017M09,2.49
rente_ny_flytende,2017M10,2.45
rente_ny_flytende,2017M11,2.45
rente_ny_flytende,2017M12,2.42
rente_ny_flytende,2018M01,2.42
rente_ny_flytende,2018M02,2.42
rente_ny_flytende,2018M03,2.41
rente_ny_flytende,2018M04,2.4
rente_ny_flytende,2018M05,2.42
rente_ny_flytende,2018M06,2.41
rente_ny_flytende,2018M07,2.44
rente_ny_flytende,2018M08,2.42
rente_ny_flytende,2018M09,2.42
rente_ny_flytende,2018M10,2.54
rente_ny_flytende,2018M11,2.57
rente_ny_flytende,2018M12,2.54
rente_ny_flytende,2019M01,2.5
rente_ny_flytende,2019M02,2.49
rente_ny_flytende,2019M03,2.52
rente_ny_flytende,2019M04,2.64
rente_ny_flytende,2019M05,2.68
rente_ny_flytende,2019M06,2.72
rente_ny_flytende,2019M07,2.81
rente_ny_flytende,2019M08,2.87
rente_ny_flytende,2019M09,2.88
rente_ny_flytende,2019M10,2.98
rente_ny_flytende,2019M11,3.04
rente_ny_flytende,2019M12,3.04
rente_ny_flytende,2020M01,3.03
rente_ny_flytende,2020M02,3.03
rente_ny_flytende,2020M03,2.77
rente_ny_flytende,2020M04,2.23
rente_ny_flytende,2020M05,1.88
rente_ny_flytende,2020M06,1.8
rente_ny_flytende,2020M07,1.81
rente_ny_flytende,2020M08,1.82
rente_ny_flytende,2020M09,1.81
rente_ny_flytende,2020M10,1.81
rente_ny_flytende,2020M11,1.79
rente_ny_flytende,2020M12,1.77
rente_ny_flytende,2021M01,1.77
rente_ny_flytende,2021M02,1.76
rente_ny_flytende,2021M03,1.76
rente_ny_flytende,2021M04,1.76
rente_ny_flytende,2021M05,1.75
rente_ny_flytende,2021M06,1.74
rente_ny_flytende,2021M07,1.74
rente_ny_flytende,2021M08,1.73
rente_ny_flytende,2021M09,1.73
rente_ny_flytende,2021M10,1.84
rente_ny_flytende,2021M11,1.9
rente_ny_flytende,2021M12,1.92
rente_ny_flytende,2022M01,2.06
rente_ny_flytende,2022M02,2.1
rente_ny_flytende,2022M03,2.12
rente_ny_flytende,2022M04,2.28
rente_ny_flytende,2022M05,2.35
rente_ny_flytende,2022M06,2.38
rente_ny_flytende,2022M07,2.67
rente_ny_flytende,2022M08,2.88
rente_ny_flytende,2022M09,3.27
rente_ny_flytende,2022M10,3.65
rente_ny_flytende,2022M11,3.87
rente_ny_flytende,2022M12,3.99
rente_ny_flytende,2023M01,4.17
rente_ny_flytende,2023M02,4.19
rente_ny_flytende,2023M03,4.22
rente_ny_flytende,2023M04,4.38
rente_ny_flytende,2023M05,4.52
rente_ny_flytende,2023M06,4.69
rente_ny_flytende,2023M07,4.98
rente_ny_flytende,2023M08,5.19
rente_ny_flytende,2023M09,5.33
rente_ny_flytende,2023M10,5.46
rente_ny_flytende,2023M11,5.54
rente_ny_flytende,2023M12,5.57
rente_ny_flytende,2024M01,5.64
rente_ny_flytende,2024M02,5.67
rente_ny_flytende,2024M03,5.72
rente_ny_flytende,2024M04,5.75
rente_ny_flytende,2024M05,5.73
rente_ny_flytende,2024M06,5.73
rente_ny_flytende,2024M07,5.75
rente_ny_flytende,2024M08,5.73
rente_ny_flytende,2024M09,5.7
rente_ny_flytende,2024M10,5.65
rente_ny_flytende,2024M11,5.68
rente_ny_flytende,2024M12,5.7
rente_ny_flytende,2025M01,5.68
rente_ny_flytende,2025M02,5.67
rente_ny_flytende,2025M03,5.65
rente_ny_flytende,2025M04,5.63
rente_ny_flytende,2025M05,5.63
rente_ny_flytende,2025M06,5.58
rente_ny_flytende,2025M07,5.39
rente_ny_flytende,2025M08,5.38
rente_ny_flytende,2025M09,5.27
rente_ny_flytende,2025M10,5.1
rente_ny_flytende,2025M11,5.12
rente_ny_flytende,2025M12,5.09
rente_ny_flytende,2026M01,5.07
rente_ny_flytende,2026M02,5.07
rente_ny_flytende,2026M03,5.06
rente_ny_flytende,2026M04,5.07
rente_ny_flytende,2026M05,5.13
rente_ny_flytende,2026M06,5.23
rente_ny_flytende,2026M07,5.29
rente_ny_flytende,2026M08,5.32
rente_utest_bolig,2008K4,6.99
rente_utest_bolig,2009K1,4.63
rente_utest_bolig,2009K2,3.73
rente_utest_bolig,2009K3,3.51
rente_utest_bolig,2009K4,3.56
rente_utest_bolig,2010K1,3.69
rente_utest_bolig,2010K2,3.78
rente_utest_bolig,2010K3,3.86
rente_utest_bolig,2010K4,3.82
rente_utest_bolig,2011K1,3.78
rente_utest_bolig,2011K2,3.77
rente_utest_bolig,2011K3,3.98
rente_utest_bolig,2011K4,4.18
rente_utest_bolig,2012K1,4.16
rente_utest_bolig,2012K2,3.98
rente_utest_bolig,2012K3,3.95
rente_utest_bolig,2012K4,3.93
rente_utest_bolig,2013K1,3.92
rente_utest_bolig,2013K2,4.12
rente_utest_bolig,2013K3,4.11
rente_utest_bolig,2013K4,4.07
rente_utest_bolig,2014K1,4.05
rente_utest_bolig,2014K2,3.91
rente_utest_bolig,2014K3,3.87
rente_utest_bolig,2014K4,3.67
rente_utest_bolig,2015K1,3.32
rente_utest_bolig,2015K2,3.25
rente_utest_bolig,2015K3,3.0
rente_utest_bolig,2015K4,2.75
rente_utest_bolig,2016K1,2.7
rente_utest_bolig,2016K2,2.57
rente_utest_bolig,2016K3,2.53
rente_utest_bolig,2016K4,2.53
rente_utest_bolig,2017K1,2.6
rente_utest_bolig,2017K2,2.58
rente_utest_bolig,2017K3,2.56
rente_utest_bolig,2017K4,2.53
rente_utest_bolig,2018K1,2.51
rente_utest_bolig,2018K2,2.49
rente_utest_bolig,2018K3,2.48
rente_utest_bolig,2018K4,2.64
rente_utest_bolig,2019K1,2.62
rente_utest_bolig,2019K2,2.79
rente_utest_bolig,2019K3,2.95
rente_utest_bolig,2019K4,3.13
rente_utest_bolig,2020K1,3.03
rente_utest_bolig,2020K2,2.02
rente_utest_bolig,2020K3,1.98
rente_utest_bolig,2020K4,1.94
rente_utest_bolig,2021K1,1.91
rente_utest_bolig,2021K2,1.87
rente_utest_bolig,2021K3,1.85
rente_utest_bolig,2021K4,2.04
rente_utest_bolig,2022K1,2.25
rente_utest_bolig,2022K2,2.45
rente_utest_bolig,2022K3,2.95
rente_utest_bolig,2022K4,4.03
rente_utest_bolig,2023K1,4.26
rente_utest_bolig,2023K2,4.69
rente_utest_bolig,2023K3,5.19
rente_utest_bolig,2023K4,5.61
rente_utest_bolig,2024K1,5.76
rente_utest_bolig,2024K2,5.75
rente_utest_bolig,2024K3,5.72
rente_utest_bolig,2024K4,5.69
rente_utest_bolig,2025K1,5.68
rente_utest_bolig,2025K2,5.65
rente_utest_bolig,2025K3,5.38
rente_utest_bolig,2025K4,5.13
rente_utest_bolig,2026K1,5.11
rente_utest_bolig,2026K2,5.12
rente_utest_total,2002K1,8.16
rente_utest_total,2002K2,8.13
rente_utest_total,2002K3,8.61
rente_utest_total,2002K4,8.58
rente_utest_total,2003K1,7.6
rente_utest_total,2003K2,6.75
rente_utest_total,2003K3,5.13
rente_utest_total,2003K4,4.67
rente_utest_total,2004K1,4.3
rente_utest_total,2004K2,4.1
rente_utest_total,2004K3,4.1
rente_utest_total,2004K4,4.01
rente_utest_total,2005K1,3.94
rente_utest_total,2005K2,3.83
rente_utest_total,2005K3,3.95
rente_utest_total,2005K4,4.02
rente_utest_total,2006K1,4.04
rente_utest_total,2006K2,4.21
rente_utest_total,2006K3,4.32
rente_utest_total,2006K4,4.6
rente_utest_total,2007K1,5.19
rente_utest_total,2007K2,5.49
rente_utest_total,2007K3,6.0
rente_utest_total,2007K4,6.55
rente_utest_total,2008K1,6.92
rente_utest_total,2008K2,7.25
rente_utest_total,2008K3,7.63
rente_utest_total,2008K4,7.28
rente_utest_total,2009K1,5.02
rente_utest_total,2009K2,4.16
rente_utest_total,2009K3,3.93
rente_utest_total,2009K4,3.98
rente_utest_total,2010K1,4.1
rente_utest_total,2010K2,4.19
rente_utest_total,2010K3,4.27
rente_utest_total,2010K4,4.24
rente_utest_total,2011K1,4.2
rente_utest_total,2011K2,4.18
rente_utest_total,2011K3,4.39
rente_utest_total,2011K4,4.59
rente_utest_total,2012K1,4.55
rente_utest_total,2012K2,4.37
rente_utest_total,2012K3,4.35
rente_utest_total,2012K4,4.36
rente_utest_total,2013K1,4.33
rente_utest_total,2013K2,4.52
rente_utest_total,2013K3,4.51
rente_utest_total,2013K4,4.48
rente_utest_total,2014K1,4.44
rente_utest_total,2014K2,4.3
rente_utest_total,2014K3,4.26
rente_utest_total,2014K4,4.07
rente_utest_total,2015K1,3.73
rente_utest_total,2015K2,3.65
rente_utest_total,2015K3,3.4
rente_utest_total,2015K4,3.17
rente_utest_total,2016K1,3.13
rente_utest_total,2016K2,2.98
rente_utest_total,2016K3,2.97
rente_utest_total,2016K4,2.97
rente_utest_total,2017K1,3.04
rente_utest_total,2017K2,3.03
rente_utest_total,2017K3,3.03
rente_utest_total,2017K4,3.0
rente_utest_total,2018K1,2.95
rente_utest_total,2018K2,2.9
rente_utest_total,2018K3,2.9
rente_utest_total,2018K4,3.06
rente_utest_total,2019K1,3.03
rente_utest_total,2019K2,3.19
rente_utest_total,2019K3,3.35
rente_utest_total,2019K4,3.49
rente_utest_total,2020K1,3.38
rente_utest_total,2020K2,2.4
rente_utest_total,2020K3,2.33
rente_utest_total,2020K4,2.28
rente_utest_total,2021K1,2.23
rente_utest_total,2021K2,2.17
rente_utest_total,2021K3,2.13
rente_utest_total,2021K4,2.32
rente_utest_total,2022K1,2.51
rente_utest_total,2022K2,2.7
rente_utest_total,2022K3,3.21
rente_utest_total,2022K4,4.25
rente_utest_total,2023K1,4.48
rente_utest_total,2023K2,4.89
rente_utest_total,2023K3,5.4
rente_utest_total,2023K4,5.8
rente_utest_total,2024K1,5.94
rente_utest_total,2024K2,5.93
rente_utest_total,2024K3,5.91
rente_utest_total,2024K4,5.87
rente_utest_total,2025K1,5.87
rente_utest_total,2025K2,5.83
rente_utest_total,2025K3,5.56
rente_utest_total,2025K4,5.3
rente_utest_total,2026K1,5.29
rente_utest_total,2026K2,5.29
igang_norge,2000K1,6088.0
igang_norge,2000K2,4362.0
igang_norge,2000K3,6044.0
igang_norge,2000K4,6952.0
igang_norge,2001K1,6904.0
igang_norge,2001K2,5594.0
igang_norge,2001K3,6440.0
igang_norge,2001K4,6393.0
igang_norge,2002K1,5945.0
igang_norge,2002K2,5049.0
igang_norge,2002K3,5565.0
igang_norge,2002K4,6137.0
igang_norge,2003K1,5937.0
igang_norge,2003K2,5026.0
igang_norge,2003K3,5416.0
igang_norge,2003K4,6565.0
igang_norge,2004K1,5865.0
igang_norge,2004K2,8044.0
igang_norge,2004K3,7008.0
igang_norge,2004K4,8913.0
igang_norge,2005K1,7359.0
igang_norge,2005K2,7552.0
igang_norge,2005K3,6582.0
igang_norge,2005K4,10115.0
igang_norge,2006K1,8542.0
igang_norge,2006K2,7577.0
igang_norge,2006K3,6687.0
igang_norge,2006K4,10545.0
igang_norge,2007K1,8341.0
igang_norge,2007K2,8307.0
igang_norge,2007K3,7115.0
igang_norge,2007K4,8916.0
igang_norge,2008K1,6505.0
igang_norge,2008K2,6447.0
igang_norge,2008K3,6127.0
igang_norge,2008K4,6838.0
igang_norge,2009K1,5540.0
igang_norge,2009K2,4351.0
igang_norge,2009K3,4351.0
igang_norge,2009K4,5478.0
igang_norge,2010K1,5497.0
igang_norge,2010K2,4331.0
igang_norge,2010K3,4859.0
igang_norge,2010K4,6554.0
igang_norge,2011K1,7819.0
igang_norge,2011K2,6644.0
igang_norge,2011K3,5888.0
igang_norge,2011K4,7384.0
igang_norge,2012K1,6791.0
igang_norge,2012K2,7439.0
igang_norge,2012K3,8107.0
igang_norge,2012K4,7802.0
igang_norge,2013K1,7897.0
igang_norge,2013K2,6911.0
igang_norge,2013K3,6988.0
igang_norge,2013K4,8491.0
igang_norge,2014K1,6160.0
igang_norge,2014K2,7575.0
igang_norge,2014K3,6179.0
igang_norge,2014K4,7242.0
igang_norge,2015K1,7238.0
igang_norge,2015K2,7831.0
igang_norge,2015K3,7148.0
igang_norge,2015K4,8890.0
igang_norge,2016K1,7637.0
igang_norge,2016K2,9784.0
igang_norge,2016K3,8774.0
igang_norge,2016K4,10330.0
igang_norge,2017K1,9174.0
igang_norge,2017K2,9510.0
igang_norge,2017K3,8434.0
igang_norge,2017K4,8132.0
igang_norge,2018K1,7330.0
igang_norge,2018K2,7055.0
igang_norge,2018K3,8104.0
igang_norge,2018K4,9023.0
igang_norge,2019K1,7673.0
igang_norge,2019K2,8756.0
igang_norge,2019K3,8427.0
igang_norge,2019K4,7031.0
igang_norge,2020K1,6812.0
igang_norge,2020K2,7431.0
igang_norge,2020K3,7170.0
igang_norge,2020K4,8538.0
igang_norge,2021K1,7243.0
igang_norge,2021K2,8373.0
igang_norge,2021K3,6352.0
igang_norge,2021K4,8248.0
igang_norge,2022K1,8049.0
igang_norge,2022K2,7423.0
igang_norge,2022K3,6543.0
igang_norge,2022K4,7805.0
igang_norge,2023K1,6065.0
igang_norge,2023K2,4778.0
igang_norge,2023K3,5410.0
igang_norge,2023K4,6578.0
igang_norge,2024K1,5553.0
igang_norge,2024K2,4407.0
igang_norge,2024K3,4805.0
igang_norge,2024K4,3993.0
igang_norge,2025K1,5809.0
igang_norge,2025K2,5121.0
igang_norge,2025K3,4212.0
igang_norge,2025K4,5109.0
igang_norge,2026K1,5138.0
igang_norge,2026K2,4604.0
igang_oslo,2000K1,464.0
igang_oslo,2000K2,298.0
igang_oslo,2000K3,368.0
igang_oslo,2000K4,343.0
igang_oslo,2001K1,586.0
igang_oslo,2001K2,533.0
igang_oslo,2001K3,944.0
igang_oslo,2001K4,739.0
igang_oslo,2002K1,522.0
igang_oslo,2002K2,455.0
igang_oslo,2002K3,681.0
igang_oslo,2002K4,305.0
igang_oslo,2003K1,616.0
igang_oslo,2003K2,345.0
igang_oslo,2003K3,787.0
igang_oslo,2003K4,814.0
igang_oslo,2004K1,720.0
igang_oslo,2004K2,2379.0
igang_oslo,2004K3,1534.0
igang_oslo,2004K4,1288.0
igang_oslo,2005K1,669.0
igang_oslo,2005K2,1374.0
igang_oslo,2005K3,558.0
igang_oslo,2005K4,1072.0
igang_oslo,2006K1,1664.0
igang_oslo,2006K2,1637.0
igang_oslo,2006K3,674.0
igang_oslo,2006K4,529.0
igang_oslo,2007K1,643.0
igang_oslo,2007K2,1202.0
igang_oslo,2007K3,691.0
igang_oslo,2007K4,527.0
igang_oslo,2008K1,431.0
igang_oslo,2008K2,385.0
igang_oslo,2008K3,899.0
igang_oslo,2008K4,993.0
igang_oslo,2009K1,600.0
igang_oslo,2009K2,97.0
igang_oslo,2009K3,256.0
igang_oslo,2009K4,236.0
igang_oslo,2010K1,213.0
igang_oslo,2010K2,226.0
igang_oslo,2010K3,333.0
igang_oslo,2010K4,825.0
igang_oslo,2011K1,1512.0
igang_oslo,2011K2,788.0
igang_oslo,2011K3,1283.0
igang_oslo,2011K4,921.0
igang_oslo,2012K1,730.0
igang_oslo,2012K2,784.0
igang_oslo,2012K3,1504.0
igang_oslo,2012K4,765.0
igang_oslo,2013K1,1559.0
igang_oslo,2013K2,341.0
igang_oslo,2013K3,705.0
igang_oslo,2013K4,1051.0
igang_oslo,2014K1,96.0
igang_oslo,2014K2,567.0
igang_oslo,2014K3,266.0
igang_oslo,2014K4,787.0
igang_oslo,2015K1,834.0
igang_oslo,2015K2,536.0
igang_oslo,2015K3,424.0
igang_oslo,2015K4,603.0
igang_oslo,2016K1,1013.0
igang_oslo,2016K2,1192.0
igang_oslo,2016K3,1296.0
igang_oslo,2016K4,1316.0
igang_oslo,2017K1,933.0
igang_oslo,2017K2,2057.0
igang_oslo,2017K3,1654.0
igang_oslo,2017K4,911.0
igang_oslo,2018K1,986.0
igang_oslo,2018K2,580.0
igang_oslo,2018K3,1080.0
igang_oslo,2018K4,593.0
igang_oslo,2019K1,846.0
igang_oslo,2019K2,685.0
igang_oslo,2019K3,643.0
igang_oslo,2019K4,483.0
igang_oslo,2020K1,686.0
igang_oslo,2020K2,366.0
igang_oslo,2020K3,740.0
igang_oslo,2020K4,999.0
igang_oslo,2021K1,637.0
igang_oslo,2021K2,524.0
igang_oslo,2021K3,807.0
igang_oslo,2021K4,932.0
igang_oslo,2022K1,424.0
igang_oslo,2022K2,231.0
igang_oslo,2022K3,386.0
igang_oslo,2022K4,684.0
igang_oslo,2023K1,955.0
igang_oslo,2023K2,110.0
igang_oslo,2023K3,750.0
igang_oslo,2023K4,664.0
igang_oslo,2024K1,646.0
igang_oslo,2024K2,174.0
igang_oslo,2024K3,1049.0
igang_oslo,2024K4,252.0
igang_oslo,2025K1,770.0
igang_oslo,2025K2,565.0
igang_oslo,2025K3,84.0
igang_oslo,2025K4,341.0
igang_oslo,2026K1,554.0
igang_oslo,2026K2,569.0
igang_baerum,2000K1,115.0
igang_baerum,2000K2,85.0
igang_baerum,2000K3,153.0
igang_baerum,2000K4,73.0
igang_baerum,2001K1,229.0
igang_baerum,2001K2,42.0
igang_baerum,2001K3,177.0
igang_baerum,2001K4,44.0
igang_baerum,2002K1,204.0
igang_baerum,2002K2,167.0
igang_baerum,2002K3,126.0
igang_baerum,2002K4,93.0
igang_baerum,2003K1,117.0
igang_baerum,2003K2,66.0
igang_baerum,2003K3,32.0
igang_baerum,2003K4,41.0
igang_baerum,2004K1,286.0
igang_baerum,2004K2,35.0
igang_baerum,2004K3,49.0
igang_baerum,2004K4,62.0
igang_baerum,2005K1,178.0
igang_baerum,2005K2,97.0
igang_baerum,2005K3,173.0
igang_baerum,2005K4,118.0
igang_baerum,2006K1,101.0
igang_baerum,2006K2,71.0
igang_baerum,2006K3,80.0
igang_baerum,2006K4,119.0
igang_baerum,2007K1,120.0
igang_baerum,2007K2,158.0
igang_baerum,2007K3,156.0
igang_baerum,2007K4,219.0
igang_baerum,2008K1,92.0
igang_baerum,2008K2,143.0
igang_baerum,2008K3,46.0
igang_baerum,2008K4,113.0
igang_baerum,2009K1,188.0
igang_baerum,2009K2,61.0
igang_baerum,2009K3,103.0
igang_baerum,2009K4,152.0
igang_baerum,2010K1,79.0
igang_baerum,2010K2,80.0
igang_baerum,2010K3,99.0
igang_baerum,2010K4,235.0
igang_baerum,2011K1,150.0
igang_baerum,2011K2,282.0
igang_baerum,2011K3,48.0
igang_baerum,2011K4,269.0
igang_baerum,2012K1,104.0
igang_baerum,2012K2,150.0
igang_baerum,2012K3,127.0
igang_baerum,2012K4,276.0
igang_baerum,2013K1,221.0
igang_baerum,2013K2,253.0
igang_baerum,2013K3,110.0
igang_baerum,2013K4,53.0
igang_baerum,2014K1,136.0
igang_baerum,2014K2,389.0
igang_baerum,2014K3,58.0
igang_baerum,2014K4,99.0
igang_baerum,2015K1,88.0
igang_baerum,2015K2,199.0
igang_baerum,2015K3,140.0
igang_baerum,2015K4,265.0
igang_baerum,2016K1,136.0
igang_baerum,2016K2,464.0
igang_baerum,2016K3,130.0
igang_baerum,2016K4,458.0
igang_baerum,2017K1,115.0
igang_baerum,2017K2,61.0
igang_baerum,2017K3,47.0
igang_baerum,2017K4,168.0
igang_baerum,2018K1,163.0
igang_baerum,2018K2,130.0
igang_baerum,2018K3,289.0
igang_baerum,2018K4,74.0
igang_baerum,2019K1,203.0
igang_baerum,2019K2,217.0
igang_baerum,2019K3,177.0
igang_baerum,2019K4,117.0
igang_baerum,2020K1,165.0
igang_baerum,2020K2,55.0
igang_baerum,2020K3,75.0
igang_baerum,2020K4,40.0
igang_baerum,2021K1,23.0
igang_baerum,2021K2,31.0
igang_baerum,2021K3,86.0
igang_baerum,2021K4,58.0
igang_baerum,2022K1,125.0
igang_baerum,2022K2,35.0
igang_baerum,2022K3,305.0
igang_baerum,2022K4,169.0
igang_baerum,2023K1,174.0
igang_baerum,2023K2,58.0
igang_baerum,2023K3,133.0
igang_baerum,2023K4,9.0
igang_baerum,2024K1,26.0
igang_baerum,2024K2,252.0
igang_baerum,2024K3,60.0
igang_baerum,2024K4,161.0
igang_baerum,2025K1,214.0
igang_baerum,2025K2,213.0
igang_baerum,2025K3,68.0
igang_baerum,2025K4,21.0
igang_baerum,2026K1,37.0
igang_baerum,2026K2,187.0
igang_bergen,2000K1,292.0
igang_bergen,2000K2,159.0
igang_bergen,2000K3,214.0
igang_bergen,2000K4,224.0
igang_bergen,2001K1,461.0
igang_bergen,2001K2,134.0
igang_bergen,2001K3,159.0
igang_bergen,2001K4,538.0
igang_bergen,2002K1,319.0
igang_bergen,2002K2,128.0
igang_bergen,2002K3,201.0
igang_bergen,2002K4,178.0
igang_bergen,2003K1,168.0
igang_bergen,2003K2,169.0
igang_bergen,2003K3,51.0
igang_bergen,2003K4,558.0
igang_bergen,2004K1,194.0
igang_bergen,2004K2,228.0
igang_bergen,2004K3,411.0
igang_bergen,2004K4,464.0
igang_bergen,2005K1,542.0
igang_bergen,2005K2,346.0
igang_bergen,2005K3,439.0
igang_bergen,2005K4,632.0
igang_bergen,2006K1,292.0
igang_bergen,2006K2,444.0
igang_bergen,2006K3,344.0
igang_bergen,2006K4,696.0
igang_bergen,2007K1,404.0
igang_bergen,2007K2,544.0
igang_bergen,2007K3,302.0
igang_bergen,2007K4,227.0
igang_bergen,2008K1,497.0
igang_bergen,2008K2,191.0
igang_bergen,2008K3,360.0
igang_bergen,2008K4,123.0
igang_bergen,2009K1,167.0
igang_bergen,2009K2,209.0
igang_bergen,2009K3,160.0
igang_bergen,2009K4,204.0
igang_bergen,2010K1,448.0
igang_bergen,2010K2,442.0
igang_bergen,2010K3,854.0
igang_bergen,2010K4,410.0
igang_bergen,2011K1,451.0
igang_bergen,2011K2,272.0
igang_bergen,2011K3,180.0
igang_bergen,2011K4,370.0
igang_bergen,2012K1,460.0
igang_bergen,2012K2,215.0
igang_bergen,2012K3,349.0
igang_bergen,2012K4,290.0
igang_bergen,2013K1,185.0
igang_bergen,2013K2,98.0
igang_bergen,2013K3,291.0
igang_bergen,2013K4,320.0
igang_bergen,2014K1,134.0
igang_bergen,2014K2,310.0
igang_bergen,2014K3,397.0
igang_bergen,2014K4,350.0
igang_bergen,2015K1,201.0
igang_bergen,2015K2,431.0
igang_bergen,2015K3,316.0
igang_bergen,2015K4,297.0
igang_bergen,2016K1,410.0
igang_bergen,2016K2,496.0
igang_bergen,2016K3,836.0
igang_bergen,2016K4,334.0
igang_bergen,2017K1,520.0
igang_bergen,2017K2,579.0
igang_bergen,2017K3,129.0
igang_bergen,2017K4,449.0
igang_bergen,2018K1,176.0
igang_bergen,2018K2,160.0
igang_bergen,2018K3,566.0
igang_bergen,2018K4,446.0
igang_bergen,2019K1,607.0
igang_bergen,2019K2,334.0
igang_bergen,2019K3,681.0
igang_bergen,2019K4,287.0
igang_bergen,2020K1,282.0
igang_bergen,2020K2,233.0
igang_bergen,2020K3,248.0
igang_bergen,2020K4,186.0
igang_bergen,2021K1,227.0
igang_bergen,2021K2,448.0
igang_bergen,2021K3,178.0
igang_bergen,2021K4,282.0
igang_bergen,2022K1,500.0
igang_bergen,2022K2,180.0
igang_bergen,2022K3,192.0
igang_bergen,2022K4,64.0
igang_bergen,2023K1,232.0
igang_bergen,2023K2,304.0
igang_bergen,2023K3,194.0
igang_bergen,2023K4,73.0
igang_bergen,2024K1,82.0
igang_bergen,2024K2,78.0
igang_bergen,2024K3,68.0
igang_bergen,2024K4,170.0
igang_bergen,2025K1,221.0
igang_bergen,2025K2,204.0
igang_bergen,2025K3,313.0
igang_bergen,2025K4,369.0
igang_bergen,2026K1,327.0
igang_bergen,2026K2,162.0
igang_trondheim,2000K1,91.0
igang_trondheim,2000K2,81.0
igang_trondheim,2000K3,128.0
igang_trondheim,2000K4,398.0
igang_trondheim,2001K1,268.0
igang_trondheim,2001K2,127.0
igang_trondheim,2001K3,281.0
igang_trondheim,2001K4,141.0
igang_trondheim,2002K1,319.0
igang_trondheim,2002K2,149.0
igang_trondheim,2002K3,370.0
igang_trondheim,2002K4,448.0
igang_trondheim,2003K1,187.0
igang_trondheim,2003K2,424.0
igang_trondheim,2003K3,385.0
igang_trondheim,2003K4,358.0
igang_trondheim,2004K1,267.0
igang_trondheim,2004K2,688.0
igang_trondheim,2004K3,304.0
igang_trondheim,2004K4,735.0
igang_trondheim,2005K1,214.0
igang_trondheim,2005K2,424.0
igang_trondheim,2005K3,229.0
igang_trondheim,2005K4,723.0
igang_trondheim,2006K1,480.0
igang_trondheim,2006K2,451.0
igang_trondheim,2006K3,358.0
igang_trondheim,2006K4,292.0
igang_trondheim,2007K1,368.0
igang_trondheim,2007K2,199.0
igang_trondheim,2007K3,54.0
igang_trondheim,2007K4,288.0
igang_trondheim,2008K1,161.0
igang_trondheim,2008K2,91.0
igang_trondheim,2008K3,98.0
igang_trondheim,2008K4,52.0
igang_trondheim,2009K1,75.0
igang_trondheim,2009K2,23.0
igang_trondheim,2009K3,81.0
igang_trondheim,2009K4,233.0
igang_trondheim,2010K1,481.0
igang_trondheim,2010K2,145.0
igang_trondheim,2010K3,83.0
igang_trondheim,2010K4,119.0
igang_trondheim,2011K1,365.0
igang_trondheim,2011K2,303.0
igang_trondheim,2011K3,39.0
igang_trondheim,2011K4,22.0
igang_trondheim,2012K1,901.0
igang_trondheim,2012K2,440.0
igang_trondheim,2012K3,602.0
igang_trondheim,2012K4,189.0
igang_trondheim,2013K1,482.0
igang_trondheim,2013K2,330.0
igang_trondheim,2013K3,324.0
igang_trondheim,2013K4,223.0
igang_trondheim,2014K1,466.0
igang_trondheim,2014K2,500.0
igang_trondheim,2014K3,546.0
igang_trondheim,2014K4,273.0
igang_trondheim,2015K1,879.0
igang_trondheim,2015K2,849.0
igang_trondheim,2015K3,474.0
igang_trondheim,2015K4,301.0
igang_trondheim,2016K1,581.0
igang_trondheim,2016K2,338.0
igang_trondheim,2016K3,415.0
igang_trondheim,2016K4,753.0
igang_trondheim,2017K1,261.0
igang_trondheim,2017K2,502.0
igang_trondheim,2017K3,260.0
igang_trondheim,2017K4,314.0
igang_trondheim,2018K1,616.0
igang_trondheim,2018K2,738.0
igang_trondheim,2018K3,444.0
igang_trondheim,2018K4,388.0
igang_trondheim,2019K1,261.0
igang_trondheim,2019K2,574.0
igang_trondheim,2019K3,781.0
igang_trondheim,2019K4,203.0
igang_trondheim,2020K1,236.0
igang_trondheim,2020K2,487.0
igang_trondheim,2020K3,541.0
igang_trondheim,2020K4,541.0
igang_trondheim,2021K1,467.0
igang_trondheim,2021K2,411.0
igang_trondheim,2021K3,376.0
igang_trondheim,2021K4,213.0
igang_trondheim,2022K1,784.0
igang_trondheim,2022K2,580.0
igang_trondheim,2022K3,147.0
igang_trondheim,2022K4,427.0
igang_trondheim,2023K1,345.0
igang_trondheim,2023K2,304.0
igang_trondheim,2023K3,411.0
igang_trondheim,2023K4,1085.0
igang_trondheim,2024K1,254.0
igang_trondheim,2024K2,552.0
igang_trondheim,2024K3,197.0
igang_trondheim,2024K4,382.0
igang_trondheim,2025K1,403.0
igang_trondheim,2025K2,757.0
igang_trondheim,2025K3,170.0
igang_trondheim,2025K4,543.0
igang_trondheim,2026K1,300.0
igang_trondheim,2026K2,203.0
igang_stavanger,2000K1,429.0
igang_stavanger,2000K2,62.0
igang_stavanger,2000K3,99.0
igang_stavanger,2000K4,318.0
igang_stavanger,2001K1,81.0
igang_stavanger,2001K2,180.0
igang_stavanger,2001K3,33.0
igang_stavanger,2001K4,350.0
igang_stavanger,2002K1,284.0
igang_stavanger,2002K2,513.0
igang_stavanger,2002K3,145.0
igang_stavanger,2002K4,245.0
igang_stavanger,2003K1,305.0
igang_stavanger,2003K2,126.0
igang_stavanger,2003K3,43.0
igang_stavanger,2003K4,351.0
igang_stavanger,2004K1,207.0
igang_stavanger,2004K2,225.0
igang_stavanger,2004K3,126.0
igang_stavanger,2004K4,165.0
igang_stavanger,2005K1,198.0
igang_stavanger,2005K2,231.0
igang_stavanger,2005K3,400.0
igang_stavanger,2005K4,365.0
igang_stavanger,2006K1,414.0
igang_stavanger,2006K2,353.0
igang_stavanger,2006K3,307.0
igang_stavanger,2006K4,340.0
igang_stavanger,2007K1,388.0
igang_stavanger,2007K2,262.0
igang_stavanger,2007K3,390.0
igang_stavanger,2007K4,96.0
igang_stavanger,2008K1,72.0
igang_stavanger,2008K2,283.0
igang_stavanger,2008K3,68.0
igang_stavanger,2008K4,467.0
igang_stavanger,2009K1,199.0
igang_stavanger,2009K2,119.0
igang_stavanger,2009K3,127.0
igang_stavanger,2009K4,210.0
igang_stavanger,2010K1,107.0
igang_stavanger,2010K2,161.0
igang_stavanger,2010K3,61.0
igang_stavanger,2010K4,463.0
igang_stavanger,2011K1,185.0
igang_stavanger,2011K2,373.0
igang_stavanger,2011K3,115.0
igang_stavanger,2011K4,253.0
igang_stavanger,2012K1,276.0
igang_stavanger,2012K2,315.0
igang_stavanger,2012K3,196.0
igang_stavanger,2012K4,304.0
igang_stavanger,2013K1,244.0
igang_stavanger,2013K2,244.0
igang_stavanger,2013K3,178.0
igang_stavanger,2013K4,155.0
igang_stavanger,2014K1,351.0
igang_stavanger,2014K2,69.0
igang_stavanger,2014K3,45.0
igang_stavanger,2014K4,137.0
igang_stavanger,2015K1,95.0
igang_stavanger,2015K2,108.0
igang_stavanger,2015K3,90.0
igang_stavanger,2015K4,139.0
igang_stavanger,2016K1,117.0
igang_stavanger,2016K2,53.0
igang_stavanger,2016K3,161.0
igang_stavanger,2016K4,57.0
igang_stavanger,2017K1,53.0
igang_stavanger,2017K2,173.0
igang_stavanger,2017K3,84.0
igang_stavanger,2017K4,117.0
igang_stavanger,2018K1,103.0
igang_stavanger,2018K2,108.0
igang_stavanger,2018K3,153.0
igang_stavanger,2018K4,160.0
igang_stavanger,2019K1,46.0
igang_stavanger,2019K2,159.0
igang_stavanger,2019K3,256.0
igang_stavanger,2019K4,126.0
igang_stavanger,2020K1,106.0
igang_stavanger,2020K2,111.0
igang_stavanger,2020K3,241.0
igang_stavanger,2020K4,78.0
igang_stavanger,2021K1,201.0
igang_stavanger,2021K2,230.0
igang_stavanger,2021K3,67.0
igang_stavanger,2021K4,302.0
igang_stavanger,2022K1,95.0
igang_stavanger,2022K2,370.0
igang_stavanger,2022K3,153.0
igang_stavanger,2022K4,179.0
igang_stavanger,2023K1,244.0
igang_stavanger,2023K2,53.0
igang_stavanger,2023K3,107.0
igang_stavanger,2023K4,146.0
igang_stavanger,2024K1,76.0
igang_stavanger,2024K2,217.0
igang_stavanger,2024K3,87.0
igang_stavanger,2024K4,222.0
igang_stavanger,2025K1,326.0
igang_stavanger,2025K2,493.0
igang_stavanger,2025K3,237.0
igang_stavanger,2025K4,219.0
igang_stavanger,2026K1,165.0
igang_stavanger,2026K2,296.0
fullf_norge,2000K1,5358.0
fullf_norge,2000K2,3658.0
fullf_norge,2000K3,4486.0
fullf_norge,2000K4,5907.0
fullf_norge,2001K1,6956.0
fullf_norge,2001K2,4468.0
fullf_norge,2001K3,5889.0
fullf_norge,2001K4,6089.0
fullf_norge,2002K1,5837.0
fullf_norge,2002K2,4470.0
fullf_norge,2002K3,5019.0
fullf_norge,2002K4,6021.0
fullf_norge,2003K1,5576.0
fullf_norge,2003K2,4696.0
fullf_norge,2003K3,4623.0
fullf_norge,2003K4,6437.0
fullf_norge,2004K1,5617.0
fullf_norge,2004K2,5534.0
fullf_norge,2004K3,5607.0
fullf_norge,2004K4,6788.0
fullf_norge,2005K1,6731.0
fullf_norge,2005K2,6926.0
fullf_norge,2005K3,6761.0
fullf_norge,2005K4,9126.0
fullf_norge,2006K1,7435.0
fullf_norge,2006K2,6521.0
fullf_norge,2006K3,5261.0
fullf_norge,2006K4,9158.0
fullf_norge,2007K1,8015.0
fullf_norge,2007K2,6730.0
fullf_norge,2007K3,6862.0
fullf_norge,2007K4,9525.0
fullf_norge,2008K1,6842.0
fullf_norge,2008K2,7396.0
fullf_norge,2008K3,6806.0
fullf_norge,2008K4,7596.0
fullf_norge,2009K1,7645.0
fullf_norge,2009K2,4939.0
fullf_norge,2009K3,3902.0
fullf_norge,2009K4,5223.0
fullf_norge,2010K1,4757.0
fullf_norge,2010K2,3699.0
fullf_norge,2010K3,3957.0
fullf_norge,2010K4,5613.0
fullf_norge,2011K1,5153.0
fullf_norge,2011K2,3863.0
fullf_norge,2011K3,4597.0
fullf_norge,2011K4,6433.0
fullf_norge,2012K1,5246.0
fullf_norge,2012K2,6110.0
fullf_norge,2012K3,7289.0
fullf_norge,2012K4,7634.0
fullf_norge,2013K1,6324.0
fullf_norge,2013K2,6572.0
fullf_norge,2013K3,6912.0
fullf_norge,2013K4,8667.0
fullf_norge,2014K1,6356.0
fullf_norge,2014K2,7420.0
fullf_norge,2014K3,6191.0
fullf_norge,2014K4,8113.0
fullf_norge,2015K1,6519.0
fullf_norge,2015K2,7972.0
fullf_norge,2015K3,5968.0
fullf_norge,2015K4,7801.0
fullf_norge,2016K1,6344.0
fullf_norge,2016K2,7918.0
fullf_norge,2016K3,6407.0
fullf_norge,2016K4,8623.0
fullf_norge,2017K1,6526.0
fullf_norge,2017K2,9028.0
fullf_norge,2017K3,6935.0
fullf_norge,2017K4,8979.0
fullf_norge,2018K1,6770.0
fullf_norge,2018K2,8183.0
fullf_norge,2018K3,8118.0
fullf_norge,2018K4,9757.0
fullf_norge,2019K1,7036.0
fullf_norge,2019K2,8561.0
fullf_norge,2019K3,6862.0
fullf_norge,2019K4,7930.0
fullf_norge,2020K1,6682.0
fullf_norge,2020K2,6584.0
fullf_norge,2020K3,7550.0
fullf_norge,2020K4,8457.0
fullf_norge,2021K1,6570.0
fullf_norge,2021K2,7154.0
fullf_norge,2021K3,6787.0
fullf_norge,2021K4,7895.0
fullf_norge,2022K1,6155.0
fullf_norge,2022K2,7101.0
fullf_norge,2022K3,6793.0
fullf_norge,2022K4,7965.0
fullf_norge,2023K1,7551.0
fullf_norge,2023K2,7148.0
fullf_norge,2023K3,5826.0
fullf_norge,2023K4,7457.0
fullf_norge,2024K1,5734.0
fullf_norge,2024K2,6523.0
fullf_norge,2024K3,5458.0
fullf_norge,2024K4,6268.0
fullf_norge,2025K1,5367.0
fullf_norge,2025K2,4985.0
fullf_norge,2025K3,4428.0
fullf_norge,2025K4,4751.0
fullf_norge,2026K1,4098.0
fullf_norge,2026K2,4759.0
fullf_oslo,2000K1,185.0
fullf_oslo,2000K2,231.0
fullf_oslo,2000K3,172.0
fullf_oslo,2000K4,471.0
fullf_oslo,2001K1,150.0
fullf_oslo,2001K2,103.0
fullf_oslo,2001K3,222.0
fullf_oslo,2001K4,348.0
fullf_oslo,2002K1,532.0
fullf_oslo,2002K2,143.0
fullf_oslo,2002K3,392.0
fullf_oslo,2002K4,339.0
fullf_oslo,2003K1,418.0
fullf_oslo,2003K2,550.0
fullf_oslo,2003K3,412.0
fullf_oslo,2003K4,170.0
fullf_oslo,2004K1,287.0
fullf_oslo,2004K2,678.0
fullf_oslo,2004K3,1901.0
fullf_oslo,2004K4,708.0
fullf_oslo,2005K1,1049.0
fullf_oslo,2005K2,1104.0
fullf_oslo,2005K3,1298.0
fullf_oslo,2005K4,598.0
fullf_oslo,2006K1,1339.0
fullf_oslo,2006K2,1035.0
fullf_oslo,2006K3,483.0
fullf_oslo,2006K4,1107.0
fullf_oslo,2007K1,1039.0
fullf_oslo,2007K2,455.0
fullf_oslo,2007K3,847.0
fullf_oslo,2007K4,1420.0
fullf_oslo,2008K1,832.0
fullf_oslo,2008K2,842.0
fullf_oslo,2008K3,303.0
fullf_oslo,2008K4,580.0
fullf_oslo,2009K1,1716.0
fullf_oslo,2009K2,466.0
fullf_oslo,2009K3,648.0
fullf_oslo,2009K4,639.0
fullf_oslo,2010K1,385.0
fullf_oslo,2010K2,565.0
fullf_oslo,2010K3,400.0
fullf_oslo,2010K4,900.0
fullf_oslo,2011K1,450.0
fullf_oslo,2011K2,128.0
fullf_oslo,2011K3,324.0
fullf_oslo,2011K4,460.0
fullf_oslo,2012K1,331.0
fullf_oslo,2012K2,291.0
fullf_oslo,2012K3,1960.0
fullf_oslo,2012K4,1391.0
fullf_oslo,2013K1,878.0
fullf_oslo,2013K2,767.0
fullf_oslo,2013K3,349.0
fullf_oslo,2013K4,1335.0
fullf_oslo,2014K1,848.0
fullf_oslo,2014K2,746.0
fullf_oslo,2014K3,720.0
fullf_oslo,2014K4,1040.0
fullf_oslo,2015K1,350.0
fullf_oslo,2015K2,687.0
fullf_oslo,2015K3,494.0
fullf_oslo,2015K4,553.0
fullf_oslo,2016K1,457.0
fullf_oslo,2016K2,781.0
fullf_oslo,2016K3,400.0
fullf_oslo,2016K4,806.0
fullf_oslo,2017K1,608.0
fullf_oslo,2017K2,1180.0
fullf_oslo,2017K3,110.0
fullf_oslo,2017K4,789.0
fullf_oslo,2018K1,803.0
fullf_oslo,2018K2,478.0
fullf_oslo,2018K3,1659.0
fullf_oslo,2018K4,1301.0
fullf_oslo,2019K1,610.0
fullf_oslo,2019K2,1868.0
fullf_oslo,2019K3,1043.0
fullf_oslo,2019K4,1329.0
fullf_oslo,2020K1,708.0
fullf_oslo,2020K2,505.0
fullf_oslo,2020K3,700.0
fullf_oslo,2020K4,1051.0
fullf_oslo,2021K1,767.0
fullf_oslo,2021K2,674.0
fullf_oslo,2021K3,920.0
fullf_oslo,2021K4,259.0
fullf_oslo,2022K1,450.0
fullf_oslo,2022K2,738.0
fullf_oslo,2022K3,233.0
fullf_oslo,2022K4,538.0
fullf_oslo,2023K1,1103.0
fullf_oslo,2023K2,426.0
fullf_oslo,2023K3,724.0
fullf_oslo,2023K4,987.0
fullf_oslo,2024K1,476.0
fullf_oslo,2024K2,697.0
fullf_oslo,2024K3,1080.0
fullf_oslo,2024K4,823.0
fullf_oslo,2025K1,518.0
fullf_oslo,2025K2,371.0
fullf_oslo,2025K3,783.0
fullf_oslo,2025K4,450.0
fullf_oslo,2026K1,400.0
fullf_oslo,2026K2,299.0
fullf_baerum,2000K1,40.0
fullf_baerum,2000K2,40.0
fullf_baerum,2000K3,105.0
fullf_baerum,2000K4,85.0
fullf_baerum,2001K1,64.0
fullf_baerum,2001K2,32.0
fullf_baerum,2001K3,51.0
fullf_baerum,2001K4,174.0
fullf_baerum,2002K1,92.0
fullf_baerum,2002K2,62.0
fullf_baerum,2002K3,195.0
fullf_baerum,2002K4,71.0
fullf_baerum,2003K1,160.0
fullf_baerum,2003K2,75.0
fullf_baerum,2003K3,100.0
fullf_baerum,2003K4,120.0
fullf_baerum,2004K1,273.0
fullf_baerum,2004K2,42.0
fullf_baerum,2004K3,29.0
fullf_baerum,2004K4,15.0
fullf_baerum,2005K1,232.0
fullf_baerum,2005K2,139.0
fullf_baerum,2005K3,28.0
fullf_baerum,2005K4,126.0
fullf_baerum,2006K1,36.0
fullf_baerum,2006K2,114.0
fullf_baerum,2006K3,31.0
fullf_baerum,2006K4,138.0
fullf_baerum,2007K1,127.0
fullf_baerum,2007K2,126.0
fullf_baerum,2007K3,154.0
fullf_baerum,2007K4,48.0
fullf_baerum,2008K1,104.0
fullf_baerum,2008K2,241.0
fullf_baerum,2008K3,70.0
fullf_baerum,2008K4,92.0
fullf_baerum,2009K1,248.0
fullf_baerum,2009K2,124.0
fullf_baerum,2009K3,67.0
fullf_baerum,2009K4,192.0
fullf_baerum,2010K1,139.0
fullf_baerum,2010K2,42.0
fullf_baerum,2010K3,46.0
fullf_baerum,2010K4,68.0
fullf_baerum,2011K1,73.0
fullf_baerum,2011K2,81.0
fullf_baerum,2011K3,51.0
fullf_baerum,2011K4,236.0
fullf_baerum,2012K1,146.0
fullf_baerum,2012K2,308.0
fullf_baerum,2012K3,162.0
fullf_baerum,2012K4,126.0
fullf_baerum,2013K1,212.0
fullf_baerum,2013K2,135.0
fullf_baerum,2013K3,206.0
fullf_baerum,2013K4,131.0
fullf_baerum,2014K1,134.0
fullf_baerum,2014K2,212.0
fullf_baerum,2014K3,65.0
fullf_baerum,2014K4,284.0
fullf_baerum,2015K1,189.0
fullf_baerum,2015K2,21.0
fullf_baerum,2015K3,205.0
fullf_baerum,2015K4,240.0
fullf_baerum,2016K1,87.0
fullf_baerum,2016K2,113.0
fullf_baerum,2016K3,124.0
fullf_baerum,2016K4,246.0
fullf_baerum,2017K1,153.0
fullf_baerum,2017K2,225.0
fullf_baerum,2017K3,280.0
fullf_baerum,2017K4,337.0
fullf_baerum,2018K1,92.0
fullf_baerum,2018K2,366.0
fullf_baerum,2018K3,116.0
fullf_baerum,2018K4,85.0
fullf_baerum,2019K1,94.0
fullf_baerum,2019K2,61.0
fullf_baerum,2019K3,162.0
fullf_baerum,2019K4,94.0
fullf_baerum,2020K1,260.0
fullf_baerum,2020K2,39.0
fullf_baerum,2020K3,192.0
fullf_baerum,2020K4,342.0
fullf_baerum,2021K1,85.0
fullf_baerum,2021K2,304.0
fullf_baerum,2021K3,97.0
fullf_baerum,2021K4,115.0
fullf_baerum,2022K1,28.0
fullf_baerum,2022K2,118.0
fullf_baerum,2022K3,54.0
fullf_baerum,2022K4,100.0
fullf_baerum,2023K1,27.0
fullf_baerum,2023K2,117.0
fullf_baerum,2023K3,41.0
fullf_baerum,2023K4,72.0
fullf_baerum,2024K1,30.0
fullf_baerum,2024K2,345.0
fullf_baerum,2024K3,55.0
fullf_baerum,2024K4,250.0
fullf_baerum,2025K1,201.0
fullf_baerum,2025K2,178.0
fullf_baerum,2025K3,12.0
fullf_baerum,2025K4,13.0
fullf_baerum,2026K1,167.0
fullf_baerum,2026K2,140.0
fullf_bergen,2000K1,247.0
fullf_bergen,2000K2,176.0
fullf_bergen,2000K3,192.0
fullf_bergen,2000K4,238.0
fullf_bergen,2001K1,316.0
fullf_bergen,2001K2,155.0
fullf_bergen,2001K3,163.0
fullf_bergen,2001K4,337.0
fullf_bergen,2002K1,203.0
fullf_bergen,2002K2,213.0
fullf_bergen,2002K3,190.0
fullf_bergen,2002K4,155.0
fullf_bergen,2003K1,226.0
fullf_bergen,2003K2,291.0
fullf_bergen,2003K3,53.0
fullf_bergen,2003K4,472.0
fullf_bergen,2004K1,216.0
fullf_bergen,2004K2,204.0
fullf_bergen,2004K3,321.0
fullf_bergen,2004K4,386.0
fullf_bergen,2005K1,424.0
fullf_bergen,2005K2,492.0
fullf_bergen,2005K3,411.0
fullf_bergen,2005K4,445.0
fullf_bergen,2006K1,146.0
fullf_bergen,2006K2,427.0
fullf_bergen,2006K3,236.0
fullf_bergen,2006K4,457.0
fullf_bergen,2007K1,485.0
fullf_bergen,2007K2,382.0
fullf_bergen,2007K3,308.0
fullf_bergen,2007K4,294.0
fullf_bergen,2008K1,426.0
fullf_bergen,2008K2,231.0
fullf_bergen,2008K3,352.0
fullf_bergen,2008K4,317.0
fullf_bergen,2009K1,242.0
fullf_bergen,2009K2,236.0
fullf_bergen,2009K3,110.0
fullf_bergen,2009K4,144.0
fullf_bergen,2010K1,328.0
fullf_bergen,2010K2,104.0
fullf_bergen,2010K3,223.0
fullf_bergen,2010K4,258.0
fullf_bergen,2011K1,288.0
fullf_bergen,2011K2,254.0
fullf_bergen,2011K3,257.0
fullf_bergen,2011K4,294.0
fullf_bergen,2012K1,242.0
fullf_bergen,2012K2,376.0
fullf_bergen,2012K3,356.0
fullf_bergen,2012K4,196.0
fullf_bergen,2013K1,217.0
fullf_bergen,2013K2,236.0
fullf_bergen,2013K3,799.0
fullf_bergen,2013K4,334.0
fullf_bergen,2014K1,253.0
fullf_bergen,2014K2,242.0
fullf_bergen,2014K3,350.0
fullf_bergen,2014K4,346.0
fullf_bergen,2015K1,272.0
fullf_bergen,2015K2,363.0
fullf_bergen,2015K3,171.0
fullf_bergen,2015K4,441.0
fullf_bergen,2016K1,370.0
fullf_bergen,2016K2,298.0
fullf_bergen,2016K3,315.0
fullf_bergen,2016K4,492.0
fullf_bergen,2017K1,283.0
fullf_bergen,2017K2,382.0
fullf_bergen,2017K3,746.0
fullf_bergen,2017K4,405.0
fullf_bergen,2018K1,257.0
fullf_bergen,2018K2,548.0
fullf_bergen,2018K3,231.0
fullf_bergen,2018K4,408.0
fullf_bergen,2019K1,176.0
fullf_bergen,2019K2,533.0
fullf_bergen,2019K3,485.0
fullf_bergen,2019K4,205.0
fullf_bergen,2020K1,374.0
fullf_bergen,2020K2,299.0
fullf_bergen,2020K3,229.0
fullf_bergen,2020K4,373.0
fullf_bergen,2021K1,633.0
fullf_bergen,2021K2,350.0
fullf_bergen,2021K3,298.0
fullf_bergen,2021K4,507.0
fullf_bergen,2022K1,159.0
fullf_bergen,2022K2,283.0
fullf_bergen,2022K3,243.0
fullf_bergen,2022K4,402.0
fullf_bergen,2023K1,441.0
fullf_bergen,2023K2,508.0
fullf_bergen,2023K3,158.0
fullf_bergen,2023K4,132.0
fullf_bergen,2024K1,199.0
fullf_bergen,2024K2,166.0
fullf_bergen,2024K3,92.0
fullf_bergen,2024K4,114.0
fullf_bergen,2025K1,332.0
fullf_bergen,2025K2,201.0
fullf_bergen,2025K3,57.0
fullf_bergen,2025K4,131.0
fullf_bergen,2026K1,125.0
fullf_bergen,2026K2,64.0
fullf_trondheim,2000K1,113.0
fullf_trondheim,2000K2,80.0
fullf_trondheim,2000K3,170.0
fullf_trondheim,2000K4,131.0
fullf_trondheim,2001K1,175.0
fullf_trondheim,2001K2,26.0
fullf_trondheim,2001K3,113.0
fullf_trondheim,2001K4,156.0
fullf_trondheim,2002K1,299.0
fullf_trondheim,2002K2,213.0
fullf_trondheim,2002K3,345.0
fullf_trondheim,2002K4,536.0
fullf_trondheim,2003K1,250.0
fullf_trondheim,2003K2,307.0
fullf_trondheim,2003K3,306.0
fullf_trondheim,2003K4,561.0
fullf_trondheim,2004K1,65.0
fullf_trondheim,2004K2,418.0
fullf_trondheim,2004K3,63.0
fullf_trondheim,2004K4,415.0
fullf_trondheim,2005K1,513.0
fullf_trondheim,2005K2,353.0
fullf_trondheim,2005K3,282.0
fullf_trondheim,2005K4,797.0
fullf_trondheim,2006K1,410.0
fullf_trondheim,2006K2,293.0
fullf_trondheim,2006K3,324.0
fullf_trondheim,2006K4,544.0
fullf_trondheim,2007K1,494.0
fullf_trondheim,2007K2,363.0
fullf_trondheim,2007K3,383.0
fullf_trondheim,2007K4,662.0
fullf_trondheim,2008K1,310.0
fullf_trondheim,2008K2,150.0
fullf_trondheim,2008K3,138.0
fullf_trondheim,2008K4,101.0
fullf_trondheim,2009K1,51.0
fullf_trondheim,2009K2,150.0
fullf_trondheim,2009K3,38.0
fullf_trondheim,2009K4,147.0
fullf_trondheim,2010K1,24.0
fullf_trondheim,2010K2,50.0
fullf_trondheim,2010K3,142.0
fullf_trondheim,2010K4,73.0
fullf_trondheim,2011K1,741.0
fullf_trondheim,2011K2,94.0
fullf_trondheim,2011K3,218.0
fullf_trondheim,2011K4,207.0
fullf_trondheim,2012K1,161.0
fullf_trondheim,2012K2,336.0
fullf_trondheim,2012K3,139.0
fullf_trondheim,2012K4,135.0
fullf_trondheim,2013K1,484.0
fullf_trondheim,2013K2,455.0
fullf_trondheim,2013K3,597.0
fullf_trondheim,2013K4,792.0
fullf_trondheim,2014K1,231.0
fullf_trondheim,2014K2,592.0
fullf_trondheim,2014K3,185.0
fullf_trondheim,2014K4,295.0
fullf_trondheim,2015K1,293.0
fullf_trondheim,2015K2,483.0
fullf_trondheim,2015K3,249.0
fullf_trondheim,2015K4,323.0
fullf_trondheim,2016K1,528.0
fullf_trondheim,2016K2,695.0
fullf_trondheim,2016K3,353.0
fullf_trondheim,2016K4,702.0
fullf_trondheim,2017K1,395.0
fullf_trondheim,2017K2,800.0
fullf_trondheim,2017K3,370.0
fullf_trondheim,2017K4,277.0
fullf_trondheim,2018K1,203.0
fullf_trondheim,2018K2,811.0
fullf_trondheim,2018K3,271.0
fullf_trondheim,2018K4,483.0
fullf_trondheim,2019K1,175.0
fullf_trondheim,2019K2,573.0
fullf_trondheim,2019K3,258.0
fullf_trondheim,2019K4,497.0
fullf_trondheim,2020K1,295.0
fullf_trondheim,2020K2,318.0
fullf_trondheim,2020K3,678.0
fullf_trondheim,2020K4,461.0
fullf_trondheim,2021K1,162.0
fullf_trondheim,2021K2,643.0
fullf_trondheim,2021K3,425.0
fullf_trondheim,2021K4,294.0
fullf_trondheim,2022K1,187.0
fullf_trondheim,2022K2,779.0
fullf_trondheim,2022K3,399.0
fullf_trondheim,2022K4,467.0
fullf_trondheim,2023K1,519.0
fullf_trondheim,2023K2,508.0
fullf_trondheim,2023K3,262.0
fullf_trondheim,2023K4,335.0
fullf_trondheim,2024K1,352.0
fullf_trondheim,2024K2,672.0
fullf_trondheim,2024K3,359.0
fullf_trondheim,2024K4,443.0
fullf_trondheim,2025K1,228.0
fullf_trondheim,2025K2,396.0
fullf_trondheim,2025K3,177.0
fullf_trondheim,2025K4,318.0
fullf_trondheim,2026K1,456.0
fullf_trondheim,2026K2,516.0
fullf_stavanger,2000K1,87.0
fullf_stavanger,2000K2,90.0
fullf_stavanger,2000K3,84.0
fullf_stavanger,2000K4,193.0
fullf_stavanger,2001K1,99.0
fullf_stavanger,2001K2,79.0
fullf_stavanger,2001K3,267.0
fullf_stavanger,2001K4,290.0
fullf_stavanger,2002K1,190.0
fullf_stavanger,2002K2,136.0
fullf_stavanger,2002K3,294.0
fullf_stavanger,2002K4,147.0
fullf_stavanger,2003K1,159.0
fullf_stavanger,2003K2,163.0
fullf_stavanger,2003K3,392.0
fullf_stavanger,2003K4,524.0
fullf_stavanger,2004K1,214.0
fullf_stavanger,2004K2,212.0
fullf_stavanger,2004K3,144.0
fullf_stavanger,2004K4,237.0
fullf_stavanger,2005K1,80.0
fullf_stavanger,2005K2,159.0
fullf_stavanger,2005K3,375.0
fullf_stavanger,2005K4,242.0
fullf_stavanger,2006K1,202.0
fullf_stavanger,2006K2,553.0
fullf_stavanger,2006K3,296.0
fullf_stavanger,2006K4,158.0
fullf_stavanger,2007K1,277.0
fullf_stavanger,2007K2,293.0
fullf_stavanger,2007K3,439.0
fullf_stavanger,2007K4,126.0
fullf_stavanger,2008K1,166.0
fullf_stavanger,2008K2,178.0
fullf_stavanger,2008K3,314.0
fullf_stavanger,2008K4,290.0
fullf_stavanger,2009K1,140.0
fullf_stavanger,2009K2,350.0
fullf_stavanger,2009K3,130.0
fullf_stavanger,2009K4,189.0
fullf_stavanger,2010K1,98.0
fullf_stavanger,2010K2,34.0
fullf_stavanger,2010K3,118.0
fullf_stavanger,2010K4,146.0
fullf_stavanger,2011K1,49.0
fullf_stavanger,2011K2,78.0
fullf_stavanger,2011K3,186.0
fullf_stavanger,2011K4,172.0
fullf_stavanger,2012K1,86.0
fullf_stavanger,2012K2,173.0
fullf_stavanger,2012K3,89.0
fullf_stavanger,2012K4,282.0
fullf_stavanger,2013K1,191.0
fullf_stavanger,2013K2,229.0
fullf_stavanger,2013K3,189.0
fullf_stavanger,2013K4,383.0
fullf_stavanger,2014K1,246.0
fullf_stavanger,2014K2,149.0
fullf_stavanger,2014K3,136.0
fullf_stavanger,2014K4,231.0
fullf_stavanger,2015K1,224.0
fullf_stavanger,2015K2,160.0
fullf_stavanger,2015K3,454.0
fullf_stavanger,2015K4,244.0
fullf_stavanger,2016K1,42.0
fullf_stavanger,2016K2,102.0
fullf_stavanger,2016K3,100.0
fullf_stavanger,2016K4,125.0
fullf_stavanger,2017K1,70.0
fullf_stavanger,2017K2,73.0
fullf_stavanger,2017K3,52.0
fullf_stavanger,2017K4,129.0
fullf_stavanger,2018K1,61.0
fullf_stavanger,2018K2,38.0
fullf_stavanger,2018K3,117.0
fullf_stavanger,2018K4,145.0
fullf_stavanger,2019K1,115.0
fullf_stavanger,2019K2,197.0
fullf_stavanger,2019K3,59.0
fullf_stavanger,2019K4,157.0
fullf_stavanger,2020K1,152.0
fullf_stavanger,2020K2,151.0
fullf_stavanger,2020K3,230.0
fullf_stavanger,2020K4,58.0
fullf_stavanger,2021K1,95.0
fullf_stavanger,2021K2,161.0
fullf_stavanger,2021K3,95.0
fullf_stavanger,2021K4,96.0
fullf_stavanger,2022K1,183.0
fullf_stavanger,2022K2,200.0
fullf_stavanger,2022K3,231.0
fullf_stavanger,2022K4,220.0
fullf_stavanger,2023K1,126.0
fullf_stavanger,2023K2,144.0
fullf_stavanger,2023K3,168.0
fullf_stavanger,2023K4,91.0
fullf_stavanger,2024K1,238.0
fullf_stavanger,2024K2,224.0
fullf_stavanger,2024K3,135.0
fullf_stavanger,2024K4,66.0
fullf_stavanger,2025K1,176.0
fullf_stavanger,2025K2,171.0
fullf_stavanger,2025K3,89.0
fullf_stavanger,2025K4,168.0
fullf_stavanger,2026K1,50.0
fullf_stavanger,2026K2,258.0
byggekostnad,1978M01,20.7
byggekostnad,1978M02,20.7
byggekostnad,1978M03,20.8
byggekostnad,1978M04,20.9
byggekostnad,1978M05,20.9
byggekostnad,1978M06,20.9
byggekostnad,1978M07,21.0
byggekostnad,1978M08,21.0
byggekostnad,1978M09,21.0
byggekostnad,1978M10,21.1
byggekostnad,1978M11,21.1
byggekostnad,1978M12,21.1
byggekostnad,1979M01,21.2
byggekostnad,1979M02,21.2
byggekostnad,1979M03,21.3
byggekostnad,1979M04,21.3
byggekostnad,1979M05,21.3
byggekostnad,1979M06,21.4
byggekostnad,1979M07,21.4
byggekostnad,1979M08,21.4
byggekostnad,1979M09,21.6
byggekostnad,1979M10,21.8
byggekostnad,1979M11,21.9
byggekostnad,1979M12,22.0
byggekostnad,1980M01,22.1
byggekostnad,1980M02,22.3
byggekostnad,1980M03,22.5
byggekostnad,1980M04,22.8
byggekostnad,1980M05,23.2
byggekostnad,1980M06,23.5
byggekostnad,1980M07,23.6
byggekostnad,1980M08,23.9
byggekostnad,1980M09,24.0
byggekostnad,1980M10,24.2
byggekostnad,1980M11,24.4
byggekostnad,1980M12,24.4
byggekostnad,1981M01,24.6
byggekostnad,1981M02,24.8
byggekostnad,1981M03,24.9
byggekostnad,1981M04,25.4
byggekostnad,1981M05,25.5
byggekostnad,1981M06,25.7
byggekostnad,1981M07,25.9
byggekostnad,1981M08,26.0
byggekostnad,1981M09,26.1
byggekostnad,1981M10,26.1
byggekostnad,1981M11,26.4
byggekostnad,1981M12,26.4
byggekostnad,1982M01,26.7
byggekostnad,1982M02,27.0
byggekostnad,1982M03,27.1
byggekostnad,1982M04,27.7
byggekostnad,1982M05,27.8
byggekostnad,1982M06,27.8
byggekostnad,1982M07,27.9
byggekostnad,1982M08,28.0
byggekostnad,1982M09,28.2
byggekostnad,1982M10,28.4
byggekostnad,1982M11,28.5
byggekostnad,1982M12,28.6
byggekostnad,1983M01,28.8
byggekostnad,1983M02,28.9
byggekostnad,1983M03,29.0
byggekostnad,1983M04,29.2
byggekostnad,1983M05,29.2
byggekostnad,1983M06,29.3
byggekostnad,1983M07,29.5
byggekostnad,1983M08,29.8
byggekostnad,1983M09,29.8
byggekostnad,1983M10,29.9
byggekostnad,1983M11,30.0
byggekostnad,1983M12,30.1
byggekostnad,1984M01,30.3
byggekostnad,1984M02,30.3
byggekostnad,1984M03,30.4
byggekostnad,1984M04,30.7
byggekostnad,1984M05,30.8
byggekostnad,1984M06,30.9
byggekostnad,1984M07,31.0
byggekostnad,1984M08,31.1
byggekostnad,1984M09,31.2
byggekostnad,1984M10,31.3
byggekostnad,1984M11,31.4
byggekostnad,1984M12,31.4
byggekostnad,1985M01,31.6
byggekostnad,1985M02,31.8
byggekostnad,1985M03,31.8
byggekostnad,1985M04,32.0
byggekostnad,1985M05,32.2
byggekostnad,1985M06,32.3
byggekostnad,1985M07,32.5
byggekostnad,1985M08,32.6
byggekostnad,1985M09,32.8
byggekostnad,1985M10,32.9
byggekostnad,1985M11,33.0
byggekostnad,1985M12,33.0
byggekostnad,1986M01,33.3
byggekostnad,1986M02,33.5
byggekostnad,1986M03,33.6
byggekostnad,1986M04,34.0
byggekostnad,1986M05,34.3
byggekostnad,1986M06,34.7
byggekostnad,1986M07,35.1
byggekostnad,1986M08,35.3
byggekostnad,1986M09,35.4
byggekostnad,1986M10,35.7
byggekostnad,1986M11,35.8
byggekostnad,1986M12,36.0
byggekostnad,1987M01,37.4
byggekostnad,1987M02,37.8
byggekostnad,1987M03,37.9
byggekostnad,1987M04,38.2
byggekostnad,1987M05,38.3
byggekostnad,1987M06,38.5
byggekostnad,1987M07,38.6
byggekostnad,1987M08,38.9
byggekostnad,1987M09,39.3
byggekostnad,1987M10,39.6
byggekostnad,1987M11,39.7
byggekostnad,1987M12,40.1
byggekostnad,1988M01,40.6
byggekostnad,1988M02,41.1
byggekostnad,1988M03,41.5
byggekostnad,1988M04,41.8
byggekostnad,1988M05,41.9
byggekostnad,1988M06,42.3
byggekostnad,1988M07,42.4
byggekostnad,1988M08,42.5
byggekostnad,1988M09,42.6
byggekostnad,1988M10,42.8
byggekostnad,1988M11,42.9
byggekostnad,1988M12,43.1
byggekostnad,1989M01,43.2
byggekostnad,1989M02,43.2
byggekostnad,1989M03,43.3
byggekostnad,1989M04,44.0
byggekostnad,1989M05,44.0
byggekostnad,1989M06,44.1
byggekostnad,1989M07,44.1
byggekostnad,1989M08,44.1
byggekostnad,1989M09,44.2
byggekostnad,1989M10,44.2
byggekostnad,1989M11,44.2
byggekostnad,1989M12,44.2
byggekostnad,1990M01,44.6
byggekostnad,1990M02,44.8
byggekostnad,1990M03,44.8
byggekostnad,1990M04,45.4
byggekostnad,1990M05,45.4
byggekostnad,1990M06,45.4
byggekostnad,1990M07,45.5
byggekostnad,1990M08,45.5
byggekostnad,1990M09,45.6
byggekostnad,1990M10,45.7
byggekostnad,1990M11,45.7
byggekostnad,1990M12,45.7
byggekostnad,1991M01,45.9
byggekostnad,1991M02,46.3
byggekostnad,1991M03,46.4
byggekostnad,1991M04,46.8
byggekostnad,1991M05,46.9
byggekostnad,1991M06,47.0
byggekostnad,1991M07,47.0
byggekostnad,1991M08,47.1
byggekostnad,1991M09,47.1
byggekostnad,1991M10,47.1
byggekostnad,1991M11,47.1
byggekostnad,1991M12,47.1
byggekostnad,1992M01,47.1
byggekostnad,1992M02,47.1
byggekostnad,1992M03,47.1
byggekostnad,1992M04,47.1
byggekostnad,1992M05,47.1
byggekostnad,1992M06,47.1
byggekostnad,1992M07,47.2
byggekostnad,1992M08,47.2
byggekostnad,1992M09,47.2
byggekostnad,1992M10,47.2
byggekostnad,1992M11,47.3
byggekostnad,1992M12,47.3
byggekostnad,1993M01,47.1
byggekostnad,1993M02,47.2
byggekostnad,1993M03,47.2
byggekostnad,1993M04,47.4
byggekostnad,1993M05,47.4
byggekostnad,1993M06,47.4
byggekostnad,1993M07,47.4
byggekostnad,1993M08,47.4
byggekostnad,1993M09,47.4
byggekostnad,1993M10,47.5
byggekostnad,1993M11,47.5
byggekostnad,1993M12,47.5
byggekostnad,1994M01,47.6
byggekostnad,1994M02,47.6
byggekostnad,1994M03,47.6
byggekostnad,1994M04,47.9
byggekostnad,1994M05,48.6
byggekostnad,1994M06,49.0
byggekostnad,1994M07,49.2
byggekostnad,1994M08,49.7
byggekostnad,1994M09,50.0
byggekostnad,1994M10,50.1
byggekostnad,1994M11,50.2
byggekostnad,1994M12,50.4
byggekostnad,1995M01,50.6
byggekostnad,1995M02,50.9
byggekostnad,1995M03,51.1
byggekostnad,1995M04,51.5
byggekostnad,1995M05,51.5
byggekostnad,1995M06,51.5
byggekostnad,1995M07,51.5
byggekostnad,1995M08,51.5
byggekostnad,1995M09,51.5
byggekostnad,1995M10,51.5
byggekostnad,1995M11,51.5
byggekostnad,1995M12,51.5
byggekostnad,1996M01,51.5
byggekostnad,1996M02,51.6
byggekostnad,1996M03,51.7
byggekostnad,1996M04,52.0
byggekostnad,1996M05,51.9
byggekostnad,1996M06,51.9
byggekostnad,1996M07,51.9
byggekostnad,1996M08,52.0
byggekostnad,1996M09,52.1
byggekostnad,1996M10,52.1
byggekostnad,1996M11,52.1
byggekostnad,1996M12,52.2
byggekostnad,1997M01,52.3
byggekostnad,1997M02,52.4
byggekostnad,1997M03,52.6
byggekostnad,1997M04,52.9
byggekostnad,1997M05,52.9
byggekostnad,1997M06,53.0
byggekostnad,1997M07,53.1
byggekostnad,1997M08,53.1
byggekostnad,1997M09,53.2
byggekostnad,1997M10,53.3
byggekostnad,1997M11,53.3
byggekostnad,1997M12,53.3
byggekostnad,1998M01,53.5
byggekostnad,1998M02,53.6
byggekostnad,1998M03,53.7
byggekostnad,1998M04,54.4
byggekostnad,1998M05,54.5
byggekostnad,1998M06,54.6
byggekostnad,1998M07,54.6
byggekostnad,1998M08,54.7
byggekostnad,1998M09,54.7
byggekostnad,1998M10,55.3
byggekostnad,1998M11,55.3
byggekostnad,1998M12,55.3
byggekostnad,1999M01,55.4
byggekostnad,1999M02,55.6
byggekostnad,1999M03,55.7
byggekostnad,1999M04,55.7
byggekostnad,1999M05,55.8
byggekostnad,1999M06,55.8
byggekostnad,1999M07,55.8
byggekostnad,1999M08,55.8
byggekostnad,1999M09,56.2
byggekostnad,1999M10,56.2
byggekostnad,1999M11,56.4
byggekostnad,1999M12,56.9
byggekostnad,2000M01,57.1
byggekostnad,2000M02,57.3
byggekostnad,2000M03,57.5
byggekostnad,2000M04,57.6
byggekostnad,2000M05,57.6
byggekostnad,2000M06,57.8
byggekostnad,2000M07,58.0
byggekostnad,2000M08,58.1
byggekostnad,2000M09,58.9
byggekostnad,2000M10,59.0
byggekostnad,2000M11,59.0
byggekostnad,2000M12,59.5
byggekostnad,2001M01,60.1
byggekostnad,2001M02,60.4
byggekostnad,2001M03,60.5
byggekostnad,2001M04,60.6
byggekostnad,2001M05,60.6
byggekostnad,2001M06,60.7
byggekostnad,2001M07,60.9
byggekostnad,2001M08,61.0
byggekostnad,2001M09,61.3
byggekostnad,2001M10,61.4
byggekostnad,2001M11,61.4
byggekostnad,2001M12,61.9
byggekostnad,2002M01,62.1
byggekostnad,2002M02,62.2
byggekostnad,2002M03,62.5
byggekostnad,2002M04,62.5
byggekostnad,2002M05,62.8
byggekostnad,2002M06,62.8
byggekostnad,2002M07,62.9
byggekostnad,2002M08,63.3
byggekostnad,2002M09,63.4
byggekostnad,2002M10,63.5
byggekostnad,2002M11,63.5
byggekostnad,2002M12,64.0
byggekostnad,2003M01,64.3
byggekostnad,2003M02,64.6
byggekostnad,2003M03,64.8
byggekostnad,2003M04,64.7
byggekostnad,2003M05,64.7
byggekostnad,2003M06,64.7
byggekostnad,2003M07,64.7
byggekostnad,2003M08,64.9
byggekostnad,2003M09,65.0
byggekostnad,2003M10,65.1
byggekostnad,2003M11,65.1
byggekostnad,2003M12,65.5
byggekostnad,2004M01,65.7
byggekostnad,2004M02,65.8
byggekostnad,2004M03,66.1
byggekostnad,2004M04,66.4
byggekostnad,2004M05,66.5
byggekostnad,2004M06,66.8
byggekostnad,2004M07,67.0
byggekostnad,2004M08,67.1
byggekostnad,2004M09,67.2
byggekostnad,2004M10,67.3
byggekostnad,2004M11,67.4
byggekostnad,2004M12,68.0
byggekostnad,2005M01,68.2
byggekostnad,2005M02,68.3
byggekostnad,2005M03,68.6
byggekostnad,2005M04,68.7
byggekostnad,2005M05,68.9
byggekostnad,2005M06,68.9
byggekostnad,2005M07,69.0
byggekostnad,2005M08,69.2
byggekostnad,2005M09,69.3
byggekostnad,2005M10,69.4
byggekostnad,2005M11,70.0
byggekostnad,2005M12,70.0
byggekostnad,2006M01,70.2
byggekostnad,2006M02,70.4
byggekostnad,2006M03,70.6
byggekostnad,2006M04,70.8
byggekostnad,2006M05,71.1
byggekostnad,2006M06,71.3
byggekostnad,2006M07,71.5
byggekostnad,2006M08,71.8
byggekostnad,2006M09,71.8
byggekostnad,2006M10,72.7
byggekostnad,2006M11,73.7
byggekostnad,2006M12,73.9
byggekostnad,2007M01,74.5
byggekostnad,2007M02,74.8
byggekostnad,2007M03,75.0
byggekostnad,2007M04,76.2
byggekostnad,2007M05,76.8
byggekostnad,2007M06,76.9
byggekostnad,2007M07,77.0
byggekostnad,2007M08,77.4
byggekostnad,2007M09,77.6
byggekostnad,2007M10,78.0
byggekostnad,2007M11,79.3
byggekostnad,2007M12,79.5
byggekostnad,2008M01,79.8
byggekostnad,2008M02,80.2
byggekostnad,2008M03,80.4
byggekostnad,2008M04,80.8
byggekostnad,2008M05,80.9
byggekostnad,2008M06,81.1
byggekostnad,2008M07,81.3
byggekostnad,2008M08,81.8
byggekostnad,2008M09,81.8
byggekostnad,2008M10,82.2
byggekostnad,2008M11,82.7
byggekostnad,2008M12,82.6
byggekostnad,2009M01,82.6
byggekostnad,2009M02,82.7
byggekostnad,2009M03,82.7
byggekostnad,2009M04,82.7
byggekostnad,2009M05,82.7
byggekostnad,2009M06,82.8
byggekostnad,2009M07,82.9
byggekostnad,2009M08,83.4
byggekostnad,2009M09,83.7
byggekostnad,2009M10,83.9
byggekostnad,2009M11,84.0
byggekostnad,2009M12,84.1
byggekostnad,2010M01,84.2
byggekostnad,2010M02,84.7
byggekostnad,2010M03,85.0
byggekostnad,2010M04,85.5
byggekostnad,2010M05,85.8
byggekostnad,2010M06,85.9
byggekostnad,2010M07,85.9
byggekostnad,2010M08,86.1
byggekostnad,2010M09,86.2
byggekostnad,2010M10,86.6
byggekostnad,2010M11,87.0
byggekostnad,2010M12,87.1
byggekostnad,2011M01,87.6
byggekostnad,2011M02,87.9
byggekostnad,2011M03,88.2
byggekostnad,2011M04,88.4
byggekostnad,2011M05,88.9
byggekostnad,2011M06,89.1
byggekostnad,2011M07,89.1
byggekostnad,2011M08,89.2
byggekostnad,2011M09,89.2
byggekostnad,2011M10,89.7
byggekostnad,2011M11,90.1
byggekostnad,2011M12,90.2
byggekostnad,2012M01,90.5
byggekostnad,2012M02,90.8
byggekostnad,2012M03,91.1
byggekostnad,2012M04,91.3
byggekostnad,2012M05,91.5
byggekostnad,2012M06,91.6
byggekostnad,2012M07,91.7
byggekostnad,2012M08,92.1
byggekostnad,2012M09,92.2
byggekostnad,2012M10,92.4
byggekostnad,2012M11,92.9
byggekostnad,2012M12,92.9
byggekostnad,2013M01,93.3
byggekostnad,2013M02,93.6
byggekostnad,2013M03,93.6
byggekostnad,2013M04,93.7
byggekostnad,2013M05,94.2
byggekostnad,2013M06,94.2
byggekostnad,2013M07,94.4
byggekostnad,2013M08,94.9
byggekostnad,2013M09,94.8
byggekostnad,2013M10,95.0
byggekostnad,2013M11,95.4
byggekostnad,2013M12,95.5
byggekostnad,2014M01,95.8
byggekostnad,2014M02,96.3
byggekostnad,2014M03,96.3
byggekostnad,2014M04,97.3
byggekostnad,2014M05,97.6
byggekostnad,2014M06,97.7
byggekostnad,2014M07,97.8
byggekostnad,2014M08,98.0
byggekostnad,2014M09,98.1
byggekostnad,2014M10,98.2
byggekostnad,2014M11,98.5
byggekostnad,2014M12,98.6
byggekostnad,2015M01,98.9
byggekostnad,2015M02,99.3
byggekostnad,2015M03,99.4
byggekostnad,2015M04,99.8
byggekostnad,2015M05,100.1
byggekostnad,2015M06,100.1
byggekostnad,2015M07,100.2
byggekostnad,2015M08,100.3
byggekostnad,2015M09,100.3
byggekostnad,2015M10,100.5
byggekostnad,2015M11,100.7
byggekostnad,2015M12,100.7
byggekostnad,2016M01,101.0
byggekostnad,2016M02,101.2
byggekostnad,2016M03,101.1
byggekostnad,2016M04,102.0
byggekostnad,2016M05,102.4
byggekostnad,2016M06,102.6
byggekostnad,2016M07,102.7
byggekostnad,2016M08,103.1
byggekostnad,2016M09,103.0
byggekostnad,2016M10,103.3
byggekostnad,2016M11,103.5
byggekostnad,2016M12,103.7
byggekostnad,2017M01,103.9
byggekostnad,2017M02,104.2
byggekostnad,2017M03,104.2
byggekostnad,2017M04,104.8
byggekostnad,2017M05,105.2
byggekostnad,2017M06,105.2
byggekostnad,2017M07,105.3
byggekostnad,2017M08,105.5
byggekostnad,2017M09,105.5
byggekostnad,2017M10,106.0
byggekostnad,2017M11,106.5
byggekostnad,2017M12,106.7
byggekostnad,2018M01,107.0
byggekostnad,2018M02,107.4
byggekostnad,2018M03,107.5
byggekostnad,2018M04,108.0
byggekostnad,2018M05,108.4
byggekostnad,2018M06,108.5
byggekostnad,2018M07,108.8
byggekostnad,2018M08,109.4
byggekostnad,2018M09,109.5
byggekostnad,2018M10,109.9
byggekostnad,2018M11,110.1
byggekostnad,2018M12,110.2
byggekostnad,2019M01,110.5
byggekostnad,2019M02,110.7
byggekostnad,2019M03,110.8
byggekostnad,2019M04,111.2
byggekostnad,2019M05,111.7
byggekostnad,2019M06,111.5
byggekostnad,2019M07,111.6
byggekostnad,2019M08,112.2
byggekostnad,2019M09,112.1
byggekostnad,2019M10,112.4
byggekostnad,2019M11,112.3
byggekostnad,2019M12,112.4
byggekostnad,2020M01,112.8
byggekostnad,2020M02,112.8
byggekostnad,2020M03,112.8
byggekostnad,2020M04,113.7
byggekostnad,2020M05,114.4
byggekostnad,2020M06,114.3
byggekostnad,2020M07,114.7
byggekostnad,2020M08,114.9
byggekostnad,2020M09,115.0
byggekostnad,2020M10,115.2
byggekostnad,2020M11,115.2
byggekostnad,2020M12,115.5
byggekostnad,2021M01,116.8
byggekostnad,2021M02,116.8
byggekostnad,2021M03,117.3
byggekostnad,2021M04,119.7
byggekostnad,2021M05,121.0
byggekostnad,2021M06,123.2
byggekostnad,2021M07,124.9
byggekostnad,2021M08,127.8
byggekostnad,2021M09,130.0
byggekostnad,2021M10,130.8
byggekostnad,2021M11,132.0
byggekostnad,2021M12,130.7
byggekostnad,2022M01,131.4
byggekostnad,2022M02,130.5
byggekostnad,2022M03,131.3
byggekostnad,2022M04,133.1
byggekostnad,2022M05,134.6
byggekostnad,2022M06,134.8
byggekostnad,2022M07,136.0
byggekostnad,2022M08,137.0
byggekostnad,2022M09,137.0
byggekostnad,2022M10,137.8
byggekostnad,2022M11,139.2
byggekostnad,2022M12,138.9
byggekostnad,2023M01,139.5
byggekostnad,2023M02,139.6
byggekostnad,2023M03,139.2
byggekostnad,2023M04,140.0
byggekostnad,2023M05,141.1
byggekostnad,2023M06,140.7
byggekostnad,2023M07,140.8
byggekostnad,2023M08,141.5
byggekostnad,2023M09,141.7
byggekostnad,2023M10,142.8
byggekostnad,2023M11,143.4
byggekostnad,2023M12,143.3
byggekostnad,2024M01,144.3
byggekostnad,2024M02,143.9
byggekostnad,2024M03,144.0
byggekostnad,2024M04,145.0
byggekostnad,2024M05,147.0
byggekostnad,2024M06,146.9
byggekostnad,2024M07,147.0
byggekostnad,2024M08,146.8
byggekostnad,2024M09,147.0
byggekostnad,2024M10,147.5
byggekostnad,2024M11,148.6
byggekostnad,2024M12,148.7
byggekostnad,2025M01,149.5
byggekostnad,2025M02,149.6
byggekostnad,2025M03,149.5
byggekostnad,2025M04,150.6
byggekostnad,2025M05,153.6
byggekostnad,2025M06,153.9
byggekostnad,2025M07,153.8
byggekostnad,2025M08,153.9
byggekostnad,2025M09,154.0
byggekostnad,2025M10,154.1
byggekostnad,2025M11,155.1
byggekostnad,2025M12,155.1
byggekostnad,2026M01,156.4
byggekostnad,2026M02,156.1
byggekostnad,2026M03,155.8
byggekostnad,2026M04,156.3
byggekostnad,2026M05,160.4
byggekostnad,2026M06,160.2
byggekostnad,2026M07,160.6
byggekostnad,2026M08,159.8
k2_hush_sa,1987M12,442379.0
k2_hush_sa,1988M01,446756.0
k2_hush_sa,1988M02,452476.0
k2_hush_sa,1988M03,456512.0
k2_hush_sa,1988M04,459563.0
k2_hush_sa,1988M05,463333.0
k2_hush_sa,1988M06,466793.0
k2_hush_sa,1988M07,467719.0
k2_hush_sa,1988M08,472218.0
k2_hush_sa,1988M09,476379.0
k2_hush_sa,1988M10,479147.0
k2_hush_sa,1988M11,481096.0
k2_hush_sa,1988M12,483622.0
k2_hush_sa,1989M01,486231.0
k2_hush_sa,1989M02,484972.0
k2_hush_sa,1989M03,486700.0
k2_hush_sa,1989M04,489327.0
k2_hush_sa,1989M05,491131.0
k2_hush_sa,1989M06,493017.0
k2_hush_sa,1989M07,496087.0
k2_hush_sa,1989M08,498579.0
k2_hush_sa,1989M09,500665.0
k2_hush_sa,1989M10,507304.0
k2_hush_sa,1989M11,509235.0
k2_hush_sa,1989M12,476220.0
k2_hush_sa,1990M01,477382.0
k2_hush_sa,1990M02,479283.0
k2_hush_sa,1990M03,483880.0
k2_hush_sa,1990M04,483617.0
k2_hush_sa,1990M05,485391.0
k2_hush_sa,1990M06,486860.0
k2_hush_sa,1990M07,487766.0
k2_hush_sa,1990M08,490777.0
k2_hush_sa,1990M09,489523.0
k2_hush_sa,1990M10,490391.0
k2_hush_sa,1990M11,491600.0
k2_hush_sa,1990M12,501031.0
k2_hush_sa,1991M01,501895.0
k2_hush_sa,1991M02,498321.0
k2_hush_sa,1991M03,502482.0
k2_hush_sa,1991M04,501591.0
k2_hush_sa,1991M05,501068.0
k2_hush_sa,1991M06,501370.0
k2_hush_sa,1991M07,501038.0
k2_hush_sa,1991M08,500163.0
k2_hush_sa,1991M09,499710.0
k2_hush_sa,1991M10,498220.0
k2_hush_sa,1991M11,496314.0
k2_hush_sa,1991M12,497571.0
k2_hush_sa,1992M01,497807.0
k2_hush_sa,1992M02,496454.0
k2_hush_sa,1992M03,494641.0
k2_hush_sa,1992M04,494618.0
k2_hush_sa,1992M05,495015.0
k2_hush_sa,1992M06,488373.0
k2_hush_sa,1992M07,489720.0
k2_hush_sa,1992M08,486827.0
k2_hush_sa,1992M09,484412.0
k2_hush_sa,1992M10,485823.0
k2_hush_sa,1992M11,484662.0
k2_hush_sa,1992M12,488805.0
k2_hush_sa,1993M01,485042.0
k2_hush_sa,1993M02,484658.0
k2_hush_sa,1993M03,483901.0
k2_hush_sa,1993M04,477965.0
k2_hush_sa,1993M05,476942.0
k2_hush_sa,1993M06,478238.0
k2_hush_sa,1993M07,477952.0
k2_hush_sa,1993M08,478911.0
k2_hush_sa,1993M09,478375.0
k2_hush_sa,1993M10,479224.0
k2_hush_sa,1993M11,481097.0
k2_hush_sa,1993M12,484075.0
k2_hush_sa,1994M01,485308.0
k2_hush_sa,1994M02,485721.0
k2_hush_sa,1994M03,487554.0
k2_hush_sa,1994M04,488860.0
k2_hush_sa,1994M05,490193.0
k2_hush_sa,1994M06,525806.0
k2_hush_sa,1994M07,528053.0
k2_hush_sa,1994M08,529211.0
k2_hush_sa,1994M09,531707.0
k2_hush_sa,1994M10,533832.0
k2_hush_sa,1994M11,535635.0
k2_hush_sa,1994M12,530875.0
k2_hush_sa,1995M01,531913.0
k2_hush_sa,1995M02,533828.0
k2_hush_sa,1995M03,536123.0
k2_hush_sa,1995M04,537558.0
k2_hush_sa,1995M05,540485.0
k2_hush_sa,1995M06,541601.0
k2_hush_sa,1995M07,543637.0
k2_hush_sa,1995M08,546201.0
k2_hush_sa,1995M09,548112.0
k2_hush_sa,1995M10,550614.0
k2_hush_sa,1995M11,554210.0
k2_hush_sa,1995M12,553291.0
k2_hush_sa,1996M01,556880.0
k2_hush_sa,1996M02,558768.0
k2_hush_sa,1996M03,561303.0
k2_hush_sa,1996M04,564007.0
k2_hush_sa,1996M05,566420.0
k2_hush_sa,1996M06,568330.0
k2_hush_sa,1996M07,571284.0
k2_hush_sa,1996M08,573924.0
k2_hush_sa,1996M09,576798.0
k2_hush_sa,1996M10,579798.0
k2_hush_sa,1996M11,582224.0
k2_hush_sa,1996M12,583319.0
k2_hush_sa,1997M01,588441.0
k2_hush_sa,1997M02,592930.0
k2_hush_sa,1997M03,596348.0
k2_hush_sa,1997M04,600825.0
k2_hush_sa,1997M05,604403.0
k2_hush_sa,1997M06,607762.0
k2_hush_sa,1997M07,610354.0
k2_hush_sa,1997M08,614002.0
k2_hush_sa,1997M09,617633.0
k2_hush_sa,1997M10,623149.0
k2_hush_sa,1997M11,626223.0
k2_hush_sa,1997M12,627295.0
k2_hush_sa,1998M01,633109.0
k2_hush_sa,1998M02,637245.0
k2_hush_sa,1998M03,641743.0
k2_hush_sa,1998M04,646731.0
k2_hush_sa,1998M05,650955.0
k2_hush_sa,1998M06,655644.0
k2_hush_sa,1998M07,661526.0
k2_hush_sa,1998M08,664277.0
k2_hush_sa,1998M09,662389.0
k2_hush_sa,1998M10,665465.0
k2_hush_sa,1998M11,667524.0
k2_hush_sa,1998M12,672501.0
k2_hush_sa,1999M01,676221.0
k2_hush_sa,1999M02,678975.0
k2_hush_sa,1999M03,681980.0
k2_hush_sa,1999M04,684918.0
k2_hush_sa,1999M05,689187.0
k2_hush_sa,1999M06,693792.0
k2_hush_sa,1999M07,699479.0
k2_hush_sa,1999M08,703408.0
k2_hush_sa,1999M09,709292.0
k2_hush_sa,1999M10,714973.0
k2_hush_sa,1999M11,721488.0
k2_hush_sa,1999M12,727862.0
k2_hush_sa,2000M01,734391.0
k2_hush_sa,2000M02,741306.0
k2_hush_sa,2000M03,749026.0
k2_hush_sa,2000M04,755794.0
k2_hush_sa,2000M05,762698.0
k2_hush_sa,2000M06,769491.0
k2_hush_sa,2000M07,774977.0
k2_hush_sa,2000M08,782269.0
k2_hush_sa,2000M09,790012.0
k2_hush_sa,2000M10,795538.0
k2_hush_sa,2000M11,801820.0
k2_hush_sa,2000M12,806018.0
k2_hush_sa,2001M01,816241.0
k2_hush_sa,2001M02,823122.0
k2_hush_sa,2001M03,830627.0
k2_hush_sa,2001M04,836779.0
k2_hush_sa,2001M05,846196.0
k2_hush_sa,2001M06,855174.0
k2_hush_sa,2001M07,860996.0
k2_hush_sa,2001M08,868951.0
k2_hush_sa,2001M09,876491.0
k2_hush_sa,2001M10,885783.0
k2_hush_sa,2001M11,894391.0
k2_hush_sa,2001M12,901652.0
k2_hush_sa,2002M01,909380.0
k2_hush_sa,2002M02,917368.0
k2_hush_sa,2002M03,922916.0
k2_hush_sa,2002M04,933383.0
k2_hush_sa,2002M05,941073.0
k2_hush_sa,2002M06,948245.0
k2_hush_sa,2002M07,957153.0
k2_hush_sa,2002M08,965852.0
k2_hush_sa,2002M09,972825.0
k2_hush_sa,2002M10,978959.0
k2_hush_sa,2002M11,986032.0
k2_hush_sa,2002M12,993370.0
k2_hush_sa,2003M01,1001618.0
k2_hush_sa,2003M02,1010884.0
k2_hush_sa,2003M03,1018747.0
k2_hush_sa,2003M04,1025798.0
k2_hush_sa,2003M05,1033917.0
k2_hush_sa,2003M06,1042820.0
k2_hush_sa,2003M07,1052383.0
k2_hush_sa,2003M08,1062507.0
k2_hush_sa,2003M09,1072691.0
k2_hush_sa,2003M10,1083456.0
k2_hush_sa,2003M11,1092477.0
k2_hush_sa,2003M12,1101913.0
k2_hush_sa,2004M01,1111529.0
k2_hush_sa,2004M02,1121302.0
k2_hush_sa,2004M03,1132169.0
k2_hush_sa,2004M04,1143728.0
k2_hush_sa,2004M05,1153783.0
k2_hush_sa,2004M06,1164571.0
k2_hush_sa,2004M07,1173970.0
k2_hush_sa,2004M08,1183413.0
k2_hush_sa,2004M09,1192038.0
k2_hush_sa,2004M10,1201686.0
k2_hush_sa,2004M11,1212728.0
k2_hush_sa,2004M12,1225531.0
k2_hush_sa,2005M01,1239520.0
k2_hush_sa,2005M02,1250629.0
k2_hush_sa,2005M03,1260409.0
k2_hush_sa,2005M04,1276301.0
k2_hush_sa,2005M05,1289836.0
k2_hush_sa,2005M06,1302831.0
k2_hush_sa,2005M07,1316301.0
k2_hush_sa,2005M08,1329272.0
k2_hush_sa,2005M09,1342774.0
k2_hush_sa,2005M10,1357168.0
k2_hush_sa,2005M11,1371740.0
k2_hush_sa,2005M12,1389726.0
k2_hush_sa,2006M01,1402864.0
k2_hush_sa,2006M02,1415107.0
k2_hush_sa,2006M03,1430427.0
k2_hush_sa,2006M04,1442279.0
k2_hush_sa,2006M05,1456366.0
k2_hush_sa,2006M06,1470987.0
k2_hush_sa,2006M07,1482726.0
k2_hush_sa,2006M08,1499723.0
k2_hush_sa,2006M09,1516104.0
k2_hush_sa,2006M10,1531833.0
k2_hush_sa,2006M11,1547604.0
k2_hush_sa,2006M12,1561954.0
k2_hush_sa,2007M01,1573011.0
k2_hush_sa,2007M02,1586070.0
k2_hush_sa,2007M03,1600434.0
k2_hush_sa,2007M04,1614090.0
k2_hush_sa,2007M05,1632958.0
k2_hush_sa,2007M06,1648406.0
k2_hush_sa,2007M07,1665093.0
k2_hush_sa,2007M08,1679795.0
k2_hush_sa,2007M09,1693149.0
k2_hush_sa,2007M10,1707263.0
k2_hush_sa,2007M11,1725033.0
k2_hush_sa,2007M12,1736555.0
k2_hush_sa,2008M01,1749983.0
k2_hush_sa,2008M02,1765464.0
k2_hush_sa,2008M03,1776142.0
k2_hush_sa,2008M04,1787406.0
k2_hush_sa,2008M05,1799221.0
k2_hush_sa,2008M06,1809903.0
k2_hush_sa,2008M07,1819918.0
k2_hush_sa,2008M08,1831091.0
k2_hush_sa,2008M09,1841563.0
k2_hush_sa,2008M10,1849719.0
k2_hush_sa,2008M11,1855404.0
k2_hush_sa,2008M12,1866469.0
k2_hush_sa,2009M01,1872634.0
k2_hush_sa,2009M02,1886729.0
k2_hush_sa,2009M03,1898662.0
k2_hush_sa,2009M04,1909101.0
k2_hush_sa,2009M05,1917535.0
k2_hush_sa,2009M06,1929141.0
k2_hush_sa,2009M07,1940102.0
k2_hush_sa,2009M08,1949423.0
k2_hush_sa,2009M09,1959207.0
k2_hush_sa,2009M10,1970051.0
k2_hush_sa,2009M11,1979751.0
k2_hush_sa,2009M12,1986689.0
k2_hush_sa,2010M01,1999515.0
k2_hush_sa,2010M02,2008718.0
k2_hush_sa,2010M03,2016445.0
k2_hush_sa,2010M04,2025994.0
k2_hush_sa,2010M05,2037937.0
k2_hush_sa,2010M06,2047073.0
k2_hush_sa,2010M07,2047968.0
k2_hush_sa,2010M08,2060823.0
k2_hush_sa,2010M09,2070914.0
k2_hush_sa,2010M10,2083009.0
k2_hush_sa,2010M11,2095362.0
k2_hush_sa,2010M12,2104830.0
k2_hush_sa,2011M01,2117195.0
k2_hush_sa,2011M02,2128790.0
k2_hush_sa,2011M03,2141514.0
k2_hush_sa,2011M04,2154536.0
k2_hush_sa,2011M05,2167442.0
k2_hush_sa,2011M06,2179141.0
k2_hush_sa,2011M07,2191881.0
k2_hush_sa,2011M08,2205905.0
k2_hush_sa,2011M09,2220535.0
k2_hush_sa,2011M10,2232171.0
k2_hush_sa,2011M11,2244772.0
k2_hush_sa,2011M12,2257860.0
k2_hush_sa,2012M01,2270387.0
k2_hush_sa,2012M02,2284163.0
k2_hush_sa,2012M03,2251895.0
k2_hush_sa,2012M04,2260550.0
k2_hush_sa,2012M05,2278950.0
k2_hush_sa,2012M06,2293326.0
k2_hush_sa,2012M07,2307694.0
k2_hush_sa,2012M08,2321194.0
k2_hush_sa,2012M09,2330107.0
k2_hush_sa,2012M10,2346240.0
k2_hush_sa,2012M11,2361157.0
k2_hush_sa,2012M12,2374848.0
k2_hush_sa,2013M01,2388469.0
k2_hush_sa,2013M02,2404830.0
k2_hush_sa,2013M03,2415366.0
k2_hush_sa,2013M04,2430289.0
k2_hush_sa,2013M05,2442848.0
k2_hush_sa,2013M06,2458644.0
k2_hush_sa,2013M07,2468131.0
k2_hush_sa,2013M08,2485997.0
k2_hush_sa,2013M09,2499739.0
k2_hush_sa,2013M10,2515005.0
k2_hush_sa,2013M11,2528284.0
k2_hush_sa,2013M12,2554820.0
k2_hush_sa,2014M01,2565784.0
k2_hush_sa,2014M02,2579104.0
k2_hush_sa,2014M03,2593774.0
k2_hush_sa,2014M04,2607611.0
k2_hush_sa,2014M05,2619680.0
k2_hush_sa,2014M06,2631003.0
k2_hush_sa,2014M07,2645199.0
k2_hush_sa,2014M08,2658554.0
k2_hush_sa,2014M09,2672723.0
k2_hush_sa,2014M10,2688624.0
k2_hush_sa,2014M11,2699940.0
k2_hush_sa,2014M12,2714184.0
k2_hush_sa,2015M01,2727720.0
k2_hush_sa,2015M02,2742804.0
k2_hush_sa,2015M03,2761737.0
k2_hush_sa,2015M04,2772908.0
k2_hush_sa,2015M05,2789967.0
k2_hush_sa,2015M06,2803753.0
k2_hush_sa,2015M07,2819483.0
k2_hush_sa,2015M08,2831604.0
k2_hush_sa,2015M09,2844569.0
k2_hush_sa,2015M10,2863507.0
k2_hush_sa,2015M11,2863706.0
k2_hush_sa,2015M12,2882661.0
k2_hush_sa,2016M01,2895612.0
k2_hush_sa,2016M02,2910137.0
k2_hush_sa,2016M03,2922503.0
k2_hush_sa,2016M04,2940362.0
k2_hush_sa,2016M05,2954252.0
k2_hush_sa,2016M06,2971088.0
k2_hush_sa,2016M07,2986056.0
k2_hush_sa,2016M08,3003202.0
k2_hush_sa,2016M09,3021573.0
k2_hush_sa,2016M10,3038060.0
k2_hush_sa,2016M11,3051362.0
k2_hush_sa,2016M12,3065526.0
k2_hush_sa,2017M01,3084457.0
k2_hush_sa,2017M02,3100841.0
k2_hush_sa,2017M03,3118408.0
k2_hush_sa,2017M04,3133182.0
k2_hush_sa,2017M05,3150578.0
k2_hush_sa,2017M06,3166499.0
k2_hush_sa,2017M07,3181788.0
k2_hush_sa,2017M08,3198605.0
k2_hush_sa,2017M09,3213798.0
k2_hush_sa,2017M10,3229069.0
k2_hush_sa,2017M11,3248524.0
k2_hush_sa,2017M12,3263139.0
k2_hush_sa,2018M01,3286637.0
k2_hush_sa,2018M02,3301733.0
k2_hush_sa,2018M03,3316732.0
k2_hush_sa,2018M04,3331861.0
k2_hush_sa,2018M05,3347119.0
k2_hush_sa,2018M06,3364215.0
k2_hush_sa,2018M07,3380744.0
k2_hush_sa,2018M08,3398239.0
k2_hush_sa,2018M09,3413742.0
k2_hush_sa,2018M10,3427460.0
k2_hush_sa,2018M11,3439806.0
k2_hush_sa,2018M12,3456456.0
k2_hush_sa,2019M01,3473776.0
k2_hush_sa,2019M02,3489903.0
k2_hush_sa,2019M03,3504350.0
k2_hush_sa,2019M04,3519409.0
k2_hush_sa,2019M05,3533926.0
k2_hush_sa,2019M06,3549384.0
k2_hush_sa,2019M07,3559210.0
k2_hush_sa,2019M08,3573373.0
k2_hush_sa,2019M09,3586326.0
k2_hush_sa,2019M10,3600166.0
k2_hush_sa,2019M11,3618512.0
k2_hush_sa,2019M12,3629148.0
k2_hush_sa,2020M01,3643619.0
k2_hush_sa,2020M02,3659584.0
k2_hush_sa,2020M03,3673762.0
k2_hush_sa,2020M04,3684754.0
k2_hush_sa,2020M05,3693047.0
k2_hush_sa,2020M06,3710782.0
k2_hush_sa,2020M07,3727419.0
k2_hush_sa,2020M08,3741797.0
k2_hush_sa,2020M09,3759771.0
k2_hush_sa,2020M10,3776904.0
k2_hush_sa,2020M11,3796639.0
k2_hush_sa,2020M12,3809298.0
k2_hush_sa,2021M01,3824705.0
k2_hush_sa,2021M02,3836470.0
k2_hush_sa,2021M03,3845145.0
k2_hush_sa,2021M04,3863458.0
k2_hush_sa,2021M05,3877190.0
k2_hush_sa,2021M06,3901144.0
k2_hush_sa,2021M07,3920210.0
k2_hush_sa,2021M08,3935756.0
k2_hush_sa,2021M09,3949858.0
k2_hush_sa,2021M10,3967153.0
k2_hush_sa,2021M11,3982416.0
k2_hush_sa,2021M12,3998773.0
k2_hush_sa,2022M01,4011614.0
k2_hush_sa,2022M02,4026766.0
k2_hush_sa,2022M03,4036139.0
k2_hush_sa,2022M04,4049502.0
k2_hush_sa,2022M05,4064972.0
k2_hush_sa,2022M06,4078307.0
k2_hush_sa,2022M07,4091762.0
k2_hush_sa,2022M08,4102897.0
k2_hush_sa,2022M09,4116275.0
k2_hush_sa,2022M10,4129068.0
k2_hush_sa,2022M11,4145623.0
k2_hush_sa,2022M12,4158827.0
k2_hush_sa,2023M01,4174874.0
k2_hush_sa,2023M02,4185410.0
k2_hush_sa,2023M03,4204492.0
k2_hush_sa,2023M04,4214810.0
k2_hush_sa,2023M05,4223404.0
k2_hush_sa,2023M06,4232086.0
k2_hush_sa,2023M07,4242168.0
k2_hush_sa,2023M08,4254098.0
k2_hush_sa,2023M09,4265770.0
k2_hush_sa,2023M10,4273212.0
k2_hush_sa,2023M11,4280907.0
k2_hush_sa,2023M12,4297612.0
k2_hush_sa,2024M01,4298593.0
k2_hush_sa,2024M02,4308178.0
k2_hush_sa,2024M03,4318516.0
k2_hush_sa,2024M04,4330446.0
k2_hush_sa,2024M05,4346042.0
k2_hush_sa,2024M06,4360542.0
k2_hush_sa,2024M07,4376610.0
k2_hush_sa,2024M08,4394372.0
k2_hush_sa,2024M09,4407111.0
k2_hush_sa,2024M10,4423421.0
k2_hush_sa,2024M11,4437250.0
k2_hush_sa,2024M12,4448102.0
k2_hush_sa,2025M01,4463808.0
k2_hush_sa,2025M02,4478568.0
k2_hush_sa,2025M03,4493480.0
k2_hush_sa,2025M04,4511684.0
k2_hush_sa,2025M05,4527567.0
k2_hush_sa,2025M06,4544782.0
k2_hush_sa,2025M07,4562924.0
k2_hush_sa,2025M08,4579310.0
k2_hush_sa,2025M09,4599688.0
k2_hush_sa,2025M10,4616882.0
k2_hush_sa,2025M11,4634664.0
k2_hush_sa,2025M12,4656976.0
k2_hush_sa,2026M01,4671394.0
k2_hush_sa,2026M02,4687496.0
k2_hush_sa,2026M03,4703506.0
k2_hush_sa,2026M04,4719823.0
k2_hush_sa,2026M05,4736318.0
k2_hush_sa,2026M06,4755334.0
k2_hush_sa,2026M07,4772842.0
k2_hush_sa,2026M08,4789158.0
k2_hush_vekst,1988M12,9.3
k2_hush_vekst,1989M01,8.6
k2_hush_vekst,1989M02,7.3
k2_hush_vekst,1989M03,6.6
k2_hush_vekst,1989M04,6.5
k2_hush_vekst,1989M05,5.9
k2_hush_vekst,1989M06,5.6
k2_hush_vekst,1989M07,6.1
k2_hush_vekst,1989M08,5.6
k2_hush_vekst,1989M09,5.0
k2_hush_vekst,1989M10,5.7
k2_hush_vekst,1989M11,5.8
k2_hush_vekst,1989M12,5.7
k2_hush_vekst,1990M01,5.7
k2_hush_vekst,1990M02,6.3
k2_hush_vekst,1990M03,6.8
k2_hush_vekst,1990M04,6.3
k2_hush_vekst,1990M05,6.3
k2_hush_vekst,1990M06,6.2
k2_hush_vekst,1990M07,5.7
k2_hush_vekst,1990M08,5.9
k2_hush_vekst,1990M09,5.1
k2_hush_vekst,1990M10,4.0
k2_hush_vekst,1990M11,3.9
k2_hush_vekst,1990M12,5.4
k2_hush_vekst,1991M01,5.4
k2_hush_vekst,1991M02,4.1
k2_hush_vekst,1991M03,3.8
k2_hush_vekst,1991M04,3.6
k2_hush_vekst,1991M05,3.1
k2_hush_vekst,1991M06,2.7
k2_hush_vekst,1991M07,2.5
k2_hush_vekst,1991M08,1.7
k2_hush_vekst,1991M09,1.9
k2_hush_vekst,1991M10,1.4
k2_hush_vekst,1991M11,0.8
k2_hush_vekst,1991M12,-0.7
k2_hush_vekst,1992M01,-0.9
k2_hush_vekst,1992M02,-0.5
k2_hush_vekst,1992M03,-1.6
k2_hush_vekst,1992M04,-1.3
k2_hush_vekst,1992M05,-1.1
k2_hush_vekst,1992M06,-2.3
k2_hush_vekst,1992M07,-2.0
k2_hush_vekst,1992M08,-2.3
k2_hush_vekst,1992M09,-2.8
k2_hush_vekst,1992M10,-2.3
k2_hush_vekst,1992M11,-2.3
k2_hush_vekst,1992M12,-2.1
k2_hush_vekst,1993M01,-2.7
k2_hush_vekst,1993M02,-2.6
k2_hush_vekst,1993M03,-2.3
k2_hush_vekst,1993M04,-3.4
k2_hush_vekst,1993M05,-3.8
k2_hush_vekst,1993M06,-2.6
k2_hush_vekst,1993M07,-3.0
k2_hush_vekst,1993M08,-2.2
k2_hush_vekst,1993M09,-1.7
k2_hush_vekst,1993M10,-1.6
k2_hush_vekst,1993M11,-0.9
k2_hush_vekst,1993M12,-1.2
k2_hush_vekst,1994M01,-0.2
k2_hush_vekst,1994M02,0.0
k2_hush_vekst,1994M03,0.6
k2_hush_vekst,1994M04,2.1
k2_hush_vekst,1994M05,2.7
k2_hush_vekst,1994M06,2.9
k2_hush_vekst,1994M07,3.7
k2_hush_vekst,1994M08,3.7
k2_hush_vekst,1994M09,4.4
k2_hush_vekst,1994M10,4.9
k2_hush_vekst,1994M11,4.8
k2_hush_vekst,1994M12,3.0
k2_hush_vekst,1995M01,3.0
k2_hush_vekst,1995M02,3.3
k2_hush_vekst,1995M03,3.5
k2_hush_vekst,1995M04,3.5
k2_hush_vekst,1995M05,3.9
k2_hush_vekst,1995M06,3.1
k2_hush_vekst,1995M07,3.1
k2_hush_vekst,1995M08,3.4
k2_hush_vekst,1995M09,3.3
k2_hush_vekst,1995M10,3.4
k2_hush_vekst,1995M11,3.8
k2_hush_vekst,1995M12,3.9
k2_hush_vekst,1996M01,4.2
k2_hush_vekst,1996M02,4.2
k2_hush_vekst,1996M03,4.3
k2_hush_vekst,1996M04,4.6
k2_hush_vekst,1996M05,4.5
k2_hush_vekst,1996M06,4.5
k2_hush_vekst,1996M07,4.7
k2_hush_vekst,1996M08,4.8
k2_hush_vekst,1996M09,5.0
k2_hush_vekst,1996M10,5.1
k2_hush_vekst,1996M11,4.9
k2_hush_vekst,1996M12,5.3
k2_hush_vekst,1997M01,5.5
k2_hush_vekst,1997M02,5.9
k2_hush_vekst,1997M03,6.1
k2_hush_vekst,1997M04,6.4
k2_hush_vekst,1997M05,6.6
k2_hush_vekst,1997M06,6.9
k2_hush_vekst,1997M07,6.7
k2_hush_vekst,1997M08,6.9
k2_hush_vekst,1997M09,7.1
k2_hush_vekst,1997M10,7.4
k2_hush_vekst,1997M11,7.5
k2_hush_vekst,1997M12,7.3
k2_hush_vekst,1998M01,7.3
k2_hush_vekst,1998M02,7.2
k2_hush_vekst,1998M03,7.4
k2_hush_vekst,1998M04,7.6
k2_hush_vekst,1998M05,7.6
k2_hush_vekst,1998M06,7.9
k2_hush_vekst,1998M07,8.5
k2_hush_vekst,1998M08,8.1
k2_hush_vekst,1998M09,7.3
k2_hush_vekst,1998M10,6.8
k2_hush_vekst,1998M11,6.6
k2_hush_vekst,1998M12,7.1
k2_hush_vekst,1999M01,6.8
k2_hush_vekst,1999M02,6.4
k2_hush_vekst,1999M03,6.3
k2_hush_vekst,1999M04,5.8
k2_hush_vekst,1999M05,5.8
k2_hush_vekst,1999M06,5.9
k2_hush_vekst,1999M07,5.8
k2_hush_vekst,1999M08,5.9
k2_hush_vekst,1999M09,7.1
k2_hush_vekst,1999M10,7.4
k2_hush_vekst,1999M11,8.1
k2_hush_vekst,1999M12,8.1
k2_hush_vekst,2000M01,8.5
k2_hush_vekst,2000M02,9.1
k2_hush_vekst,2000M03,9.8
k2_hush_vekst,2000M04,10.2
k2_hush_vekst,2000M05,10.4
k2_hush_vekst,2000M06,10.7
k2_hush_vekst,2000M07,10.5
k2_hush_vekst,2000M08,10.9
k2_hush_vekst,2000M09,11.0
k2_hush_vekst,2000M10,10.9
k2_hush_vekst,2000M11,10.8
k2_hush_vekst,2000M12,10.3
k2_hush_vekst,2001M01,10.6
k2_hush_vekst,2001M02,10.6
k2_hush_vekst,2001M03,10.4
k2_hush_vekst,2001M04,10.3
k2_hush_vekst,2001M05,10.7
k2_hush_vekst,2001M06,10.9
k2_hush_vekst,2001M07,11.0
k2_hush_vekst,2001M08,11.0
k2_hush_vekst,2001M09,10.8
k2_hush_vekst,2001M10,11.2
k2_hush_vekst,2001M11,11.4
k2_hush_vekst,2001M12,11.5
k2_hush_vekst,2002M01,11.2
k2_hush_vekst,2002M02,11.4
k2_hush_vekst,2002M03,11.1
k2_hush_vekst,2002M04,11.6
k2_hush_vekst,2002M05,11.4
k2_hush_vekst,2002M06,11.2
k2_hush_vekst,2002M07,11.5
k2_hush_vekst,2002M08,11.4
k2_hush_vekst,2002M09,11.2
k2_hush_vekst,2002M10,10.9
k2_hush_vekst,2002M11,10.6
k2_hush_vekst,2002M12,10.6
k2_hush_vekst,2003M01,10.6
k2_hush_vekst,2003M02,10.6
k2_hush_vekst,2003M03,10.7
k2_hush_vekst,2003M04,10.2
k2_hush_vekst,2003M05,10.1
k2_hush_vekst,2003M06,9.9
k2_hush_vekst,2003M07,9.9
k2_hush_vekst,2003M08,9.8
k2_hush_vekst,2003M09,10.2
k2_hush_vekst,2003M10,10.6
k2_hush_vekst,2003M11,10.8
k2_hush_vekst,2003M12,10.8
k2_hush_vekst,2004M01,10.7
k2_hush_vekst,2004M02,10.8
k2_hush_vekst,2004M03,11.1
k2_hush_vekst,2004M04,11.4
k2_hush_vekst,2004M05,11.5
k2_hush_vekst,2004M06,11.8
k2_hush_vekst,2004M07,11.6
k2_hush_vekst,2004M08,11.5
k2_hush_vekst,2004M09,11.1
k2_hush_vekst,2004M10,11.0
k2_hush_vekst,2004M11,11.2
k2_hush_vekst,2004M12,11.4
k2_hush_vekst,2005M01,11.8
k2_hush_vekst,2005M02,11.8
k2_hush_vekst,2005M03,11.5
k2_hush_vekst,2005M04,11.7
k2_hush_vekst,2005M05,11.9
k2_hush_vekst,2005M06,12.0
k2_hush_vekst,2005M07,12.3
k2_hush_vekst,2005M08,12.5
k2_hush_vekst,2005M09,12.7
k2_hush_vekst,2005M10,13.0
k2_hush_vekst,2005M11,13.1
k2_hush_vekst,2005M12,13.4
k2_hush_vekst,2006M01,13.2
k2_hush_vekst,2006M02,13.1
k2_hush_vekst,2006M03,13.5
k2_hush_vekst,2006M04,13.0
k2_hush_vekst,2006M05,12.9
k2_hush_vekst,2006M06,12.9
k2_hush_vekst,2006M07,12.7
k2_hush_vekst,2006M08,12.8
k2_hush_vekst,2006M09,12.9
k2_hush_vekst,2006M10,12.8
k2_hush_vekst,2006M11,12.9
k2_hush_vekst,2006M12,12.4
k2_hush_vekst,2007M01,12.1
k2_hush_vekst,2007M02,12.2
k2_hush_vekst,2007M03,11.9
k2_hush_vekst,2007M04,11.9
k2_hush_vekst,2007M05,12.1
k2_hush_vekst,2007M06,12.1
k2_hush_vekst,2007M07,12.3
k2_hush_vekst,2007M08,12.1
k2_hush_vekst,2007M09,11.8
k2_hush_vekst,2007M10,11.6
k2_hush_vekst,2007M11,11.5
k2_hush_vekst,2007M12,11.2
k2_hush_vekst,2008M01,11.3
k2_hush_vekst,2008M02,11.5
k2_hush_vekst,2008M03,11.0
k2_hush_vekst,2008M04,10.9
k2_hush_vekst,2008M05,10.3
k2_hush_vekst,2008M06,9.9
k2_hush_vekst,2008M07,9.4
k2_hush_vekst,2008M08,9.1
k2_hush_vekst,2008M09,8.8
k2_hush_vekst,2008M10,8.2
k2_hush_vekst,2008M11,7.3
k2_hush_vekst,2008M12,7.1
k2_hush_vekst,2009M01,6.8
k2_hush_vekst,2009M02,6.7
k2_hush_vekst,2009M03,6.7
k2_hush_vekst,2009M04,6.7
k2_hush_vekst,2009M05,6.4
k2_hush_vekst,2009M06,6.4
k2_hush_vekst,2009M07,6.5
k2_hush_vekst,2009M08,6.4
k2_hush_vekst,2009M09,6.4
k2_hush_vekst,2009M10,6.7
k2_hush_vekst,2009M11,6.9
k2_hush_vekst,2009M12,6.7
k2_hush_vekst,2010M01,7.0
k2_hush_vekst,2010M02,6.7
k2_hush_vekst,2010M03,6.4
k2_hush_vekst,2010M04,6.3
k2_hush_vekst,2010M05,6.4
k2_hush_vekst,2010M06,6.2
k2_hush_vekst,2010M07,6.1
k2_hush_vekst,2010M08,6.2
k2_hush_vekst,2010M09,6.3
k2_hush_vekst,2010M10,6.2
k2_hush_vekst,2010M11,6.3
k2_hush_vekst,2010M12,6.5
k2_hush_vekst,2011M01,6.4
k2_hush_vekst,2011M02,6.6
k2_hush_vekst,2011M03,6.8
k2_hush_vekst,2011M04,6.9
k2_hush_vekst,2011M05,7.0
k2_hush_vekst,2011M06,7.1
k2_hush_vekst,2011M07,7.1
k2_hush_vekst,2011M08,7.2
k2_hush_vekst,2011M09,7.2
k2_hush_vekst,2011M10,7.2
k2_hush_vekst,2011M11,7.2
k2_hush_vekst,2011M12,7.2
k2_hush_vekst,2012M01,7.2
k2_hush_vekst,2012M02,7.3
k2_hush_vekst,2012M03,7.1
k2_hush_vekst,2012M04,6.8
k2_hush_vekst,2012M05,7.0
k2_hush_vekst,2012M06,7.1
k2_hush_vekst,2012M07,7.2
k2_hush_vekst,2012M08,7.1
k2_hush_vekst,2012M09,7.0
k2_hush_vekst,2012M10,7.1
k2_hush_vekst,2012M11,7.2
k2_hush_vekst,2012M12,7.2
k2_hush_vekst,2013M01,7.2
k2_hush_vekst,2013M02,7.2
k2_hush_vekst,2013M03,7.4
k2_hush_vekst,2013M04,7.7
k2_hush_vekst,2013M05,7.4
k2_hush_vekst,2013M06,7.4
k2_hush_vekst,2013M07,7.1
k2_hush_vekst,2013M08,7.2
k2_hush_vekst,2013M09,7.2
k2_hush_vekst,2013M10,7.2
k2_hush_vekst,2013M11,7.0
k2_hush_vekst,2013M12,7.0
k2_hush_vekst,2014M01,6.8
k2_hush_vekst,2014M02,6.7
k2_hush_vekst,2014M03,6.9
k2_hush_vekst,2014M04,6.8
k2_hush_vekst,2014M05,6.7
k2_hush_vekst,2014M06,6.5
k2_hush_vekst,2014M07,6.7
k2_hush_vekst,2014M08,6.5
k2_hush_vekst,2014M09,6.4
k2_hush_vekst,2014M10,6.4
k2_hush_vekst,2014M11,6.2
k2_hush_vekst,2014M12,6.1
k2_hush_vekst,2015M01,6.2
k2_hush_vekst,2015M02,6.2
k2_hush_vekst,2015M03,6.3
k2_hush_vekst,2015M04,6.2
k2_hush_vekst,2015M05,6.4
k2_hush_vekst,2015M06,6.5
k2_hush_vekst,2015M07,6.5
k2_hush_vekst,2015M08,6.4
k2_hush_vekst,2015M09,6.3
k2_hush_vekst,2015M10,6.4
k2_hush_vekst,2015M11,5.9
k2_hush_vekst,2015M12,6.1
k2_hush_vekst,2016M01,6.1
k2_hush_vekst,2016M02,6.0
k2_hush_vekst,2016M03,5.8
k2_hush_vekst,2016M04,6.0
k2_hush_vekst,2016M05,5.9
k2_hush_vekst,2016M06,6.0
k2_hush_vekst,2016M07,5.9
k2_hush_vekst,2016M08,6.1
k2_hush_vekst,2016M09,6.3
k2_hush_vekst,2016M10,6.1
k2_hush_vekst,2016M11,6.5
k2_hush_vekst,2016M12,6.3
k2_hush_vekst,2017M01,6.5
k2_hush_vekst,2017M02,6.6
k2_hush_vekst,2017M03,6.7
k2_hush_vekst,2017M04,6.5
k2_hush_vekst,2017M05,6.7
k2_hush_vekst,2017M06,6.6
k2_hush_vekst,2017M07,6.6
k2_hush_vekst,2017M08,6.5
k2_hush_vekst,2017M09,6.4
k2_hush_vekst,2017M10,6.3
k2_hush_vekst,2017M11,6.4
k2_hush_vekst,2017M12,6.4
k2_hush_vekst,2018M01,6.2
k2_hush_vekst,2018M02,6.0
k2_hush_vekst,2018M03,6.0
k2_hush_vekst,2018M04,6.0
k2_hush_vekst,2018M05,5.8
k2_hush_vekst,2018M06,5.9
k2_hush_vekst,2018M07,5.8
k2_hush_vekst,2018M08,5.8
k2_hush_vekst,2018M09,5.8
k2_hush_vekst,2018M10,5.8
k2_hush_vekst,2018M11,5.6
k2_hush_vekst,2018M12,5.6
k2_hush_vekst,2019M01,5.8
k2_hush_vekst,2019M02,5.8
k2_hush_vekst,2019M03,5.7
k2_hush_vekst,2019M04,5.7
k2_hush_vekst,2019M05,5.7
k2_hush_vekst,2019M06,5.6
k2_hush_vekst,2019M07,5.4
k2_hush_vekst,2019M08,5.3
k2_hush_vekst,2019M09,5.1
k2_hush_vekst,2019M10,5.1
k2_hush_vekst,2019M11,5.2
k2_hush_vekst,2019M12,5.0
k2_hush_vekst,2020M01,4.9
k2_hush_vekst,2020M02,4.9
k2_hush_vekst,2020M03,4.8
k2_hush_vekst,2020M04,4.6
k2_hush_vekst,2020M05,4.5
k2_hush_vekst,2020M06,4.5
k2_hush_vekst,2020M07,4.6
k2_hush_vekst,2020M08,4.6
k2_hush_vekst,2020M09,4.7
k2_hush_vekst,2020M10,4.8
k2_hush_vekst,2020M11,4.8
k2_hush_vekst,2020M12,4.9
k2_hush_vekst,2021M01,4.9
k2_hush_vekst,2021M02,4.8
k2_hush_vekst,2021M03,4.8
k2_hush_vekst,2021M04,5.0
k2_hush_vekst,2021M05,5.1
k2_hush_vekst,2021M06,5.2
k2_hush_vekst,2021M07,5.2
k2_hush_vekst,2021M08,5.2
k2_hush_vekst,2021M09,5.1
k2_hush_vekst,2021M10,5.1
k2_hush_vekst,2021M11,5.0
k2_hush_vekst,2021M12,5.1
k2_hush_vekst,2022M01,5.0
k2_hush_vekst,2022M02,5.0
k2_hush_vekst,2022M03,5.0
k2_hush_vekst,2022M04,4.9
k2_hush_vekst,2022M05,4.9
k2_hush_vekst,2022M06,4.6
k2_hush_vekst,2022M07,4.5
k2_hush_vekst,2022M08,4.4
k2_hush_vekst,2022M09,4.3
k2_hush_vekst,2022M10,4.2
k2_hush_vekst,2022M11,4.2
k2_hush_vekst,2022M12,4.1
k2_hush_vekst,2023M01,4.1
k2_hush_vekst,2023M02,4.0
k2_hush_vekst,2023M03,4.2
k2_hush_vekst,2023M04,4.1
k2_hush_vekst,2023M05,3.9
k2_hush_vekst,2023M06,3.7
k2_hush_vekst,2023M07,3.7
k2_hush_vekst,2023M08,3.7
k2_hush_vekst,2023M09,3.7
k2_hush_vekst,2023M10,3.5
k2_hush_vekst,2023M11,3.3
k2_hush_vekst,2023M12,3.4
k2_hush_vekst,2024M01,3.3
k2_hush_vekst,2024M02,3.2
k2_hush_vekst,2024M03,3.0
k2_hush_vekst,2024M04,3.0
k2_hush_vekst,2024M05,3.2
k2_hush_vekst,2024M06,3.3
k2_hush_vekst,2024M07,3.4
k2_hush_vekst,2024M08,3.5
k2_hush_vekst,2024M09,3.5
k2_hush_vekst,2024M10,3.7
k2_hush_vekst,2024M11,3.9
k2_hush_vekst,2024M12,3.8
k2_hush_vekst,2025M01,3.9
k2_hush_vekst,2025M02,4.0
k2_hush_vekst,2025M03,4.1
k2_hush_vekst,2025M04,4.2
k2_hush_vekst,2025M05,4.2
k2_hush_vekst,2025M06,4.3
k2_hush_vekst,2025M07,4.3
k2_hush_vekst,2025M08,4.3
k2_hush_vekst,2025M09,4.4
k2_hush_vekst,2025M10,4.4
k2_hush_vekst,2025M11,4.5
k2_hush_vekst,2025M12,4.8
k2_hush_vekst,2026M01,4.7
k2_hush_vekst,2026M02,4.7
k2_hush_vekst,2026M03,4.7
k2_hush_vekst,2026M04,4.7
k2_hush_vekst,2026M05,4.6
k2_hush_vekst,2026M06,4.7
k2_hush_vekst,2026M07,4.6
k2_hush_vekst,2026M08,4.6
