Valuta,Lantaker2,ContentsCode,period,value,Valuta_label,Lantaker2_label,ContentsCode_label
00,Kred04,BruttogjeldSes,1985M12,,I alt,Husholdninger mv.,Innenlandsk lånegjeld. Sesongjustert (mill. kr)
00,Kred04,BruttogjeldSes,1986M01,,I alt,Husholdninger mv.,Innenlandsk lånegjeld. Sesongjustert (mill. kr)
00,Kred04,BruttogjeldSes,1986M02,,I alt,Husholdninger mv.,Innenlandsk lånegjeld. Sesongjustert (mill. kr)
00,Kred04,BruttogjeldSes,1986M03,,I alt,Husholdninger mv.,Innenlandsk lånegjeld. Sesongjustert (mill. kr)
00,Kred04,BruttogjeldSes,1986M04,,I alt,Husholdninger mv.,Innenlandsk lånegjeld. Sesongjustert (mill. kr)
00,Kred04,BruttogjeldSes,1986M05,,I alt,Husholdninger mv.,Innenlandsk lånegjeld. Sesongjustert (mill. kr)
00,Kred04,BruttogjeldSes,1986M06,,I alt,Husholdninger mv.,Innenlandsk lånegjeld. Sesongjustert (mill. kr)
00,Kred04,BruttogjeldSes,1986M07,,I alt,Husholdninger mv.,Innenlandsk lånegjeld. Sesongjustert (mill. kr)
00,Kred04,BruttogjeldSes,1986M08,,I alt,Husholdninger mv.,Innenlandsk lånegjeld. Sesongjustert (mill. kr)
00,Kred04,BruttogjeldSes,1986M09,,I alt,Husholdninger mv.,Innenlandsk lånegjeld. Sesongjustert (mill. kr)
00,Kred04,BruttogjeldSes,1986M10,,I alt,Husholdninger mv.,Innenlandsk lånegjeld. Sesongjustert (mill. kr)
00,Kred04,BruttogjeldSes,1986M11,,I alt,Husholdninger mv.,Innenlandsk lånegjeld. Sesongjustert (mill. kr)
00,Kred04,BruttogjeldSes,1986M12,,I alt,Husholdninger mv.,Innenlandsk lånegjeld. Sesongjustert (mill. kr)
00,Kred04,BruttogjeldSes,1987M01,,I alt,Husholdninger mv.,Innenlandsk lånegjeld. Sesongjustert (mill. kr)
00,Kred04,BruttogjeldSes,1987M02,,I alt,Husholdninger mv.,Innenlandsk lånegjeld. Sesongjustert (mill. kr)
00,Kred04,BruttogjeldSes,1987M03,,I alt,Husholdninger mv.,Innenlandsk lånegjeld. Sesongjustert (mill. kr)
00,Kred04,BruttogjeldSes,1987M04,,I alt,Husholdninger mv.,Innenlandsk lånegjeld. Sesongjustert (mill. kr)
00,Kred04,BruttogjeldSes,1987M05,,I alt,Husholdninger mv.,Innenlandsk lånegjeld. Sesongjustert (mill. kr)
00,Kred04,BruttogjeldSes,1987M06,,I alt,Husholdninger mv.,Innenlandsk lånegjeld. Sesongjustert (mill. kr)
00,Kred04,BruttogjeldSes,1987M07,,I alt,Husholdninger mv.,Innenlandsk lånegjeld. Sesongjustert (mill. kr)
00,Kred04,BruttogjeldSes,1987M08,,I alt,Husholdninger mv.,Innenlandsk lånegjeld. Sesongjustert (mill. kr)
00,Kred04,BruttogjeldSes,1987M09,,I alt,Husholdninger mv.,Innenlandsk lånegjeld. Sesongjustert (mill. kr)
00,Kred04,BruttogjeldSes,1987M10,,I alt,Husholdninger mv.,Innenlandsk lånegjeld. Sesongjustert (mill. kr)
00,Kred04,BruttogjeldSes,1987M11,,I alt,Husholdninger mv.,Innenlandsk lånegjeld. Sesongjustert (mill. kr)
00,Kred04,BruttogjeldSes,1987M12,442379.0,I alt,Husholdninger mv.,Innenlandsk lånegjeld. Sesongjustert (mill. kr)
00,Kred04,BruttogjeldSes,1988M01,446756.0,I alt,Husholdninger mv.,Innenlandsk lånegjeld. Sesongjustert (mill. kr)
00,Kred04,BruttogjeldSes,1988M02,452476.0,I alt,Husholdninger mv.,Innenlandsk lånegjeld. Sesongjustert (mill. kr)
00,Kred04,BruttogjeldSes,1988M03,456512.0,I alt,Husholdninger mv.,Innenlandsk lånegjeld. Sesongjustert (mill. kr)
00,Kred04,BruttogjeldSes,1988M04,459563.0,I alt,Husholdninger mv.,Innenlandsk lånegjeld. Sesongjustert (mill. kr)
00,Kred04,BruttogjeldSes,1988M05,463333.0,I alt,Husholdninger mv.,Innenlandsk lånegjeld. Sesongjustert (mill. kr)
00,Kred04,BruttogjeldSes,1988M06,466793.0,I alt,Husholdninger mv.,Innenlandsk lånegjeld. Sesongjustert (mill. kr)
00,Kred04,BruttogjeldSes,1988M07,467719.0,I alt,Husholdninger mv.,Innenlandsk lånegjeld. Sesongjustert (mill. kr)
00,Kred04,BruttogjeldSes,1988M08,472218.0,I alt,Husholdninger mv.,Innenlandsk lånegjeld. Sesongjustert (mill. kr)
00,Kred04,BruttogjeldSes,1988M09,476379.0,I alt,Husholdninger mv.,Innenlandsk lånegjeld. Sesongjustert (mill. kr)
00,Kred04,BruttogjeldSes,1988M10,479147.0,I alt,Husholdninger mv.,Innenlandsk lånegjeld. Sesongjustert (mill. kr)
00,Kred04,BruttogjeldSes,1988M11,481096.0,I alt,Husholdninger mv.,Innenlandsk lånegjeld. Sesongjustert (mill. kr)
00,Kred04,BruttogjeldSes,1988M12,483622.0,I alt,Husholdninger mv.,Innenlandsk lånegjeld. Sesongjustert (mill. kr)
00,Kred04,BruttogjeldSes,1989M01,486231.0,I alt,Husholdninger mv.,Innenlandsk lånegjeld. Sesongjustert (mill. kr)
00,Kred04,BruttogjeldSes,1989M02,484972.0,I alt,Husholdninger mv.,Innenlandsk lånegjeld. Sesongjustert (mill. kr)
00,Kred04,BruttogjeldSes,1989M03,486700.0,I alt,Husholdninger mv.,Innenlandsk lånegjeld. Sesongjustert (mill. kr)
00,Kred04,BruttogjeldSes,1989M04,489327.0,I alt,Husholdninger mv.,Innenlandsk lånegjeld. Sesongjustert (mill. kr)
00,Kred04,BruttogjeldSes,1989M05,491131.0,I alt,Husholdninger mv.,Innenlandsk lånegjeld. Sesongjustert (mill. kr)
00,Kred04,BruttogjeldSes,1989M06,493017.0,I alt,Husholdninger mv.,Innenlandsk lånegjeld. Sesongjustert (mill. kr)
00,Kred04,BruttogjeldSes,1989M07,496087.0,I alt,Husholdninger mv.,Innenlandsk lånegjeld. Sesongjustert (mill. kr)
00,Kred04,BruttogjeldSes,1989M08,498579.0,I alt,Husholdninger mv.,Innenlandsk lånegjeld. Sesongjustert (mill. kr)
00,Kred04,BruttogjeldSes,1989M09,500665.0,I alt,Husholdninger mv.,Innenlandsk lånegjeld. Sesongjustert (mill. kr)
00,Kred04,BruttogjeldSes,1989M10,507304.0,I alt,Husholdninger mv.,Innenlandsk lånegjeld. Sesongjustert (mill. kr)
00,Kred04,BruttogjeldSes,1989M11,509235.0,I alt,Husholdninger mv.,Innenlandsk lånegjeld. Sesongjustert (mill. kr)
00,Kred04,BruttogjeldSes,1989M12,476220.0,I alt,Husholdninger mv.,Innenlandsk lånegjeld. Sesongjustert (mill. kr)
00,Kred04,BruttogjeldSes,1990M01,477382.0,I alt,Husholdninger mv.,Innenlandsk lånegjeld. Sesongjustert (mill. kr)
00,Kred04,BruttogjeldSes,1990M02,479283.0,I alt,Husholdninger mv.,Innenlandsk lånegjeld. Sesongjustert (mill. kr)
00,Kred04,BruttogjeldSes,1990M03,483880.0,I alt,Husholdninger mv.,Innenlandsk lånegjeld. Sesongjustert (mill. kr)
00,Kred04,BruttogjeldSes,1990M04,483617.0,I alt,Husholdninger mv.,Innenlandsk lånegjeld. Sesongjustert (mill. kr)
00,Kred04,BruttogjeldSes,1990M05,485391.0,I alt,Husholdninger mv.,Innenlandsk lånegjeld. Sesongjustert (mill. kr)
00,Kred04,BruttogjeldSes,1990M06,486860.0,I alt,Husholdninger mv.,Innenlandsk lånegjeld. Sesongjustert (mill. kr)
00,Kred04,BruttogjeldSes,1990M07,487766.0,I alt,Husholdninger mv.,Innenlandsk lånegjeld. Sesongjustert (mill. kr)
00,Kred04,BruttogjeldSes,1990M08,490777.0,I alt,Husholdninger mv.,Innenlandsk lånegjeld. Sesongjustert (mill. kr)
00,Kred04,BruttogjeldSes,1990M09,489523.0,I alt,Husholdninger mv.,Innenlandsk lånegjeld. Sesongjustert (mill. kr)
00,Kred04,BruttogjeldSes,1990M10,490391.0,I alt,Husholdninger mv.,Innenlandsk lånegjeld. Sesongjustert (mill. kr)
00,Kred04,BruttogjeldSes,1990M11,491600.0,I alt,Husholdninger mv.,Innenlandsk lånegjeld. Sesongjustert (mill. kr)
00,Kred04,BruttogjeldSes,1990M12,501031.0,I alt,Husholdninger mv.,Innenlandsk lånegjeld. Sesongjustert (mill. kr)
00,Kred04,BruttogjeldSes,1991M01,501895.0,I alt,Husholdninger mv.,Innenlandsk lånegjeld. Sesongjustert (mill. kr)
00,Kred04,BruttogjeldSes,1991M02,498321.0,I alt,Husholdninger mv.,Innenlandsk lånegjeld. Sesongjustert (mill. kr)
00,Kred04,BruttogjeldSes,1991M03,502482.0,I alt,Husholdninger mv.,Innenlandsk lånegjeld. Sesongjustert (mill. kr)
00,Kred04,BruttogjeldSes,1991M04,501591.0,I alt,Husholdninger mv.,Innenlandsk lånegjeld. Sesongjustert (mill. kr)
00,Kred04,BruttogjeldSes,1991M05,501068.0,I alt,Husholdninger mv.,Innenlandsk lånegjeld. Sesongjustert (mill. kr)
00,Kred04,BruttogjeldSes,1991M06,501370.0,I alt,Husholdninger mv.,Innenlandsk lånegjeld. Sesongjustert (mill. kr)
00,Kred04,BruttogjeldSes,1991M07,501038.0,I alt,Husholdninger mv.,Innenlandsk lånegjeld. Sesongjustert (mill. kr)
00,Kred04,BruttogjeldSes,1991M08,500163.0,I alt,Husholdninger mv.,Innenlandsk lånegjeld. Sesongjustert (mill. kr)
00,Kred04,BruttogjeldSes,1991M09,499710.0,I alt,Husholdninger mv.,Innenlandsk lånegjeld. Sesongjustert (mill. kr)
00,Kred04,BruttogjeldSes,1991M10,498220.0,I alt,Husholdninger mv.,Innenlandsk lånegjeld. Sesongjustert (mill. kr)
00,Kred04,BruttogjeldSes,1991M11,496314.0,I alt,Husholdninger mv.,Innenlandsk lånegjeld. Sesongjustert (mill. kr)
00,Kred04,BruttogjeldSes,1991M12,497571.0,I alt,Husholdninger mv.,Innenlandsk lånegjeld. Sesongjustert (mill. kr)
00,Kred04,BruttogjeldSes,1992M01,497807.0,I alt,Husholdninger mv.,Innenlandsk lånegjeld. Sesongjustert (mill. kr)
00,Kred04,BruttogjeldSes,1992M02,496454.0,I alt,Husholdninger mv.,Innenlandsk lånegjeld. Sesongjustert (mill. kr)
00,Kred04,BruttogjeldSes,1992M03,494641.0,I alt,Husholdninger mv.,Innenlandsk lånegjeld. Sesongjustert (mill. kr)
00,Kred04,BruttogjeldSes,1992M04,494618.0,I alt,Husholdninger mv.,Innenlandsk lånegjeld. Sesongjustert (mill. kr)
00,Kred04,BruttogjeldSes,1992M05,495015.0,I alt,Husholdninger mv.,Innenlandsk lånegjeld. Sesongjustert (mill. kr)
00,Kred04,BruttogjeldSes,1992M06,488373.0,I alt,Husholdninger mv.,Innenlandsk lånegjeld. Sesongjustert (mill. kr)
00,Kred04,BruttogjeldSes,1992M07,489720.0,I alt,Husholdninger mv.,Innenlandsk lånegjeld. Sesongjustert (mill. kr)
00,Kred04,BruttogjeldSes,1992M08,486827.0,I alt,Husholdninger mv.,Innenlandsk lånegjeld. Sesongjustert (mill. kr)
00,Kred04,BruttogjeldSes,1992M09,484412.0,I alt,Husholdninger mv.,Innenlandsk lånegjeld. Sesongjustert (mill. kr)
00,Kred04,BruttogjeldSes,1992M10,485823.0,I alt,Husholdninger mv.,Innenlandsk lånegjeld. Sesongjustert (mill. kr)
00,Kred04,BruttogjeldSes,1992M11,484662.0,I alt,Husholdninger mv.,Innenlandsk lånegjeld. Sesongjustert (mill. kr)
00,Kred04,BruttogjeldSes,1992M12,488805.0,I alt,Husholdninger mv.,Innenlandsk lånegjeld. Sesongjustert (mill. kr)
00,Kred04,BruttogjeldSes,1993M01,485042.0,I alt,Husholdninger mv.,Innenlandsk lånegjeld. Sesongjustert (mill. kr)
00,Kred04,BruttogjeldSes,1993M02,484658.0,I alt,Husholdninger mv.,Innenlandsk lånegjeld. Sesongjustert (mill. kr)
00,Kred04,BruttogjeldSes,1993M03,483901.0,I alt,Husholdninger mv.,Innenlandsk lånegjeld. Sesongjustert (mill. kr)
00,Kred04,BruttogjeldSes,1993M04,477965.0,I alt,Husholdninger mv.,Innenlandsk lånegjeld. Sesongjustert (mill. kr)
00,Kred04,BruttogjeldSes,1993M05,476942.0,I alt,Husholdninger mv.,Innenlandsk lånegjeld. Sesongjustert (mill. kr)
00,Kred04,BruttogjeldSes,1993M06,478238.0,I alt,Husholdninger mv.,Innenlandsk lånegjeld. Sesongjustert (mill. kr)
00,Kred04,BruttogjeldSes,1993M07,477952.0,I alt,Husholdninger mv.,Innenlandsk lånegjeld. Sesongjustert (mill. kr)
00,Kred04,BruttogjeldSes,1993M08,478911.0,I alt,Husholdninger mv.,Innenlandsk lånegjeld. Sesongjustert (mill. kr)
00,Kred04,BruttogjeldSes,1993M09,478375.0,I alt,Husholdninger mv.,Innenlandsk lånegjeld. Sesongjustert (mill. kr)
00,Kred04,BruttogjeldSes,1993M10,479224.0,I alt,Husholdninger mv.,Innenlandsk lånegjeld. Sesongjustert (mill. kr)
00,Kred04,BruttogjeldSes,1993M11,481097.0,I alt,Husholdninger mv.,Innenlandsk lånegjeld. Sesongjustert (mill. kr)
00,Kred04,BruttogjeldSes,1993M12,484075.0,I alt,Husholdninger mv.,Innenlandsk lånegjeld. Sesongjustert (mill. kr)
00,Kred04,BruttogjeldSes,1994M01,485308.0,I alt,Husholdninger mv.,Innenlandsk lånegjeld. Sesongjustert (mill. kr)
00,Kred04,BruttogjeldSes,1994M02,485721.0,I alt,Husholdninger mv.,Innenlandsk lånegjeld. Sesongjustert (mill. kr)
00,Kred04,BruttogjeldSes,1994M03,487554.0,I alt,Husholdninger mv.,Innenlandsk lånegjeld. Sesongjustert (mill. kr)
00,Kred04,BruttogjeldSes,1994M04,488860.0,I alt,Husholdninger mv.,Innenlandsk lånegjeld. Sesongjustert (mill. kr)
00,Kred04,BruttogjeldSes,1994M05,490193.0,I alt,Husholdninger mv.,Innenlandsk lånegjeld. Sesongjustert (mill. kr)
00,Kred04,BruttogjeldSes,1994M06,525806.0,I alt,Husholdninger mv.,Innenlandsk lånegjeld. Sesongjustert (mill. kr)
00,Kred04,BruttogjeldSes,1994M07,528053.0,I alt,Husholdninger mv.,Innenlandsk lånegjeld. Sesongjustert (mill. kr)
00,Kred04,BruttogjeldSes,1994M08,529211.0,I alt,Husholdninger mv.,Innenlandsk lånegjeld. Sesongjustert (mill. kr)
00,Kred04,BruttogjeldSes,1994M09,531707.0,I alt,Husholdninger mv.,Innenlandsk lånegjeld. Sesongjustert (mill. kr)
00,Kred04,BruttogjeldSes,1994M10,533832.0,I alt,Husholdninger mv.,Innenlandsk lånegjeld. Sesongjustert (mill. kr)
00,Kred04,BruttogjeldSes,1994M11,535635.0,I alt,Husholdninger mv.,Innenlandsk lånegjeld. Sesongjustert (mill. kr)
00,Kred04,BruttogjeldSes,1994M12,530875.0,I alt,Husholdninger mv.,Innenlandsk lånegjeld. Sesongjustert (mill. kr)
00,Kred04,BruttogjeldSes,1995M01,531913.0,I alt,Husholdninger mv.,Innenlandsk lånegjeld. Sesongjustert (mill. kr)
00,Kred04,BruttogjeldSes,1995M02,533828.0,I alt,Husholdninger mv.,Innenlandsk lånegjeld. Sesongjustert (mill. kr)
00,Kred04,BruttogjeldSes,1995M03,536123.0,I alt,Husholdninger mv.,Innenlandsk lånegjeld. Sesongjustert (mill. kr)
00,Kred04,BruttogjeldSes,1995M04,537558.0,I alt,Husholdninger mv.,Innenlandsk lånegjeld. Sesongjustert (mill. kr)
00,Kred04,BruttogjeldSes,1995M05,540485.0,I alt,Husholdninger mv.,Innenlandsk lånegjeld. Sesongjustert (mill. kr)
00,Kred04,BruttogjeldSes,1995M06,541601.0,I alt,Husholdninger mv.,Innenlandsk lånegjeld. Sesongjustert (mill. kr)
00,Kred04,BruttogjeldSes,1995M07,543637.0,I alt,Husholdninger mv.,Innenlandsk lånegjeld. Sesongjustert (mill. kr)
00,Kred04,BruttogjeldSes,1995M08,546201.0,I alt,Husholdninger mv.,Innenlandsk lånegjeld. Sesongjustert (mill. kr)
00,Kred04,BruttogjeldSes,1995M09,548112.0,I alt,Husholdninger mv.,Innenlandsk lånegjeld. Sesongjustert (mill. kr)
00,Kred04,BruttogjeldSes,1995M10,550614.0,I alt,Husholdninger mv.,Innenlandsk lånegjeld. Sesongjustert (mill. kr)
00,Kred04,BruttogjeldSes,1995M11,554210.0,I alt,Husholdninger mv.,Innenlandsk lånegjeld. Sesongjustert (mill. kr)
00,Kred04,BruttogjeldSes,1995M12,553291.0,I alt,Husholdninger mv.,Innenlandsk lånegjeld. Sesongjustert (mill. kr)
00,Kred04,BruttogjeldSes,1996M01,556880.0,I alt,Husholdninger mv.,Innenlandsk lånegjeld. Sesongjustert (mill. kr)
00,Kred04,BruttogjeldSes,1996M02,558768.0,I alt,Husholdninger mv.,Innenlandsk lånegjeld. Sesongjustert (mill. kr)
00,Kred04,BruttogjeldSes,1996M03,561303.0,I alt,Husholdninger mv.,Innenlandsk lånegjeld. Sesongjustert (mill. kr)
00,Kred04,BruttogjeldSes,1996M04,564007.0,I alt,Husholdninger mv.,Innenlandsk lånegjeld. Sesongjustert (mill. kr)
00,Kred04,BruttogjeldSes,1996M05,566420.0,I alt,Husholdninger mv.,Innenlandsk lånegjeld. Sesongjustert (mill. kr)
00,Kred04,BruttogjeldSes,1996M06,568330.0,I alt,Husholdninger mv.,Innenlandsk lånegjeld. Sesongjustert (mill. kr)
00,Kred04,BruttogjeldSes,1996M07,571284.0,I alt,Husholdninger mv.,Innenlandsk lånegjeld. Sesongjustert (mill. kr)
00,Kred04,BruttogjeldSes,1996M08,573924.0,I alt,Husholdninger mv.,Innenlandsk lånegjeld. Sesongjustert (mill. kr)
00,Kred04,BruttogjeldSes,1996M09,576798.0,I alt,Husholdninger mv.,Innenlandsk lånegjeld. Sesongjustert (mill. kr)
00,Kred04,BruttogjeldSes,1996M10,579798.0,I alt,Husholdninger mv.,Innenlandsk lånegjeld. Sesongjustert (mill. kr)
00,Kred04,BruttogjeldSes,1996M11,582224.0,I alt,Husholdninger mv.,Innenlandsk lånegjeld. Sesongjustert (mill. kr)
00,Kred04,BruttogjeldSes,1996M12,583319.0,I alt,Husholdninger mv.,Innenlandsk lånegjeld. Sesongjustert (mill. kr)
00,Kred04,BruttogjeldSes,1997M01,588441.0,I alt,Husholdninger mv.,Innenlandsk lånegjeld. Sesongjustert (mill. kr)
00,Kred04,BruttogjeldSes,1997M02,592930.0,I alt,Husholdninger mv.,Innenlandsk lånegjeld. Sesongjustert (mill. kr)
00,Kred04,BruttogjeldSes,1997M03,596348.0,I alt,Husholdninger mv.,Innenlandsk lånegjeld. Sesongjustert (mill. kr)
00,Kred04,BruttogjeldSes,1997M04,600825.0,I alt,Husholdninger mv.,Innenlandsk lånegjeld. Sesongjustert (mill. kr)
00,Kred04,BruttogjeldSes,1997M05,604403.0,I alt,Husholdninger mv.,Innenlandsk lånegjeld. Sesongjustert (mill. kr)
00,Kred04,BruttogjeldSes,1997M06,607762.0,I alt,Husholdninger mv.,Innenlandsk lånegjeld. Sesongjustert (mill. kr)
00,Kred04,BruttogjeldSes,1997M07,610354.0,I alt,Husholdninger mv.,Innenlandsk lånegjeld. Sesongjustert (mill. kr)
00,Kred04,BruttogjeldSes,1997M08,614002.0,I alt,Husholdninger mv.,Innenlandsk lånegjeld. Sesongjustert (mill. kr)
00,Kred04,BruttogjeldSes,1997M09,617633.0,I alt,Husholdninger mv.,Innenlandsk lånegjeld. Sesongjustert (mill. kr)
00,Kred04,BruttogjeldSes,1997M10,623149.0,I alt,Husholdninger mv.,Innenlandsk lånegjeld. Sesongjustert (mill. kr)
00,Kred04,BruttogjeldSes,1997M11,626223.0,I alt,Husholdninger mv.,Innenlandsk lånegjeld. Sesongjustert (mill. kr)
00,Kred04,BruttogjeldSes,1997M12,627295.0,I alt,Husholdninger mv.,Innenlandsk lånegjeld. Sesongjustert (mill. kr)
00,Kred04,BruttogjeldSes,1998M01,633109.0,I alt,Husholdninger mv.,Innenlandsk lånegjeld. Sesongjustert (mill. kr)
00,Kred04,BruttogjeldSes,1998M02,637245.0,I alt,Husholdninger mv.,Innenlandsk lånegjeld. Sesongjustert (mill. kr)
00,Kred04,BruttogjeldSes,1998M03,641743.0,I alt,Husholdninger mv.,Innenlandsk lånegjeld. Sesongjustert (mill. kr)
00,Kred04,BruttogjeldSes,1998M04,646731.0,I alt,Husholdninger mv.,Innenlandsk lånegjeld. Sesongjustert (mill. kr)
00,Kred04,BruttogjeldSes,1998M05,650955.0,I alt,Husholdninger mv.,Innenlandsk lånegjeld. Sesongjustert (mill. kr)
00,Kred04,BruttogjeldSes,1998M06,655644.0,I alt,Husholdninger mv.,Innenlandsk lånegjeld. Sesongjustert (mill. kr)
00,Kred04,BruttogjeldSes,1998M07,661526.0,I alt,Husholdninger mv.,Innenlandsk lånegjeld. Sesongjustert (mill. kr)
00,Kred04,BruttogjeldSes,1998M08,664277.0,I alt,Husholdninger mv.,Innenlandsk lånegjeld. Sesongjustert (mill. kr)
00,Kred04,BruttogjeldSes,1998M09,662389.0,I alt,Husholdninger mv.,Innenlandsk lånegjeld. Sesongjustert (mill. kr)
00,Kred04,BruttogjeldSes,1998M10,665465.0,I alt,Husholdninger mv.,Innenlandsk lånegjeld. Sesongjustert (mill. kr)
00,Kred04,BruttogjeldSes,1998M11,667524.0,I alt,Husholdninger mv.,Innenlandsk lånegjeld. Sesongjustert (mill. kr)
00,Kred04,BruttogjeldSes,1998M12,672501.0,I alt,Husholdninger mv.,Innenlandsk lånegjeld. Sesongjustert (mill. kr)
00,Kred04,BruttogjeldSes,1999M01,676221.0,I alt,Husholdninger mv.,Innenlandsk lånegjeld. Sesongjustert (mill. kr)
00,Kred04,BruttogjeldSes,1999M02,678975.0,I alt,Husholdninger mv.,Innenlandsk lånegjeld. Sesongjustert (mill. kr)
00,Kred04,BruttogjeldSes,1999M03,681980.0,I alt,Husholdninger mv.,Innenlandsk lånegjeld. Sesongjustert (mill. kr)
00,Kred04,BruttogjeldSes,1999M04,684918.0,I alt,Husholdninger mv.,Innenlandsk lånegjeld. Sesongjustert (mill. kr)
00,Kred04,BruttogjeldSes,1999M05,689187.0,I alt,Husholdninger mv.,Innenlandsk lånegjeld. Sesongjustert (mill. kr)
00,Kred04,BruttogjeldSes,1999M06,693792.0,I alt,Husholdninger mv.,Innenlandsk lånegjeld. Sesongjustert (mill. kr)
00,Kred04,BruttogjeldSes,1999M07,699479.0,I alt,Husholdninger mv.,Innenlandsk lånegjeld. Sesongjustert (mill. kr)
00,Kred04,BruttogjeldSes,1999M08,703408.0,I alt,Husholdninger mv.,Innenlandsk lånegjeld. Sesongjustert (mill. kr)
00,Kred04,BruttogjeldSes,1999M09,709292.0,I alt,Husholdninger mv.,Innenlandsk lånegjeld. Sesongjustert (mill. kr)
00,Kred04,BruttogjeldSes,1999M10,714973.0,I alt,Husholdninger mv.,Innenlandsk lånegjeld. Sesongjustert (mill. kr)
00,Kred04,BruttogjeldSes,1999M11,721488.0,I alt,Husholdninger mv.,Innenlandsk lånegjeld. Sesongjustert (mill. kr)
00,Kred04,BruttogjeldSes,1999M12,727862.0,I alt,Husholdninger mv.,Innenlandsk lånegjeld. Sesongjustert (mill. kr)
00,Kred04,BruttogjeldSes,2000M01,734391.0,I alt,Husholdninger mv.,Innenlandsk lånegjeld. Sesongjustert (mill. kr)
00,Kred04,BruttogjeldSes,2000M02,741306.0,I alt,Husholdninger mv.,Innenlandsk lånegjeld. Sesongjustert (mill. kr)
00,Kred04,BruttogjeldSes,2000M03,749026.0,I alt,Husholdninger mv.,Innenlandsk lånegjeld. Sesongjustert (mill. kr)
00,Kred04,BruttogjeldSes,2000M04,755794.0,I alt,Husholdninger mv.,Innenlandsk lånegjeld. Sesongjustert (mill. kr)
00,Kred04,BruttogjeldSes,2000M05,762698.0,I alt,Husholdninger mv.,Innenlandsk lånegjeld. Sesongjustert (mill. kr)
00,Kred04,BruttogjeldSes,2000M06,769491.0,I alt,Husholdninger mv.,Innenlandsk lånegjeld. Sesongjustert (mill. kr)
00,Kred04,BruttogjeldSes,2000M07,774977.0,I alt,Husholdninger mv.,Innenlandsk lånegjeld. Sesongjustert (mill. kr)
00,Kred04,BruttogjeldSes,2000M08,782269.0,I alt,Husholdninger mv.,Innenlandsk lånegjeld. Sesongjustert (mill. kr)
00,Kred04,BruttogjeldSes,2000M09,790012.0,I alt,Husholdninger mv.,Innenlandsk lånegjeld. Sesongjustert (mill. kr)
00,Kred04,BruttogjeldSes,2000M10,795538.0,I alt,Husholdninger mv.,Innenlandsk lånegjeld. Sesongjustert (mill. kr)
00,Kred04,BruttogjeldSes,2000M11,801820.0,I alt,Husholdninger mv.,Innenlandsk lånegjeld. Sesongjustert (mill. kr)
00,Kred04,BruttogjeldSes,2000M12,806018.0,I alt,Husholdninger mv.,Innenlandsk lånegjeld. Sesongjustert (mill. kr)
00,Kred04,BruttogjeldSes,2001M01,816241.0,I alt,Husholdninger mv.,Innenlandsk lånegjeld. Sesongjustert (mill. kr)
00,Kred04,BruttogjeldSes,2001M02,823122.0,I alt,Husholdninger mv.,Innenlandsk lånegjeld. Sesongjustert (mill. kr)
00,Kred04,BruttogjeldSes,2001M03,830627.0,I alt,Husholdninger mv.,Innenlandsk lånegjeld. Sesongjustert (mill. kr)
00,Kred04,BruttogjeldSes,2001M04,836779.0,I alt,Husholdninger mv.,Innenlandsk lånegjeld. Sesongjustert (mill. kr)
00,Kred04,BruttogjeldSes,2001M05,846196.0,I alt,Husholdninger mv.,Innenlandsk lånegjeld. Sesongjustert (mill. kr)
00,Kred04,BruttogjeldSes,2001M06,855174.0,I alt,Husholdninger mv.,Innenlandsk lånegjeld. Sesongjustert (mill. kr)
00,Kred04,BruttogjeldSes,2001M07,860996.0,I alt,Husholdninger mv.,Innenlandsk lånegjeld. Sesongjustert (mill. kr)
00,Kred04,BruttogjeldSes,2001M08,868951.0,I alt,Husholdninger mv.,Innenlandsk lånegjeld. Sesongjustert (mill. kr)
00,Kred04,BruttogjeldSes,2001M09,876491.0,I alt,Husholdninger mv.,Innenlandsk lånegjeld. Sesongjustert (mill. kr)
00,Kred04,BruttogjeldSes,2001M10,885783.0,I alt,Husholdninger mv.,Innenlandsk lånegjeld. Sesongjustert (mill. kr)
00,Kred04,BruttogjeldSes,2001M11,894391.0,I alt,Husholdninger mv.,Innenlandsk lånegjeld. Sesongjustert (mill. kr)
00,Kred04,BruttogjeldSes,2001M12,901652.0,I alt,Husholdninger mv.,Innenlandsk lånegjeld. Sesongjustert (mill. kr)
00,Kred04,BruttogjeldSes,2002M01,909380.0,I alt,Husholdninger mv.,Innenlandsk lånegjeld. Sesongjustert (mill. kr)
00,Kred04,BruttogjeldSes,2002M02,917368.0,I alt,Husholdninger mv.,Innenlandsk lånegjeld. Sesongjustert (mill. kr)
00,Kred04,BruttogjeldSes,2002M03,922916.0,I alt,Husholdninger mv.,Innenlandsk lånegjeld. Sesongjustert (mill. kr)
00,Kred04,BruttogjeldSes,2002M04,933383.0,I alt,Husholdninger mv.,Innenlandsk lånegjeld. Sesongjustert (mill. kr)
00,Kred04,BruttogjeldSes,2002M05,941073.0,I alt,Husholdninger mv.,Innenlandsk lånegjeld. Sesongjustert (mill. kr)
00,Kred04,BruttogjeldSes,2002M06,948245.0,I alt,Husholdninger mv.,Innenlandsk lånegjeld. Sesongjustert (mill. kr)
00,Kred04,BruttogjeldSes,2002M07,957153.0,I alt,Husholdninger mv.,Innenlandsk lånegjeld. Sesongjustert (mill. kr)
00,Kred04,BruttogjeldSes,2002M08,965852.0,I alt,Husholdninger mv.,Innenlandsk lånegjeld. Sesongjustert (mill. kr)
00,Kred04,BruttogjeldSes,2002M09,972825.0,I alt,Husholdninger mv.,Innenlandsk lånegjeld. Sesongjustert (mill. kr)
00,Kred04,BruttogjeldSes,2002M10,978959.0,I alt,Husholdninger mv.,Innenlandsk lånegjeld. Sesongjustert (mill. kr)
00,Kred04,BruttogjeldSes,2002M11,986032.0,I alt,Husholdninger mv.,Innenlandsk lånegjeld. Sesongjustert (mill. kr)
00,Kred04,BruttogjeldSes,2002M12,993370.0,I alt,Husholdninger mv.,Innenlandsk lånegjeld. Sesongjustert (mill. kr)
00,Kred04,BruttogjeldSes,2003M01,1001618.0,I alt,Husholdninger mv.,Innenlandsk lånegjeld. Sesongjustert (mill. kr)
00,Kred04,BruttogjeldSes,2003M02,1010884.0,I alt,Husholdninger mv.,Innenlandsk lånegjeld. Sesongjustert (mill. kr)
00,Kred04,BruttogjeldSes,2003M03,1018747.0,I alt,Husholdninger mv.,Innenlandsk lånegjeld. Sesongjustert (mill. kr)
00,Kred04,BruttogjeldSes,2003M04,1025798.0,I alt,Husholdninger mv.,Innenlandsk lånegjeld. Sesongjustert (mill. kr)
00,Kred04,BruttogjeldSes,2003M05,1033917.0,I alt,Husholdninger mv.,Innenlandsk lånegjeld. Sesongjustert (mill. kr)
00,Kred04,BruttogjeldSes,2003M06,1042820.0,I alt,Husholdninger mv.,Innenlandsk lånegjeld. Sesongjustert (mill. kr)
00,Kred04,BruttogjeldSes,2003M07,1052383.0,I alt,Husholdninger mv.,Innenlandsk lånegjeld. Sesongjustert (mill. kr)
00,Kred04,BruttogjeldSes,2003M08,1062507.0,I alt,Husholdninger mv.,Innenlandsk lånegjeld. Sesongjustert (mill. kr)
00,Kred04,BruttogjeldSes,2003M09,1072691.0,I alt,Husholdninger mv.,Innenlandsk lånegjeld. Sesongjustert (mill. kr)
00,Kred04,BruttogjeldSes,2003M10,1083456.0,I alt,Husholdninger mv.,Innenlandsk lånegjeld. Sesongjustert (mill. kr)
00,Kred04,BruttogjeldSes,2003M11,1092477.0,I alt,Husholdninger mv.,Innenlandsk lånegjeld. Sesongjustert (mill. kr)
00,Kred04,BruttogjeldSes,2003M12,1101913.0,I alt,Husholdninger mv.,Innenlandsk lånegjeld. Sesongjustert (mill. kr)
00,Kred04,BruttogjeldSes,2004M01,1111529.0,I alt,Husholdninger mv.,Innenlandsk lånegjeld. Sesongjustert (mill. kr)
00,Kred04,BruttogjeldSes,2004M02,1121302.0,I alt,Husholdninger mv.,Innenlandsk lånegjeld. Sesongjustert (mill. kr)
00,Kred04,BruttogjeldSes,2004M03,1132169.0,I alt,Husholdninger mv.,Innenlandsk lånegjeld. Sesongjustert (mill. kr)
00,Kred04,BruttogjeldSes,2004M04,1143728.0,I alt,Husholdninger mv.,Innenlandsk lånegjeld. Sesongjustert (mill. kr)
00,Kred04,BruttogjeldSes,2004M05,1153783.0,I alt,Husholdninger mv.,Innenlandsk lånegjeld. Sesongjustert (mill. kr)
00,Kred04,BruttogjeldSes,2004M06,1164571.0,I alt,Husholdninger mv.,Innenlandsk lånegjeld. Sesongjustert (mill. kr)
00,Kred04,BruttogjeldSes,2004M07,1173970.0,I alt,Husholdninger mv.,Innenlandsk lånegjeld. Sesongjustert (mill. kr)
00,Kred04,BruttogjeldSes,2004M08,1183413.0,I alt,Husholdninger mv.,Innenlandsk lånegjeld. Sesongjustert (mill. kr)
00,Kred04,BruttogjeldSes,2004M09,1192038.0,I alt,Husholdninger mv.,Innenlandsk lånegjeld. Sesongjustert (mill. kr)
00,Kred04,BruttogjeldSes,2004M10,1201686.0,I alt,Husholdninger mv.,Innenlandsk lånegjeld. Sesongjustert (mill. kr)
00,Kred04,BruttogjeldSes,2004M11,1212728.0,I alt,Husholdninger mv.,Innenlandsk lånegjeld. Sesongjustert (mill. kr)
00,Kred04,BruttogjeldSes,2004M12,1225531.0,I alt,Husholdninger mv.,Innenlandsk lånegjeld. Sesongjustert (mill. kr)
00,Kred04,BruttogjeldSes,2005M01,1239520.0,I alt,Husholdninger mv.,Innenlandsk lånegjeld. Sesongjustert (mill. kr)
00,Kred04,BruttogjeldSes,2005M02,1250629.0,I alt,Husholdninger mv.,Innenlandsk lånegjeld. Sesongjustert (mill. kr)
00,Kred04,BruttogjeldSes,2005M03,1260409.0,I alt,Husholdninger mv.,Innenlandsk lånegjeld. Sesongjustert (mill. kr)
00,Kred04,BruttogjeldSes,2005M04,1276301.0,I alt,Husholdninger mv.,Innenlandsk lånegjeld. Sesongjustert (mill. kr)
00,Kred04,BruttogjeldSes,2005M05,1289836.0,I alt,Husholdninger mv.,Innenlandsk lånegjeld. Sesongjustert (mill. kr)
00,Kred04,BruttogjeldSes,2005M06,1302831.0,I alt,Husholdninger mv.,Innenlandsk lånegjeld. Sesongjustert (mill. kr)
00,Kred04,BruttogjeldSes,2005M07,1316301.0,I alt,Husholdninger mv.,Innenlandsk lånegjeld. Sesongjustert (mill. kr)
00,Kred04,BruttogjeldSes,2005M08,1329272.0,I alt,Husholdninger mv.,Innenlandsk lånegjeld. Sesongjustert (mill. kr)
00,Kred04,BruttogjeldSes,2005M09,1342774.0,I alt,Husholdninger mv.,Innenlandsk lånegjeld. Sesongjustert (mill. kr)
00,Kred04,BruttogjeldSes,2005M10,1357168.0,I alt,Husholdninger mv.,Innenlandsk lånegjeld. Sesongjustert (mill. kr)
00,Kred04,BruttogjeldSes,2005M11,1371740.0,I alt,Husholdninger mv.,Innenlandsk lånegjeld. Sesongjustert (mill. kr)
00,Kred04,BruttogjeldSes,2005M12,1389726.0,I alt,Husholdninger mv.,Innenlandsk lånegjeld. Sesongjustert (mill. kr)
00,Kred04,BruttogjeldSes,2006M01,1402864.0,I alt,Husholdninger mv.,Innenlandsk lånegjeld. Sesongjustert (mill. kr)
00,Kred04,BruttogjeldSes,2006M02,1415107.0,I alt,Husholdninger mv.,Innenlandsk lånegjeld. Sesongjustert (mill. kr)
00,Kred04,BruttogjeldSes,2006M03,1430427.0,I alt,Husholdninger mv.,Innenlandsk lånegjeld. Sesongjustert (mill. kr)
00,Kred04,BruttogjeldSes,2006M04,1442279.0,I alt,Husholdninger mv.,Innenlandsk lånegjeld. Sesongjustert (mill. kr)
00,Kred04,BruttogjeldSes,2006M05,1456366.0,I alt,Husholdninger mv.,Innenlandsk lånegjeld. Sesongjustert (mill. kr)
00,Kred04,BruttogjeldSes,2006M06,1470987.0,I alt,Husholdninger mv.,Innenlandsk lånegjeld. Sesongjustert (mill. kr)
00,Kred04,BruttogjeldSes,2006M07,1482726.0,I alt,Husholdninger mv.,Innenlandsk lånegjeld. Sesongjustert (mill. kr)
00,Kred04,BruttogjeldSes,2006M08,1499723.0,I alt,Husholdninger mv.,Innenlandsk lånegjeld. Sesongjustert (mill. kr)
00,Kred04,BruttogjeldSes,2006M09,1516104.0,I alt,Husholdninger mv.,Innenlandsk lånegjeld. Sesongjustert (mill. kr)
00,Kred04,BruttogjeldSes,2006M10,1531833.0,I alt,Husholdninger mv.,Innenlandsk lånegjeld. Sesongjustert (mill. kr)
00,Kred04,BruttogjeldSes,2006M11,1547604.0,I alt,Husholdninger mv.,Innenlandsk lånegjeld. Sesongjustert (mill. kr)
00,Kred04,BruttogjeldSes,2006M12,1561954.0,I alt,Husholdninger mv.,Innenlandsk lånegjeld. Sesongjustert (mill. kr)
00,Kred04,BruttogjeldSes,2007M01,1573011.0,I alt,Husholdninger mv.,Innenlandsk lånegjeld. Sesongjustert (mill. kr)
00,Kred04,BruttogjeldSes,2007M02,1586070.0,I alt,Husholdninger mv.,Innenlandsk lånegjeld. Sesongjustert (mill. kr)
00,Kred04,BruttogjeldSes,2007M03,1600434.0,I alt,Husholdninger mv.,Innenlandsk lånegjeld. Sesongjustert (mill. kr)
00,Kred04,BruttogjeldSes,2007M04,1614090.0,I alt,Husholdninger mv.,Innenlandsk lånegjeld. Sesongjustert (mill. kr)
00,Kred04,BruttogjeldSes,2007M05,1632958.0,I alt,Husholdninger mv.,Innenlandsk lånegjeld. Sesongjustert (mill. kr)
00,Kred04,BruttogjeldSes,2007M06,1648406.0,I alt,Husholdninger mv.,Innenlandsk lånegjeld. Sesongjustert (mill. kr)
00,Kred04,BruttogjeldSes,2007M07,1665093.0,I alt,Husholdninger mv.,Innenlandsk lånegjeld. Sesongjustert (mill. kr)
00,Kred04,BruttogjeldSes,2007M08,1679795.0,I alt,Husholdninger mv.,Innenlandsk lånegjeld. Sesongjustert (mill. kr)
00,Kred04,BruttogjeldSes,2007M09,1693149.0,I alt,Husholdninger mv.,Innenlandsk lånegjeld. Sesongjustert (mill. kr)
00,Kred04,BruttogjeldSes,2007M10,1707263.0,I alt,Husholdninger mv.,Innenlandsk lånegjeld. Sesongjustert (mill. kr)
00,Kred04,BruttogjeldSes,2007M11,1725033.0,I alt,Husholdninger mv.,Innenlandsk lånegjeld. Sesongjustert (mill. kr)
00,Kred04,BruttogjeldSes,2007M12,1736555.0,I alt,Husholdninger mv.,Innenlandsk lånegjeld. Sesongjustert (mill. kr)
00,Kred04,BruttogjeldSes,2008M01,1749983.0,I alt,Husholdninger mv.,Innenlandsk lånegjeld. Sesongjustert (mill. kr)
00,Kred04,BruttogjeldSes,2008M02,1765464.0,I alt,Husholdninger mv.,Innenlandsk lånegjeld. Sesongjustert (mill. kr)
00,Kred04,BruttogjeldSes,2008M03,1776142.0,I alt,Husholdninger mv.,Innenlandsk lånegjeld. Sesongjustert (mill. kr)
00,Kred04,BruttogjeldSes,2008M04,1787406.0,I alt,Husholdninger mv.,Innenlandsk lånegjeld. Sesongjustert (mill. kr)
00,Kred04,BruttogjeldSes,2008M05,1799221.0,I alt,Husholdninger mv.,Innenlandsk lånegjeld. Sesongjustert (mill. kr)
00,Kred04,BruttogjeldSes,2008M06,1809903.0,I alt,Husholdninger mv.,Innenlandsk lånegjeld. Sesongjustert (mill. kr)
00,Kred04,BruttogjeldSes,2008M07,1819918.0,I alt,Husholdninger mv.,Innenlandsk lånegjeld. Sesongjustert (mill. kr)
00,Kred04,BruttogjeldSes,2008M08,1831091.0,I alt,Husholdninger mv.,Innenlandsk lånegjeld. Sesongjustert (mill. kr)
00,Kred04,BruttogjeldSes,2008M09,1841563.0,I alt,Husholdninger mv.,Innenlandsk lånegjeld. Sesongjustert (mill. kr)
00,Kred04,BruttogjeldSes,2008M10,1849719.0,I alt,Husholdninger mv.,Innenlandsk lånegjeld. Sesongjustert (mill. kr)
00,Kred04,BruttogjeldSes,2008M11,1855404.0,I alt,Husholdninger mv.,Innenlandsk lånegjeld. Sesongjustert (mill. kr)
00,Kred04,BruttogjeldSes,2008M12,1866469.0,I alt,Husholdninger mv.,Innenlandsk lånegjeld. Sesongjustert (mill. kr)
00,Kred04,BruttogjeldSes,2009M01,1872634.0,I alt,Husholdninger mv.,Innenlandsk lånegjeld. Sesongjustert (mill. kr)
00,Kred04,BruttogjeldSes,2009M02,1886729.0,I alt,Husholdninger mv.,Innenlandsk lånegjeld. Sesongjustert (mill. kr)
00,Kred04,BruttogjeldSes,2009M03,1898662.0,I alt,Husholdninger mv.,Innenlandsk lånegjeld. Sesongjustert (mill. kr)
00,Kred04,BruttogjeldSes,2009M04,1909101.0,I alt,Husholdninger mv.,Innenlandsk lånegjeld. Sesongjustert (mill. kr)
00,Kred04,BruttogjeldSes,2009M05,1917535.0,I alt,Husholdninger mv.,Innenlandsk lånegjeld. Sesongjustert (mill. kr)
00,Kred04,BruttogjeldSes,2009M06,1929141.0,I alt,Husholdninger mv.,Innenlandsk lånegjeld. Sesongjustert (mill. kr)
00,Kred04,BruttogjeldSes,2009M07,1940102.0,I alt,Husholdninger mv.,Innenlandsk lånegjeld. Sesongjustert (mill. kr)
00,Kred04,BruttogjeldSes,2009M08,1949423.0,I alt,Husholdninger mv.,Innenlandsk lånegjeld. Sesongjustert (mill. kr)
00,Kred04,BruttogjeldSes,2009M09,1959207.0,I alt,Husholdninger mv.,Innenlandsk lånegjeld. Sesongjustert (mill. kr)
00,Kred04,BruttogjeldSes,2009M10,1970051.0,I alt,Husholdninger mv.,Innenlandsk lånegjeld. Sesongjustert (mill. kr)
00,Kred04,BruttogjeldSes,2009M11,1979751.0,I alt,Husholdninger mv.,Innenlandsk lånegjeld. Sesongjustert (mill. kr)
00,Kred04,BruttogjeldSes,2009M12,1986689.0,I alt,Husholdninger mv.,Innenlandsk lånegjeld. Sesongjustert (mill. kr)
00,Kred04,BruttogjeldSes,2010M01,1999515.0,I alt,Husholdninger mv.,Innenlandsk lånegjeld. Sesongjustert (mill. kr)
00,Kred04,BruttogjeldSes,2010M02,2008718.0,I alt,Husholdninger mv.,Innenlandsk lånegjeld. Sesongjustert (mill. kr)
00,Kred04,BruttogjeldSes,2010M03,2016445.0,I alt,Husholdninger mv.,Innenlandsk lånegjeld. Sesongjustert (mill. kr)
00,Kred04,BruttogjeldSes,2010M04,2025994.0,I alt,Husholdninger mv.,Innenlandsk lånegjeld. Sesongjustert (mill. kr)
00,Kred04,BruttogjeldSes,2010M05,2037937.0,I alt,Husholdninger mv.,Innenlandsk lånegjeld. Sesongjustert (mill. kr)
00,Kred04,BruttogjeldSes,2010M06,2047073.0,I alt,Husholdninger mv.,Innenlandsk lånegjeld. Sesongjustert (mill. kr)
00,Kred04,BruttogjeldSes,2010M07,2047968.0,I alt,Husholdninger mv.,Innenlandsk lånegjeld. Sesongjustert (mill. kr)
00,Kred04,BruttogjeldSes,2010M08,2060823.0,I alt,Husholdninger mv.,Innenlandsk lånegjeld. Sesongjustert (mill. kr)
00,Kred04,BruttogjeldSes,2010M09,2070914.0,I alt,Husholdninger mv.,Innenlandsk lånegjeld. Sesongjustert (mill. kr)
00,Kred04,BruttogjeldSes,2010M10,2083009.0,I alt,Husholdninger mv.,Innenlandsk lånegjeld. Sesongjustert (mill. kr)
00,Kred04,BruttogjeldSes,2010M11,2095362.0,I alt,Husholdninger mv.,Innenlandsk lånegjeld. Sesongjustert (mill. kr)
00,Kred04,BruttogjeldSes,2010M12,2104830.0,I alt,Husholdninger mv.,Innenlandsk lånegjeld. Sesongjustert (mill. kr)
00,Kred04,BruttogjeldSes,2011M01,2117195.0,I alt,Husholdninger mv.,Innenlandsk lånegjeld. Sesongjustert (mill. kr)
00,Kred04,BruttogjeldSes,2011M02,2128790.0,I alt,Husholdninger mv.,Innenlandsk lånegjeld. Sesongjustert (mill. kr)
00,Kred04,BruttogjeldSes,2011M03,2141514.0,I alt,Husholdninger mv.,Innenlandsk lånegjeld. Sesongjustert (mill. kr)
00,Kred04,BruttogjeldSes,2011M04,2154536.0,I alt,Husholdninger mv.,Innenlandsk lånegjeld. Sesongjustert (mill. kr)
00,Kred04,BruttogjeldSes,2011M05,2167442.0,I alt,Husholdninger mv.,Innenlandsk lånegjeld. Sesongjustert (mill. kr)
00,Kred04,BruttogjeldSes,2011M06,2179141.0,I alt,Husholdninger mv.,Innenlandsk lånegjeld. Sesongjustert (mill. kr)
00,Kred04,BruttogjeldSes,2011M07,2191881.0,I alt,Husholdninger mv.,Innenlandsk lånegjeld. Sesongjustert (mill. kr)
00,Kred04,BruttogjeldSes,2011M08,2205905.0,I alt,Husholdninger mv.,Innenlandsk lånegjeld. Sesongjustert (mill. kr)
00,Kred04,BruttogjeldSes,2011M09,2220535.0,I alt,Husholdninger mv.,Innenlandsk lånegjeld. Sesongjustert (mill. kr)
00,Kred04,BruttogjeldSes,2011M10,2232171.0,I alt,Husholdninger mv.,Innenlandsk lånegjeld. Sesongjustert (mill. kr)
00,Kred04,BruttogjeldSes,2011M11,2244772.0,I alt,Husholdninger mv.,Innenlandsk lånegjeld. Sesongjustert (mill. kr)
00,Kred04,BruttogjeldSes,2011M12,2257860.0,I alt,Husholdninger mv.,Innenlandsk lånegjeld. Sesongjustert (mill. kr)
00,Kred04,BruttogjeldSes,2012M01,2270387.0,I alt,Husholdninger mv.,Innenlandsk lånegjeld. Sesongjustert (mill. kr)
00,Kred04,BruttogjeldSes,2012M02,2284163.0,I alt,Husholdninger mv.,Innenlandsk lånegjeld. Sesongjustert (mill. kr)
00,Kred04,BruttogjeldSes,2012M03,2251895.0,I alt,Husholdninger mv.,Innenlandsk lånegjeld. Sesongjustert (mill. kr)
00,Kred04,BruttogjeldSes,2012M04,2260550.0,I alt,Husholdninger mv.,Innenlandsk lånegjeld. Sesongjustert (mill. kr)
00,Kred04,BruttogjeldSes,2012M05,2278950.0,I alt,Husholdninger mv.,Innenlandsk lånegjeld. Sesongjustert (mill. kr)
00,Kred04,BruttogjeldSes,2012M06,2293326.0,I alt,Husholdninger mv.,Innenlandsk lånegjeld. Sesongjustert (mill. kr)
00,Kred04,BruttogjeldSes,2012M07,2307694.0,I alt,Husholdninger mv.,Innenlandsk lånegjeld. Sesongjustert (mill. kr)
00,Kred04,BruttogjeldSes,2012M08,2321194.0,I alt,Husholdninger mv.,Innenlandsk lånegjeld. Sesongjustert (mill. kr)
00,Kred04,BruttogjeldSes,2012M09,2330107.0,I alt,Husholdninger mv.,Innenlandsk lånegjeld. Sesongjustert (mill. kr)
00,Kred04,BruttogjeldSes,2012M10,2346240.0,I alt,Husholdninger mv.,Innenlandsk lånegjeld. Sesongjustert (mill. kr)
00,Kred04,BruttogjeldSes,2012M11,2361157.0,I alt,Husholdninger mv.,Innenlandsk lånegjeld. Sesongjustert (mill. kr)
00,Kred04,BruttogjeldSes,2012M12,2374848.0,I alt,Husholdninger mv.,Innenlandsk lånegjeld. Sesongjustert (mill. kr)
00,Kred04,BruttogjeldSes,2013M01,2388469.0,I alt,Husholdninger mv.,Innenlandsk lånegjeld. Sesongjustert (mill. kr)
00,Kred04,BruttogjeldSes,2013M02,2404830.0,I alt,Husholdninger mv.,Innenlandsk lånegjeld. Sesongjustert (mill. kr)
00,Kred04,BruttogjeldSes,2013M03,2415366.0,I alt,Husholdninger mv.,Innenlandsk lånegjeld. Sesongjustert (mill. kr)
00,Kred04,BruttogjeldSes,2013M04,2430289.0,I alt,Husholdninger mv.,Innenlandsk lånegjeld. Sesongjustert (mill. kr)
00,Kred04,BruttogjeldSes,2013M05,2442848.0,I alt,Husholdninger mv.,Innenlandsk lånegjeld. Sesongjustert (mill. kr)
00,Kred04,BruttogjeldSes,2013M06,2458644.0,I alt,Husholdninger mv.,Innenlandsk lånegjeld. Sesongjustert (mill. kr)
00,Kred04,BruttogjeldSes,2013M07,2468131.0,I alt,Husholdninger mv.,Innenlandsk lånegjeld. Sesongjustert (mill. kr)
00,Kred04,BruttogjeldSes,2013M08,2485997.0,I alt,Husholdninger mv.,Innenlandsk lånegjeld. Sesongjustert (mill. kr)
00,Kred04,BruttogjeldSes,2013M09,2499739.0,I alt,Husholdninger mv.,Innenlandsk lånegjeld. Sesongjustert (mill. kr)
00,Kred04,BruttogjeldSes,2013M10,2515005.0,I alt,Husholdninger mv.,Innenlandsk lånegjeld. Sesongjustert (mill. kr)
00,Kred04,BruttogjeldSes,2013M11,2528284.0,I alt,Husholdninger mv.,Innenlandsk lånegjeld. Sesongjustert (mill. kr)
00,Kred04,BruttogjeldSes,2013M12,2554820.0,I alt,Husholdninger mv.,Innenlandsk lånegjeld. Sesongjustert (mill. kr)
00,Kred04,BruttogjeldSes,2014M01,2565784.0,I alt,Husholdninger mv.,Innenlandsk lånegjeld. Sesongjustert (mill. kr)
00,Kred04,BruttogjeldSes,2014M02,2579104.0,I alt,Husholdninger mv.,Innenlandsk lånegjeld. Sesongjustert (mill. kr)
00,Kred04,BruttogjeldSes,2014M03,2593774.0,I alt,Husholdninger mv.,Innenlandsk lånegjeld. Sesongjustert (mill. kr)
00,Kred04,BruttogjeldSes,2014M04,2607611.0,I alt,Husholdninger mv.,Innenlandsk lånegjeld. Sesongjustert (mill. kr)
00,Kred04,BruttogjeldSes,2014M05,2619680.0,I alt,Husholdninger mv.,Innenlandsk lånegjeld. Sesongjustert (mill. kr)
00,Kred04,BruttogjeldSes,2014M06,2631003.0,I alt,Husholdninger mv.,Innenlandsk lånegjeld. Sesongjustert (mill. kr)
00,Kred04,BruttogjeldSes,2014M07,2645199.0,I alt,Husholdninger mv.,Innenlandsk lånegjeld. Sesongjustert (mill. kr)
00,Kred04,BruttogjeldSes,2014M08,2658554.0,I alt,Husholdninger mv.,Innenlandsk lånegjeld. Sesongjustert (mill. kr)
00,Kred04,BruttogjeldSes,2014M09,2672723.0,I alt,Husholdninger mv.,Innenlandsk lånegjeld. Sesongjustert (mill. kr)
00,Kred04,BruttogjeldSes,2014M10,2688624.0,I alt,Husholdninger mv.,Innenlandsk lånegjeld. Sesongjustert (mill. kr)
00,Kred04,BruttogjeldSes,2014M11,2699940.0,I alt,Husholdninger mv.,Innenlandsk lånegjeld. Sesongjustert (mill. kr)
00,Kred04,BruttogjeldSes,2014M12,2714184.0,I alt,Husholdninger mv.,Innenlandsk lånegjeld. Sesongjustert (mill. kr)
00,Kred04,BruttogjeldSes,2015M01,2727720.0,I alt,Husholdninger mv.,Innenlandsk lånegjeld. Sesongjustert (mill. kr)
00,Kred04,BruttogjeldSes,2015M02,2742804.0,I alt,Husholdninger mv.,Innenlandsk lånegjeld. Sesongjustert (mill. kr)
00,Kred04,BruttogjeldSes,2015M03,2761737.0,I alt,Husholdninger mv.,Innenlandsk lånegjeld. Sesongjustert (mill. kr)
00,Kred04,BruttogjeldSes,2015M04,2772908.0,I alt,Husholdninger mv.,Innenlandsk lånegjeld. Sesongjustert (mill. kr)
00,Kred04,BruttogjeldSes,2015M05,2789967.0,I alt,Husholdninger mv.,Innenlandsk lånegjeld. Sesongjustert (mill. kr)
00,Kred04,BruttogjeldSes,2015M06,2803753.0,I alt,Husholdninger mv.,Innenlandsk lånegjeld. Sesongjustert (mill. kr)
00,Kred04,BruttogjeldSes,2015M07,2819483.0,I alt,Husholdninger mv.,Innenlandsk lånegjeld. Sesongjustert (mill. kr)
00,Kred04,BruttogjeldSes,2015M08,2831604.0,I alt,Husholdninger mv.,Innenlandsk lånegjeld. Sesongjustert (mill. kr)
00,Kred04,BruttogjeldSes,2015M09,2844569.0,I alt,Husholdninger mv.,Innenlandsk lånegjeld. Sesongjustert (mill. kr)
00,Kred04,BruttogjeldSes,2015M10,2863507.0,I alt,Husholdninger mv.,Innenlandsk lånegjeld. Sesongjustert (mill. kr)
00,Kred04,BruttogjeldSes,2015M11,2863706.0,I alt,Husholdninger mv.,Innenlandsk lånegjeld. Sesongjustert (mill. kr)
00,Kred04,BruttogjeldSes,2015M12,2882661.0,I alt,Husholdninger mv.,Innenlandsk lånegjeld. Sesongjustert (mill. kr)
00,Kred04,BruttogjeldSes,2016M01,2895612.0,I alt,Husholdninger mv.,Innenlandsk lånegjeld. Sesongjustert (mill. kr)
00,Kred04,BruttogjeldSes,2016M02,2910137.0,I alt,Husholdninger mv.,Innenlandsk lånegjeld. Sesongjustert (mill. kr)
00,Kred04,BruttogjeldSes,2016M03,2922503.0,I alt,Husholdninger mv.,Innenlandsk lånegjeld. Sesongjustert (mill. kr)
00,Kred04,BruttogjeldSes,2016M04,2940362.0,I alt,Husholdninger mv.,Innenlandsk lånegjeld. Sesongjustert (mill. kr)
00,Kred04,BruttogjeldSes,2016M05,2954252.0,I alt,Husholdninger mv.,Innenlandsk lånegjeld. Sesongjustert (mill. kr)
00,Kred04,BruttogjeldSes,2016M06,2971088.0,I alt,Husholdninger mv.,Innenlandsk lånegjeld. Sesongjustert (mill. kr)
00,Kred04,BruttogjeldSes,2016M07,2986056.0,I alt,Husholdninger mv.,Innenlandsk lånegjeld. Sesongjustert (mill. kr)
00,Kred04,BruttogjeldSes,2016M08,3003202.0,I alt,Husholdninger mv.,Innenlandsk lånegjeld. Sesongjustert (mill. kr)
00,Kred04,BruttogjeldSes,2016M09,3021573.0,I alt,Husholdninger mv.,Innenlandsk lånegjeld. Sesongjustert (mill. kr)
00,Kred04,BruttogjeldSes,2016M10,3038060.0,I alt,Husholdninger mv.,Innenlandsk lånegjeld. Sesongjustert (mill. kr)
00,Kred04,BruttogjeldSes,2016M11,3051362.0,I alt,Husholdninger mv.,Innenlandsk lånegjeld. Sesongjustert (mill. kr)
00,Kred04,BruttogjeldSes,2016M12,3065526.0,I alt,Husholdninger mv.,Innenlandsk lånegjeld. Sesongjustert (mill. kr)
00,Kred04,BruttogjeldSes,2017M01,3084457.0,I alt,Husholdninger mv.,Innenlandsk lånegjeld. Sesongjustert (mill. kr)
00,Kred04,BruttogjeldSes,2017M02,3100841.0,I alt,Husholdninger mv.,Innenlandsk lånegjeld. Sesongjustert (mill. kr)
00,Kred04,BruttogjeldSes,2017M03,3118408.0,I alt,Husholdninger mv.,Innenlandsk lånegjeld. Sesongjustert (mill. kr)
00,Kred04,BruttogjeldSes,2017M04,3133182.0,I alt,Husholdninger mv.,Innenlandsk lånegjeld. Sesongjustert (mill. kr)
00,Kred04,BruttogjeldSes,2017M05,3150578.0,I alt,Husholdninger mv.,Innenlandsk lånegjeld. Sesongjustert (mill. kr)
00,Kred04,BruttogjeldSes,2017M06,3166499.0,I alt,Husholdninger mv.,Innenlandsk lånegjeld. Sesongjustert (mill. kr)
00,Kred04,BruttogjeldSes,2017M07,3181788.0,I alt,Husholdninger mv.,Innenlandsk lånegjeld. Sesongjustert (mill. kr)
00,Kred04,BruttogjeldSes,2017M08,3198605.0,I alt,Husholdninger mv.,Innenlandsk lånegjeld. Sesongjustert (mill. kr)
00,Kred04,BruttogjeldSes,2017M09,3213798.0,I alt,Husholdninger mv.,Innenlandsk lånegjeld. Sesongjustert (mill. kr)
00,Kred04,BruttogjeldSes,2017M10,3229069.0,I alt,Husholdninger mv.,Innenlandsk lånegjeld. Sesongjustert (mill. kr)
00,Kred04,BruttogjeldSes,2017M11,3248524.0,I alt,Husholdninger mv.,Innenlandsk lånegjeld. Sesongjustert (mill. kr)
00,Kred04,BruttogjeldSes,2017M12,3263139.0,I alt,Husholdninger mv.,Innenlandsk lånegjeld. Sesongjustert (mill. kr)
00,Kred04,BruttogjeldSes,2018M01,3286637.0,I alt,Husholdninger mv.,Innenlandsk lånegjeld. Sesongjustert (mill. kr)
00,Kred04,BruttogjeldSes,2018M02,3301733.0,I alt,Husholdninger mv.,Innenlandsk lånegjeld. Sesongjustert (mill. kr)
00,Kred04,BruttogjeldSes,2018M03,3316732.0,I alt,Husholdninger mv.,Innenlandsk lånegjeld. Sesongjustert (mill. kr)
00,Kred04,BruttogjeldSes,2018M04,3331861.0,I alt,Husholdninger mv.,Innenlandsk lånegjeld. Sesongjustert (mill. kr)
00,Kred04,BruttogjeldSes,2018M05,3347119.0,I alt,Husholdninger mv.,Innenlandsk lånegjeld. Sesongjustert (mill. kr)
00,Kred04,BruttogjeldSes,2018M06,3364215.0,I alt,Husholdninger mv.,Innenlandsk lånegjeld. Sesongjustert (mill. kr)
00,Kred04,BruttogjeldSes,2018M07,3380744.0,I alt,Husholdninger mv.,Innenlandsk lånegjeld. Sesongjustert (mill. kr)
00,Kred04,BruttogjeldSes,2018M08,3398239.0,I alt,Husholdninger mv.,Innenlandsk lånegjeld. Sesongjustert (mill. kr)
00,Kred04,BruttogjeldSes,2018M09,3413742.0,I alt,Husholdninger mv.,Innenlandsk lånegjeld. Sesongjustert (mill. kr)
00,Kred04,BruttogjeldSes,2018M10,3427460.0,I alt,Husholdninger mv.,Innenlandsk lånegjeld. Sesongjustert (mill. kr)
00,Kred04,BruttogjeldSes,2018M11,3439806.0,I alt,Husholdninger mv.,Innenlandsk lånegjeld. Sesongjustert (mill. kr)
00,Kred04,BruttogjeldSes,2018M12,3456456.0,I alt,Husholdninger mv.,Innenlandsk lånegjeld. Sesongjustert (mill. kr)
00,Kred04,BruttogjeldSes,2019M01,3473776.0,I alt,Husholdninger mv.,Innenlandsk lånegjeld. Sesongjustert (mill. kr)
00,Kred04,BruttogjeldSes,2019M02,3489903.0,I alt,Husholdninger mv.,Innenlandsk lånegjeld. Sesongjustert (mill. kr)
00,Kred04,BruttogjeldSes,2019M03,3504350.0,I alt,Husholdninger mv.,Innenlandsk lånegjeld. Sesongjustert (mill. kr)
00,Kred04,BruttogjeldSes,2019M04,3519409.0,I alt,Husholdninger mv.,Innenlandsk lånegjeld. Sesongjustert (mill. kr)
00,Kred04,BruttogjeldSes,2019M05,3533926.0,I alt,Husholdninger mv.,Innenlandsk lånegjeld. Sesongjustert (mill. kr)
00,Kred04,BruttogjeldSes,2019M06,3549384.0,I alt,Husholdninger mv.,Innenlandsk lånegjeld. Sesongjustert (mill. kr)
00,Kred04,BruttogjeldSes,2019M07,3559210.0,I alt,Husholdninger mv.,Innenlandsk lånegjeld. Sesongjustert (mill. kr)
00,Kred04,BruttogjeldSes,2019M08,3573373.0,I alt,Husholdninger mv.,Innenlandsk lånegjeld. Sesongjustert (mill. kr)
00,Kred04,BruttogjeldSes,2019M09,3586326.0,I alt,Husholdninger mv.,Innenlandsk lånegjeld. Sesongjustert (mill. kr)
00,Kred04,BruttogjeldSes,2019M10,3600166.0,I alt,Husholdninger mv.,Innenlandsk lånegjeld. Sesongjustert (mill. kr)
00,Kred04,BruttogjeldSes,2019M11,3618512.0,I alt,Husholdninger mv.,Innenlandsk lånegjeld. Sesongjustert (mill. kr)
00,Kred04,BruttogjeldSes,2019M12,3629148.0,I alt,Husholdninger mv.,Innenlandsk lånegjeld. Sesongjustert (mill. kr)
00,Kred04,BruttogjeldSes,2020M01,3643619.0,I alt,Husholdninger mv.,Innenlandsk lånegjeld. Sesongjustert (mill. kr)
00,Kred04,BruttogjeldSes,2020M02,3659584.0,I alt,Husholdninger mv.,Innenlandsk lånegjeld. Sesongjustert (mill. kr)
00,Kred04,BruttogjeldSes,2020M03,3673762.0,I alt,Husholdninger mv.,Innenlandsk lånegjeld. Sesongjustert (mill. kr)
00,Kred04,BruttogjeldSes,2020M04,3684754.0,I alt,Husholdninger mv.,Innenlandsk lånegjeld. Sesongjustert (mill. kr)
00,Kred04,BruttogjeldSes,2020M05,3693047.0,I alt,Husholdninger mv.,Innenlandsk lånegjeld. Sesongjustert (mill. kr)
00,Kred04,BruttogjeldSes,2020M06,3710782.0,I alt,Husholdninger mv.,Innenlandsk lånegjeld. Sesongjustert (mill. kr)
00,Kred04,BruttogjeldSes,2020M07,3727419.0,I alt,Husholdninger mv.,Innenlandsk lånegjeld. Sesongjustert (mill. kr)
00,Kred04,BruttogjeldSes,2020M08,3741797.0,I alt,Husholdninger mv.,Innenlandsk lånegjeld. Sesongjustert (mill. kr)
00,Kred04,BruttogjeldSes,2020M09,3759771.0,I alt,Husholdninger mv.,Innenlandsk lånegjeld. Sesongjustert (mill. kr)
00,Kred04,BruttogjeldSes,2020M10,3776904.0,I alt,Husholdninger mv.,Innenlandsk lånegjeld. Sesongjustert (mill. kr)
00,Kred04,BruttogjeldSes,2020M11,3796639.0,I alt,Husholdninger mv.,Innenlandsk lånegjeld. Sesongjustert (mill. kr)
00,Kred04,BruttogjeldSes,2020M12,3809298.0,I alt,Husholdninger mv.,Innenlandsk lånegjeld. Sesongjustert (mill. kr)
00,Kred04,BruttogjeldSes,2021M01,3824705.0,I alt,Husholdninger mv.,Innenlandsk lånegjeld. Sesongjustert (mill. kr)
00,Kred04,BruttogjeldSes,2021M02,3836470.0,I alt,Husholdninger mv.,Innenlandsk lånegjeld. Sesongjustert (mill. kr)
00,Kred04,BruttogjeldSes,2021M03,3845145.0,I alt,Husholdninger mv.,Innenlandsk lånegjeld. Sesongjustert (mill. kr)
00,Kred04,BruttogjeldSes,2021M04,3863458.0,I alt,Husholdninger mv.,Innenlandsk lånegjeld. Sesongjustert (mill. kr)
00,Kred04,BruttogjeldSes,2021M05,3877190.0,I alt,Husholdninger mv.,Innenlandsk lånegjeld. Sesongjustert (mill. kr)
00,Kred04,BruttogjeldSes,2021M06,3901144.0,I alt,Husholdninger mv.,Innenlandsk lånegjeld. Sesongjustert (mill. kr)
00,Kred04,BruttogjeldSes,2021M07,3920210.0,I alt,Husholdninger mv.,Innenlandsk lånegjeld. Sesongjustert (mill. kr)
00,Kred04,BruttogjeldSes,2021M08,3935756.0,I alt,Husholdninger mv.,Innenlandsk lånegjeld. Sesongjustert (mill. kr)
00,Kred04,BruttogjeldSes,2021M09,3949858.0,I alt,Husholdninger mv.,Innenlandsk lånegjeld. Sesongjustert (mill. kr)
00,Kred04,BruttogjeldSes,2021M10,3967153.0,I alt,Husholdninger mv.,Innenlandsk lånegjeld. Sesongjustert (mill. kr)
00,Kred04,BruttogjeldSes,2021M11,3982416.0,I alt,Husholdninger mv.,Innenlandsk lånegjeld. Sesongjustert (mill. kr)
00,Kred04,BruttogjeldSes,2021M12,3998773.0,I alt,Husholdninger mv.,Innenlandsk lånegjeld. Sesongjustert (mill. kr)
00,Kred04,BruttogjeldSes,2022M01,4011614.0,I alt,Husholdninger mv.,Innenlandsk lånegjeld. Sesongjustert (mill. kr)
00,Kred04,BruttogjeldSes,2022M02,4026766.0,I alt,Husholdninger mv.,Innenlandsk lånegjeld. Sesongjustert (mill. kr)
00,Kred04,BruttogjeldSes,2022M03,4036139.0,I alt,Husholdninger mv.,Innenlandsk lånegjeld. Sesongjustert (mill. kr)
00,Kred04,BruttogjeldSes,2022M04,4049502.0,I alt,Husholdninger mv.,Innenlandsk lånegjeld. Sesongjustert (mill. kr)
00,Kred04,BruttogjeldSes,2022M05,4064972.0,I alt,Husholdninger mv.,Innenlandsk lånegjeld. Sesongjustert (mill. kr)
00,Kred04,BruttogjeldSes,2022M06,4078307.0,I alt,Husholdninger mv.,Innenlandsk lånegjeld. Sesongjustert (mill. kr)
00,Kred04,BruttogjeldSes,2022M07,4091762.0,I alt,Husholdninger mv.,Innenlandsk lånegjeld. Sesongjustert (mill. kr)
00,Kred04,BruttogjeldSes,2022M08,4102897.0,I alt,Husholdninger mv.,Innenlandsk lånegjeld. Sesongjustert (mill. kr)
00,Kred04,BruttogjeldSes,2022M09,4116275.0,I alt,Husholdninger mv.,Innenlandsk lånegjeld. Sesongjustert (mill. kr)
00,Kred04,BruttogjeldSes,2022M10,4129068.0,I alt,Husholdninger mv.,Innenlandsk lånegjeld. Sesongjustert (mill. kr)
00,Kred04,BruttogjeldSes,2022M11,4145623.0,I alt,Husholdninger mv.,Innenlandsk lånegjeld. Sesongjustert (mill. kr)
00,Kred04,BruttogjeldSes,2022M12,4158827.0,I alt,Husholdninger mv.,Innenlandsk lånegjeld. Sesongjustert (mill. kr)
00,Kred04,BruttogjeldSes,2023M01,4174874.0,I alt,Husholdninger mv.,Innenlandsk lånegjeld. Sesongjustert (mill. kr)
00,Kred04,BruttogjeldSes,2023M02,4185410.0,I alt,Husholdninger mv.,Innenlandsk lånegjeld. Sesongjustert (mill. kr)
00,Kred04,BruttogjeldSes,2023M03,4204492.0,I alt,Husholdninger mv.,Innenlandsk lånegjeld. Sesongjustert (mill. kr)
00,Kred04,BruttogjeldSes,2023M04,4214810.0,I alt,Husholdninger mv.,Innenlandsk lånegjeld. Sesongjustert (mill. kr)
00,Kred04,BruttogjeldSes,2023M05,4223404.0,I alt,Husholdninger mv.,Innenlandsk lånegjeld. Sesongjustert (mill. kr)
00,Kred04,BruttogjeldSes,2023M06,4232086.0,I alt,Husholdninger mv.,Innenlandsk lånegjeld. Sesongjustert (mill. kr)
00,Kred04,BruttogjeldSes,2023M07,4242168.0,I alt,Husholdninger mv.,Innenlandsk lånegjeld. Sesongjustert (mill. kr)
00,Kred04,BruttogjeldSes,2023M08,4254098.0,I alt,Husholdninger mv.,Innenlandsk lånegjeld. Sesongjustert (mill. kr)
00,Kred04,BruttogjeldSes,2023M09,4265770.0,I alt,Husholdninger mv.,Innenlandsk lånegjeld. Sesongjustert (mill. kr)
00,Kred04,BruttogjeldSes,2023M10,4273212.0,I alt,Husholdninger mv.,Innenlandsk lånegjeld. Sesongjustert (mill. kr)
00,Kred04,BruttogjeldSes,2023M11,4280907.0,I alt,Husholdninger mv.,Innenlandsk lånegjeld. Sesongjustert (mill. kr)
00,Kred04,BruttogjeldSes,2023M12,4297612.0,I alt,Husholdninger mv.,Innenlandsk lånegjeld. Sesongjustert (mill. kr)
00,Kred04,BruttogjeldSes,2024M01,4298593.0,I alt,Husholdninger mv.,Innenlandsk lånegjeld. Sesongjustert (mill. kr)
00,Kred04,BruttogjeldSes,2024M02,4308178.0,I alt,Husholdninger mv.,Innenlandsk lånegjeld. Sesongjustert (mill. kr)
00,Kred04,BruttogjeldSes,2024M03,4318516.0,I alt,Husholdninger mv.,Innenlandsk lånegjeld. Sesongjustert (mill. kr)
00,Kred04,BruttogjeldSes,2024M04,4330446.0,I alt,Husholdninger mv.,Innenlandsk lånegjeld. Sesongjustert (mill. kr)
00,Kred04,BruttogjeldSes,2024M05,4346042.0,I alt,Husholdninger mv.,Innenlandsk lånegjeld. Sesongjustert (mill. kr)
00,Kred04,BruttogjeldSes,2024M06,4360542.0,I alt,Husholdninger mv.,Innenlandsk lånegjeld. Sesongjustert (mill. kr)
00,Kred04,BruttogjeldSes,2024M07,4376610.0,I alt,Husholdninger mv.,Innenlandsk lånegjeld. Sesongjustert (mill. kr)
00,Kred04,BruttogjeldSes,2024M08,4394372.0,I alt,Husholdninger mv.,Innenlandsk lånegjeld. Sesongjustert (mill. kr)
00,Kred04,BruttogjeldSes,2024M09,4407111.0,I alt,Husholdninger mv.,Innenlandsk lånegjeld. Sesongjustert (mill. kr)
00,Kred04,BruttogjeldSes,2024M10,4423421.0,I alt,Husholdninger mv.,Innenlandsk lånegjeld. Sesongjustert (mill. kr)
00,Kred04,BruttogjeldSes,2024M11,4437250.0,I alt,Husholdninger mv.,Innenlandsk lånegjeld. Sesongjustert (mill. kr)
00,Kred04,BruttogjeldSes,2024M12,4448102.0,I alt,Husholdninger mv.,Innenlandsk lånegjeld. Sesongjustert (mill. kr)
00,Kred04,BruttogjeldSes,2025M01,4463808.0,I alt,Husholdninger mv.,Innenlandsk lånegjeld. Sesongjustert (mill. kr)
00,Kred04,BruttogjeldSes,2025M02,4478568.0,I alt,Husholdninger mv.,Innenlandsk lånegjeld. Sesongjustert (mill. kr)
00,Kred04,BruttogjeldSes,2025M03,4493480.0,I alt,Husholdninger mv.,Innenlandsk lånegjeld. Sesongjustert (mill. kr)
00,Kred04,BruttogjeldSes,2025M04,4511684.0,I alt,Husholdninger mv.,Innenlandsk lånegjeld. Sesongjustert (mill. kr)
00,Kred04,BruttogjeldSes,2025M05,4527567.0,I alt,Husholdninger mv.,Innenlandsk lånegjeld. Sesongjustert (mill. kr)
00,Kred04,BruttogjeldSes,2025M06,4544782.0,I alt,Husholdninger mv.,Innenlandsk lånegjeld. Sesongjustert (mill. kr)
00,Kred04,BruttogjeldSes,2025M07,4562924.0,I alt,Husholdninger mv.,Innenlandsk lånegjeld. Sesongjustert (mill. kr)
00,Kred04,BruttogjeldSes,2025M08,4579310.0,I alt,Husholdninger mv.,Innenlandsk lånegjeld. Sesongjustert (mill. kr)
00,Kred04,BruttogjeldSes,2025M09,4599688.0,I alt,Husholdninger mv.,Innenlandsk lånegjeld. Sesongjustert (mill. kr)
00,Kred04,BruttogjeldSes,2025M10,4616882.0,I alt,Husholdninger mv.,Innenlandsk lånegjeld. Sesongjustert (mill. kr)
00,Kred04,BruttogjeldSes,2025M11,4634664.0,I alt,Husholdninger mv.,Innenlandsk lånegjeld. Sesongjustert (mill. kr)
00,Kred04,BruttogjeldSes,2025M12,4656976.0,I alt,Husholdninger mv.,Innenlandsk lånegjeld. Sesongjustert (mill. kr)
00,Kred04,BruttogjeldSes,2026M01,4671394.0,I alt,Husholdninger mv.,Innenlandsk lånegjeld. Sesongjustert (mill. kr)
00,Kred04,BruttogjeldSes,2026M02,4687496.0,I alt,Husholdninger mv.,Innenlandsk lånegjeld. Sesongjustert (mill. kr)
00,Kred04,BruttogjeldSes,2026M03,4703506.0,I alt,Husholdninger mv.,Innenlandsk lånegjeld. Sesongjustert (mill. kr)
00,Kred04,BruttogjeldSes,2026M04,4719823.0,I alt,Husholdninger mv.,Innenlandsk lånegjeld. Sesongjustert (mill. kr)
00,Kred04,BruttogjeldSes,2026M05,4736318.0,I alt,Husholdninger mv.,Innenlandsk lånegjeld. Sesongjustert (mill. kr)
00,Kred04,BruttogjeldSes,2026M06,4755334.0,I alt,Husholdninger mv.,Innenlandsk lånegjeld. Sesongjustert (mill. kr)
00,Kred04,BruttogjeldSes,2026M07,4772842.0,I alt,Husholdninger mv.,Innenlandsk lånegjeld. Sesongjustert (mill. kr)
00,Kred04,BruttogjeldSes,2026M08,4789158.0,I alt,Husholdninger mv.,Innenlandsk lånegjeld. Sesongjustert (mill. kr)
00,Kred04,AarsTrans2,1985M12,,I alt,Husholdninger mv.,"Transaksjoner, tolvmånedersvekst (prosent)"
00,Kred04,AarsTrans2,1986M01,,I alt,Husholdninger mv.,"Transaksjoner, tolvmånedersvekst (prosent)"
00,Kred04,AarsTrans2,1986M02,,I alt,Husholdninger mv.,"Transaksjoner, tolvmånedersvekst (prosent)"
00,Kred04,AarsTrans2,1986M03,,I alt,Husholdninger mv.,"Transaksjoner, tolvmånedersvekst (prosent)"
00,Kred04,AarsTrans2,1986M04,,I alt,Husholdninger mv.,"Transaksjoner, tolvmånedersvekst (prosent)"
00,Kred04,AarsTrans2,1986M05,,I alt,Husholdninger mv.,"Transaksjoner, tolvmånedersvekst (prosent)"
00,Kred04,AarsTrans2,1986M06,,I alt,Husholdninger mv.,"Transaksjoner, tolvmånedersvekst (prosent)"
00,Kred04,AarsTrans2,1986M07,,I alt,Husholdninger mv.,"Transaksjoner, tolvmånedersvekst (prosent)"
00,Kred04,AarsTrans2,1986M08,,I alt,Husholdninger mv.,"Transaksjoner, tolvmånedersvekst (prosent)"
00,Kred04,AarsTrans2,1986M09,,I alt,Husholdninger mv.,"Transaksjoner, tolvmånedersvekst (prosent)"
00,Kred04,AarsTrans2,1986M10,,I alt,Husholdninger mv.,"Transaksjoner, tolvmånedersvekst (prosent)"
00,Kred04,AarsTrans2,1986M11,,I alt,Husholdninger mv.,"Transaksjoner, tolvmånedersvekst (prosent)"
00,Kred04,AarsTrans2,1986M12,,I alt,Husholdninger mv.,"Transaksjoner, tolvmånedersvekst (prosent)"
00,Kred04,AarsTrans2,1987M01,,I alt,Husholdninger mv.,"Transaksjoner, tolvmånedersvekst (prosent)"
00,Kred04,AarsTrans2,1987M02,,I alt,Husholdninger mv.,"Transaksjoner, tolvmånedersvekst (prosent)"
00,Kred04,AarsTrans2,1987M03,,I alt,Husholdninger mv.,"Transaksjoner, tolvmånedersvekst (prosent)"
00,Kred04,AarsTrans2,1987M04,,I alt,Husholdninger mv.,"Transaksjoner, tolvmånedersvekst (prosent)"
00,Kred04,AarsTrans2,1987M05,,I alt,Husholdninger mv.,"Transaksjoner, tolvmånedersvekst (prosent)"
00,Kred04,AarsTrans2,1987M06,,I alt,Husholdninger mv.,"Transaksjoner, tolvmånedersvekst (prosent)"
00,Kred04,AarsTrans2,1987M07,,I alt,Husholdninger mv.,"Transaksjoner, tolvmånedersvekst (prosent)"
00,Kred04,AarsTrans2,1987M08,,I alt,Husholdninger mv.,"Transaksjoner, tolvmånedersvekst (prosent)"
00,Kred04,AarsTrans2,1987M09,,I alt,Husholdninger mv.,"Transaksjoner, tolvmånedersvekst (prosent)"
00,Kred04,AarsTrans2,1987M10,,I alt,Husholdninger mv.,"Transaksjoner, tolvmånedersvekst (prosent)"
00,Kred04,AarsTrans2,1987M11,,I alt,Husholdninger mv.,"Transaksjoner, tolvmånedersvekst (prosent)"
00,Kred04,AarsTrans2,1987M12,,I alt,Husholdninger mv.,"Transaksjoner, tolvmånedersvekst (prosent)"
00,Kred04,AarsTrans2,1988M01,,I alt,Husholdninger mv.,"Transaksjoner, tolvmånedersvekst (prosent)"
00,Kred04,AarsTrans2,1988M02,,I alt,Husholdninger mv.,"Transaksjoner, tolvmånedersvekst (prosent)"
00,Kred04,AarsTrans2,1988M03,,I alt,Husholdninger mv.,"Transaksjoner, tolvmånedersvekst (prosent)"
00,Kred04,AarsTrans2,1988M04,,I alt,Husholdninger mv.,"Transaksjoner, tolvmånedersvekst (prosent)"
00,Kred04,AarsTrans2,1988M05,,I alt,Husholdninger mv.,"Transaksjoner, tolvmånedersvekst (prosent)"
00,Kred04,AarsTrans2,1988M06,,I alt,Husholdninger mv.,"Transaksjoner, tolvmånedersvekst (prosent)"
00,Kred04,AarsTrans2,1988M07,,I alt,Husholdninger mv.,"Transaksjoner, tolvmånedersvekst (prosent)"
00,Kred04,AarsTrans2,1988M08,,I alt,Husholdninger mv.,"Transaksjoner, tolvmånedersvekst (prosent)"
00,Kred04,AarsTrans2,1988M09,,I alt,Husholdninger mv.,"Transaksjoner, tolvmånedersvekst (prosent)"
00,Kred04,AarsTrans2,1988M10,,I alt,Husholdninger mv.,"Transaksjoner, tolvmånedersvekst (prosent)"
00,Kred04,AarsTrans2,1988M11,,I alt,Husholdninger mv.,"Transaksjoner, tolvmånedersvekst (prosent)"
00,Kred04,AarsTrans2,1988M12,9.3,I alt,Husholdninger mv.,"Transaksjoner, tolvmånedersvekst (prosent)"
00,Kred04,AarsTrans2,1989M01,8.6,I alt,Husholdninger mv.,"Transaksjoner, tolvmånedersvekst (prosent)"
00,Kred04,AarsTrans2,1989M02,7.3,I alt,Husholdninger mv.,"Transaksjoner, tolvmånedersvekst (prosent)"
00,Kred04,AarsTrans2,1989M03,6.6,I alt,Husholdninger mv.,"Transaksjoner, tolvmånedersvekst (prosent)"
00,Kred04,AarsTrans2,1989M04,6.5,I alt,Husholdninger mv.,"Transaksjoner, tolvmånedersvekst (prosent)"
00,Kred04,AarsTrans2,1989M05,5.9,I alt,Husholdninger mv.,"Transaksjoner, tolvmånedersvekst (prosent)"
00,Kred04,AarsTrans2,1989M06,5.6,I alt,Husholdninger mv.,"Transaksjoner, tolvmånedersvekst (prosent)"
00,Kred04,AarsTrans2,1989M07,6.1,I alt,Husholdninger mv.,"Transaksjoner, tolvmånedersvekst (prosent)"
00,Kred04,AarsTrans2,1989M08,5.6,I alt,Husholdninger mv.,"Transaksjoner, tolvmånedersvekst (prosent)"
00,Kred04,AarsTrans2,1989M09,5.0,I alt,Husholdninger mv.,"Transaksjoner, tolvmånedersvekst (prosent)"
00,Kred04,AarsTrans2,1989M10,5.7,I alt,Husholdninger mv.,"Transaksjoner, tolvmånedersvekst (prosent)"
00,Kred04,AarsTrans2,1989M11,5.8,I alt,Husholdninger mv.,"Transaksjoner, tolvmånedersvekst (prosent)"
00,Kred04,AarsTrans2,1989M12,5.7,I alt,Husholdninger mv.,"Transaksjoner, tolvmånedersvekst (prosent)"
00,Kred04,AarsTrans2,1990M01,5.7,I alt,Husholdninger mv.,"Transaksjoner, tolvmånedersvekst (prosent)"
00,Kred04,AarsTrans2,1990M02,6.3,I alt,Husholdninger mv.,"Transaksjoner, tolvmånedersvekst (prosent)"
00,Kred04,AarsTrans2,1990M03,6.8,I alt,Husholdninger mv.,"Transaksjoner, tolvmånedersvekst (prosent)"
00,Kred04,AarsTrans2,1990M04,6.3,I alt,Husholdninger mv.,"Transaksjoner, tolvmånedersvekst (prosent)"
00,Kred04,AarsTrans2,1990M05,6.3,I alt,Husholdninger mv.,"Transaksjoner, tolvmånedersvekst (prosent)"
00,Kred04,AarsTrans2,1990M06,6.2,I alt,Husholdninger mv.,"Transaksjoner, tolvmånedersvekst (prosent)"
00,Kred04,AarsTrans2,1990M07,5.7,I alt,Husholdninger mv.,"Transaksjoner, tolvmånedersvekst (prosent)"
00,Kred04,AarsTrans2,1990M08,5.9,I alt,Husholdninger mv.,"Transaksjoner, tolvmånedersvekst (prosent)"
00,Kred04,AarsTrans2,1990M09,5.1,I alt,Husholdninger mv.,"Transaksjoner, tolvmånedersvekst (prosent)"
00,Kred04,AarsTrans2,1990M10,4.0,I alt,Husholdninger mv.,"Transaksjoner, tolvmånedersvekst (prosent)"
00,Kred04,AarsTrans2,1990M11,3.9,I alt,Husholdninger mv.,"Transaksjoner, tolvmånedersvekst (prosent)"
00,Kred04,AarsTrans2,1990M12,5.4,I alt,Husholdninger mv.,"Transaksjoner, tolvmånedersvekst (prosent)"
00,Kred04,AarsTrans2,1991M01,5.4,I alt,Husholdninger mv.,"Transaksjoner, tolvmånedersvekst (prosent)"
00,Kred04,AarsTrans2,1991M02,4.1,I alt,Husholdninger mv.,"Transaksjoner, tolvmånedersvekst (prosent)"
00,Kred04,AarsTrans2,1991M03,3.8,I alt,Husholdninger mv.,"Transaksjoner, tolvmånedersvekst (prosent)"
00,Kred04,AarsTrans2,1991M04,3.6,I alt,Husholdninger mv.,"Transaksjoner, tolvmånedersvekst (prosent)"
00,Kred04,AarsTrans2,1991M05,3.1,I alt,Husholdninger mv.,"Transaksjoner, tolvmånedersvekst (prosent)"
00,Kred04,AarsTrans2,1991M06,2.7,I alt,Husholdninger mv.,"Transaksjoner, tolvmånedersvekst (prosent)"
00,Kred04,AarsTrans2,1991M07,2.5,I alt,Husholdninger mv.,"Transaksjoner, tolvmånedersvekst (prosent)"
00,Kred04,AarsTrans2,1991M08,1.7,I alt,Husholdninger mv.,"Transaksjoner, tolvmånedersvekst (prosent)"
00,Kred04,AarsTrans2,1991M09,1.9,I alt,Husholdninger mv.,"Transaksjoner, tolvmånedersvekst (prosent)"
00,Kred04,AarsTrans2,1991M10,1.4,I alt,Husholdninger mv.,"Transaksjoner, tolvmånedersvekst (prosent)"
00,Kred04,AarsTrans2,1991M11,0.8,I alt,Husholdninger mv.,"Transaksjoner, tolvmånedersvekst (prosent)"
00,Kred04,AarsTrans2,1991M12,-0.7,I alt,Husholdninger mv.,"Transaksjoner, tolvmånedersvekst (prosent)"
00,Kred04,AarsTrans2,1992M01,-0.9,I alt,Husholdninger mv.,"Transaksjoner, tolvmånedersvekst (prosent)"
00,Kred04,AarsTrans2,1992M02,-0.5,I alt,Husholdninger mv.,"Transaksjoner, tolvmånedersvekst (prosent)"
00,Kred04,AarsTrans2,1992M03,-1.6,I alt,Husholdninger mv.,"Transaksjoner, tolvmånedersvekst (prosent)"
00,Kred04,AarsTrans2,1992M04,-1.3,I alt,Husholdninger mv.,"Transaksjoner, tolvmånedersvekst (prosent)"
00,Kred04,AarsTrans2,1992M05,-1.1,I alt,Husholdninger mv.,"Transaksjoner, tolvmånedersvekst (prosent)"
00,Kred04,AarsTrans2,1992M06,-2.3,I alt,Husholdninger mv.,"Transaksjoner, tolvmånedersvekst (prosent)"
00,Kred04,AarsTrans2,1992M07,-2.0,I alt,Husholdninger mv.,"Transaksjoner, tolvmånedersvekst (prosent)"
00,Kred04,AarsTrans2,1992M08,-2.3,I alt,Husholdninger mv.,"Transaksjoner, tolvmånedersvekst (prosent)"
00,Kred04,AarsTrans2,1992M09,-2.8,I alt,Husholdninger mv.,"Transaksjoner, tolvmånedersvekst (prosent)"
00,Kred04,AarsTrans2,1992M10,-2.3,I alt,Husholdninger mv.,"Transaksjoner, tolvmånedersvekst (prosent)"
00,Kred04,AarsTrans2,1992M11,-2.3,I alt,Husholdninger mv.,"Transaksjoner, tolvmånedersvekst (prosent)"
00,Kred04,AarsTrans2,1992M12,-2.1,I alt,Husholdninger mv.,"Transaksjoner, tolvmånedersvekst (prosent)"
00,Kred04,AarsTrans2,1993M01,-2.7,I alt,Husholdninger mv.,"Transaksjoner, tolvmånedersvekst (prosent)"
00,Kred04,AarsTrans2,1993M02,-2.6,I alt,Husholdninger mv.,"Transaksjoner, tolvmånedersvekst (prosent)"
00,Kred04,AarsTrans2,1993M03,-2.3,I alt,Husholdninger mv.,"Transaksjoner, tolvmånedersvekst (prosent)"
00,Kred04,AarsTrans2,1993M04,-3.4,I alt,Husholdninger mv.,"Transaksjoner, tolvmånedersvekst (prosent)"
00,Kred04,AarsTrans2,1993M05,-3.8,I alt,Husholdninger mv.,"Transaksjoner, tolvmånedersvekst (prosent)"
00,Kred04,AarsTrans2,1993M06,-2.6,I alt,Husholdninger mv.,"Transaksjoner, tolvmånedersvekst (prosent)"
00,Kred04,AarsTrans2,1993M07,-3.0,I alt,Husholdninger mv.,"Transaksjoner, tolvmånedersvekst (prosent)"
00,Kred04,AarsTrans2,1993M08,-2.2,I alt,Husholdninger mv.,"Transaksjoner, tolvmånedersvekst (prosent)"
00,Kred04,AarsTrans2,1993M09,-1.7,I alt,Husholdninger mv.,"Transaksjoner, tolvmånedersvekst (prosent)"
00,Kred04,AarsTrans2,1993M10,-1.6,I alt,Husholdninger mv.,"Transaksjoner, tolvmånedersvekst (prosent)"
00,Kred04,AarsTrans2,1993M11,-0.9,I alt,Husholdninger mv.,"Transaksjoner, tolvmånedersvekst (prosent)"
00,Kred04,AarsTrans2,1993M12,-1.2,I alt,Husholdninger mv.,"Transaksjoner, tolvmånedersvekst (prosent)"
00,Kred04,AarsTrans2,1994M01,-0.2,I alt,Husholdninger mv.,"Transaksjoner, tolvmånedersvekst (prosent)"
00,Kred04,AarsTrans2,1994M02,0.0,I alt,Husholdninger mv.,"Transaksjoner, tolvmånedersvekst (prosent)"
00,Kred04,AarsTrans2,1994M03,0.6,I alt,Husholdninger mv.,"Transaksjoner, tolvmånedersvekst (prosent)"
00,Kred04,AarsTrans2,1994M04,2.1,I alt,Husholdninger mv.,"Transaksjoner, tolvmånedersvekst (prosent)"
00,Kred04,AarsTrans2,1994M05,2.7,I alt,Husholdninger mv.,"Transaksjoner, tolvmånedersvekst (prosent)"
00,Kred04,AarsTrans2,1994M06,2.9,I alt,Husholdninger mv.,"Transaksjoner, tolvmånedersvekst (prosent)"
00,Kred04,AarsTrans2,1994M07,3.7,I alt,Husholdninger mv.,"Transaksjoner, tolvmånedersvekst (prosent)"
00,Kred04,AarsTrans2,1994M08,3.7,I alt,Husholdninger mv.,"Transaksjoner, tolvmånedersvekst (prosent)"
00,Kred04,AarsTrans2,1994M09,4.4,I alt,Husholdninger mv.,"Transaksjoner, tolvmånedersvekst (prosent)"
00,Kred04,AarsTrans2,1994M10,4.9,I alt,Husholdninger mv.,"Transaksjoner, tolvmånedersvekst (prosent)"
00,Kred04,AarsTrans2,1994M11,4.8,I alt,Husholdninger mv.,"Transaksjoner, tolvmånedersvekst (prosent)"
00,Kred04,AarsTrans2,1994M12,3.0,I alt,Husholdninger mv.,"Transaksjoner, tolvmånedersvekst (prosent)"
00,Kred04,AarsTrans2,1995M01,3.0,I alt,Husholdninger mv.,"Transaksjoner, tolvmånedersvekst (prosent)"
00,Kred04,AarsTrans2,1995M02,3.3,I alt,Husholdninger mv.,"Transaksjoner, tolvmånedersvekst (prosent)"
00,Kred04,AarsTrans2,1995M03,3.5,I alt,Husholdninger mv.,"Transaksjoner, tolvmånedersvekst (prosent)"
00,Kred04,AarsTrans2,1995M04,3.5,I alt,Husholdninger mv.,"Transaksjoner, tolvmånedersvekst (prosent)"
00,Kred04,AarsTrans2,1995M05,3.9,I alt,Husholdninger mv.,"Transaksjoner, tolvmånedersvekst (prosent)"
00,Kred04,AarsTrans2,1995M06,3.1,I alt,Husholdninger mv.,"Transaksjoner, tolvmånedersvekst (prosent)"
00,Kred04,AarsTrans2,1995M07,3.1,I alt,Husholdninger mv.,"Transaksjoner, tolvmånedersvekst (prosent)"
00,Kred04,AarsTrans2,1995M08,3.4,I alt,Husholdninger mv.,"Transaksjoner, tolvmånedersvekst (prosent)"
00,Kred04,AarsTrans2,1995M09,3.3,I alt,Husholdninger mv.,"Transaksjoner, tolvmånedersvekst (prosent)"
00,Kred04,AarsTrans2,1995M10,3.4,I alt,Husholdninger mv.,"Transaksjoner, tolvmånedersvekst (prosent)"
00,Kred04,AarsTrans2,1995M11,3.8,I alt,Husholdninger mv.,"Transaksjoner, tolvmånedersvekst (prosent)"
00,Kred04,AarsTrans2,1995M12,3.9,I alt,Husholdninger mv.,"Transaksjoner, tolvmånedersvekst (prosent)"
00,Kred04,AarsTrans2,1996M01,4.2,I alt,Husholdninger mv.,"Transaksjoner, tolvmånedersvekst (prosent)"
00,Kred04,AarsTrans2,1996M02,4.2,I alt,Husholdninger mv.,"Transaksjoner, tolvmånedersvekst (prosent)"
00,Kred04,AarsTrans2,1996M03,4.3,I alt,Husholdninger mv.,"Transaksjoner, tolvmånedersvekst (prosent)"
00,Kred04,AarsTrans2,1996M04,4.6,I alt,Husholdninger mv.,"Transaksjoner, tolvmånedersvekst (prosent)"
00,Kred04,AarsTrans2,1996M05,4.5,I alt,Husholdninger mv.,"Transaksjoner, tolvmånedersvekst (prosent)"
00,Kred04,AarsTrans2,1996M06,4.5,I alt,Husholdninger mv.,"Transaksjoner, tolvmånedersvekst (prosent)"
00,Kred04,AarsTrans2,1996M07,4.7,I alt,Husholdninger mv.,"Transaksjoner, tolvmånedersvekst (prosent)"
00,Kred04,AarsTrans2,1996M08,4.8,I alt,Husholdninger mv.,"Transaksjoner, tolvmånedersvekst (prosent)"
00,Kred04,AarsTrans2,1996M09,5.0,I alt,Husholdninger mv.,"Transaksjoner, tolvmånedersvekst (prosent)"
00,Kred04,AarsTrans2,1996M10,5.1,I alt,Husholdninger mv.,"Transaksjoner, tolvmånedersvekst (prosent)"
00,Kred04,AarsTrans2,1996M11,4.9,I alt,Husholdninger mv.,"Transaksjoner, tolvmånedersvekst (prosent)"
00,Kred04,AarsTrans2,1996M12,5.3,I alt,Husholdninger mv.,"Transaksjoner, tolvmånedersvekst (prosent)"
00,Kred04,AarsTrans2,1997M01,5.5,I alt,Husholdninger mv.,"Transaksjoner, tolvmånedersvekst (prosent)"
00,Kred04,AarsTrans2,1997M02,5.9,I alt,Husholdninger mv.,"Transaksjoner, tolvmånedersvekst (prosent)"
00,Kred04,AarsTrans2,1997M03,6.1,I alt,Husholdninger mv.,"Transaksjoner, tolvmånedersvekst (prosent)"
00,Kred04,AarsTrans2,1997M04,6.4,I alt,Husholdninger mv.,"Transaksjoner, tolvmånedersvekst (prosent)"
00,Kred04,AarsTrans2,1997M05,6.6,I alt,Husholdninger mv.,"Transaksjoner, tolvmånedersvekst (prosent)"
00,Kred04,AarsTrans2,1997M06,6.9,I alt,Husholdninger mv.,"Transaksjoner, tolvmånedersvekst (prosent)"
00,Kred04,AarsTrans2,1997M07,6.7,I alt,Husholdninger mv.,"Transaksjoner, tolvmånedersvekst (prosent)"
00,Kred04,AarsTrans2,1997M08,6.9,I alt,Husholdninger mv.,"Transaksjoner, tolvmånedersvekst (prosent)"
00,Kred04,AarsTrans2,1997M09,7.1,I alt,Husholdninger mv.,"Transaksjoner, tolvmånedersvekst (prosent)"
00,Kred04,AarsTrans2,1997M10,7.4,I alt,Husholdninger mv.,"Transaksjoner, tolvmånedersvekst (prosent)"
00,Kred04,AarsTrans2,1997M11,7.5,I alt,Husholdninger mv.,"Transaksjoner, tolvmånedersvekst (prosent)"
00,Kred04,AarsTrans2,1997M12,7.3,I alt,Husholdninger mv.,"Transaksjoner, tolvmånedersvekst (prosent)"
00,Kred04,AarsTrans2,1998M01,7.3,I alt,Husholdninger mv.,"Transaksjoner, tolvmånedersvekst (prosent)"
00,Kred04,AarsTrans2,1998M02,7.2,I alt,Husholdninger mv.,"Transaksjoner, tolvmånedersvekst (prosent)"
00,Kred04,AarsTrans2,1998M03,7.4,I alt,Husholdninger mv.,"Transaksjoner, tolvmånedersvekst (prosent)"
00,Kred04,AarsTrans2,1998M04,7.6,I alt,Husholdninger mv.,"Transaksjoner, tolvmånedersvekst (prosent)"
00,Kred04,AarsTrans2,1998M05,7.6,I alt,Husholdninger mv.,"Transaksjoner, tolvmånedersvekst (prosent)"
00,Kred04,AarsTrans2,1998M06,7.9,I alt,Husholdninger mv.,"Transaksjoner, tolvmånedersvekst (prosent)"
00,Kred04,AarsTrans2,1998M07,8.5,I alt,Husholdninger mv.,"Transaksjoner, tolvmånedersvekst (prosent)"
00,Kred04,AarsTrans2,1998M08,8.1,I alt,Husholdninger mv.,"Transaksjoner, tolvmånedersvekst (prosent)"
00,Kred04,AarsTrans2,1998M09,7.3,I alt,Husholdninger mv.,"Transaksjoner, tolvmånedersvekst (prosent)"
00,Kred04,AarsTrans2,1998M10,6.8,I alt,Husholdninger mv.,"Transaksjoner, tolvmånedersvekst (prosent)"
00,Kred04,AarsTrans2,1998M11,6.6,I alt,Husholdninger mv.,"Transaksjoner, tolvmånedersvekst (prosent)"
00,Kred04,AarsTrans2,1998M12,7.1,I alt,Husholdninger mv.,"Transaksjoner, tolvmånedersvekst (prosent)"
00,Kred04,AarsTrans2,1999M01,6.8,I alt,Husholdninger mv.,"Transaksjoner, tolvmånedersvekst (prosent)"
00,Kred04,AarsTrans2,1999M02,6.4,I alt,Husholdninger mv.,"Transaksjoner, tolvmånedersvekst (prosent)"
00,Kred04,AarsTrans2,1999M03,6.3,I alt,Husholdninger mv.,"Transaksjoner, tolvmånedersvekst (prosent)"
00,Kred04,AarsTrans2,1999M04,5.8,I alt,Husholdninger mv.,"Transaksjoner, tolvmånedersvekst (prosent)"
00,Kred04,AarsTrans2,1999M05,5.8,I alt,Husholdninger mv.,"Transaksjoner, tolvmånedersvekst (prosent)"
00,Kred04,AarsTrans2,1999M06,5.9,I alt,Husholdninger mv.,"Transaksjoner, tolvmånedersvekst (prosent)"
00,Kred04,AarsTrans2,1999M07,5.8,I alt,Husholdninger mv.,"Transaksjoner, tolvmånedersvekst (prosent)"
00,Kred04,AarsTrans2,1999M08,5.9,I alt,Husholdninger mv.,"Transaksjoner, tolvmånedersvekst (prosent)"
00,Kred04,AarsTrans2,1999M09,7.1,I alt,Husholdninger mv.,"Transaksjoner, tolvmånedersvekst (prosent)"
00,Kred04,AarsTrans2,1999M10,7.4,I alt,Husholdninger mv.,"Transaksjoner, tolvmånedersvekst (prosent)"
00,Kred04,AarsTrans2,1999M11,8.1,I alt,Husholdninger mv.,"Transaksjoner, tolvmånedersvekst (prosent)"
00,Kred04,AarsTrans2,1999M12,8.1,I alt,Husholdninger mv.,"Transaksjoner, tolvmånedersvekst (prosent)"
00,Kred04,AarsTrans2,2000M01,8.5,I alt,Husholdninger mv.,"Transaksjoner, tolvmånedersvekst (prosent)"
00,Kred04,AarsTrans2,2000M02,9.1,I alt,Husholdninger mv.,"Transaksjoner, tolvmånedersvekst (prosent)"
00,Kred04,AarsTrans2,2000M03,9.8,I alt,Husholdninger mv.,"Transaksjoner, tolvmånedersvekst (prosent)"
00,Kred04,AarsTrans2,2000M04,10.2,I alt,Husholdninger mv.,"Transaksjoner, tolvmånedersvekst (prosent)"
00,Kred04,AarsTrans2,2000M05,10.4,I alt,Husholdninger mv.,"Transaksjoner, tolvmånedersvekst (prosent)"
00,Kred04,AarsTrans2,2000M06,10.7,I alt,Husholdninger mv.,"Transaksjoner, tolvmånedersvekst (prosent)"
00,Kred04,AarsTrans2,2000M07,10.5,I alt,Husholdninger mv.,"Transaksjoner, tolvmånedersvekst (prosent)"
00,Kred04,AarsTrans2,2000M08,10.9,I alt,Husholdninger mv.,"Transaksjoner, tolvmånedersvekst (prosent)"
00,Kred04,AarsTrans2,2000M09,11.0,I alt,Husholdninger mv.,"Transaksjoner, tolvmånedersvekst (prosent)"
00,Kred04,AarsTrans2,2000M10,10.9,I alt,Husholdninger mv.,"Transaksjoner, tolvmånedersvekst (prosent)"
00,Kred04,AarsTrans2,2000M11,10.8,I alt,Husholdninger mv.,"Transaksjoner, tolvmånedersvekst (prosent)"
00,Kred04,AarsTrans2,2000M12,10.3,I alt,Husholdninger mv.,"Transaksjoner, tolvmånedersvekst (prosent)"
00,Kred04,AarsTrans2,2001M01,10.6,I alt,Husholdninger mv.,"Transaksjoner, tolvmånedersvekst (prosent)"
00,Kred04,AarsTrans2,2001M02,10.6,I alt,Husholdninger mv.,"Transaksjoner, tolvmånedersvekst (prosent)"
00,Kred04,AarsTrans2,2001M03,10.4,I alt,Husholdninger mv.,"Transaksjoner, tolvmånedersvekst (prosent)"
00,Kred04,AarsTrans2,2001M04,10.3,I alt,Husholdninger mv.,"Transaksjoner, tolvmånedersvekst (prosent)"
00,Kred04,AarsTrans2,2001M05,10.7,I alt,Husholdninger mv.,"Transaksjoner, tolvmånedersvekst (prosent)"
00,Kred04,AarsTrans2,2001M06,10.9,I alt,Husholdninger mv.,"Transaksjoner, tolvmånedersvekst (prosent)"
00,Kred04,AarsTrans2,2001M07,11.0,I alt,Husholdninger mv.,"Transaksjoner, tolvmånedersvekst (prosent)"
00,Kred04,AarsTrans2,2001M08,11.0,I alt,Husholdninger mv.,"Transaksjoner, tolvmånedersvekst (prosent)"
00,Kred04,AarsTrans2,2001M09,10.8,I alt,Husholdninger mv.,"Transaksjoner, tolvmånedersvekst (prosent)"
00,Kred04,AarsTrans2,2001M10,11.2,I alt,Husholdninger mv.,"Transaksjoner, tolvmånedersvekst (prosent)"
00,Kred04,AarsTrans2,2001M11,11.4,I alt,Husholdninger mv.,"Transaksjoner, tolvmånedersvekst (prosent)"
00,Kred04,AarsTrans2,2001M12,11.5,I alt,Husholdninger mv.,"Transaksjoner, tolvmånedersvekst (prosent)"
00,Kred04,AarsTrans2,2002M01,11.2,I alt,Husholdninger mv.,"Transaksjoner, tolvmånedersvekst (prosent)"
00,Kred04,AarsTrans2,2002M02,11.4,I alt,Husholdninger mv.,"Transaksjoner, tolvmånedersvekst (prosent)"
00,Kred04,AarsTrans2,2002M03,11.1,I alt,Husholdninger mv.,"Transaksjoner, tolvmånedersvekst (prosent)"
00,Kred04,AarsTrans2,2002M04,11.6,I alt,Husholdninger mv.,"Transaksjoner, tolvmånedersvekst (prosent)"
00,Kred04,AarsTrans2,2002M05,11.4,I alt,Husholdninger mv.,"Transaksjoner, tolvmånedersvekst (prosent)"
00,Kred04,AarsTrans2,2002M06,11.2,I alt,Husholdninger mv.,"Transaksjoner, tolvmånedersvekst (prosent)"
00,Kred04,AarsTrans2,2002M07,11.5,I alt,Husholdninger mv.,"Transaksjoner, tolvmånedersvekst (prosent)"
00,Kred04,AarsTrans2,2002M08,11.4,I alt,Husholdninger mv.,"Transaksjoner, tolvmånedersvekst (prosent)"
00,Kred04,AarsTrans2,2002M09,11.2,I alt,Husholdninger mv.,"Transaksjoner, tolvmånedersvekst (prosent)"
00,Kred04,AarsTrans2,2002M10,10.9,I alt,Husholdninger mv.,"Transaksjoner, tolvmånedersvekst (prosent)"
00,Kred04,AarsTrans2,2002M11,10.6,I alt,Husholdninger mv.,"Transaksjoner, tolvmånedersvekst (prosent)"
00,Kred04,AarsTrans2,2002M12,10.6,I alt,Husholdninger mv.,"Transaksjoner, tolvmånedersvekst (prosent)"
00,Kred04,AarsTrans2,2003M01,10.6,I alt,Husholdninger mv.,"Transaksjoner, tolvmånedersvekst (prosent)"
00,Kred04,AarsTrans2,2003M02,10.6,I alt,Husholdninger mv.,"Transaksjoner, tolvmånedersvekst (prosent)"
00,Kred04,AarsTrans2,2003M03,10.7,I alt,Husholdninger mv.,"Transaksjoner, tolvmånedersvekst (prosent)"
00,Kred04,AarsTrans2,2003M04,10.2,I alt,Husholdninger mv.,"Transaksjoner, tolvmånedersvekst (prosent)"
00,Kred04,AarsTrans2,2003M05,10.1,I alt,Husholdninger mv.,"Transaksjoner, tolvmånedersvekst (prosent)"
00,Kred04,AarsTrans2,2003M06,9.9,I alt,Husholdninger mv.,"Transaksjoner, tolvmånedersvekst (prosent)"
00,Kred04,AarsTrans2,2003M07,9.9,I alt,Husholdninger mv.,"Transaksjoner, tolvmånedersvekst (prosent)"
00,Kred04,AarsTrans2,2003M08,9.8,I alt,Husholdninger mv.,"Transaksjoner, tolvmånedersvekst (prosent)"
00,Kred04,AarsTrans2,2003M09,10.2,I alt,Husholdninger mv.,"Transaksjoner, tolvmånedersvekst (prosent)"
00,Kred04,AarsTrans2,2003M10,10.6,I alt,Husholdninger mv.,"Transaksjoner, tolvmånedersvekst (prosent)"
00,Kred04,AarsTrans2,2003M11,10.8,I alt,Husholdninger mv.,"Transaksjoner, tolvmånedersvekst (prosent)"
00,Kred04,AarsTrans2,2003M12,10.8,I alt,Husholdninger mv.,"Transaksjoner, tolvmånedersvekst (prosent)"
00,Kred04,AarsTrans2,2004M01,10.7,I alt,Husholdninger mv.,"Transaksjoner, tolvmånedersvekst (prosent)"
00,Kred04,AarsTrans2,2004M02,10.8,I alt,Husholdninger mv.,"Transaksjoner, tolvmånedersvekst (prosent)"
00,Kred04,AarsTrans2,2004M03,11.1,I alt,Husholdninger mv.,"Transaksjoner, tolvmånedersvekst (prosent)"
00,Kred04,AarsTrans2,2004M04,11.4,I alt,Husholdninger mv.,"Transaksjoner, tolvmånedersvekst (prosent)"
00,Kred04,AarsTrans2,2004M05,11.5,I alt,Husholdninger mv.,"Transaksjoner, tolvmånedersvekst (prosent)"
00,Kred04,AarsTrans2,2004M06,11.8,I alt,Husholdninger mv.,"Transaksjoner, tolvmånedersvekst (prosent)"
00,Kred04,AarsTrans2,2004M07,11.6,I alt,Husholdninger mv.,"Transaksjoner, tolvmånedersvekst (prosent)"
00,Kred04,AarsTrans2,2004M08,11.5,I alt,Husholdninger mv.,"Transaksjoner, tolvmånedersvekst (prosent)"
00,Kred04,AarsTrans2,2004M09,11.1,I alt,Husholdninger mv.,"Transaksjoner, tolvmånedersvekst (prosent)"
00,Kred04,AarsTrans2,2004M10,11.0,I alt,Husholdninger mv.,"Transaksjoner, tolvmånedersvekst (prosent)"
00,Kred04,AarsTrans2,2004M11,11.2,I alt,Husholdninger mv.,"Transaksjoner, tolvmånedersvekst (prosent)"
00,Kred04,AarsTrans2,2004M12,11.4,I alt,Husholdninger mv.,"Transaksjoner, tolvmånedersvekst (prosent)"
00,Kred04,AarsTrans2,2005M01,11.8,I alt,Husholdninger mv.,"Transaksjoner, tolvmånedersvekst (prosent)"
00,Kred04,AarsTrans2,2005M02,11.8,I alt,Husholdninger mv.,"Transaksjoner, tolvmånedersvekst (prosent)"
00,Kred04,AarsTrans2,2005M03,11.5,I alt,Husholdninger mv.,"Transaksjoner, tolvmånedersvekst (prosent)"
00,Kred04,AarsTrans2,2005M04,11.7,I alt,Husholdninger mv.,"Transaksjoner, tolvmånedersvekst (prosent)"
00,Kred04,AarsTrans2,2005M05,11.9,I alt,Husholdninger mv.,"Transaksjoner, tolvmånedersvekst (prosent)"
00,Kred04,AarsTrans2,2005M06,12.0,I alt,Husholdninger mv.,"Transaksjoner, tolvmånedersvekst (prosent)"
00,Kred04,AarsTrans2,2005M07,12.3,I alt,Husholdninger mv.,"Transaksjoner, tolvmånedersvekst (prosent)"
00,Kred04,AarsTrans2,2005M08,12.5,I alt,Husholdninger mv.,"Transaksjoner, tolvmånedersvekst (prosent)"
00,Kred04,AarsTrans2,2005M09,12.7,I alt,Husholdninger mv.,"Transaksjoner, tolvmånedersvekst (prosent)"
00,Kred04,AarsTrans2,2005M10,13.0,I alt,Husholdninger mv.,"Transaksjoner, tolvmånedersvekst (prosent)"
00,Kred04,AarsTrans2,2005M11,13.1,I alt,Husholdninger mv.,"Transaksjoner, tolvmånedersvekst (prosent)"
00,Kred04,AarsTrans2,2005M12,13.4,I alt,Husholdninger mv.,"Transaksjoner, tolvmånedersvekst (prosent)"
00,Kred04,AarsTrans2,2006M01,13.2,I alt,Husholdninger mv.,"Transaksjoner, tolvmånedersvekst (prosent)"
00,Kred04,AarsTrans2,2006M02,13.1,I alt,Husholdninger mv.,"Transaksjoner, tolvmånedersvekst (prosent)"
00,Kred04,AarsTrans2,2006M03,13.5,I alt,Husholdninger mv.,"Transaksjoner, tolvmånedersvekst (prosent)"
00,Kred04,AarsTrans2,2006M04,13.0,I alt,Husholdninger mv.,"Transaksjoner, tolvmånedersvekst (prosent)"
00,Kred04,AarsTrans2,2006M05,12.9,I alt,Husholdninger mv.,"Transaksjoner, tolvmånedersvekst (prosent)"
00,Kred04,AarsTrans2,2006M06,12.9,I alt,Husholdninger mv.,"Transaksjoner, tolvmånedersvekst (prosent)"
00,Kred04,AarsTrans2,2006M07,12.7,I alt,Husholdninger mv.,"Transaksjoner, tolvmånedersvekst (prosent)"
00,Kred04,AarsTrans2,2006M08,12.8,I alt,Husholdninger mv.,"Transaksjoner, tolvmånedersvekst (prosent)"
00,Kred04,AarsTrans2,2006M09,12.9,I alt,Husholdninger mv.,"Transaksjoner, tolvmånedersvekst (prosent)"
00,Kred04,AarsTrans2,2006M10,12.8,I alt,Husholdninger mv.,"Transaksjoner, tolvmånedersvekst (prosent)"
00,Kred04,AarsTrans2,2006M11,12.9,I alt,Husholdninger mv.,"Transaksjoner, tolvmånedersvekst (prosent)"
00,Kred04,AarsTrans2,2006M12,12.4,I alt,Husholdninger mv.,"Transaksjoner, tolvmånedersvekst (prosent)"
00,Kred04,AarsTrans2,2007M01,12.1,I alt,Husholdninger mv.,"Transaksjoner, tolvmånedersvekst (prosent)"
00,Kred04,AarsTrans2,2007M02,12.2,I alt,Husholdninger mv.,"Transaksjoner, tolvmånedersvekst (prosent)"
00,Kred04,AarsTrans2,2007M03,11.9,I alt,Husholdninger mv.,"Transaksjoner, tolvmånedersvekst (prosent)"
00,Kred04,AarsTrans2,2007M04,11.9,I alt,Husholdninger mv.,"Transaksjoner, tolvmånedersvekst (prosent)"
00,Kred04,AarsTrans2,2007M05,12.1,I alt,Husholdninger mv.,"Transaksjoner, tolvmånedersvekst (prosent)"
00,Kred04,AarsTrans2,2007M06,12.1,I alt,Husholdninger mv.,"Transaksjoner, tolvmånedersvekst (prosent)"
00,Kred04,AarsTrans2,2007M07,12.3,I alt,Husholdninger mv.,"Transaksjoner, tolvmånedersvekst (prosent)"
00,Kred04,AarsTrans2,2007M08,12.1,I alt,Husholdninger mv.,"Transaksjoner, tolvmånedersvekst (prosent)"
00,Kred04,AarsTrans2,2007M09,11.8,I alt,Husholdninger mv.,"Transaksjoner, tolvmånedersvekst (prosent)"
00,Kred04,AarsTrans2,2007M10,11.6,I alt,Husholdninger mv.,"Transaksjoner, tolvmånedersvekst (prosent)"
00,Kred04,AarsTrans2,2007M11,11.5,I alt,Husholdninger mv.,"Transaksjoner, tolvmånedersvekst (prosent)"
00,Kred04,AarsTrans2,2007M12,11.2,I alt,Husholdninger mv.,"Transaksjoner, tolvmånedersvekst (prosent)"
00,Kred04,AarsTrans2,2008M01,11.3,I alt,Husholdninger mv.,"Transaksjoner, tolvmånedersvekst (prosent)"
00,Kred04,AarsTrans2,2008M02,11.5,I alt,Husholdninger mv.,"Transaksjoner, tolvmånedersvekst (prosent)"
00,Kred04,AarsTrans2,2008M03,11.0,I alt,Husholdninger mv.,"Transaksjoner, tolvmånedersvekst (prosent)"
00,Kred04,AarsTrans2,2008M04,10.9,I alt,Husholdninger mv.,"Transaksjoner, tolvmånedersvekst (prosent)"
00,Kred04,AarsTrans2,2008M05,10.3,I alt,Husholdninger mv.,"Transaksjoner, tolvmånedersvekst (prosent)"
00,Kred04,AarsTrans2,2008M06,9.9,I alt,Husholdninger mv.,"Transaksjoner, tolvmånedersvekst (prosent)"
00,Kred04,AarsTrans2,2008M07,9.4,I alt,Husholdninger mv.,"Transaksjoner, tolvmånedersvekst (prosent)"
00,Kred04,AarsTrans2,2008M08,9.1,I alt,Husholdninger mv.,"Transaksjoner, tolvmånedersvekst (prosent)"
00,Kred04,AarsTrans2,2008M09,8.8,I alt,Husholdninger mv.,"Transaksjoner, tolvmånedersvekst (prosent)"
00,Kred04,AarsTrans2,2008M10,8.2,I alt,Husholdninger mv.,"Transaksjoner, tolvmånedersvekst (prosent)"
00,Kred04,AarsTrans2,2008M11,7.3,I alt,Husholdninger mv.,"Transaksjoner, tolvmånedersvekst (prosent)"
00,Kred04,AarsTrans2,2008M12,7.1,I alt,Husholdninger mv.,"Transaksjoner, tolvmånedersvekst (prosent)"
00,Kred04,AarsTrans2,2009M01,6.8,I alt,Husholdninger mv.,"Transaksjoner, tolvmånedersvekst (prosent)"
00,Kred04,AarsTrans2,2009M02,6.7,I alt,Husholdninger mv.,"Transaksjoner, tolvmånedersvekst (prosent)"
00,Kred04,AarsTrans2,2009M03,6.7,I alt,Husholdninger mv.,"Transaksjoner, tolvmånedersvekst (prosent)"
00,Kred04,AarsTrans2,2009M04,6.7,I alt,Husholdninger mv.,"Transaksjoner, tolvmånedersvekst (prosent)"
00,Kred04,AarsTrans2,2009M05,6.4,I alt,Husholdninger mv.,"Transaksjoner, tolvmånedersvekst (prosent)"
00,Kred04,AarsTrans2,2009M06,6.4,I alt,Husholdninger mv.,"Transaksjoner, tolvmånedersvekst (prosent)"
00,Kred04,AarsTrans2,2009M07,6.5,I alt,Husholdninger mv.,"Transaksjoner, tolvmånedersvekst (prosent)"
00,Kred04,AarsTrans2,2009M08,6.4,I alt,Husholdninger mv.,"Transaksjoner, tolvmånedersvekst (prosent)"
00,Kred04,AarsTrans2,2009M09,6.4,I alt,Husholdninger mv.,"Transaksjoner, tolvmånedersvekst (prosent)"
00,Kred04,AarsTrans2,2009M10,6.7,I alt,Husholdninger mv.,"Transaksjoner, tolvmånedersvekst (prosent)"
00,Kred04,AarsTrans2,2009M11,6.9,I alt,Husholdninger mv.,"Transaksjoner, tolvmånedersvekst (prosent)"
00,Kred04,AarsTrans2,2009M12,6.7,I alt,Husholdninger mv.,"Transaksjoner, tolvmånedersvekst (prosent)"
00,Kred04,AarsTrans2,2010M01,7.0,I alt,Husholdninger mv.,"Transaksjoner, tolvmånedersvekst (prosent)"
00,Kred04,AarsTrans2,2010M02,6.7,I alt,Husholdninger mv.,"Transaksjoner, tolvmånedersvekst (prosent)"
00,Kred04,AarsTrans2,2010M03,6.4,I alt,Husholdninger mv.,"Transaksjoner, tolvmånedersvekst (prosent)"
00,Kred04,AarsTrans2,2010M04,6.3,I alt,Husholdninger mv.,"Transaksjoner, tolvmånedersvekst (prosent)"
00,Kred04,AarsTrans2,2010M05,6.4,I alt,Husholdninger mv.,"Transaksjoner, tolvmånedersvekst (prosent)"
00,Kred04,AarsTrans2,2010M06,6.2,I alt,Husholdninger mv.,"Transaksjoner, tolvmånedersvekst (prosent)"
00,Kred04,AarsTrans2,2010M07,6.1,I alt,Husholdninger mv.,"Transaksjoner, tolvmånedersvekst (prosent)"
00,Kred04,AarsTrans2,2010M08,6.2,I alt,Husholdninger mv.,"Transaksjoner, tolvmånedersvekst (prosent)"
00,Kred04,AarsTrans2,2010M09,6.3,I alt,Husholdninger mv.,"Transaksjoner, tolvmånedersvekst (prosent)"
00,Kred04,AarsTrans2,2010M10,6.2,I alt,Husholdninger mv.,"Transaksjoner, tolvmånedersvekst (prosent)"
00,Kred04,AarsTrans2,2010M11,6.3,I alt,Husholdninger mv.,"Transaksjoner, tolvmånedersvekst (prosent)"
00,Kred04,AarsTrans2,2010M12,6.5,I alt,Husholdninger mv.,"Transaksjoner, tolvmånedersvekst (prosent)"
00,Kred04,AarsTrans2,2011M01,6.4,I alt,Husholdninger mv.,"Transaksjoner, tolvmånedersvekst (prosent)"
00,Kred04,AarsTrans2,2011M02,6.6,I alt,Husholdninger mv.,"Transaksjoner, tolvmånedersvekst (prosent)"
00,Kred04,AarsTrans2,2011M03,6.8,I alt,Husholdninger mv.,"Transaksjoner, tolvmånedersvekst (prosent)"
00,Kred04,AarsTrans2,2011M04,6.9,I alt,Husholdninger mv.,"Transaksjoner, tolvmånedersvekst (prosent)"
00,Kred04,AarsTrans2,2011M05,7.0,I alt,Husholdninger mv.,"Transaksjoner, tolvmånedersvekst (prosent)"
00,Kred04,AarsTrans2,2011M06,7.1,I alt,Husholdninger mv.,"Transaksjoner, tolvmånedersvekst (prosent)"
00,Kred04,AarsTrans2,2011M07,7.1,I alt,Husholdninger mv.,"Transaksjoner, tolvmånedersvekst (prosent)"
00,Kred04,AarsTrans2,2011M08,7.2,I alt,Husholdninger mv.,"Transaksjoner, tolvmånedersvekst (prosent)"
00,Kred04,AarsTrans2,2011M09,7.2,I alt,Husholdninger mv.,"Transaksjoner, tolvmånedersvekst (prosent)"
00,Kred04,AarsTrans2,2011M10,7.2,I alt,Husholdninger mv.,"Transaksjoner, tolvmånedersvekst (prosent)"
00,Kred04,AarsTrans2,2011M11,7.2,I alt,Husholdninger mv.,"Transaksjoner, tolvmånedersvekst (prosent)"
00,Kred04,AarsTrans2,2011M12,7.2,I alt,Husholdninger mv.,"Transaksjoner, tolvmånedersvekst (prosent)"
00,Kred04,AarsTrans2,2012M01,7.2,I alt,Husholdninger mv.,"Transaksjoner, tolvmånedersvekst (prosent)"
00,Kred04,AarsTrans2,2012M02,7.3,I alt,Husholdninger mv.,"Transaksjoner, tolvmånedersvekst (prosent)"
00,Kred04,AarsTrans2,2012M03,7.1,I alt,Husholdninger mv.,"Transaksjoner, tolvmånedersvekst (prosent)"
00,Kred04,AarsTrans2,2012M04,6.8,I alt,Husholdninger mv.,"Transaksjoner, tolvmånedersvekst (prosent)"
00,Kred04,AarsTrans2,2012M05,7.0,I alt,Husholdninger mv.,"Transaksjoner, tolvmånedersvekst (prosent)"
00,Kred04,AarsTrans2,2012M06,7.1,I alt,Husholdninger mv.,"Transaksjoner, tolvmånedersvekst (prosent)"
00,Kred04,AarsTrans2,2012M07,7.2,I alt,Husholdninger mv.,"Transaksjoner, tolvmånedersvekst (prosent)"
00,Kred04,AarsTrans2,2012M08,7.1,I alt,Husholdninger mv.,"Transaksjoner, tolvmånedersvekst (prosent)"
00,Kred04,AarsTrans2,2012M09,7.0,I alt,Husholdninger mv.,"Transaksjoner, tolvmånedersvekst (prosent)"
00,Kred04,AarsTrans2,2012M10,7.1,I alt,Husholdninger mv.,"Transaksjoner, tolvmånedersvekst (prosent)"
00,Kred04,AarsTrans2,2012M11,7.2,I alt,Husholdninger mv.,"Transaksjoner, tolvmånedersvekst (prosent)"
00,Kred04,AarsTrans2,2012M12,7.2,I alt,Husholdninger mv.,"Transaksjoner, tolvmånedersvekst (prosent)"
00,Kred04,AarsTrans2,2013M01,7.2,I alt,Husholdninger mv.,"Transaksjoner, tolvmånedersvekst (prosent)"
00,Kred04,AarsTrans2,2013M02,7.2,I alt,Husholdninger mv.,"Transaksjoner, tolvmånedersvekst (prosent)"
00,Kred04,AarsTrans2,2013M03,7.4,I alt,Husholdninger mv.,"Transaksjoner, tolvmånedersvekst (prosent)"
00,Kred04,AarsTrans2,2013M04,7.7,I alt,Husholdninger mv.,"Transaksjoner, tolvmånedersvekst (prosent)"
00,Kred04,AarsTrans2,2013M05,7.4,I alt,Husholdninger mv.,"Transaksjoner, tolvmånedersvekst (prosent)"
00,Kred04,AarsTrans2,2013M06,7.4,I alt,Husholdninger mv.,"Transaksjoner, tolvmånedersvekst (prosent)"
00,Kred04,AarsTrans2,2013M07,7.1,I alt,Husholdninger mv.,"Transaksjoner, tolvmånedersvekst (prosent)"
00,Kred04,AarsTrans2,2013M08,7.2,I alt,Husholdninger mv.,"Transaksjoner, tolvmånedersvekst (prosent)"
00,Kred04,AarsTrans2,2013M09,7.2,I alt,Husholdninger mv.,"Transaksjoner, tolvmånedersvekst (prosent)"
00,Kred04,AarsTrans2,2013M10,7.2,I alt,Husholdninger mv.,"Transaksjoner, tolvmånedersvekst (prosent)"
00,Kred04,AarsTrans2,2013M11,7.0,I alt,Husholdninger mv.,"Transaksjoner, tolvmånedersvekst (prosent)"
00,Kred04,AarsTrans2,2013M12,7.0,I alt,Husholdninger mv.,"Transaksjoner, tolvmånedersvekst (prosent)"
00,Kred04,AarsTrans2,2014M01,6.8,I alt,Husholdninger mv.,"Transaksjoner, tolvmånedersvekst (prosent)"
00,Kred04,AarsTrans2,2014M02,6.7,I alt,Husholdninger mv.,"Transaksjoner, tolvmånedersvekst (prosent)"
00,Kred04,AarsTrans2,2014M03,6.9,I alt,Husholdninger mv.,"Transaksjoner, tolvmånedersvekst (prosent)"
00,Kred04,AarsTrans2,2014M04,6.8,I alt,Husholdninger mv.,"Transaksjoner, tolvmånedersvekst (prosent)"
00,Kred04,AarsTrans2,2014M05,6.7,I alt,Husholdninger mv.,"Transaksjoner, tolvmånedersvekst (prosent)"
00,Kred04,AarsTrans2,2014M06,6.5,I alt,Husholdninger mv.,"Transaksjoner, tolvmånedersvekst (prosent)"
00,Kred04,AarsTrans2,2014M07,6.7,I alt,Husholdninger mv.,"Transaksjoner, tolvmånedersvekst (prosent)"
00,Kred04,AarsTrans2,2014M08,6.5,I alt,Husholdninger mv.,"Transaksjoner, tolvmånedersvekst (prosent)"
00,Kred04,AarsTrans2,2014M09,6.4,I alt,Husholdninger mv.,"Transaksjoner, tolvmånedersvekst (prosent)"
00,Kred04,AarsTrans2,2014M10,6.4,I alt,Husholdninger mv.,"Transaksjoner, tolvmånedersvekst (prosent)"
00,Kred04,AarsTrans2,2014M11,6.2,I alt,Husholdninger mv.,"Transaksjoner, tolvmånedersvekst (prosent)"
00,Kred04,AarsTrans2,2014M12,6.1,I alt,Husholdninger mv.,"Transaksjoner, tolvmånedersvekst (prosent)"
00,Kred04,AarsTrans2,2015M01,6.2,I alt,Husholdninger mv.,"Transaksjoner, tolvmånedersvekst (prosent)"
00,Kred04,AarsTrans2,2015M02,6.2,I alt,Husholdninger mv.,"Transaksjoner, tolvmånedersvekst (prosent)"
00,Kred04,AarsTrans2,2015M03,6.3,I alt,Husholdninger mv.,"Transaksjoner, tolvmånedersvekst (prosent)"
00,Kred04,AarsTrans2,2015M04,6.2,I alt,Husholdninger mv.,"Transaksjoner, tolvmånedersvekst (prosent)"
00,Kred04,AarsTrans2,2015M05,6.4,I alt,Husholdninger mv.,"Transaksjoner, tolvmånedersvekst (prosent)"
00,Kred04,AarsTrans2,2015M06,6.5,I alt,Husholdninger mv.,"Transaksjoner, tolvmånedersvekst (prosent)"
00,Kred04,AarsTrans2,2015M07,6.5,I alt,Husholdninger mv.,"Transaksjoner, tolvmånedersvekst (prosent)"
00,Kred04,AarsTrans2,2015M08,6.4,I alt,Husholdninger mv.,"Transaksjoner, tolvmånedersvekst (prosent)"
00,Kred04,AarsTrans2,2015M09,6.3,I alt,Husholdninger mv.,"Transaksjoner, tolvmånedersvekst (prosent)"
00,Kred04,AarsTrans2,2015M10,6.4,I alt,Husholdninger mv.,"Transaksjoner, tolvmånedersvekst (prosent)"
00,Kred04,AarsTrans2,2015M11,5.9,I alt,Husholdninger mv.,"Transaksjoner, tolvmånedersvekst (prosent)"
00,Kred04,AarsTrans2,2015M12,6.1,I alt,Husholdninger mv.,"Transaksjoner, tolvmånedersvekst (prosent)"
00,Kred04,AarsTrans2,2016M01,6.1,I alt,Husholdninger mv.,"Transaksjoner, tolvmånedersvekst (prosent)"
00,Kred04,AarsTrans2,2016M02,6.0,I alt,Husholdninger mv.,"Transaksjoner, tolvmånedersvekst (prosent)"
00,Kred04,AarsTrans2,2016M03,5.8,I alt,Husholdninger mv.,"Transaksjoner, tolvmånedersvekst (prosent)"
00,Kred04,AarsTrans2,2016M04,6.0,I alt,Husholdninger mv.,"Transaksjoner, tolvmånedersvekst (prosent)"
00,Kred04,AarsTrans2,2016M05,5.9,I alt,Husholdninger mv.,"Transaksjoner, tolvmånedersvekst (prosent)"
00,Kred04,AarsTrans2,2016M06,6.0,I alt,Husholdninger mv.,"Transaksjoner, tolvmånedersvekst (prosent)"
00,Kred04,AarsTrans2,2016M07,5.9,I alt,Husholdninger mv.,"Transaksjoner, tolvmånedersvekst (prosent)"
00,Kred04,AarsTrans2,2016M08,6.1,I alt,Husholdninger mv.,"Transaksjoner, tolvmånedersvekst (prosent)"
00,Kred04,AarsTrans2,2016M09,6.3,I alt,Husholdninger mv.,"Transaksjoner, tolvmånedersvekst (prosent)"
00,Kred04,AarsTrans2,2016M10,6.1,I alt,Husholdninger mv.,"Transaksjoner, tolvmånedersvekst (prosent)"
00,Kred04,AarsTrans2,2016M11,6.5,I alt,Husholdninger mv.,"Transaksjoner, tolvmånedersvekst (prosent)"
00,Kred04,AarsTrans2,2016M12,6.3,I alt,Husholdninger mv.,"Transaksjoner, tolvmånedersvekst (prosent)"
00,Kred04,AarsTrans2,2017M01,6.5,I alt,Husholdninger mv.,"Transaksjoner, tolvmånedersvekst (prosent)"
00,Kred04,AarsTrans2,2017M02,6.6,I alt,Husholdninger mv.,"Transaksjoner, tolvmånedersvekst (prosent)"
00,Kred04,AarsTrans2,2017M03,6.7,I alt,Husholdninger mv.,"Transaksjoner, tolvmånedersvekst (prosent)"
00,Kred04,AarsTrans2,2017M04,6.5,I alt,Husholdninger mv.,"Transaksjoner, tolvmånedersvekst (prosent)"
00,Kred04,AarsTrans2,2017M05,6.7,I alt,Husholdninger mv.,"Transaksjoner, tolvmånedersvekst (prosent)"
00,Kred04,AarsTrans2,2017M06,6.6,I alt,Husholdninger mv.,"Transaksjoner, tolvmånedersvekst (prosent)"
00,Kred04,AarsTrans2,2017M07,6.6,I alt,Husholdninger mv.,"Transaksjoner, tolvmånedersvekst (prosent)"
00,Kred04,AarsTrans2,2017M08,6.5,I alt,Husholdninger mv.,"Transaksjoner, tolvmånedersvekst (prosent)"
00,Kred04,AarsTrans2,2017M09,6.4,I alt,Husholdninger mv.,"Transaksjoner, tolvmånedersvekst (prosent)"
00,Kred04,AarsTrans2,2017M10,6.3,I alt,Husholdninger mv.,"Transaksjoner, tolvmånedersvekst (prosent)"
00,Kred04,AarsTrans2,2017M11,6.4,I alt,Husholdninger mv.,"Transaksjoner, tolvmånedersvekst (prosent)"
00,Kred04,AarsTrans2,2017M12,6.4,I alt,Husholdninger mv.,"Transaksjoner, tolvmånedersvekst (prosent)"
00,Kred04,AarsTrans2,2018M01,6.2,I alt,Husholdninger mv.,"Transaksjoner, tolvmånedersvekst (prosent)"
00,Kred04,AarsTrans2,2018M02,6.0,I alt,Husholdninger mv.,"Transaksjoner, tolvmånedersvekst (prosent)"
00,Kred04,AarsTrans2,2018M03,6.0,I alt,Husholdninger mv.,"Transaksjoner, tolvmånedersvekst (prosent)"
00,Kred04,AarsTrans2,2018M04,6.0,I alt,Husholdninger mv.,"Transaksjoner, tolvmånedersvekst (prosent)"
00,Kred04,AarsTrans2,2018M05,5.8,I alt,Husholdninger mv.,"Transaksjoner, tolvmånedersvekst (prosent)"
00,Kred04,AarsTrans2,2018M06,5.9,I alt,Husholdninger mv.,"Transaksjoner, tolvmånedersvekst (prosent)"
00,Kred04,AarsTrans2,2018M07,5.8,I alt,Husholdninger mv.,"Transaksjoner, tolvmånedersvekst (prosent)"
00,Kred04,AarsTrans2,2018M08,5.8,I alt,Husholdninger mv.,"Transaksjoner, tolvmånedersvekst (prosent)"
00,Kred04,AarsTrans2,2018M09,5.8,I alt,Husholdninger mv.,"Transaksjoner, tolvmånedersvekst (prosent)"
00,Kred04,AarsTrans2,2018M10,5.8,I alt,Husholdninger mv.,"Transaksjoner, tolvmånedersvekst (prosent)"
00,Kred04,AarsTrans2,2018M11,5.6,I alt,Husholdninger mv.,"Transaksjoner, tolvmånedersvekst (prosent)"
00,Kred04,AarsTrans2,2018M12,5.6,I alt,Husholdninger mv.,"Transaksjoner, tolvmånedersvekst (prosent)"
00,Kred04,AarsTrans2,2019M01,5.8,I alt,Husholdninger mv.,"Transaksjoner, tolvmånedersvekst (prosent)"
00,Kred04,AarsTrans2,2019M02,5.8,I alt,Husholdninger mv.,"Transaksjoner, tolvmånedersvekst (prosent)"
00,Kred04,AarsTrans2,2019M03,5.7,I alt,Husholdninger mv.,"Transaksjoner, tolvmånedersvekst (prosent)"
00,Kred04,AarsTrans2,2019M04,5.7,I alt,Husholdninger mv.,"Transaksjoner, tolvmånedersvekst (prosent)"
00,Kred04,AarsTrans2,2019M05,5.7,I alt,Husholdninger mv.,"Transaksjoner, tolvmånedersvekst (prosent)"
00,Kred04,AarsTrans2,2019M06,5.6,I alt,Husholdninger mv.,"Transaksjoner, tolvmånedersvekst (prosent)"
00,Kred04,AarsTrans2,2019M07,5.4,I alt,Husholdninger mv.,"Transaksjoner, tolvmånedersvekst (prosent)"
00,Kred04,AarsTrans2,2019M08,5.3,I alt,Husholdninger mv.,"Transaksjoner, tolvmånedersvekst (prosent)"
00,Kred04,AarsTrans2,2019M09,5.1,I alt,Husholdninger mv.,"Transaksjoner, tolvmånedersvekst (prosent)"
00,Kred04,AarsTrans2,2019M10,5.1,I alt,Husholdninger mv.,"Transaksjoner, tolvmånedersvekst (prosent)"
00,Kred04,AarsTrans2,2019M11,5.2,I alt,Husholdninger mv.,"Transaksjoner, tolvmånedersvekst (prosent)"
00,Kred04,AarsTrans2,2019M12,5.0,I alt,Husholdninger mv.,"Transaksjoner, tolvmånedersvekst (prosent)"
00,Kred04,AarsTrans2,2020M01,4.9,I alt,Husholdninger mv.,"Transaksjoner, tolvmånedersvekst (prosent)"
00,Kred04,AarsTrans2,2020M02,4.9,I alt,Husholdninger mv.,"Transaksjoner, tolvmånedersvekst (prosent)"
00,Kred04,AarsTrans2,2020M03,4.8,I alt,Husholdninger mv.,"Transaksjoner, tolvmånedersvekst (prosent)"
00,Kred04,AarsTrans2,2020M04,4.6,I alt,Husholdninger mv.,"Transaksjoner, tolvmånedersvekst (prosent)"
00,Kred04,AarsTrans2,2020M05,4.5,I alt,Husholdninger mv.,"Transaksjoner, tolvmånedersvekst (prosent)"
00,Kred04,AarsTrans2,2020M06,4.5,I alt,Husholdninger mv.,"Transaksjoner, tolvmånedersvekst (prosent)"
00,Kred04,AarsTrans2,2020M07,4.6,I alt,Husholdninger mv.,"Transaksjoner, tolvmånedersvekst (prosent)"
00,Kred04,AarsTrans2,2020M08,4.6,I alt,Husholdninger mv.,"Transaksjoner, tolvmånedersvekst (prosent)"
00,Kred04,AarsTrans2,2020M09,4.7,I alt,Husholdninger mv.,"Transaksjoner, tolvmånedersvekst (prosent)"
00,Kred04,AarsTrans2,2020M10,4.8,I alt,Husholdninger mv.,"Transaksjoner, tolvmånedersvekst (prosent)"
00,Kred04,AarsTrans2,2020M11,4.8,I alt,Husholdninger mv.,"Transaksjoner, tolvmånedersvekst (prosent)"
00,Kred04,AarsTrans2,2020M12,4.9,I alt,Husholdninger mv.,"Transaksjoner, tolvmånedersvekst (prosent)"
00,Kred04,AarsTrans2,2021M01,4.9,I alt,Husholdninger mv.,"Transaksjoner, tolvmånedersvekst (prosent)"
00,Kred04,AarsTrans2,2021M02,4.8,I alt,Husholdninger mv.,"Transaksjoner, tolvmånedersvekst (prosent)"
00,Kred04,AarsTrans2,2021M03,4.8,I alt,Husholdninger mv.,"Transaksjoner, tolvmånedersvekst (prosent)"
00,Kred04,AarsTrans2,2021M04,5.0,I alt,Husholdninger mv.,"Transaksjoner, tolvmånedersvekst (prosent)"
00,Kred04,AarsTrans2,2021M05,5.1,I alt,Husholdninger mv.,"Transaksjoner, tolvmånedersvekst (prosent)"
00,Kred04,AarsTrans2,2021M06,5.2,I alt,Husholdninger mv.,"Transaksjoner, tolvmånedersvekst (prosent)"
00,Kred04,AarsTrans2,2021M07,5.2,I alt,Husholdninger mv.,"Transaksjoner, tolvmånedersvekst (prosent)"
00,Kred04,AarsTrans2,2021M08,5.2,I alt,Husholdninger mv.,"Transaksjoner, tolvmånedersvekst (prosent)"
00,Kred04,AarsTrans2,2021M09,5.1,I alt,Husholdninger mv.,"Transaksjoner, tolvmånedersvekst (prosent)"
00,Kred04,AarsTrans2,2021M10,5.1,I alt,Husholdninger mv.,"Transaksjoner, tolvmånedersvekst (prosent)"
00,Kred04,AarsTrans2,2021M11,5.0,I alt,Husholdninger mv.,"Transaksjoner, tolvmånedersvekst (prosent)"
00,Kred04,AarsTrans2,2021M12,5.1,I alt,Husholdninger mv.,"Transaksjoner, tolvmånedersvekst (prosent)"
00,Kred04,AarsTrans2,2022M01,5.0,I alt,Husholdninger mv.,"Transaksjoner, tolvmånedersvekst (prosent)"
00,Kred04,AarsTrans2,2022M02,5.0,I alt,Husholdninger mv.,"Transaksjoner, tolvmånedersvekst (prosent)"
00,Kred04,AarsTrans2,2022M03,5.0,I alt,Husholdninger mv.,"Transaksjoner, tolvmånedersvekst (prosent)"
00,Kred04,AarsTrans2,2022M04,4.9,I alt,Husholdninger mv.,"Transaksjoner, tolvmånedersvekst (prosent)"
00,Kred04,AarsTrans2,2022M05,4.9,I alt,Husholdninger mv.,"Transaksjoner, tolvmånedersvekst (prosent)"
00,Kred04,AarsTrans2,2022M06,4.6,I alt,Husholdninger mv.,"Transaksjoner, tolvmånedersvekst (prosent)"
00,Kred04,AarsTrans2,2022M07,4.5,I alt,Husholdninger mv.,"Transaksjoner, tolvmånedersvekst (prosent)"
00,Kred04,AarsTrans2,2022M08,4.4,I alt,Husholdninger mv.,"Transaksjoner, tolvmånedersvekst (prosent)"
00,Kred04,AarsTrans2,2022M09,4.3,I alt,Husholdninger mv.,"Transaksjoner, tolvmånedersvekst (prosent)"
00,Kred04,AarsTrans2,2022M10,4.2,I alt,Husholdninger mv.,"Transaksjoner, tolvmånedersvekst (prosent)"
00,Kred04,AarsTrans2,2022M11,4.2,I alt,Husholdninger mv.,"Transaksjoner, tolvmånedersvekst (prosent)"
00,Kred04,AarsTrans2,2022M12,4.1,I alt,Husholdninger mv.,"Transaksjoner, tolvmånedersvekst (prosent)"
00,Kred04,AarsTrans2,2023M01,4.1,I alt,Husholdninger mv.,"Transaksjoner, tolvmånedersvekst (prosent)"
00,Kred04,AarsTrans2,2023M02,4.0,I alt,Husholdninger mv.,"Transaksjoner, tolvmånedersvekst (prosent)"
00,Kred04,AarsTrans2,2023M03,4.2,I alt,Husholdninger mv.,"Transaksjoner, tolvmånedersvekst (prosent)"
00,Kred04,AarsTrans2,2023M04,4.1,I alt,Husholdninger mv.,"Transaksjoner, tolvmånedersvekst (prosent)"
00,Kred04,AarsTrans2,2023M05,3.9,I alt,Husholdninger mv.,"Transaksjoner, tolvmånedersvekst (prosent)"
00,Kred04,AarsTrans2,2023M06,3.7,I alt,Husholdninger mv.,"Transaksjoner, tolvmånedersvekst (prosent)"
00,Kred04,AarsTrans2,2023M07,3.7,I alt,Husholdninger mv.,"Transaksjoner, tolvmånedersvekst (prosent)"
00,Kred04,AarsTrans2,2023M08,3.7,I alt,Husholdninger mv.,"Transaksjoner, tolvmånedersvekst (prosent)"
00,Kred04,AarsTrans2,2023M09,3.7,I alt,Husholdninger mv.,"Transaksjoner, tolvmånedersvekst (prosent)"
00,Kred04,AarsTrans2,2023M10,3.5,I alt,Husholdninger mv.,"Transaksjoner, tolvmånedersvekst (prosent)"
00,Kred04,AarsTrans2,2023M11,3.3,I alt,Husholdninger mv.,"Transaksjoner, tolvmånedersvekst (prosent)"
00,Kred04,AarsTrans2,2023M12,3.4,I alt,Husholdninger mv.,"Transaksjoner, tolvmånedersvekst (prosent)"
00,Kred04,AarsTrans2,2024M01,3.3,I alt,Husholdninger mv.,"Transaksjoner, tolvmånedersvekst (prosent)"
00,Kred04,AarsTrans2,2024M02,3.2,I alt,Husholdninger mv.,"Transaksjoner, tolvmånedersvekst (prosent)"
00,Kred04,AarsTrans2,2024M03,3.0,I alt,Husholdninger mv.,"Transaksjoner, tolvmånedersvekst (prosent)"
00,Kred04,AarsTrans2,2024M04,3.0,I alt,Husholdninger mv.,"Transaksjoner, tolvmånedersvekst (prosent)"
00,Kred04,AarsTrans2,2024M05,3.2,I alt,Husholdninger mv.,"Transaksjoner, tolvmånedersvekst (prosent)"
00,Kred04,AarsTrans2,2024M06,3.3,I alt,Husholdninger mv.,"Transaksjoner, tolvmånedersvekst (prosent)"
00,Kred04,AarsTrans2,2024M07,3.4,I alt,Husholdninger mv.,"Transaksjoner, tolvmånedersvekst (prosent)"
00,Kred04,AarsTrans2,2024M08,3.5,I alt,Husholdninger mv.,"Transaksjoner, tolvmånedersvekst (prosent)"
00,Kred04,AarsTrans2,2024M09,3.5,I alt,Husholdninger mv.,"Transaksjoner, tolvmånedersvekst (prosent)"
00,Kred04,AarsTrans2,2024M10,3.7,I alt,Husholdninger mv.,"Transaksjoner, tolvmånedersvekst (prosent)"
00,Kred04,AarsTrans2,2024M11,3.9,I alt,Husholdninger mv.,"Transaksjoner, tolvmånedersvekst (prosent)"
00,Kred04,AarsTrans2,2024M12,3.8,I alt,Husholdninger mv.,"Transaksjoner, tolvmånedersvekst (prosent)"
00,Kred04,AarsTrans2,2025M01,3.9,I alt,Husholdninger mv.,"Transaksjoner, tolvmånedersvekst (prosent)"
00,Kred04,AarsTrans2,2025M02,4.0,I alt,Husholdninger mv.,"Transaksjoner, tolvmånedersvekst (prosent)"
00,Kred04,AarsTrans2,2025M03,4.1,I alt,Husholdninger mv.,"Transaksjoner, tolvmånedersvekst (prosent)"
00,Kred04,AarsTrans2,2025M04,4.2,I alt,Husholdninger mv.,"Transaksjoner, tolvmånedersvekst (prosent)"
00,Kred04,AarsTrans2,2025M05,4.2,I alt,Husholdninger mv.,"Transaksjoner, tolvmånedersvekst (prosent)"
00,Kred04,AarsTrans2,2025M06,4.3,I alt,Husholdninger mv.,"Transaksjoner, tolvmånedersvekst (prosent)"
00,Kred04,AarsTrans2,2025M07,4.3,I alt,Husholdninger mv.,"Transaksjoner, tolvmånedersvekst (prosent)"
00,Kred04,AarsTrans2,2025M08,4.3,I alt,Husholdninger mv.,"Transaksjoner, tolvmånedersvekst (prosent)"
00,Kred04,AarsTrans2,2025M09,4.4,I alt,Husholdninger mv.,"Transaksjoner, tolvmånedersvekst (prosent)"
00,Kred04,AarsTrans2,2025M10,4.4,I alt,Husholdninger mv.,"Transaksjoner, tolvmånedersvekst (prosent)"
00,Kred04,AarsTrans2,2025M11,4.5,I alt,Husholdninger mv.,"Transaksjoner, tolvmånedersvekst (prosent)"
00,Kred04,AarsTrans2,2025M12,4.8,I alt,Husholdninger mv.,"Transaksjoner, tolvmånedersvekst (prosent)"
00,Kred04,AarsTrans2,2026M01,4.7,I alt,Husholdninger mv.,"Transaksjoner, tolvmånedersvekst (prosent)"
00,Kred04,AarsTrans2,2026M02,4.7,I alt,Husholdninger mv.,"Transaksjoner, tolvmånedersvekst (prosent)"
00,Kred04,AarsTrans2,2026M03,4.7,I alt,Husholdninger mv.,"Transaksjoner, tolvmånedersvekst (prosent)"
00,Kred04,AarsTrans2,2026M04,4.7,I alt,Husholdninger mv.,"Transaksjoner, tolvmånedersvekst (prosent)"
00,Kred04,AarsTrans2,2026M05,4.6,I alt,Husholdninger mv.,"Transaksjoner, tolvmånedersvekst (prosent)"
00,Kred04,AarsTrans2,2026M06,4.7,I alt,Husholdninger mv.,"Transaksjoner, tolvmånedersvekst (prosent)"
00,Kred04,AarsTrans2,2026M07,4.6,I alt,Husholdninger mv.,"Transaksjoner, tolvmånedersvekst (prosent)"
00,Kred04,AarsTrans2,2026M08,4.6,I alt,Husholdninger mv.,"Transaksjoner, tolvmånedersvekst (prosent)"
