Region,ContentsCode,period,value,Region_label,ContentsCode_label
0,Folketallet11,1997K4,4418446,Hele landet,Befolkning ved utgangen av kvartalet
0,Folketallet11,1998K1,4423276,Hele landet,Befolkning ved utgangen av kvartalet
0,Folketallet11,1998K2,4431399,Hele landet,Befolkning ved utgangen av kvartalet
0,Folketallet11,1998K3,4440847,Hele landet,Befolkning ved utgangen av kvartalet
0,Folketallet11,1998K4,4448460,Hele landet,Befolkning ved utgangen av kvartalet
0,Folketallet11,1999K1,4451204,Hele landet,Befolkning ved utgangen av kvartalet
0,Folketallet11,1999K2,4459565,Hele landet,Befolkning ved utgangen av kvartalet
0,Folketallet11,1999K3,4473603,Hele landet,Befolkning ved utgangen av kvartalet
0,Folketallet11,1999K4,4478725,Hele landet,Befolkning ved utgangen av kvartalet
0,Folketallet11,2000K1,4484578,Hele landet,Befolkning ved utgangen av kvartalet
0,Folketallet11,2000K2,4492974,Hele landet,Befolkning ved utgangen av kvartalet
0,Folketallet11,2000K3,4500806,Hele landet,Befolkning ved utgangen av kvartalet
0,Folketallet11,2000K4,4503364,Hele landet,Befolkning ved utgangen av kvartalet
0,Folketallet11,2001K1,4507850,Hele landet,Befolkning ved utgangen av kvartalet
0,Folketallet11,2001K2,4512957,Hele landet,Befolkning ved utgangen av kvartalet
0,Folketallet11,2001K3,4519403,Hele landet,Befolkning ved utgangen av kvartalet
0,Folketallet11,2001K4,4523861,Hele landet,Befolkning ved utgangen av kvartalet
0,Folketallet11,2002K1,4530398,Hele landet,Befolkning ved utgangen av kvartalet
0,Folketallet11,2002K2,4538423,Hele landet,Befolkning ved utgangen av kvartalet
0,Folketallet11,2002K3,4547302,Hele landet,Befolkning ved utgangen av kvartalet
0,Folketallet11,2002K4,4551996,Hele landet,Befolkning ved utgangen av kvartalet
0,Folketallet11,2003K1,4557998,Hele landet,Befolkning ved utgangen av kvartalet
0,Folketallet11,2003K2,4565107,Hele landet,Befolkning ved utgangen av kvartalet
0,Folketallet11,2003K3,4572924,Hele landet,Befolkning ved utgangen av kvartalet
0,Folketallet11,2003K4,4577207,Hele landet,Befolkning ved utgangen av kvartalet
0,Folketallet11,2004K1,4582562,Hele landet,Befolkning ved utgangen av kvartalet
0,Folketallet11,2004K2,4589608,Hele landet,Befolkning ved utgangen av kvartalet
0,Folketallet11,2004K3,4599202,Hele landet,Befolkning ved utgangen av kvartalet
0,Folketallet11,2004K4,4606003,Hele landet,Befolkning ved utgangen av kvartalet
0,Folketallet11,2005K1,4612656,Hele landet,Befolkning ved utgangen av kvartalet
0,Folketallet11,2005K2,4621299,Hele landet,Befolkning ved utgangen av kvartalet
0,Folketallet11,2005K3,4631799,Hele landet,Befolkning ved utgangen av kvartalet
0,Folketallet11,2005K4,4640219,Hele landet,Befolkning ved utgangen av kvartalet
0,Folketallet11,2006K1,4649302,Hele landet,Befolkning ved utgangen av kvartalet
0,Folketallet11,2006K2,4660387,Hele landet,Befolkning ved utgangen av kvartalet
0,Folketallet11,2006K3,4671871,Hele landet,Befolkning ved utgangen av kvartalet
0,Folketallet11,2006K4,4681134,Hele landet,Befolkning ved utgangen av kvartalet
0,Folketallet11,2007K1,4691502,Hele landet,Befolkning ved utgangen av kvartalet
0,Folketallet11,2007K2,4704573,Hele landet,Befolkning ved utgangen av kvartalet
0,Folketallet11,2007K3,4721620,Hele landet,Befolkning ved utgangen av kvartalet
0,Folketallet11,2007K4,4737171,Hele landet,Befolkning ved utgangen av kvartalet
0,Folketallet11,2008K1,4753373,Hele landet,Befolkning ved utgangen av kvartalet
0,Folketallet11,2008K2,4769073,Hele landet,Befolkning ved utgangen av kvartalet
0,Folketallet11,2008K3,4787021,Hele landet,Befolkning ved utgangen av kvartalet
0,Folketallet11,2008K4,4799252,Hele landet,Befolkning ved utgangen av kvartalet
0,Folketallet11,2009K1,4812196,Hele landet,Befolkning ved utgangen av kvartalet
0,Folketallet11,2009K2,4825552,Hele landet,Befolkning ved utgangen av kvartalet
0,Folketallet11,2009K3,4842676,Hele landet,Befolkning ved utgangen av kvartalet
0,Folketallet11,2009K4,4858199,Hele landet,Befolkning ved utgangen av kvartalet
0,Folketallet11,2010K1,4873212,Hele landet,Befolkning ved utgangen av kvartalet
0,Folketallet11,2010K2,4887958,Hele landet,Befolkning ved utgangen av kvartalet
0,Folketallet11,2010K3,4908147,Hele landet,Befolkning ved utgangen av kvartalet
0,Folketallet11,2010K4,4920305,Hele landet,Befolkning ved utgangen av kvartalet
0,Folketallet11,2011K1,4937265,Hele landet,Befolkning ved utgangen av kvartalet
0,Folketallet11,2011K2,4952982,Hele landet,Befolkning ved utgangen av kvartalet
0,Folketallet11,2011K3,4973029,Hele landet,Befolkning ved utgangen av kvartalet
0,Folketallet11,2011K4,4985870,Hele landet,Befolkning ved utgangen av kvartalet
0,Folketallet11,2012K1,5002942,Hele landet,Befolkning ved utgangen av kvartalet
0,Folketallet11,2012K2,5017518,Hele landet,Befolkning ved utgangen av kvartalet
0,Folketallet11,2012K3,5038137,Hele landet,Befolkning ved utgangen av kvartalet
0,Folketallet11,2012K4,5051275,Hele landet,Befolkning ved utgangen av kvartalet
0,Folketallet11,2013K1,5063709,Hele landet,Befolkning ved utgangen av kvartalet
0,Folketallet11,2013K2,5077798,Hele landet,Befolkning ved utgangen av kvartalet
0,Folketallet11,2013K3,5096300,Hele landet,Befolkning ved utgangen av kvartalet
0,Folketallet11,2013K4,5109056,Hele landet,Befolkning ved utgangen av kvartalet
0,Folketallet11,2014K1,5124383,Hele landet,Befolkning ved utgangen av kvartalet
0,Folketallet11,2014K2,5137679,Hele landet,Befolkning ved utgangen av kvartalet
0,Folketallet11,2014K3,5156451,Hele landet,Befolkning ved utgangen av kvartalet
0,Folketallet11,2014K4,5165802,Hele landet,Befolkning ved utgangen av kvartalet
0,Folketallet11,2015K1,5176998,Hele landet,Befolkning ved utgangen av kvartalet
0,Folketallet11,2015K2,5189435,Hele landet,Befolkning ved utgangen av kvartalet
0,Folketallet11,2015K3,5205434,Hele landet,Befolkning ved utgangen av kvartalet
0,Folketallet11,2015K4,5213985,Hele landet,Befolkning ved utgangen av kvartalet
0,Folketallet11,2016K1,5223256,Hele landet,Befolkning ved utgangen av kvartalet
0,Folketallet11,2016K2,5236826,Hele landet,Befolkning ved utgangen av kvartalet
0,Folketallet11,2016K3,5252166,Hele landet,Befolkning ved utgangen av kvartalet
0,Folketallet11,2016K4,5258317,Hele landet,Befolkning ved utgangen av kvartalet
0,Folketallet11,2017K1,5267146,Hele landet,Befolkning ved utgangen av kvartalet
0,Folketallet11,2017K2,5277762,Hele landet,Befolkning ved utgangen av kvartalet
0,Folketallet11,2017K3,5290288,Hele landet,Befolkning ved utgangen av kvartalet
0,Folketallet11,2017K4,5295619,Hele landet,Befolkning ved utgangen av kvartalet
0,Folketallet11,2018K1,5302778,Hele landet,Befolkning ved utgangen av kvartalet
0,Folketallet11,2018K2,5312343,Hele landet,Befolkning ved utgangen av kvartalet
0,Folketallet11,2018K3,5323933,Hele landet,Befolkning ved utgangen av kvartalet
0,Folketallet11,2018K4,5328212,Hele landet,Befolkning ved utgangen av kvartalet
0,Folketallet11,2019K1,5336494,Hele landet,Befolkning ved utgangen av kvartalet
0,Folketallet11,2019K2,5345599,Hele landet,Befolkning ved utgangen av kvartalet
0,Folketallet11,2019K3,5356789,Hele landet,Befolkning ved utgangen av kvartalet
0,Folketallet11,2019K4,5367580,Hele landet,Befolkning ved utgangen av kvartalet
0,Folketallet11,2020K1,5372355,Hele landet,Befolkning ved utgangen av kvartalet
0,Folketallet11,2020K2,5374807,Hele landet,Befolkning ved utgangen av kvartalet
0,Folketallet11,2020K3,5384576,Hele landet,Befolkning ved utgangen av kvartalet
0,Folketallet11,2020K4,5391369,Hele landet,Befolkning ved utgangen av kvartalet
0,Folketallet11,2021K1,5398804,Hele landet,Befolkning ved utgangen av kvartalet
0,Folketallet11,2021K2,5402171,Hele landet,Befolkning ved utgangen av kvartalet
0,Folketallet11,2021K3,5415166,Hele landet,Befolkning ved utgangen av kvartalet
0,Folketallet11,2021K4,5425270,Hele landet,Befolkning ved utgangen av kvartalet
0,Folketallet11,2022K1,5435536,Hele landet,Befolkning ved utgangen av kvartalet
0,Folketallet11,2022K2,5455582,Hele landet,Befolkning ved utgangen av kvartalet
0,Folketallet11,2022K3,5475240,Hele landet,Befolkning ved utgangen av kvartalet
0,Folketallet11,2022K4,5488984,Hele landet,Befolkning ved utgangen av kvartalet
0,Folketallet11,2023K1,5504329,Hele landet,Befolkning ved utgangen av kvartalet
0,Folketallet11,2023K2,5514042,Hele landet,Befolkning ved utgangen av kvartalet
0,Folketallet11,2023K3,5533582,Hele landet,Befolkning ved utgangen av kvartalet
0,Folketallet11,2023K4,5550203,Hele landet,Befolkning ved utgangen av kvartalet
0,Folketallet11,2024K1,5562363,Hele landet,Befolkning ved utgangen av kvartalet
0,Folketallet11,2024K2,5571634,Hele landet,Befolkning ved utgangen av kvartalet
0,Folketallet11,2024K3,5585044,Hele landet,Befolkning ved utgangen av kvartalet
0,Folketallet11,2024K4,5594340,Hele landet,Befolkning ved utgangen av kvartalet
0,Folketallet11,2025K1,5601049,Hele landet,Befolkning ved utgangen av kvartalet
0,Folketallet11,2025K2,5606944,Hele landet,Befolkning ved utgangen av kvartalet
0,Folketallet11,2025K3,5618354,Hele landet,Befolkning ved utgangen av kvartalet
0,Folketallet11,2025K4,5627400,Hele landet,Befolkning ved utgangen av kvartalet
0,Folketallet11,2026K1,5633770,Hele landet,Befolkning ved utgangen av kvartalet
0,Folketallet11,2026K2,5636904,Hele landet,Befolkning ved utgangen av kvartalet
0,Nettoinnflytting9,1997K4,3066,Hele landet,"Nettoinnflytting, inkl. inn- og utvandring"
0,Nettoinnflytting9,1998K1,3154,Hele landet,"Nettoinnflytting, inkl. inn- og utvandring"
0,Nettoinnflytting9,1998K2,3601,Hele landet,"Nettoinnflytting, inkl. inn- og utvandring"
0,Nettoinnflytting9,1998K3,4299,Hele landet,"Nettoinnflytting, inkl. inn- og utvandring"
0,Nettoinnflytting9,1998K4,3022,Hele landet,"Nettoinnflytting, inkl. inn- og utvandring"
0,Nettoinnflytting9,1999K1,4237,Hele landet,"Nettoinnflytting, inkl. inn- og utvandring"
0,Nettoinnflytting9,1999K2,3337,Hele landet,"Nettoinnflytting, inkl. inn- og utvandring"
0,Nettoinnflytting9,1999K3,8898,Hele landet,"Nettoinnflytting, inkl. inn- og utvandring"
0,Nettoinnflytting9,1999K4,3467,Hele landet,"Nettoinnflytting, inkl. inn- og utvandring"
0,Nettoinnflytting9,2000K1,3589,Hele landet,"Nettoinnflytting, inkl. inn- og utvandring"
0,Nettoinnflytting9,2000K2,3531,Hele landet,"Nettoinnflytting, inkl. inn- og utvandring"
0,Nettoinnflytting9,2000K3,2618,Hele landet,"Nettoinnflytting, inkl. inn- og utvandring"
0,Nettoinnflytting9,2000K4,124,Hele landet,"Nettoinnflytting, inkl. inn- og utvandring"
0,Nettoinnflytting9,2001K1,1559,Hele landet,"Nettoinnflytting, inkl. inn- og utvandring"
0,Nettoinnflytting9,2001K2,1051,Hele landet,"Nettoinnflytting, inkl. inn- og utvandring"
0,Nettoinnflytting9,2001K3,2481,Hele landet,"Nettoinnflytting, inkl. inn- og utvandring"
0,Nettoinnflytting9,2001K4,2813,Hele landet,"Nettoinnflytting, inkl. inn- og utvandring"
0,Nettoinnflytting9,2002K1,4398,Hele landet,"Nettoinnflytting, inkl. inn- og utvandring"
0,Nettoinnflytting9,2002K2,4261,Hele landet,"Nettoinnflytting, inkl. inn- og utvandring"
0,Nettoinnflytting9,2002K3,4833,Hele landet,"Nettoinnflytting, inkl. inn- og utvandring"
0,Nettoinnflytting9,2002K4,3704,Hele landet,"Nettoinnflytting, inkl. inn- og utvandring"
0,Nettoinnflytting9,2003K1,3484,Hele landet,"Nettoinnflytting, inkl. inn- og utvandring"
0,Nettoinnflytting9,2003K2,2633,Hele landet,"Nettoinnflytting, inkl. inn- og utvandring"
0,Nettoinnflytting9,2003K3,3025,Hele landet,"Nettoinnflytting, inkl. inn- og utvandring"
0,Nettoinnflytting9,2003K4,2105,Hele landet,"Nettoinnflytting, inkl. inn- og utvandring"
0,Nettoinnflytting9,2004K1,1967,Hele landet,"Nettoinnflytting, inkl. inn- og utvandring"
0,Nettoinnflytting9,2004K2,2371,Hele landet,"Nettoinnflytting, inkl. inn- og utvandring"
0,Nettoinnflytting9,2004K3,4634,Hele landet,"Nettoinnflytting, inkl. inn- og utvandring"
0,Nettoinnflytting9,2004K4,4250,Hele landet,"Nettoinnflytting, inkl. inn- og utvandring"
0,Nettoinnflytting9,2005K1,3599,Hele landet,"Nettoinnflytting, inkl. inn- og utvandring"
0,Nettoinnflytting9,2005K2,4029,Hele landet,"Nettoinnflytting, inkl. inn- og utvandring"
0,Nettoinnflytting9,2005K3,5342,Hele landet,"Nettoinnflytting, inkl. inn- og utvandring"
0,Nettoinnflytting9,2005K4,5317,Hele landet,"Nettoinnflytting, inkl. inn- og utvandring"
0,Nettoinnflytting9,2006K1,5307,Hele landet,"Nettoinnflytting, inkl. inn- og utvandring"
0,Nettoinnflytting9,2006K2,5759,Hele landet,"Nettoinnflytting, inkl. inn- og utvandring"
0,Nettoinnflytting9,2006K3,5993,Hele landet,"Nettoinnflytting, inkl. inn- og utvandring"
0,Nettoinnflytting9,2006K4,6630,Hele landet,"Nettoinnflytting, inkl. inn- og utvandring"
0,Nettoinnflytting9,2007K1,7489,Hele landet,"Nettoinnflytting, inkl. inn- og utvandring"
0,Nettoinnflytting9,2007K2,7855,Hele landet,"Nettoinnflytting, inkl. inn- og utvandring"
0,Nettoinnflytting9,2007K3,11615,Hele landet,"Nettoinnflytting, inkl. inn- og utvandring"
0,Nettoinnflytting9,2007K4,12673,Hele landet,"Nettoinnflytting, inkl. inn- og utvandring"
0,Nettoinnflytting9,2008K1,12431,Hele landet,"Nettoinnflytting, inkl. inn- og utvandring"
0,Nettoinnflytting9,2008K2,9932,Hele landet,"Nettoinnflytting, inkl. inn- og utvandring"
0,Nettoinnflytting9,2008K3,11852,Hele landet,"Nettoinnflytting, inkl. inn- og utvandring"
0,Nettoinnflytting9,2008K4,9138,Hele landet,"Nettoinnflytting, inkl. inn- og utvandring"
0,Nettoinnflytting9,2009K1,9618,Hele landet,"Nettoinnflytting, inkl. inn- og utvandring"
0,Nettoinnflytting9,2009K2,6961,Hele landet,"Nettoinnflytting, inkl. inn- og utvandring"
0,Nettoinnflytting9,2009K3,10426,Hele landet,"Nettoinnflytting, inkl. inn- og utvandring"
0,Nettoinnflytting9,2009K4,11629,Hele landet,"Nettoinnflytting, inkl. inn- og utvandring"
0,Nettoinnflytting9,2010K1,10889,Hele landet,"Nettoinnflytting, inkl. inn- og utvandring"
0,Nettoinnflytting9,2010K2,8845,Hele landet,"Nettoinnflytting, inkl. inn- og utvandring"
0,Nettoinnflytting9,2010K3,13754,Hele landet,"Nettoinnflytting, inkl. inn- og utvandring"
0,Nettoinnflytting9,2010K4,8848,Hele landet,"Nettoinnflytting, inkl. inn- og utvandring"
0,Nettoinnflytting9,2011K1,13421,Hele landet,"Nettoinnflytting, inkl. inn- og utvandring"
0,Nettoinnflytting9,2011K2,9829,Hele landet,"Nettoinnflytting, inkl. inn- og utvandring"
0,Nettoinnflytting9,2011K3,13928,Hele landet,"Nettoinnflytting, inkl. inn- og utvandring"
0,Nettoinnflytting9,2011K4,9860,Hele landet,"Nettoinnflytting, inkl. inn- og utvandring"
0,Nettoinnflytting9,2012K1,13617,Hele landet,"Nettoinnflytting, inkl. inn- og utvandring"
0,Nettoinnflytting9,2012K2,9241,Hele landet,"Nettoinnflytting, inkl. inn- og utvandring"
0,Nettoinnflytting9,2012K3,14185,Hele landet,"Nettoinnflytting, inkl. inn- og utvandring"
0,Nettoinnflytting9,2012K4,10294,Hele landet,"Nettoinnflytting, inkl. inn- og utvandring"
0,Nettoinnflytting9,2013K1,9629,Hele landet,"Nettoinnflytting, inkl. inn- og utvandring"
0,Nettoinnflytting9,2013K2,8217,Hele landet,"Nettoinnflytting, inkl. inn- og utvandring"
0,Nettoinnflytting9,2013K3,12476,Hele landet,"Nettoinnflytting, inkl. inn- og utvandring"
0,Nettoinnflytting9,2013K4,9622,Hele landet,"Nettoinnflytting, inkl. inn- og utvandring"
0,Nettoinnflytting9,2014K1,11282,Hele landet,"Nettoinnflytting, inkl. inn- og utvandring"
0,Nettoinnflytting9,2014K2,7359,Hele landet,"Nettoinnflytting, inkl. inn- og utvandring"
0,Nettoinnflytting9,2014K3,12940,Hele landet,"Nettoinnflytting, inkl. inn- og utvandring"
0,Nettoinnflytting9,2014K4,6589,Hele landet,"Nettoinnflytting, inkl. inn- og utvandring"
0,Nettoinnflytting9,2015K1,8648,Hele landet,"Nettoinnflytting, inkl. inn- og utvandring"
0,Nettoinnflytting9,2015K2,6285,Hele landet,"Nettoinnflytting, inkl. inn- og utvandring"
0,Nettoinnflytting9,2015K3,9408,Hele landet,"Nettoinnflytting, inkl. inn- og utvandring"
0,Nettoinnflytting9,2015K4,5432,Hele landet,"Nettoinnflytting, inkl. inn- og utvandring"
0,Nettoinnflytting9,2016K1,5760,Hele landet,"Nettoinnflytting, inkl. inn- og utvandring"
0,Nettoinnflytting9,2016K2,7290,Hele landet,"Nettoinnflytting, inkl. inn- og utvandring"
0,Nettoinnflytting9,2016K3,9403,Hele landet,"Nettoinnflytting, inkl. inn- og utvandring"
0,Nettoinnflytting9,2016K4,3640,Hele landet,"Nettoinnflytting, inkl. inn- og utvandring"
0,Nettoinnflytting9,2017K1,6435,Hele landet,"Nettoinnflytting, inkl. inn- og utvandring"
0,Nettoinnflytting9,2017K2,5221,Hele landet,"Nettoinnflytting, inkl. inn- og utvandring"
0,Nettoinnflytting9,2017K3,6868,Hele landet,"Nettoinnflytting, inkl. inn- og utvandring"
0,Nettoinnflytting9,2017K4,2769,Hele landet,"Nettoinnflytting, inkl. inn- og utvandring"
0,Nettoinnflytting9,2018K1,5468,Hele landet,"Nettoinnflytting, inkl. inn- og utvandring"
0,Nettoinnflytting9,2018K2,4602,Hele landet,"Nettoinnflytting, inkl. inn- og utvandring"
0,Nettoinnflytting9,2018K3,6289,Hele landet,"Nettoinnflytting, inkl. inn- og utvandring"
0,Nettoinnflytting9,2018K4,1722,Hele landet,"Nettoinnflytting, inkl. inn- og utvandring"
0,Nettoinnflytting9,2019K1,5653,Hele landet,"Nettoinnflytting, inkl. inn- og utvandring"
0,Nettoinnflytting9,2019K2,4701,Hele landet,"Nettoinnflytting, inkl. inn- og utvandring"
0,Nettoinnflytting9,2019K3,6190,Hele landet,"Nettoinnflytting, inkl. inn- og utvandring"
0,Nettoinnflytting9,2019K4,8721,Hele landet,"Nettoinnflytting, inkl. inn- og utvandring"
0,Nettoinnflytting9,2020K1,2576,Hele landet,"Nettoinnflytting, inkl. inn- og utvandring"
0,Nettoinnflytting9,2020K2,-1828,Hele landet,"Nettoinnflytting, inkl. inn- og utvandring"
0,Nettoinnflytting9,2020K3,5379,Hele landet,"Nettoinnflytting, inkl. inn- og utvandring"
0,Nettoinnflytting9,2020K4,5015,Hele landet,"Nettoinnflytting, inkl. inn- og utvandring"
0,Nettoinnflytting9,2021K1,3805,Hele landet,"Nettoinnflytting, inkl. inn- og utvandring"
0,Nettoinnflytting9,2021K2,-1736,Hele landet,"Nettoinnflytting, inkl. inn- og utvandring"
0,Nettoinnflytting9,2021K3,8006,Hele landet,"Nettoinnflytting, inkl. inn- og utvandring"
0,Nettoinnflytting9,2021K4,9542,Hele landet,"Nettoinnflytting, inkl. inn- og utvandring"
0,Nettoinnflytting9,2022K1,9333,Hele landet,"Nettoinnflytting, inkl. inn- og utvandring"
0,Nettoinnflytting9,2022K2,17668,Hele landet,"Nettoinnflytting, inkl. inn- og utvandring"
0,Nettoinnflytting9,2022K3,16742,Hele landet,"Nettoinnflytting, inkl. inn- og utvandring"
0,Nettoinnflytting9,2022K4,14595,Hele landet,"Nettoinnflytting, inkl. inn- og utvandring"
0,Nettoinnflytting9,2023K1,14587,Hele landet,"Nettoinnflytting, inkl. inn- og utvandring"
0,Nettoinnflytting9,2023K2,6344,Hele landet,"Nettoinnflytting, inkl. inn- og utvandring"
0,Nettoinnflytting9,2023K3,15679,Hele landet,"Nettoinnflytting, inkl. inn- og utvandring"
0,Nettoinnflytting9,2023K4,16457,Hele landet,"Nettoinnflytting, inkl. inn- og utvandring"
0,Nettoinnflytting9,2024K1,10744,Hele landet,"Nettoinnflytting, inkl. inn- og utvandring"
0,Nettoinnflytting9,2024K2,5414,Hele landet,"Nettoinnflytting, inkl. inn- og utvandring"
0,Nettoinnflytting9,2024K3,9500,Hele landet,"Nettoinnflytting, inkl. inn- og utvandring"
0,Nettoinnflytting9,2024K4,8518,Hele landet,"Nettoinnflytting, inkl. inn- og utvandring"
0,Nettoinnflytting9,2025K1,5434,Hele landet,"Nettoinnflytting, inkl. inn- og utvandring"
0,Nettoinnflytting9,2025K2,1992,Hele landet,"Nettoinnflytting, inkl. inn- og utvandring"
0,Nettoinnflytting9,2025K3,6851,Hele landet,"Nettoinnflytting, inkl. inn- og utvandring"
0,Nettoinnflytting9,2025K4,8063,Hele landet,"Nettoinnflytting, inkl. inn- og utvandring"
0,Nettoinnflytting9,2026K1,4851,Hele landet,"Nettoinnflytting, inkl. inn- og utvandring"
0,Nettoinnflytting9,2026K2,-1590,Hele landet,"Nettoinnflytting, inkl. inn- og utvandring"
3201,Folketallet11,1997K4,0,Bærum,Befolkning ved utgangen av kvartalet
3201,Folketallet11,1998K1,0,Bærum,Befolkning ved utgangen av kvartalet
3201,Folketallet11,1998K2,0,Bærum,Befolkning ved utgangen av kvartalet
3201,Folketallet11,1998K3,0,Bærum,Befolkning ved utgangen av kvartalet
3201,Folketallet11,1998K4,0,Bærum,Befolkning ved utgangen av kvartalet
3201,Folketallet11,1999K1,0,Bærum,Befolkning ved utgangen av kvartalet
3201,Folketallet11,1999K2,0,Bærum,Befolkning ved utgangen av kvartalet
3201,Folketallet11,1999K3,0,Bærum,Befolkning ved utgangen av kvartalet
3201,Folketallet11,1999K4,0,Bærum,Befolkning ved utgangen av kvartalet
3201,Folketallet11,2000K1,0,Bærum,Befolkning ved utgangen av kvartalet
3201,Folketallet11,2000K2,0,Bærum,Befolkning ved utgangen av kvartalet
3201,Folketallet11,2000K3,0,Bærum,Befolkning ved utgangen av kvartalet
3201,Folketallet11,2000K4,0,Bærum,Befolkning ved utgangen av kvartalet
3201,Folketallet11,2001K1,0,Bærum,Befolkning ved utgangen av kvartalet
3201,Folketallet11,2001K2,0,Bærum,Befolkning ved utgangen av kvartalet
3201,Folketallet11,2001K3,0,Bærum,Befolkning ved utgangen av kvartalet
3201,Folketallet11,2001K4,0,Bærum,Befolkning ved utgangen av kvartalet
3201,Folketallet11,2002K1,0,Bærum,Befolkning ved utgangen av kvartalet
3201,Folketallet11,2002K2,0,Bærum,Befolkning ved utgangen av kvartalet
3201,Folketallet11,2002K3,0,Bærum,Befolkning ved utgangen av kvartalet
3201,Folketallet11,2002K4,0,Bærum,Befolkning ved utgangen av kvartalet
3201,Folketallet11,2003K1,0,Bærum,Befolkning ved utgangen av kvartalet
3201,Folketallet11,2003K2,0,Bærum,Befolkning ved utgangen av kvartalet
3201,Folketallet11,2003K3,0,Bærum,Befolkning ved utgangen av kvartalet
3201,Folketallet11,2003K4,0,Bærum,Befolkning ved utgangen av kvartalet
3201,Folketallet11,2004K1,0,Bærum,Befolkning ved utgangen av kvartalet
3201,Folketallet11,2004K2,0,Bærum,Befolkning ved utgangen av kvartalet
3201,Folketallet11,2004K3,0,Bærum,Befolkning ved utgangen av kvartalet
3201,Folketallet11,2004K4,0,Bærum,Befolkning ved utgangen av kvartalet
3201,Folketallet11,2005K1,0,Bærum,Befolkning ved utgangen av kvartalet
3201,Folketallet11,2005K2,0,Bærum,Befolkning ved utgangen av kvartalet
3201,Folketallet11,2005K3,0,Bærum,Befolkning ved utgangen av kvartalet
3201,Folketallet11,2005K4,0,Bærum,Befolkning ved utgangen av kvartalet
3201,Folketallet11,2006K1,0,Bærum,Befolkning ved utgangen av kvartalet
3201,Folketallet11,2006K2,0,Bærum,Befolkning ved utgangen av kvartalet
3201,Folketallet11,2006K3,0,Bærum,Befolkning ved utgangen av kvartalet
3201,Folketallet11,2006K4,0,Bærum,Befolkning ved utgangen av kvartalet
3201,Folketallet11,2007K1,0,Bærum,Befolkning ved utgangen av kvartalet
3201,Folketallet11,2007K2,0,Bærum,Befolkning ved utgangen av kvartalet
3201,Folketallet11,2007K3,0,Bærum,Befolkning ved utgangen av kvartalet
3201,Folketallet11,2007K4,0,Bærum,Befolkning ved utgangen av kvartalet
3201,Folketallet11,2008K1,0,Bærum,Befolkning ved utgangen av kvartalet
3201,Folketallet11,2008K2,0,Bærum,Befolkning ved utgangen av kvartalet
3201,Folketallet11,2008K3,0,Bærum,Befolkning ved utgangen av kvartalet
3201,Folketallet11,2008K4,0,Bærum,Befolkning ved utgangen av kvartalet
3201,Folketallet11,2009K1,0,Bærum,Befolkning ved utgangen av kvartalet
3201,Folketallet11,2009K2,0,Bærum,Befolkning ved utgangen av kvartalet
3201,Folketallet11,2009K3,0,Bærum,Befolkning ved utgangen av kvartalet
3201,Folketallet11,2009K4,0,Bærum,Befolkning ved utgangen av kvartalet
3201,Folketallet11,2010K1,0,Bærum,Befolkning ved utgangen av kvartalet
3201,Folketallet11,2010K2,0,Bærum,Befolkning ved utgangen av kvartalet
3201,Folketallet11,2010K3,0,Bærum,Befolkning ved utgangen av kvartalet
3201,Folketallet11,2010K4,0,Bærum,Befolkning ved utgangen av kvartalet
3201,Folketallet11,2011K1,0,Bærum,Befolkning ved utgangen av kvartalet
3201,Folketallet11,2011K2,0,Bærum,Befolkning ved utgangen av kvartalet
3201,Folketallet11,2011K3,0,Bærum,Befolkning ved utgangen av kvartalet
3201,Folketallet11,2011K4,0,Bærum,Befolkning ved utgangen av kvartalet
3201,Folketallet11,2012K1,0,Bærum,Befolkning ved utgangen av kvartalet
3201,Folketallet11,2012K2,0,Bærum,Befolkning ved utgangen av kvartalet
3201,Folketallet11,2012K3,0,Bærum,Befolkning ved utgangen av kvartalet
3201,Folketallet11,2012K4,0,Bærum,Befolkning ved utgangen av kvartalet
3201,Folketallet11,2013K1,0,Bærum,Befolkning ved utgangen av kvartalet
3201,Folketallet11,2013K2,0,Bærum,Befolkning ved utgangen av kvartalet
3201,Folketallet11,2013K3,0,Bærum,Befolkning ved utgangen av kvartalet
3201,Folketallet11,2013K4,0,Bærum,Befolkning ved utgangen av kvartalet
3201,Folketallet11,2014K1,0,Bærum,Befolkning ved utgangen av kvartalet
3201,Folketallet11,2014K2,0,Bærum,Befolkning ved utgangen av kvartalet
3201,Folketallet11,2014K3,0,Bærum,Befolkning ved utgangen av kvartalet
3201,Folketallet11,2014K4,0,Bærum,Befolkning ved utgangen av kvartalet
3201,Folketallet11,2015K1,0,Bærum,Befolkning ved utgangen av kvartalet
3201,Folketallet11,2015K2,0,Bærum,Befolkning ved utgangen av kvartalet
3201,Folketallet11,2015K3,0,Bærum,Befolkning ved utgangen av kvartalet
3201,Folketallet11,2015K4,0,Bærum,Befolkning ved utgangen av kvartalet
3201,Folketallet11,2016K1,0,Bærum,Befolkning ved utgangen av kvartalet
3201,Folketallet11,2016K2,0,Bærum,Befolkning ved utgangen av kvartalet
3201,Folketallet11,2016K3,0,Bærum,Befolkning ved utgangen av kvartalet
3201,Folketallet11,2016K4,0,Bærum,Befolkning ved utgangen av kvartalet
3201,Folketallet11,2017K1,0,Bærum,Befolkning ved utgangen av kvartalet
3201,Folketallet11,2017K2,0,Bærum,Befolkning ved utgangen av kvartalet
3201,Folketallet11,2017K3,0,Bærum,Befolkning ved utgangen av kvartalet
3201,Folketallet11,2017K4,0,Bærum,Befolkning ved utgangen av kvartalet
3201,Folketallet11,2018K1,0,Bærum,Befolkning ved utgangen av kvartalet
3201,Folketallet11,2018K2,0,Bærum,Befolkning ved utgangen av kvartalet
3201,Folketallet11,2018K3,0,Bærum,Befolkning ved utgangen av kvartalet
3201,Folketallet11,2018K4,0,Bærum,Befolkning ved utgangen av kvartalet
3201,Folketallet11,2019K1,0,Bærum,Befolkning ved utgangen av kvartalet
3201,Folketallet11,2019K2,0,Bærum,Befolkning ved utgangen av kvartalet
3201,Folketallet11,2019K3,0,Bærum,Befolkning ved utgangen av kvartalet
3201,Folketallet11,2019K4,0,Bærum,Befolkning ved utgangen av kvartalet
3201,Folketallet11,2020K1,0,Bærum,Befolkning ved utgangen av kvartalet
3201,Folketallet11,2020K2,0,Bærum,Befolkning ved utgangen av kvartalet
3201,Folketallet11,2020K3,0,Bærum,Befolkning ved utgangen av kvartalet
3201,Folketallet11,2020K4,0,Bærum,Befolkning ved utgangen av kvartalet
3201,Folketallet11,2021K1,0,Bærum,Befolkning ved utgangen av kvartalet
3201,Folketallet11,2021K2,0,Bærum,Befolkning ved utgangen av kvartalet
3201,Folketallet11,2021K3,0,Bærum,Befolkning ved utgangen av kvartalet
3201,Folketallet11,2021K4,0,Bærum,Befolkning ved utgangen av kvartalet
3201,Folketallet11,2022K1,0,Bærum,Befolkning ved utgangen av kvartalet
3201,Folketallet11,2022K2,0,Bærum,Befolkning ved utgangen av kvartalet
3201,Folketallet11,2022K3,0,Bærum,Befolkning ved utgangen av kvartalet
3201,Folketallet11,2022K4,0,Bærum,Befolkning ved utgangen av kvartalet
3201,Folketallet11,2023K1,0,Bærum,Befolkning ved utgangen av kvartalet
3201,Folketallet11,2023K2,0,Bærum,Befolkning ved utgangen av kvartalet
3201,Folketallet11,2023K3,0,Bærum,Befolkning ved utgangen av kvartalet
3201,Folketallet11,2023K4,0,Bærum,Befolkning ved utgangen av kvartalet
3201,Folketallet11,2024K1,131136,Bærum,Befolkning ved utgangen av kvartalet
3201,Folketallet11,2024K2,131726,Bærum,Befolkning ved utgangen av kvartalet
3201,Folketallet11,2024K3,132033,Bærum,Befolkning ved utgangen av kvartalet
3201,Folketallet11,2024K4,132358,Bærum,Befolkning ved utgangen av kvartalet
3201,Folketallet11,2025K1,132578,Bærum,Befolkning ved utgangen av kvartalet
3201,Folketallet11,2025K2,132966,Bærum,Befolkning ved utgangen av kvartalet
3201,Folketallet11,2025K3,133201,Bærum,Befolkning ved utgangen av kvartalet
3201,Folketallet11,2025K4,133228,Bærum,Befolkning ved utgangen av kvartalet
3201,Folketallet11,2026K1,133374,Bærum,Befolkning ved utgangen av kvartalet
3201,Folketallet11,2026K2,133712,Bærum,Befolkning ved utgangen av kvartalet
3201,Nettoinnflytting9,1997K4,0,Bærum,"Nettoinnflytting, inkl. inn- og utvandring"
3201,Nettoinnflytting9,1998K1,0,Bærum,"Nettoinnflytting, inkl. inn- og utvandring"
3201,Nettoinnflytting9,1998K2,0,Bærum,"Nettoinnflytting, inkl. inn- og utvandring"
3201,Nettoinnflytting9,1998K3,0,Bærum,"Nettoinnflytting, inkl. inn- og utvandring"
3201,Nettoinnflytting9,1998K4,0,Bærum,"Nettoinnflytting, inkl. inn- og utvandring"
3201,Nettoinnflytting9,1999K1,0,Bærum,"Nettoinnflytting, inkl. inn- og utvandring"
3201,Nettoinnflytting9,1999K2,0,Bærum,"Nettoinnflytting, inkl. inn- og utvandring"
3201,Nettoinnflytting9,1999K3,0,Bærum,"Nettoinnflytting, inkl. inn- og utvandring"
3201,Nettoinnflytting9,1999K4,0,Bærum,"Nettoinnflytting, inkl. inn- og utvandring"
3201,Nettoinnflytting9,2000K1,0,Bærum,"Nettoinnflytting, inkl. inn- og utvandring"
3201,Nettoinnflytting9,2000K2,0,Bærum,"Nettoinnflytting, inkl. inn- og utvandring"
3201,Nettoinnflytting9,2000K3,0,Bærum,"Nettoinnflytting, inkl. inn- og utvandring"
3201,Nettoinnflytting9,2000K4,0,Bærum,"Nettoinnflytting, inkl. inn- og utvandring"
3201,Nettoinnflytting9,2001K1,0,Bærum,"Nettoinnflytting, inkl. inn- og utvandring"
3201,Nettoinnflytting9,2001K2,0,Bærum,"Nettoinnflytting, inkl. inn- og utvandring"
3201,Nettoinnflytting9,2001K3,0,Bærum,"Nettoinnflytting, inkl. inn- og utvandring"
3201,Nettoinnflytting9,2001K4,0,Bærum,"Nettoinnflytting, inkl. inn- og utvandring"
3201,Nettoinnflytting9,2002K1,0,Bærum,"Nettoinnflytting, inkl. inn- og utvandring"
3201,Nettoinnflytting9,2002K2,0,Bærum,"Nettoinnflytting, inkl. inn- og utvandring"
3201,Nettoinnflytting9,2002K3,0,Bærum,"Nettoinnflytting, inkl. inn- og utvandring"
3201,Nettoinnflytting9,2002K4,0,Bærum,"Nettoinnflytting, inkl. inn- og utvandring"
3201,Nettoinnflytting9,2003K1,0,Bærum,"Nettoinnflytting, inkl. inn- og utvandring"
3201,Nettoinnflytting9,2003K2,0,Bærum,"Nettoinnflytting, inkl. inn- og utvandring"
3201,Nettoinnflytting9,2003K3,0,Bærum,"Nettoinnflytting, inkl. inn- og utvandring"
3201,Nettoinnflytting9,2003K4,0,Bærum,"Nettoinnflytting, inkl. inn- og utvandring"
3201,Nettoinnflytting9,2004K1,0,Bærum,"Nettoinnflytting, inkl. inn- og utvandring"
3201,Nettoinnflytting9,2004K2,0,Bærum,"Nettoinnflytting, inkl. inn- og utvandring"
3201,Nettoinnflytting9,2004K3,0,Bærum,"Nettoinnflytting, inkl. inn- og utvandring"
3201,Nettoinnflytting9,2004K4,0,Bærum,"Nettoinnflytting, inkl. inn- og utvandring"
3201,Nettoinnflytting9,2005K1,0,Bærum,"Nettoinnflytting, inkl. inn- og utvandring"
3201,Nettoinnflytting9,2005K2,0,Bærum,"Nettoinnflytting, inkl. inn- og utvandring"
3201,Nettoinnflytting9,2005K3,0,Bærum,"Nettoinnflytting, inkl. inn- og utvandring"
3201,Nettoinnflytting9,2005K4,0,Bærum,"Nettoinnflytting, inkl. inn- og utvandring"
3201,Nettoinnflytting9,2006K1,0,Bærum,"Nettoinnflytting, inkl. inn- og utvandring"
3201,Nettoinnflytting9,2006K2,0,Bærum,"Nettoinnflytting, inkl. inn- og utvandring"
3201,Nettoinnflytting9,2006K3,0,Bærum,"Nettoinnflytting, inkl. inn- og utvandring"
3201,Nettoinnflytting9,2006K4,0,Bærum,"Nettoinnflytting, inkl. inn- og utvandring"
3201,Nettoinnflytting9,2007K1,0,Bærum,"Nettoinnflytting, inkl. inn- og utvandring"
3201,Nettoinnflytting9,2007K2,0,Bærum,"Nettoinnflytting, inkl. inn- og utvandring"
3201,Nettoinnflytting9,2007K3,0,Bærum,"Nettoinnflytting, inkl. inn- og utvandring"
3201,Nettoinnflytting9,2007K4,0,Bærum,"Nettoinnflytting, inkl. inn- og utvandring"
3201,Nettoinnflytting9,2008K1,0,Bærum,"Nettoinnflytting, inkl. inn- og utvandring"
3201,Nettoinnflytting9,2008K2,0,Bærum,"Nettoinnflytting, inkl. inn- og utvandring"
3201,Nettoinnflytting9,2008K3,0,Bærum,"Nettoinnflytting, inkl. inn- og utvandring"
3201,Nettoinnflytting9,2008K4,0,Bærum,"Nettoinnflytting, inkl. inn- og utvandring"
3201,Nettoinnflytting9,2009K1,0,Bærum,"Nettoinnflytting, inkl. inn- og utvandring"
3201,Nettoinnflytting9,2009K2,0,Bærum,"Nettoinnflytting, inkl. inn- og utvandring"
3201,Nettoinnflytting9,2009K3,0,Bærum,"Nettoinnflytting, inkl. inn- og utvandring"
3201,Nettoinnflytting9,2009K4,0,Bærum,"Nettoinnflytting, inkl. inn- og utvandring"
3201,Nettoinnflytting9,2010K1,0,Bærum,"Nettoinnflytting, inkl. inn- og utvandring"
3201,Nettoinnflytting9,2010K2,0,Bærum,"Nettoinnflytting, inkl. inn- og utvandring"
3201,Nettoinnflytting9,2010K3,0,Bærum,"Nettoinnflytting, inkl. inn- og utvandring"
3201,Nettoinnflytting9,2010K4,0,Bærum,"Nettoinnflytting, inkl. inn- og utvandring"
3201,Nettoinnflytting9,2011K1,0,Bærum,"Nettoinnflytting, inkl. inn- og utvandring"
3201,Nettoinnflytting9,2011K2,0,Bærum,"Nettoinnflytting, inkl. inn- og utvandring"
3201,Nettoinnflytting9,2011K3,0,Bærum,"Nettoinnflytting, inkl. inn- og utvandring"
3201,Nettoinnflytting9,2011K4,0,Bærum,"Nettoinnflytting, inkl. inn- og utvandring"
3201,Nettoinnflytting9,2012K1,0,Bærum,"Nettoinnflytting, inkl. inn- og utvandring"
3201,Nettoinnflytting9,2012K2,0,Bærum,"Nettoinnflytting, inkl. inn- og utvandring"
3201,Nettoinnflytting9,2012K3,0,Bærum,"Nettoinnflytting, inkl. inn- og utvandring"
3201,Nettoinnflytting9,2012K4,0,Bærum,"Nettoinnflytting, inkl. inn- og utvandring"
3201,Nettoinnflytting9,2013K1,0,Bærum,"Nettoinnflytting, inkl. inn- og utvandring"
3201,Nettoinnflytting9,2013K2,0,Bærum,"Nettoinnflytting, inkl. inn- og utvandring"
3201,Nettoinnflytting9,2013K3,0,Bærum,"Nettoinnflytting, inkl. inn- og utvandring"
3201,Nettoinnflytting9,2013K4,0,Bærum,"Nettoinnflytting, inkl. inn- og utvandring"
3201,Nettoinnflytting9,2014K1,0,Bærum,"Nettoinnflytting, inkl. inn- og utvandring"
3201,Nettoinnflytting9,2014K2,0,Bærum,"Nettoinnflytting, inkl. inn- og utvandring"
3201,Nettoinnflytting9,2014K3,0,Bærum,"Nettoinnflytting, inkl. inn- og utvandring"
3201,Nettoinnflytting9,2014K4,0,Bærum,"Nettoinnflytting, inkl. inn- og utvandring"
3201,Nettoinnflytting9,2015K1,0,Bærum,"Nettoinnflytting, inkl. inn- og utvandring"
3201,Nettoinnflytting9,2015K2,0,Bærum,"Nettoinnflytting, inkl. inn- og utvandring"
3201,Nettoinnflytting9,2015K3,0,Bærum,"Nettoinnflytting, inkl. inn- og utvandring"
3201,Nettoinnflytting9,2015K4,0,Bærum,"Nettoinnflytting, inkl. inn- og utvandring"
3201,Nettoinnflytting9,2016K1,0,Bærum,"Nettoinnflytting, inkl. inn- og utvandring"
3201,Nettoinnflytting9,2016K2,0,Bærum,"Nettoinnflytting, inkl. inn- og utvandring"
3201,Nettoinnflytting9,2016K3,0,Bærum,"Nettoinnflytting, inkl. inn- og utvandring"
3201,Nettoinnflytting9,2016K4,0,Bærum,"Nettoinnflytting, inkl. inn- og utvandring"
3201,Nettoinnflytting9,2017K1,0,Bærum,"Nettoinnflytting, inkl. inn- og utvandring"
3201,Nettoinnflytting9,2017K2,0,Bærum,"Nettoinnflytting, inkl. inn- og utvandring"
3201,Nettoinnflytting9,2017K3,0,Bærum,"Nettoinnflytting, inkl. inn- og utvandring"
3201,Nettoinnflytting9,2017K4,0,Bærum,"Nettoinnflytting, inkl. inn- og utvandring"
3201,Nettoinnflytting9,2018K1,0,Bærum,"Nettoinnflytting, inkl. inn- og utvandring"
3201,Nettoinnflytting9,2018K2,0,Bærum,"Nettoinnflytting, inkl. inn- og utvandring"
3201,Nettoinnflytting9,2018K3,0,Bærum,"Nettoinnflytting, inkl. inn- og utvandring"
3201,Nettoinnflytting9,2018K4,0,Bærum,"Nettoinnflytting, inkl. inn- og utvandring"
3201,Nettoinnflytting9,2019K1,0,Bærum,"Nettoinnflytting, inkl. inn- og utvandring"
3201,Nettoinnflytting9,2019K2,0,Bærum,"Nettoinnflytting, inkl. inn- og utvandring"
3201,Nettoinnflytting9,2019K3,0,Bærum,"Nettoinnflytting, inkl. inn- og utvandring"
3201,Nettoinnflytting9,2019K4,0,Bærum,"Nettoinnflytting, inkl. inn- og utvandring"
3201,Nettoinnflytting9,2020K1,0,Bærum,"Nettoinnflytting, inkl. inn- og utvandring"
3201,Nettoinnflytting9,2020K2,0,Bærum,"Nettoinnflytting, inkl. inn- og utvandring"
3201,Nettoinnflytting9,2020K3,0,Bærum,"Nettoinnflytting, inkl. inn- og utvandring"
3201,Nettoinnflytting9,2020K4,0,Bærum,"Nettoinnflytting, inkl. inn- og utvandring"
3201,Nettoinnflytting9,2021K1,0,Bærum,"Nettoinnflytting, inkl. inn- og utvandring"
3201,Nettoinnflytting9,2021K2,0,Bærum,"Nettoinnflytting, inkl. inn- og utvandring"
3201,Nettoinnflytting9,2021K3,0,Bærum,"Nettoinnflytting, inkl. inn- og utvandring"
3201,Nettoinnflytting9,2021K4,0,Bærum,"Nettoinnflytting, inkl. inn- og utvandring"
3201,Nettoinnflytting9,2022K1,0,Bærum,"Nettoinnflytting, inkl. inn- og utvandring"
3201,Nettoinnflytting9,2022K2,0,Bærum,"Nettoinnflytting, inkl. inn- og utvandring"
3201,Nettoinnflytting9,2022K3,0,Bærum,"Nettoinnflytting, inkl. inn- og utvandring"
3201,Nettoinnflytting9,2022K4,0,Bærum,"Nettoinnflytting, inkl. inn- og utvandring"
3201,Nettoinnflytting9,2023K1,0,Bærum,"Nettoinnflytting, inkl. inn- og utvandring"
3201,Nettoinnflytting9,2023K2,0,Bærum,"Nettoinnflytting, inkl. inn- og utvandring"
3201,Nettoinnflytting9,2023K3,0,Bærum,"Nettoinnflytting, inkl. inn- og utvandring"
3201,Nettoinnflytting9,2023K4,0,Bærum,"Nettoinnflytting, inkl. inn- og utvandring"
3201,Nettoinnflytting9,2024K1,100,Bærum,"Nettoinnflytting, inkl. inn- og utvandring"
3201,Nettoinnflytting9,2024K2,477,Bærum,"Nettoinnflytting, inkl. inn- og utvandring"
3201,Nettoinnflytting9,2024K3,146,Bærum,"Nettoinnflytting, inkl. inn- og utvandring"
3201,Nettoinnflytting9,2024K4,252,Bærum,"Nettoinnflytting, inkl. inn- og utvandring"
3201,Nettoinnflytting9,2025K1,208,Bærum,"Nettoinnflytting, inkl. inn- og utvandring"
3201,Nettoinnflytting9,2025K2,259,Bærum,"Nettoinnflytting, inkl. inn- og utvandring"
3201,Nettoinnflytting9,2025K3,126,Bærum,"Nettoinnflytting, inkl. inn- og utvandring"
3201,Nettoinnflytting9,2025K4,-44,Bærum,"Nettoinnflytting, inkl. inn- og utvandring"
3201,Nettoinnflytting9,2026K1,119,Bærum,"Nettoinnflytting, inkl. inn- og utvandring"
3201,Nettoinnflytting9,2026K2,164,Bærum,"Nettoinnflytting, inkl. inn- og utvandring"
3024,Folketallet11,1997K4,0,Bærum (2020-2023),Befolkning ved utgangen av kvartalet
3024,Folketallet11,1998K1,0,Bærum (2020-2023),Befolkning ved utgangen av kvartalet
3024,Folketallet11,1998K2,0,Bærum (2020-2023),Befolkning ved utgangen av kvartalet
3024,Folketallet11,1998K3,0,Bærum (2020-2023),Befolkning ved utgangen av kvartalet
3024,Folketallet11,1998K4,0,Bærum (2020-2023),Befolkning ved utgangen av kvartalet
3024,Folketallet11,1999K1,0,Bærum (2020-2023),Befolkning ved utgangen av kvartalet
3024,Folketallet11,1999K2,0,Bærum (2020-2023),Befolkning ved utgangen av kvartalet
3024,Folketallet11,1999K3,0,Bærum (2020-2023),Befolkning ved utgangen av kvartalet
3024,Folketallet11,1999K4,0,Bærum (2020-2023),Befolkning ved utgangen av kvartalet
3024,Folketallet11,2000K1,0,Bærum (2020-2023),Befolkning ved utgangen av kvartalet
3024,Folketallet11,2000K2,0,Bærum (2020-2023),Befolkning ved utgangen av kvartalet
3024,Folketallet11,2000K3,0,Bærum (2020-2023),Befolkning ved utgangen av kvartalet
3024,Folketallet11,2000K4,0,Bærum (2020-2023),Befolkning ved utgangen av kvartalet
3024,Folketallet11,2001K1,0,Bærum (2020-2023),Befolkning ved utgangen av kvartalet
3024,Folketallet11,2001K2,0,Bærum (2020-2023),Befolkning ved utgangen av kvartalet
3024,Folketallet11,2001K3,0,Bærum (2020-2023),Befolkning ved utgangen av kvartalet
3024,Folketallet11,2001K4,0,Bærum (2020-2023),Befolkning ved utgangen av kvartalet
3024,Folketallet11,2002K1,0,Bærum (2020-2023),Befolkning ved utgangen av kvartalet
3024,Folketallet11,2002K2,0,Bærum (2020-2023),Befolkning ved utgangen av kvartalet
3024,Folketallet11,2002K3,0,Bærum (2020-2023),Befolkning ved utgangen av kvartalet
3024,Folketallet11,2002K4,0,Bærum (2020-2023),Befolkning ved utgangen av kvartalet
3024,Folketallet11,2003K1,0,Bærum (2020-2023),Befolkning ved utgangen av kvartalet
3024,Folketallet11,2003K2,0,Bærum (2020-2023),Befolkning ved utgangen av kvartalet
3024,Folketallet11,2003K3,0,Bærum (2020-2023),Befolkning ved utgangen av kvartalet
3024,Folketallet11,2003K4,0,Bærum (2020-2023),Befolkning ved utgangen av kvartalet
3024,Folketallet11,2004K1,0,Bærum (2020-2023),Befolkning ved utgangen av kvartalet
3024,Folketallet11,2004K2,0,Bærum (2020-2023),Befolkning ved utgangen av kvartalet
3024,Folketallet11,2004K3,0,Bærum (2020-2023),Befolkning ved utgangen av kvartalet
3024,Folketallet11,2004K4,0,Bærum (2020-2023),Befolkning ved utgangen av kvartalet
3024,Folketallet11,2005K1,0,Bærum (2020-2023),Befolkning ved utgangen av kvartalet
3024,Folketallet11,2005K2,0,Bærum (2020-2023),Befolkning ved utgangen av kvartalet
3024,Folketallet11,2005K3,0,Bærum (2020-2023),Befolkning ved utgangen av kvartalet
3024,Folketallet11,2005K4,0,Bærum (2020-2023),Befolkning ved utgangen av kvartalet
3024,Folketallet11,2006K1,0,Bærum (2020-2023),Befolkning ved utgangen av kvartalet
3024,Folketallet11,2006K2,0,Bærum (2020-2023),Befolkning ved utgangen av kvartalet
3024,Folketallet11,2006K3,0,Bærum (2020-2023),Befolkning ved utgangen av kvartalet
3024,Folketallet11,2006K4,0,Bærum (2020-2023),Befolkning ved utgangen av kvartalet
3024,Folketallet11,2007K1,0,Bærum (2020-2023),Befolkning ved utgangen av kvartalet
3024,Folketallet11,2007K2,0,Bærum (2020-2023),Befolkning ved utgangen av kvartalet
3024,Folketallet11,2007K3,0,Bærum (2020-2023),Befolkning ved utgangen av kvartalet
3024,Folketallet11,2007K4,0,Bærum (2020-2023),Befolkning ved utgangen av kvartalet
3024,Folketallet11,2008K1,0,Bærum (2020-2023),Befolkning ved utgangen av kvartalet
3024,Folketallet11,2008K2,0,Bærum (2020-2023),Befolkning ved utgangen av kvartalet
3024,Folketallet11,2008K3,0,Bærum (2020-2023),Befolkning ved utgangen av kvartalet
3024,Folketallet11,2008K4,0,Bærum (2020-2023),Befolkning ved utgangen av kvartalet
3024,Folketallet11,2009K1,0,Bærum (2020-2023),Befolkning ved utgangen av kvartalet
3024,Folketallet11,2009K2,0,Bærum (2020-2023),Befolkning ved utgangen av kvartalet
3024,Folketallet11,2009K3,0,Bærum (2020-2023),Befolkning ved utgangen av kvartalet
3024,Folketallet11,2009K4,0,Bærum (2020-2023),Befolkning ved utgangen av kvartalet
3024,Folketallet11,2010K1,0,Bærum (2020-2023),Befolkning ved utgangen av kvartalet
3024,Folketallet11,2010K2,0,Bærum (2020-2023),Befolkning ved utgangen av kvartalet
3024,Folketallet11,2010K3,0,Bærum (2020-2023),Befolkning ved utgangen av kvartalet
3024,Folketallet11,2010K4,0,Bærum (2020-2023),Befolkning ved utgangen av kvartalet
3024,Folketallet11,2011K1,0,Bærum (2020-2023),Befolkning ved utgangen av kvartalet
3024,Folketallet11,2011K2,0,Bærum (2020-2023),Befolkning ved utgangen av kvartalet
3024,Folketallet11,2011K3,0,Bærum (2020-2023),Befolkning ved utgangen av kvartalet
3024,Folketallet11,2011K4,0,Bærum (2020-2023),Befolkning ved utgangen av kvartalet
3024,Folketallet11,2012K1,0,Bærum (2020-2023),Befolkning ved utgangen av kvartalet
3024,Folketallet11,2012K2,0,Bærum (2020-2023),Befolkning ved utgangen av kvartalet
3024,Folketallet11,2012K3,0,Bærum (2020-2023),Befolkning ved utgangen av kvartalet
3024,Folketallet11,2012K4,0,Bærum (2020-2023),Befolkning ved utgangen av kvartalet
3024,Folketallet11,2013K1,0,Bærum (2020-2023),Befolkning ved utgangen av kvartalet
3024,Folketallet11,2013K2,0,Bærum (2020-2023),Befolkning ved utgangen av kvartalet
3024,Folketallet11,2013K3,0,Bærum (2020-2023),Befolkning ved utgangen av kvartalet
3024,Folketallet11,2013K4,0,Bærum (2020-2023),Befolkning ved utgangen av kvartalet
3024,Folketallet11,2014K1,0,Bærum (2020-2023),Befolkning ved utgangen av kvartalet
3024,Folketallet11,2014K2,0,Bærum (2020-2023),Befolkning ved utgangen av kvartalet
3024,Folketallet11,2014K3,0,Bærum (2020-2023),Befolkning ved utgangen av kvartalet
3024,Folketallet11,2014K4,0,Bærum (2020-2023),Befolkning ved utgangen av kvartalet
3024,Folketallet11,2015K1,0,Bærum (2020-2023),Befolkning ved utgangen av kvartalet
3024,Folketallet11,2015K2,0,Bærum (2020-2023),Befolkning ved utgangen av kvartalet
3024,Folketallet11,2015K3,0,Bærum (2020-2023),Befolkning ved utgangen av kvartalet
3024,Folketallet11,2015K4,0,Bærum (2020-2023),Befolkning ved utgangen av kvartalet
3024,Folketallet11,2016K1,0,Bærum (2020-2023),Befolkning ved utgangen av kvartalet
3024,Folketallet11,2016K2,0,Bærum (2020-2023),Befolkning ved utgangen av kvartalet
3024,Folketallet11,2016K3,0,Bærum (2020-2023),Befolkning ved utgangen av kvartalet
3024,Folketallet11,2016K4,0,Bærum (2020-2023),Befolkning ved utgangen av kvartalet
3024,Folketallet11,2017K1,0,Bærum (2020-2023),Befolkning ved utgangen av kvartalet
3024,Folketallet11,2017K2,0,Bærum (2020-2023),Befolkning ved utgangen av kvartalet
3024,Folketallet11,2017K3,0,Bærum (2020-2023),Befolkning ved utgangen av kvartalet
3024,Folketallet11,2017K4,0,Bærum (2020-2023),Befolkning ved utgangen av kvartalet
3024,Folketallet11,2018K1,0,Bærum (2020-2023),Befolkning ved utgangen av kvartalet
3024,Folketallet11,2018K2,0,Bærum (2020-2023),Befolkning ved utgangen av kvartalet
3024,Folketallet11,2018K3,0,Bærum (2020-2023),Befolkning ved utgangen av kvartalet
3024,Folketallet11,2018K4,0,Bærum (2020-2023),Befolkning ved utgangen av kvartalet
3024,Folketallet11,2019K1,0,Bærum (2020-2023),Befolkning ved utgangen av kvartalet
3024,Folketallet11,2019K2,0,Bærum (2020-2023),Befolkning ved utgangen av kvartalet
3024,Folketallet11,2019K3,0,Bærum (2020-2023),Befolkning ved utgangen av kvartalet
3024,Folketallet11,2019K4,0,Bærum (2020-2023),Befolkning ved utgangen av kvartalet
3024,Folketallet11,2020K1,127867,Bærum (2020-2023),Befolkning ved utgangen av kvartalet
3024,Folketallet11,2020K2,128102,Bærum (2020-2023),Befolkning ved utgangen av kvartalet
3024,Folketallet11,2020K3,128112,Bærum (2020-2023),Befolkning ved utgangen av kvartalet
3024,Folketallet11,2020K4,128233,Bærum (2020-2023),Befolkning ved utgangen av kvartalet
3024,Folketallet11,2021K1,128481,Bærum (2020-2023),Befolkning ved utgangen av kvartalet
3024,Folketallet11,2021K2,128833,Bærum (2020-2023),Befolkning ved utgangen av kvartalet
3024,Folketallet11,2021K3,128760,Bærum (2020-2023),Befolkning ved utgangen av kvartalet
3024,Folketallet11,2021K4,128982,Bærum (2020-2023),Befolkning ved utgangen av kvartalet
3024,Folketallet11,2022K1,129073,Bærum (2020-2023),Befolkning ved utgangen av kvartalet
3024,Folketallet11,2022K2,129431,Bærum (2020-2023),Befolkning ved utgangen av kvartalet
3024,Folketallet11,2022K3,129732,Bærum (2020-2023),Befolkning ved utgangen av kvartalet
3024,Folketallet11,2022K4,129874,Bærum (2020-2023),Befolkning ved utgangen av kvartalet
3024,Folketallet11,2023K1,130225,Bærum (2020-2023),Befolkning ved utgangen av kvartalet
3024,Folketallet11,2023K2,130587,Bærum (2020-2023),Befolkning ved utgangen av kvartalet
3024,Folketallet11,2023K3,130772,Bærum (2020-2023),Befolkning ved utgangen av kvartalet
3024,Folketallet11,2023K4,130921,Bærum (2020-2023),Befolkning ved utgangen av kvartalet
3024,Folketallet11,2024K1,0,Bærum (2020-2023),Befolkning ved utgangen av kvartalet
3024,Folketallet11,2024K2,0,Bærum (2020-2023),Befolkning ved utgangen av kvartalet
3024,Folketallet11,2024K3,0,Bærum (2020-2023),Befolkning ved utgangen av kvartalet
3024,Folketallet11,2024K4,0,Bærum (2020-2023),Befolkning ved utgangen av kvartalet
3024,Folketallet11,2025K1,0,Bærum (2020-2023),Befolkning ved utgangen av kvartalet
3024,Folketallet11,2025K2,0,Bærum (2020-2023),Befolkning ved utgangen av kvartalet
3024,Folketallet11,2025K3,0,Bærum (2020-2023),Befolkning ved utgangen av kvartalet
3024,Folketallet11,2025K4,0,Bærum (2020-2023),Befolkning ved utgangen av kvartalet
3024,Folketallet11,2026K1,0,Bærum (2020-2023),Befolkning ved utgangen av kvartalet
3024,Folketallet11,2026K2,0,Bærum (2020-2023),Befolkning ved utgangen av kvartalet
3024,Nettoinnflytting9,1997K4,0,Bærum (2020-2023),"Nettoinnflytting, inkl. inn- og utvandring"
3024,Nettoinnflytting9,1998K1,0,Bærum (2020-2023),"Nettoinnflytting, inkl. inn- og utvandring"
3024,Nettoinnflytting9,1998K2,0,Bærum (2020-2023),"Nettoinnflytting, inkl. inn- og utvandring"
3024,Nettoinnflytting9,1998K3,0,Bærum (2020-2023),"Nettoinnflytting, inkl. inn- og utvandring"
3024,Nettoinnflytting9,1998K4,0,Bærum (2020-2023),"Nettoinnflytting, inkl. inn- og utvandring"
3024,Nettoinnflytting9,1999K1,0,Bærum (2020-2023),"Nettoinnflytting, inkl. inn- og utvandring"
3024,Nettoinnflytting9,1999K2,0,Bærum (2020-2023),"Nettoinnflytting, inkl. inn- og utvandring"
3024,Nettoinnflytting9,1999K3,0,Bærum (2020-2023),"Nettoinnflytting, inkl. inn- og utvandring"
3024,Nettoinnflytting9,1999K4,0,Bærum (2020-2023),"Nettoinnflytting, inkl. inn- og utvandring"
3024,Nettoinnflytting9,2000K1,0,Bærum (2020-2023),"Nettoinnflytting, inkl. inn- og utvandring"
3024,Nettoinnflytting9,2000K2,0,Bærum (2020-2023),"Nettoinnflytting, inkl. inn- og utvandring"
3024,Nettoinnflytting9,2000K3,0,Bærum (2020-2023),"Nettoinnflytting, inkl. inn- og utvandring"
3024,Nettoinnflytting9,2000K4,0,Bærum (2020-2023),"Nettoinnflytting, inkl. inn- og utvandring"
3024,Nettoinnflytting9,2001K1,0,Bærum (2020-2023),"Nettoinnflytting, inkl. inn- og utvandring"
3024,Nettoinnflytting9,2001K2,0,Bærum (2020-2023),"Nettoinnflytting, inkl. inn- og utvandring"
3024,Nettoinnflytting9,2001K3,0,Bærum (2020-2023),"Nettoinnflytting, inkl. inn- og utvandring"
3024,Nettoinnflytting9,2001K4,0,Bærum (2020-2023),"Nettoinnflytting, inkl. inn- og utvandring"
3024,Nettoinnflytting9,2002K1,0,Bærum (2020-2023),"Nettoinnflytting, inkl. inn- og utvandring"
3024,Nettoinnflytting9,2002K2,0,Bærum (2020-2023),"Nettoinnflytting, inkl. inn- og utvandring"
3024,Nettoinnflytting9,2002K3,0,Bærum (2020-2023),"Nettoinnflytting, inkl. inn- og utvandring"
3024,Nettoinnflytting9,2002K4,0,Bærum (2020-2023),"Nettoinnflytting, inkl. inn- og utvandring"
3024,Nettoinnflytting9,2003K1,0,Bærum (2020-2023),"Nettoinnflytting, inkl. inn- og utvandring"
3024,Nettoinnflytting9,2003K2,0,Bærum (2020-2023),"Nettoinnflytting, inkl. inn- og utvandring"
3024,Nettoinnflytting9,2003K3,0,Bærum (2020-2023),"Nettoinnflytting, inkl. inn- og utvandring"
3024,Nettoinnflytting9,2003K4,0,Bærum (2020-2023),"Nettoinnflytting, inkl. inn- og utvandring"
3024,Nettoinnflytting9,2004K1,0,Bærum (2020-2023),"Nettoinnflytting, inkl. inn- og utvandring"
3024,Nettoinnflytting9,2004K2,0,Bærum (2020-2023),"Nettoinnflytting, inkl. inn- og utvandring"
3024,Nettoinnflytting9,2004K3,0,Bærum (2020-2023),"Nettoinnflytting, inkl. inn- og utvandring"
3024,Nettoinnflytting9,2004K4,0,Bærum (2020-2023),"Nettoinnflytting, inkl. inn- og utvandring"
3024,Nettoinnflytting9,2005K1,0,Bærum (2020-2023),"Nettoinnflytting, inkl. inn- og utvandring"
3024,Nettoinnflytting9,2005K2,0,Bærum (2020-2023),"Nettoinnflytting, inkl. inn- og utvandring"
3024,Nettoinnflytting9,2005K3,0,Bærum (2020-2023),"Nettoinnflytting, inkl. inn- og utvandring"
3024,Nettoinnflytting9,2005K4,0,Bærum (2020-2023),"Nettoinnflytting, inkl. inn- og utvandring"
3024,Nettoinnflytting9,2006K1,0,Bærum (2020-2023),"Nettoinnflytting, inkl. inn- og utvandring"
3024,Nettoinnflytting9,2006K2,0,Bærum (2020-2023),"Nettoinnflytting, inkl. inn- og utvandring"
3024,Nettoinnflytting9,2006K3,0,Bærum (2020-2023),"Nettoinnflytting, inkl. inn- og utvandring"
3024,Nettoinnflytting9,2006K4,0,Bærum (2020-2023),"Nettoinnflytting, inkl. inn- og utvandring"
3024,Nettoinnflytting9,2007K1,0,Bærum (2020-2023),"Nettoinnflytting, inkl. inn- og utvandring"
3024,Nettoinnflytting9,2007K2,0,Bærum (2020-2023),"Nettoinnflytting, inkl. inn- og utvandring"
3024,Nettoinnflytting9,2007K3,0,Bærum (2020-2023),"Nettoinnflytting, inkl. inn- og utvandring"
3024,Nettoinnflytting9,2007K4,0,Bærum (2020-2023),"Nettoinnflytting, inkl. inn- og utvandring"
3024,Nettoinnflytting9,2008K1,0,Bærum (2020-2023),"Nettoinnflytting, inkl. inn- og utvandring"
3024,Nettoinnflytting9,2008K2,0,Bærum (2020-2023),"Nettoinnflytting, inkl. inn- og utvandring"
3024,Nettoinnflytting9,2008K3,0,Bærum (2020-2023),"Nettoinnflytting, inkl. inn- og utvandring"
3024,Nettoinnflytting9,2008K4,0,Bærum (2020-2023),"Nettoinnflytting, inkl. inn- og utvandring"
3024,Nettoinnflytting9,2009K1,0,Bærum (2020-2023),"Nettoinnflytting, inkl. inn- og utvandring"
3024,Nettoinnflytting9,2009K2,0,Bærum (2020-2023),"Nettoinnflytting, inkl. inn- og utvandring"
3024,Nettoinnflytting9,2009K3,0,Bærum (2020-2023),"Nettoinnflytting, inkl. inn- og utvandring"
3024,Nettoinnflytting9,2009K4,0,Bærum (2020-2023),"Nettoinnflytting, inkl. inn- og utvandring"
3024,Nettoinnflytting9,2010K1,0,Bærum (2020-2023),"Nettoinnflytting, inkl. inn- og utvandring"
3024,Nettoinnflytting9,2010K2,0,Bærum (2020-2023),"Nettoinnflytting, inkl. inn- og utvandring"
3024,Nettoinnflytting9,2010K3,0,Bærum (2020-2023),"Nettoinnflytting, inkl. inn- og utvandring"
3024,Nettoinnflytting9,2010K4,0,Bærum (2020-2023),"Nettoinnflytting, inkl. inn- og utvandring"
3024,Nettoinnflytting9,2011K1,0,Bærum (2020-2023),"Nettoinnflytting, inkl. inn- og utvandring"
3024,Nettoinnflytting9,2011K2,0,Bærum (2020-2023),"Nettoinnflytting, inkl. inn- og utvandring"
3024,Nettoinnflytting9,2011K3,0,Bærum (2020-2023),"Nettoinnflytting, inkl. inn- og utvandring"
3024,Nettoinnflytting9,2011K4,0,Bærum (2020-2023),"Nettoinnflytting, inkl. inn- og utvandring"
3024,Nettoinnflytting9,2012K1,0,Bærum (2020-2023),"Nettoinnflytting, inkl. inn- og utvandring"
3024,Nettoinnflytting9,2012K2,0,Bærum (2020-2023),"Nettoinnflytting, inkl. inn- og utvandring"
3024,Nettoinnflytting9,2012K3,0,Bærum (2020-2023),"Nettoinnflytting, inkl. inn- og utvandring"
3024,Nettoinnflytting9,2012K4,0,Bærum (2020-2023),"Nettoinnflytting, inkl. inn- og utvandring"
3024,Nettoinnflytting9,2013K1,0,Bærum (2020-2023),"Nettoinnflytting, inkl. inn- og utvandring"
3024,Nettoinnflytting9,2013K2,0,Bærum (2020-2023),"Nettoinnflytting, inkl. inn- og utvandring"
3024,Nettoinnflytting9,2013K3,0,Bærum (2020-2023),"Nettoinnflytting, inkl. inn- og utvandring"
3024,Nettoinnflytting9,2013K4,0,Bærum (2020-2023),"Nettoinnflytting, inkl. inn- og utvandring"
3024,Nettoinnflytting9,2014K1,0,Bærum (2020-2023),"Nettoinnflytting, inkl. inn- og utvandring"
3024,Nettoinnflytting9,2014K2,0,Bærum (2020-2023),"Nettoinnflytting, inkl. inn- og utvandring"
3024,Nettoinnflytting9,2014K3,0,Bærum (2020-2023),"Nettoinnflytting, inkl. inn- og utvandring"
3024,Nettoinnflytting9,2014K4,0,Bærum (2020-2023),"Nettoinnflytting, inkl. inn- og utvandring"
3024,Nettoinnflytting9,2015K1,0,Bærum (2020-2023),"Nettoinnflytting, inkl. inn- og utvandring"
3024,Nettoinnflytting9,2015K2,0,Bærum (2020-2023),"Nettoinnflytting, inkl. inn- og utvandring"
3024,Nettoinnflytting9,2015K3,0,Bærum (2020-2023),"Nettoinnflytting, inkl. inn- og utvandring"
3024,Nettoinnflytting9,2015K4,0,Bærum (2020-2023),"Nettoinnflytting, inkl. inn- og utvandring"
3024,Nettoinnflytting9,2016K1,0,Bærum (2020-2023),"Nettoinnflytting, inkl. inn- og utvandring"
3024,Nettoinnflytting9,2016K2,0,Bærum (2020-2023),"Nettoinnflytting, inkl. inn- og utvandring"
3024,Nettoinnflytting9,2016K3,0,Bærum (2020-2023),"Nettoinnflytting, inkl. inn- og utvandring"
3024,Nettoinnflytting9,2016K4,0,Bærum (2020-2023),"Nettoinnflytting, inkl. inn- og utvandring"
3024,Nettoinnflytting9,2017K1,0,Bærum (2020-2023),"Nettoinnflytting, inkl. inn- og utvandring"
3024,Nettoinnflytting9,2017K2,0,Bærum (2020-2023),"Nettoinnflytting, inkl. inn- og utvandring"
3024,Nettoinnflytting9,2017K3,0,Bærum (2020-2023),"Nettoinnflytting, inkl. inn- og utvandring"
3024,Nettoinnflytting9,2017K4,0,Bærum (2020-2023),"Nettoinnflytting, inkl. inn- og utvandring"
3024,Nettoinnflytting9,2018K1,0,Bærum (2020-2023),"Nettoinnflytting, inkl. inn- og utvandring"
3024,Nettoinnflytting9,2018K2,0,Bærum (2020-2023),"Nettoinnflytting, inkl. inn- og utvandring"
3024,Nettoinnflytting9,2018K3,0,Bærum (2020-2023),"Nettoinnflytting, inkl. inn- og utvandring"
3024,Nettoinnflytting9,2018K4,0,Bærum (2020-2023),"Nettoinnflytting, inkl. inn- og utvandring"
3024,Nettoinnflytting9,2019K1,0,Bærum (2020-2023),"Nettoinnflytting, inkl. inn- og utvandring"
3024,Nettoinnflytting9,2019K2,0,Bærum (2020-2023),"Nettoinnflytting, inkl. inn- og utvandring"
3024,Nettoinnflytting9,2019K3,0,Bærum (2020-2023),"Nettoinnflytting, inkl. inn- og utvandring"
3024,Nettoinnflytting9,2019K4,0,Bærum (2020-2023),"Nettoinnflytting, inkl. inn- og utvandring"
3024,Nettoinnflytting9,2020K1,33,Bærum (2020-2023),"Nettoinnflytting, inkl. inn- og utvandring"
3024,Nettoinnflytting9,2020K2,112,Bærum (2020-2023),"Nettoinnflytting, inkl. inn- og utvandring"
3024,Nettoinnflytting9,2020K3,-136,Bærum (2020-2023),"Nettoinnflytting, inkl. inn- og utvandring"
3024,Nettoinnflytting9,2020K4,72,Bærum (2020-2023),"Nettoinnflytting, inkl. inn- og utvandring"
3024,Nettoinnflytting9,2021K1,149,Bærum (2020-2023),"Nettoinnflytting, inkl. inn- og utvandring"
3024,Nettoinnflytting9,2021K2,168,Bærum (2020-2023),"Nettoinnflytting, inkl. inn- og utvandring"
3024,Nettoinnflytting9,2021K3,-209,Bærum (2020-2023),"Nettoinnflytting, inkl. inn- og utvandring"
3024,Nettoinnflytting9,2021K4,199,Bærum (2020-2023),"Nettoinnflytting, inkl. inn- og utvandring"
3024,Nettoinnflytting9,2022K1,84,Bærum (2020-2023),"Nettoinnflytting, inkl. inn- og utvandring"
3024,Nettoinnflytting9,2022K2,257,Bærum (2020-2023),"Nettoinnflytting, inkl. inn- og utvandring"
3024,Nettoinnflytting9,2022K3,161,Bærum (2020-2023),"Nettoinnflytting, inkl. inn- og utvandring"
3024,Nettoinnflytting9,2022K4,193,Bærum (2020-2023),"Nettoinnflytting, inkl. inn- og utvandring"
3024,Nettoinnflytting9,2023K1,315,Bærum (2020-2023),"Nettoinnflytting, inkl. inn- og utvandring"
3024,Nettoinnflytting9,2023K2,226,Bærum (2020-2023),"Nettoinnflytting, inkl. inn- og utvandring"
3024,Nettoinnflytting9,2023K3,90,Bærum (2020-2023),"Nettoinnflytting, inkl. inn- og utvandring"
3024,Nettoinnflytting9,2023K4,159,Bærum (2020-2023),"Nettoinnflytting, inkl. inn- og utvandring"
3024,Nettoinnflytting9,2024K1,0,Bærum (2020-2023),"Nettoinnflytting, inkl. inn- og utvandring"
3024,Nettoinnflytting9,2024K2,0,Bærum (2020-2023),"Nettoinnflytting, inkl. inn- og utvandring"
3024,Nettoinnflytting9,2024K3,0,Bærum (2020-2023),"Nettoinnflytting, inkl. inn- og utvandring"
3024,Nettoinnflytting9,2024K4,0,Bærum (2020-2023),"Nettoinnflytting, inkl. inn- og utvandring"
3024,Nettoinnflytting9,2025K1,0,Bærum (2020-2023),"Nettoinnflytting, inkl. inn- og utvandring"
3024,Nettoinnflytting9,2025K2,0,Bærum (2020-2023),"Nettoinnflytting, inkl. inn- og utvandring"
3024,Nettoinnflytting9,2025K3,0,Bærum (2020-2023),"Nettoinnflytting, inkl. inn- og utvandring"
3024,Nettoinnflytting9,2025K4,0,Bærum (2020-2023),"Nettoinnflytting, inkl. inn- og utvandring"
3024,Nettoinnflytting9,2026K1,0,Bærum (2020-2023),"Nettoinnflytting, inkl. inn- og utvandring"
3024,Nettoinnflytting9,2026K2,0,Bærum (2020-2023),"Nettoinnflytting, inkl. inn- og utvandring"
0219,Folketallet11,1997K4,99538,Bærum (-2019),Befolkning ved utgangen av kvartalet
0219,Folketallet11,1998K1,99995,Bærum (-2019),Befolkning ved utgangen av kvartalet
0219,Folketallet11,1998K2,100347,Bærum (-2019),Befolkning ved utgangen av kvartalet
0219,Folketallet11,1998K3,100686,Bærum (-2019),Befolkning ved utgangen av kvartalet
0219,Folketallet11,1998K4,100828,Bærum (-2019),Befolkning ved utgangen av kvartalet
0219,Folketallet11,1999K1,101115,Bærum (-2019),Befolkning ved utgangen av kvartalet
0219,Folketallet11,1999K2,101305,Bærum (-2019),Befolkning ved utgangen av kvartalet
0219,Folketallet11,1999K3,101533,Bærum (-2019),Befolkning ved utgangen av kvartalet
0219,Folketallet11,1999K4,101558,Bærum (-2019),Befolkning ved utgangen av kvartalet
0219,Folketallet11,2000K1,101648,Bærum (-2019),Befolkning ved utgangen av kvartalet
0219,Folketallet11,2000K2,101479,Bærum (-2019),Befolkning ved utgangen av kvartalet
0219,Folketallet11,2000K3,101426,Bærum (-2019),Befolkning ved utgangen av kvartalet
0219,Folketallet11,2000K4,101349,Bærum (-2019),Befolkning ved utgangen av kvartalet
0219,Folketallet11,2001K1,101368,Bærum (-2019),Befolkning ved utgangen av kvartalet
0219,Folketallet11,2001K2,101299,Bærum (-2019),Befolkning ved utgangen av kvartalet
0219,Folketallet11,2001K3,101329,Bærum (-2019),Befolkning ved utgangen av kvartalet
0219,Folketallet11,2001K4,101442,Bærum (-2019),Befolkning ved utgangen av kvartalet
0219,Folketallet11,2002K1,101769,Bærum (-2019),Befolkning ved utgangen av kvartalet
0219,Folketallet11,2002K2,102103,Bærum (-2019),Befolkning ved utgangen av kvartalet
0219,Folketallet11,2002K3,102208,Bærum (-2019),Befolkning ved utgangen av kvartalet
0219,Folketallet11,2002K4,102492,Bærum (-2019),Befolkning ved utgangen av kvartalet
0219,Folketallet11,2003K1,102567,Bærum (-2019),Befolkning ved utgangen av kvartalet
0219,Folketallet11,2003K2,102744,Bærum (-2019),Befolkning ved utgangen av kvartalet
0219,Folketallet11,2003K3,102948,Bærum (-2019),Befolkning ved utgangen av kvartalet
0219,Folketallet11,2003K4,103247,Bærum (-2019),Befolkning ved utgangen av kvartalet
0219,Folketallet11,2004K1,103629,Bærum (-2019),Befolkning ved utgangen av kvartalet
0219,Folketallet11,2004K2,103967,Bærum (-2019),Befolkning ved utgangen av kvartalet
0219,Folketallet11,2004K3,104331,Bærum (-2019),Befolkning ved utgangen av kvartalet
0219,Folketallet11,2004K4,104706,Bærum (-2019),Befolkning ved utgangen av kvartalet
0219,Folketallet11,2005K1,104896,Bærum (-2019),Befolkning ved utgangen av kvartalet
0219,Folketallet11,2005K2,105102,Bærum (-2019),Befolkning ved utgangen av kvartalet
0219,Folketallet11,2005K3,105485,Bærum (-2019),Befolkning ved utgangen av kvartalet
0219,Folketallet11,2005K4,105928,Bærum (-2019),Befolkning ved utgangen av kvartalet
0219,Folketallet11,2006K1,106220,Bærum (-2019),Befolkning ved utgangen av kvartalet
0219,Folketallet11,2006K2,106525,Bærum (-2019),Befolkning ved utgangen av kvartalet
0219,Folketallet11,2006K3,106627,Bærum (-2019),Befolkning ved utgangen av kvartalet
0219,Folketallet11,2006K4,106932,Bærum (-2019),Befolkning ved utgangen av kvartalet
0219,Folketallet11,2007K1,107286,Bærum (-2019),Befolkning ved utgangen av kvartalet
0219,Folketallet11,2007K2,107633,Bærum (-2019),Befolkning ved utgangen av kvartalet
0219,Folketallet11,2007K3,108033,Bærum (-2019),Befolkning ved utgangen av kvartalet
0219,Folketallet11,2007K4,108144,Bærum (-2019),Befolkning ved utgangen av kvartalet
0219,Folketallet11,2008K1,108582,Bærum (-2019),Befolkning ved utgangen av kvartalet
0219,Folketallet11,2008K2,108967,Bærum (-2019),Befolkning ved utgangen av kvartalet
0219,Folketallet11,2008K3,109425,Bærum (-2019),Befolkning ved utgangen av kvartalet
0219,Folketallet11,2008K4,109700,Bærum (-2019),Befolkning ved utgangen av kvartalet
0219,Folketallet11,2009K1,110048,Bærum (-2019),Befolkning ved utgangen av kvartalet
0219,Folketallet11,2009K2,110381,Bærum (-2019),Befolkning ved utgangen av kvartalet
0219,Folketallet11,2009K3,110783,Bærum (-2019),Befolkning ved utgangen av kvartalet
0219,Folketallet11,2009K4,111213,Bærum (-2019),Befolkning ved utgangen av kvartalet
0219,Folketallet11,2010K1,111637,Bærum (-2019),Befolkning ved utgangen av kvartalet
0219,Folketallet11,2010K2,111959,Bærum (-2019),Befolkning ved utgangen av kvartalet
0219,Folketallet11,2010K3,112376,Bærum (-2019),Befolkning ved utgangen av kvartalet
0219,Folketallet11,2010K4,112789,Bærum (-2019),Befolkning ved utgangen av kvartalet
0219,Folketallet11,2011K1,113222,Bærum (-2019),Befolkning ved utgangen av kvartalet
0219,Folketallet11,2011K2,113659,Bærum (-2019),Befolkning ved utgangen av kvartalet
0219,Folketallet11,2011K3,113945,Bærum (-2019),Befolkning ved utgangen av kvartalet
0219,Folketallet11,2011K4,114489,Bærum (-2019),Befolkning ved utgangen av kvartalet
0219,Folketallet11,2012K1,114989,Bærum (-2019),Befolkning ved utgangen av kvartalet
0219,Folketallet11,2012K2,115805,Bærum (-2019),Befolkning ved utgangen av kvartalet
0219,Folketallet11,2012K3,116298,Bærum (-2019),Befolkning ved utgangen av kvartalet
0219,Folketallet11,2012K4,116677,Bærum (-2019),Befolkning ved utgangen av kvartalet
0219,Folketallet11,2013K1,116974,Bærum (-2019),Befolkning ved utgangen av kvartalet
0219,Folketallet11,2013K2,117527,Bærum (-2019),Befolkning ved utgangen av kvartalet
0219,Folketallet11,2013K3,118115,Bærum (-2019),Befolkning ved utgangen av kvartalet
0219,Folketallet11,2013K4,118588,Bærum (-2019),Befolkning ved utgangen av kvartalet
0219,Folketallet11,2014K1,119111,Bærum (-2019),Befolkning ved utgangen av kvartalet
0219,Folketallet11,2014K2,119849,Bærum (-2019),Befolkning ved utgangen av kvartalet
0219,Folketallet11,2014K3,120369,Bærum (-2019),Befolkning ved utgangen av kvartalet
0219,Folketallet11,2014K4,120685,Bærum (-2019),Befolkning ved utgangen av kvartalet
0219,Folketallet11,2015K1,121229,Bærum (-2019),Befolkning ved utgangen av kvartalet
0219,Folketallet11,2015K2,121827,Bærum (-2019),Befolkning ved utgangen av kvartalet
0219,Folketallet11,2015K3,122062,Bærum (-2019),Befolkning ved utgangen av kvartalet
0219,Folketallet11,2015K4,122348,Bærum (-2019),Befolkning ved utgangen av kvartalet
0219,Folketallet11,2016K1,122660,Bærum (-2019),Befolkning ved utgangen av kvartalet
0219,Folketallet11,2016K2,123322,Bærum (-2019),Befolkning ved utgangen av kvartalet
0219,Folketallet11,2016K3,123562,Bærum (-2019),Befolkning ved utgangen av kvartalet
0219,Folketallet11,2016K4,124008,Bærum (-2019),Befolkning ved utgangen av kvartalet
0219,Folketallet11,2017K1,124223,Bærum (-2019),Befolkning ved utgangen av kvartalet
0219,Folketallet11,2017K2,124798,Bærum (-2019),Befolkning ved utgangen av kvartalet
0219,Folketallet11,2017K3,125019,Bærum (-2019),Befolkning ved utgangen av kvartalet
0219,Folketallet11,2017K4,125454,Bærum (-2019),Befolkning ved utgangen av kvartalet
0219,Folketallet11,2018K1,125708,Bærum (-2019),Befolkning ved utgangen av kvartalet
0219,Folketallet11,2018K2,126347,Bærum (-2019),Befolkning ved utgangen av kvartalet
0219,Folketallet11,2018K3,126583,Bærum (-2019),Befolkning ved utgangen av kvartalet
0219,Folketallet11,2018K4,126841,Bærum (-2019),Befolkning ved utgangen av kvartalet
0219,Folketallet11,2019K1,127013,Bærum (-2019),Befolkning ved utgangen av kvartalet
0219,Folketallet11,2019K2,127334,Bærum (-2019),Befolkning ved utgangen av kvartalet
0219,Folketallet11,2019K3,127467,Bærum (-2019),Befolkning ved utgangen av kvartalet
0219,Folketallet11,2019K4,127731,Bærum (-2019),Befolkning ved utgangen av kvartalet
0219,Folketallet11,2020K1,0,Bærum (-2019),Befolkning ved utgangen av kvartalet
0219,Folketallet11,2020K2,0,Bærum (-2019),Befolkning ved utgangen av kvartalet
0219,Folketallet11,2020K3,0,Bærum (-2019),Befolkning ved utgangen av kvartalet
0219,Folketallet11,2020K4,0,Bærum (-2019),Befolkning ved utgangen av kvartalet
0219,Folketallet11,2021K1,0,Bærum (-2019),Befolkning ved utgangen av kvartalet
0219,Folketallet11,2021K2,0,Bærum (-2019),Befolkning ved utgangen av kvartalet
0219,Folketallet11,2021K3,0,Bærum (-2019),Befolkning ved utgangen av kvartalet
0219,Folketallet11,2021K4,0,Bærum (-2019),Befolkning ved utgangen av kvartalet
0219,Folketallet11,2022K1,0,Bærum (-2019),Befolkning ved utgangen av kvartalet
0219,Folketallet11,2022K2,0,Bærum (-2019),Befolkning ved utgangen av kvartalet
0219,Folketallet11,2022K3,0,Bærum (-2019),Befolkning ved utgangen av kvartalet
0219,Folketallet11,2022K4,0,Bærum (-2019),Befolkning ved utgangen av kvartalet
0219,Folketallet11,2023K1,0,Bærum (-2019),Befolkning ved utgangen av kvartalet
0219,Folketallet11,2023K2,0,Bærum (-2019),Befolkning ved utgangen av kvartalet
0219,Folketallet11,2023K3,0,Bærum (-2019),Befolkning ved utgangen av kvartalet
0219,Folketallet11,2023K4,0,Bærum (-2019),Befolkning ved utgangen av kvartalet
0219,Folketallet11,2024K1,0,Bærum (-2019),Befolkning ved utgangen av kvartalet
0219,Folketallet11,2024K2,0,Bærum (-2019),Befolkning ved utgangen av kvartalet
0219,Folketallet11,2024K3,0,Bærum (-2019),Befolkning ved utgangen av kvartalet
0219,Folketallet11,2024K4,0,Bærum (-2019),Befolkning ved utgangen av kvartalet
0219,Folketallet11,2025K1,0,Bærum (-2019),Befolkning ved utgangen av kvartalet
0219,Folketallet11,2025K2,0,Bærum (-2019),Befolkning ved utgangen av kvartalet
0219,Folketallet11,2025K3,0,Bærum (-2019),Befolkning ved utgangen av kvartalet
0219,Folketallet11,2025K4,0,Bærum (-2019),Befolkning ved utgangen av kvartalet
0219,Folketallet11,2026K1,0,Bærum (-2019),Befolkning ved utgangen av kvartalet
0219,Folketallet11,2026K2,0,Bærum (-2019),Befolkning ved utgangen av kvartalet
0219,Nettoinnflytting9,1997K4,78,Bærum (-2019),"Nettoinnflytting, inkl. inn- og utvandring"
0219,Nettoinnflytting9,1998K1,236,Bærum (-2019),"Nettoinnflytting, inkl. inn- og utvandring"
0219,Nettoinnflytting9,1998K2,186,Bærum (-2019),"Nettoinnflytting, inkl. inn- og utvandring"
0219,Nettoinnflytting9,1998K3,155,Bærum (-2019),"Nettoinnflytting, inkl. inn- og utvandring"
0219,Nettoinnflytting9,1998K4,79,Bærum (-2019),"Nettoinnflytting, inkl. inn- og utvandring"
0219,Nettoinnflytting9,1999K1,188,Bærum (-2019),"Nettoinnflytting, inkl. inn- og utvandring"
0219,Nettoinnflytting9,1999K2,7,Bærum (-2019),"Nettoinnflytting, inkl. inn- og utvandring"
0219,Nettoinnflytting9,1999K3,124,Bærum (-2019),"Nettoinnflytting, inkl. inn- og utvandring"
0219,Nettoinnflytting9,1999K4,-45,Bærum (-2019),"Nettoinnflytting, inkl. inn- og utvandring"
0219,Nettoinnflytting9,2000K1,5,Bærum (-2019),"Nettoinnflytting, inkl. inn- og utvandring"
0219,Nettoinnflytting9,2000K2,-345,Bærum (-2019),"Nettoinnflytting, inkl. inn- og utvandring"
0219,Nettoinnflytting9,2000K3,-228,Bærum (-2019),"Nettoinnflytting, inkl. inn- og utvandring"
0219,Nettoinnflytting9,2000K4,-165,Bærum (-2019),"Nettoinnflytting, inkl. inn- og utvandring"
0219,Nettoinnflytting9,2001K1,-112,Bærum (-2019),"Nettoinnflytting, inkl. inn- og utvandring"
0219,Nettoinnflytting9,2001K2,-213,Bærum (-2019),"Nettoinnflytting, inkl. inn- og utvandring"
0219,Nettoinnflytting9,2001K3,-124,Bærum (-2019),"Nettoinnflytting, inkl. inn- og utvandring"
0219,Nettoinnflytting9,2001K4,51,Bærum (-2019),"Nettoinnflytting, inkl. inn- og utvandring"
0219,Nettoinnflytting9,2002K1,158,Bærum (-2019),"Nettoinnflytting, inkl. inn- og utvandring"
0219,Nettoinnflytting9,2002K2,188,Bærum (-2019),"Nettoinnflytting, inkl. inn- og utvandring"
0219,Nettoinnflytting9,2002K3,-51,Bærum (-2019),"Nettoinnflytting, inkl. inn- og utvandring"
0219,Nettoinnflytting9,2002K4,176,Bærum (-2019),"Nettoinnflytting, inkl. inn- og utvandring"
0219,Nettoinnflytting9,2003K1,-39,Bærum (-2019),"Nettoinnflytting, inkl. inn- og utvandring"
0219,Nettoinnflytting9,2003K2,-21,Bærum (-2019),"Nettoinnflytting, inkl. inn- og utvandring"
0219,Nettoinnflytting9,2003K3,44,Bærum (-2019),"Nettoinnflytting, inkl. inn- og utvandring"
0219,Nettoinnflytting9,2003K4,164,Bærum (-2019),"Nettoinnflytting, inkl. inn- og utvandring"
0219,Nettoinnflytting9,2004K1,212,Bærum (-2019),"Nettoinnflytting, inkl. inn- og utvandring"
0219,Nettoinnflytting9,2004K2,164,Bærum (-2019),"Nettoinnflytting, inkl. inn- og utvandring"
0219,Nettoinnflytting9,2004K3,188,Bærum (-2019),"Nettoinnflytting, inkl. inn- og utvandring"
0219,Nettoinnflytting9,2004K4,244,Bærum (-2019),"Nettoinnflytting, inkl. inn- og utvandring"
0219,Nettoinnflytting9,2005K1,86,Bærum (-2019),"Nettoinnflytting, inkl. inn- og utvandring"
0219,Nettoinnflytting9,2005K2,54,Bærum (-2019),"Nettoinnflytting, inkl. inn- og utvandring"
0219,Nettoinnflytting9,2005K3,215,Bærum (-2019),"Nettoinnflytting, inkl. inn- og utvandring"
0219,Nettoinnflytting9,2005K4,256,Bærum (-2019),"Nettoinnflytting, inkl. inn- og utvandring"
0219,Nettoinnflytting9,2006K1,136,Bærum (-2019),"Nettoinnflytting, inkl. inn- og utvandring"
0219,Nettoinnflytting9,2006K2,108,Bærum (-2019),"Nettoinnflytting, inkl. inn- og utvandring"
0219,Nettoinnflytting9,2006K3,-57,Bærum (-2019),"Nettoinnflytting, inkl. inn- og utvandring"
0219,Nettoinnflytting9,2006K4,198,Bærum (-2019),"Nettoinnflytting, inkl. inn- og utvandring"
0219,Nettoinnflytting9,2007K1,283,Bærum (-2019),"Nettoinnflytting, inkl. inn- og utvandring"
0219,Nettoinnflytting9,2007K2,198,Bærum (-2019),"Nettoinnflytting, inkl. inn- og utvandring"
0219,Nettoinnflytting9,2007K3,277,Bærum (-2019),"Nettoinnflytting, inkl. inn- og utvandring"
0219,Nettoinnflytting9,2007K4,35,Bærum (-2019),"Nettoinnflytting, inkl. inn- og utvandring"
0219,Nettoinnflytting9,2008K1,366,Bærum (-2019),"Nettoinnflytting, inkl. inn- og utvandring"
0219,Nettoinnflytting9,2008K2,249,Bærum (-2019),"Nettoinnflytting, inkl. inn- og utvandring"
0219,Nettoinnflytting9,2008K3,268,Bærum (-2019),"Nettoinnflytting, inkl. inn- og utvandring"
0219,Nettoinnflytting9,2008K4,207,Bærum (-2019),"Nettoinnflytting, inkl. inn- og utvandring"
0219,Nettoinnflytting9,2009K1,248,Bærum (-2019),"Nettoinnflytting, inkl. inn- og utvandring"
0219,Nettoinnflytting9,2009K2,185,Bærum (-2019),"Nettoinnflytting, inkl. inn- og utvandring"
0219,Nettoinnflytting9,2009K3,226,Bærum (-2019),"Nettoinnflytting, inkl. inn- og utvandring"
0219,Nettoinnflytting9,2009K4,321,Bærum (-2019),"Nettoinnflytting, inkl. inn- og utvandring"
0219,Nettoinnflytting9,2010K1,305,Bærum (-2019),"Nettoinnflytting, inkl. inn- og utvandring"
0219,Nettoinnflytting9,2010K2,236,Bærum (-2019),"Nettoinnflytting, inkl. inn- og utvandring"
0219,Nettoinnflytting9,2010K3,267,Bærum (-2019),"Nettoinnflytting, inkl. inn- og utvandring"
0219,Nettoinnflytting9,2010K4,326,Bærum (-2019),"Nettoinnflytting, inkl. inn- og utvandring"
0219,Nettoinnflytting9,2011K1,350,Bærum (-2019),"Nettoinnflytting, inkl. inn- og utvandring"
0219,Nettoinnflytting9,2011K2,317,Bærum (-2019),"Nettoinnflytting, inkl. inn- og utvandring"
0219,Nettoinnflytting9,2011K3,123,Bærum (-2019),"Nettoinnflytting, inkl. inn- og utvandring"
0219,Nettoinnflytting9,2011K4,484,Bærum (-2019),"Nettoinnflytting, inkl. inn- og utvandring"
0219,Nettoinnflytting9,2012K1,405,Bærum (-2019),"Nettoinnflytting, inkl. inn- og utvandring"
0219,Nettoinnflytting9,2012K2,651,Bærum (-2019),"Nettoinnflytting, inkl. inn- og utvandring"
0219,Nettoinnflytting9,2012K3,355,Bærum (-2019),"Nettoinnflytting, inkl. inn- og utvandring"
0219,Nettoinnflytting9,2012K4,333,Bærum (-2019),"Nettoinnflytting, inkl. inn- og utvandring"
0219,Nettoinnflytting9,2013K1,200,Bærum (-2019),"Nettoinnflytting, inkl. inn- og utvandring"
0219,Nettoinnflytting9,2013K2,392,Bærum (-2019),"Nettoinnflytting, inkl. inn- og utvandring"
0219,Nettoinnflytting9,2013K3,474,Bærum (-2019),"Nettoinnflytting, inkl. inn- og utvandring"
0219,Nettoinnflytting9,2013K4,402,Bærum (-2019),"Nettoinnflytting, inkl. inn- og utvandring"
0219,Nettoinnflytting9,2014K1,426,Bærum (-2019),"Nettoinnflytting, inkl. inn- og utvandring"
0219,Nettoinnflytting9,2014K2,548,Bærum (-2019),"Nettoinnflytting, inkl. inn- og utvandring"
0219,Nettoinnflytting9,2014K3,408,Bærum (-2019),"Nettoinnflytting, inkl. inn- og utvandring"
0219,Nettoinnflytting9,2014K4,282,Bærum (-2019),"Nettoinnflytting, inkl. inn- og utvandring"
0219,Nettoinnflytting9,2015K1,484,Bærum (-2019),"Nettoinnflytting, inkl. inn- og utvandring"
0219,Nettoinnflytting9,2015K2,411,Bærum (-2019),"Nettoinnflytting, inkl. inn- og utvandring"
0219,Nettoinnflytting9,2015K3,22,Bærum (-2019),"Nettoinnflytting, inkl. inn- og utvandring"
0219,Nettoinnflytting9,2015K4,191,Bærum (-2019),"Nettoinnflytting, inkl. inn- og utvandring"
0219,Nettoinnflytting9,2016K1,206,Bærum (-2019),"Nettoinnflytting, inkl. inn- og utvandring"
0219,Nettoinnflytting9,2016K2,484,Bærum (-2019),"Nettoinnflytting, inkl. inn- og utvandring"
0219,Nettoinnflytting9,2016K3,92,Bærum (-2019),"Nettoinnflytting, inkl. inn- og utvandring"
0219,Nettoinnflytting9,2016K4,379,Bærum (-2019),"Nettoinnflytting, inkl. inn- og utvandring"
0219,Nettoinnflytting9,2017K1,142,Bærum (-2019),"Nettoinnflytting, inkl. inn- og utvandring"
0219,Nettoinnflytting9,2017K2,413,Bærum (-2019),"Nettoinnflytting, inkl. inn- og utvandring"
0219,Nettoinnflytting9,2017K3,100,Bærum (-2019),"Nettoinnflytting, inkl. inn- og utvandring"
0219,Nettoinnflytting9,2017K4,351,Bærum (-2019),"Nettoinnflytting, inkl. inn- og utvandring"
0219,Nettoinnflytting9,2018K1,189,Bærum (-2019),"Nettoinnflytting, inkl. inn- og utvandring"
0219,Nettoinnflytting9,2018K2,484,Bærum (-2019),"Nettoinnflytting, inkl. inn- og utvandring"
0219,Nettoinnflytting9,2018K3,97,Bærum (-2019),"Nettoinnflytting, inkl. inn- og utvandring"
0219,Nettoinnflytting9,2018K4,112,Bærum (-2019),"Nettoinnflytting, inkl. inn- og utvandring"
0219,Nettoinnflytting9,2019K1,98,Bærum (-2019),"Nettoinnflytting, inkl. inn- og utvandring"
0219,Nettoinnflytting9,2019K2,164,Bærum (-2019),"Nettoinnflytting, inkl. inn- og utvandring"
0219,Nettoinnflytting9,2019K3,40,Bærum (-2019),"Nettoinnflytting, inkl. inn- og utvandring"
0219,Nettoinnflytting9,2019K4,199,Bærum (-2019),"Nettoinnflytting, inkl. inn- og utvandring"
0219,Nettoinnflytting9,2020K1,0,Bærum (-2019),"Nettoinnflytting, inkl. inn- og utvandring"
0219,Nettoinnflytting9,2020K2,0,Bærum (-2019),"Nettoinnflytting, inkl. inn- og utvandring"
0219,Nettoinnflytting9,2020K3,0,Bærum (-2019),"Nettoinnflytting, inkl. inn- og utvandring"
0219,Nettoinnflytting9,2020K4,0,Bærum (-2019),"Nettoinnflytting, inkl. inn- og utvandring"
0219,Nettoinnflytting9,2021K1,0,Bærum (-2019),"Nettoinnflytting, inkl. inn- og utvandring"
0219,Nettoinnflytting9,2021K2,0,Bærum (-2019),"Nettoinnflytting, inkl. inn- og utvandring"
0219,Nettoinnflytting9,2021K3,0,Bærum (-2019),"Nettoinnflytting, inkl. inn- og utvandring"
0219,Nettoinnflytting9,2021K4,0,Bærum (-2019),"Nettoinnflytting, inkl. inn- og utvandring"
0219,Nettoinnflytting9,2022K1,0,Bærum (-2019),"Nettoinnflytting, inkl. inn- og utvandring"
0219,Nettoinnflytting9,2022K2,0,Bærum (-2019),"Nettoinnflytting, inkl. inn- og utvandring"
0219,Nettoinnflytting9,2022K3,0,Bærum (-2019),"Nettoinnflytting, inkl. inn- og utvandring"
0219,Nettoinnflytting9,2022K4,0,Bærum (-2019),"Nettoinnflytting, inkl. inn- og utvandring"
0219,Nettoinnflytting9,2023K1,0,Bærum (-2019),"Nettoinnflytting, inkl. inn- og utvandring"
0219,Nettoinnflytting9,2023K2,0,Bærum (-2019),"Nettoinnflytting, inkl. inn- og utvandring"
0219,Nettoinnflytting9,2023K3,0,Bærum (-2019),"Nettoinnflytting, inkl. inn- og utvandring"
0219,Nettoinnflytting9,2023K4,0,Bærum (-2019),"Nettoinnflytting, inkl. inn- og utvandring"
0219,Nettoinnflytting9,2024K1,0,Bærum (-2019),"Nettoinnflytting, inkl. inn- og utvandring"
0219,Nettoinnflytting9,2024K2,0,Bærum (-2019),"Nettoinnflytting, inkl. inn- og utvandring"
0219,Nettoinnflytting9,2024K3,0,Bærum (-2019),"Nettoinnflytting, inkl. inn- og utvandring"
0219,Nettoinnflytting9,2024K4,0,Bærum (-2019),"Nettoinnflytting, inkl. inn- og utvandring"
0219,Nettoinnflytting9,2025K1,0,Bærum (-2019),"Nettoinnflytting, inkl. inn- og utvandring"
0219,Nettoinnflytting9,2025K2,0,Bærum (-2019),"Nettoinnflytting, inkl. inn- og utvandring"
0219,Nettoinnflytting9,2025K3,0,Bærum (-2019),"Nettoinnflytting, inkl. inn- og utvandring"
0219,Nettoinnflytting9,2025K4,0,Bærum (-2019),"Nettoinnflytting, inkl. inn- og utvandring"
0219,Nettoinnflytting9,2026K1,0,Bærum (-2019),"Nettoinnflytting, inkl. inn- og utvandring"
0219,Nettoinnflytting9,2026K2,0,Bærum (-2019),"Nettoinnflytting, inkl. inn- og utvandring"
03,Folketallet11,1997K4,500037,Oslo - Oslove,Befolkning ved utgangen av kvartalet
03,Folketallet11,1998K1,501234,Oslo - Oslove,Befolkning ved utgangen av kvartalet
03,Folketallet11,1998K2,501994,Oslo - Oslove,Befolkning ved utgangen av kvartalet
03,Folketallet11,1998K3,502267,Oslo - Oslove,Befolkning ved utgangen av kvartalet
03,Folketallet11,1998K4,502392,Oslo - Oslove,Befolkning ved utgangen av kvartalet
03,Folketallet11,1999K1,504132,Oslo - Oslove,Befolkning ved utgangen av kvartalet
03,Folketallet11,1999K2,505142,Oslo - Oslove,Befolkning ved utgangen av kvartalet
03,Folketallet11,1999K3,506341,Oslo - Oslove,Befolkning ved utgangen av kvartalet
03,Folketallet11,1999K4,506942,Oslo - Oslove,Befolkning ved utgangen av kvartalet
03,Folketallet11,2000K1,508820,Oslo - Oslove,Befolkning ved utgangen av kvartalet
03,Folketallet11,2000K2,508826,Oslo - Oslove,Befolkning ved utgangen av kvartalet
03,Folketallet11,2000K3,509029,Oslo - Oslove,Befolkning ved utgangen av kvartalet
03,Folketallet11,2000K4,508686,Oslo - Oslove,Befolkning ved utgangen av kvartalet
03,Folketallet11,2001K1,510873,Oslo - Oslove,Befolkning ved utgangen av kvartalet
03,Folketallet11,2001K2,511790,Oslo - Oslove,Befolkning ved utgangen av kvartalet
03,Folketallet11,2001K3,512932,Oslo - Oslove,Befolkning ved utgangen av kvartalet
03,Folketallet11,2001K4,512718,Oslo - Oslove,Befolkning ved utgangen av kvartalet
03,Folketallet11,2002K1,514541,Oslo - Oslove,Befolkning ved utgangen av kvartalet
03,Folketallet11,2002K2,515425,Oslo - Oslove,Befolkning ved utgangen av kvartalet
03,Folketallet11,2002K3,516467,Oslo - Oslove,Befolkning ved utgangen av kvartalet
03,Folketallet11,2002K4,517401,Oslo - Oslove,Befolkning ved utgangen av kvartalet
03,Folketallet11,2003K1,518902,Oslo - Oslove,Befolkning ved utgangen av kvartalet
03,Folketallet11,2003K2,519553,Oslo - Oslove,Befolkning ved utgangen av kvartalet
03,Folketallet11,2003K3,521193,Oslo - Oslove,Befolkning ved utgangen av kvartalet
03,Folketallet11,2003K4,521892,Oslo - Oslove,Befolkning ved utgangen av kvartalet
03,Folketallet11,2004K1,523488,Oslo - Oslove,Befolkning ved utgangen av kvartalet
03,Folketallet11,2004K2,524888,Oslo - Oslove,Befolkning ved utgangen av kvartalet
03,Folketallet11,2004K3,527378,Oslo - Oslove,Befolkning ved utgangen av kvartalet
03,Folketallet11,2004K4,529407,Oslo - Oslove,Befolkning ved utgangen av kvartalet
03,Folketallet11,2005K1,531410,Oslo - Oslove,Befolkning ved utgangen av kvartalet
03,Folketallet11,2005K2,533050,Oslo - Oslove,Befolkning ved utgangen av kvartalet
03,Folketallet11,2005K3,536209,Oslo - Oslove,Befolkning ved utgangen av kvartalet
03,Folketallet11,2005K4,538411,Oslo - Oslove,Befolkning ved utgangen av kvartalet
03,Folketallet11,2006K1,541822,Oslo - Oslove,Befolkning ved utgangen av kvartalet
03,Folketallet11,2006K2,544073,Oslo - Oslove,Befolkning ved utgangen av kvartalet
03,Folketallet11,2006K3,547155,Oslo - Oslove,Befolkning ved utgangen av kvartalet
03,Folketallet11,2006K4,548617,Oslo - Oslove,Befolkning ved utgangen av kvartalet
03,Folketallet11,2007K1,551832,Oslo - Oslove,Befolkning ved utgangen av kvartalet
03,Folketallet11,2007K2,553396,Oslo - Oslove,Befolkning ved utgangen av kvartalet
03,Folketallet11,2007K3,557052,Oslo - Oslove,Befolkning ved utgangen av kvartalet
03,Folketallet11,2007K4,560484,Oslo - Oslove,Befolkning ved utgangen av kvartalet
03,Folketallet11,2008K1,565653,Oslo - Oslove,Befolkning ved utgangen av kvartalet
03,Folketallet11,2008K2,568809,Oslo - Oslove,Befolkning ved utgangen av kvartalet
03,Folketallet11,2008K3,573388,Oslo - Oslove,Befolkning ved utgangen av kvartalet
03,Folketallet11,2008K4,575475,Oslo - Oslove,Befolkning ved utgangen av kvartalet
03,Folketallet11,2009K1,578870,Oslo - Oslove,Befolkning ved utgangen av kvartalet
03,Folketallet11,2009K2,580229,Oslo - Oslove,Befolkning ved utgangen av kvartalet
03,Folketallet11,2009K3,584292,Oslo - Oslove,Befolkning ved utgangen av kvartalet
03,Folketallet11,2009K4,586860,Oslo - Oslove,Befolkning ved utgangen av kvartalet
03,Folketallet11,2010K1,590041,Oslo - Oslove,Befolkning ved utgangen av kvartalet
03,Folketallet11,2010K2,592082,Oslo - Oslove,Befolkning ved utgangen av kvartalet
03,Folketallet11,2010K3,596923,Oslo - Oslove,Befolkning ved utgangen av kvartalet
03,Folketallet11,2010K4,599230,Oslo - Oslove,Befolkning ved utgangen av kvartalet
03,Folketallet11,2011K1,605005,Oslo - Oslove,Befolkning ved utgangen av kvartalet
03,Folketallet11,2011K2,607292,Oslo - Oslove,Befolkning ved utgangen av kvartalet
03,Folketallet11,2011K3,611491,Oslo - Oslove,Befolkning ved utgangen av kvartalet
03,Folketallet11,2011K4,613285,Oslo - Oslove,Befolkning ved utgangen av kvartalet
03,Folketallet11,2012K1,617242,Oslo - Oslove,Befolkning ved utgangen av kvartalet
03,Folketallet11,2012K2,618378,Oslo - Oslove,Befolkning ved utgangen av kvartalet
03,Folketallet11,2012K3,621332,Oslo - Oslove,Befolkning ved utgangen av kvartalet
03,Folketallet11,2012K4,623966,Oslo - Oslove,Befolkning ved utgangen av kvartalet
03,Folketallet11,2013K1,626953,Oslo - Oslove,Befolkning ved utgangen av kvartalet
03,Folketallet11,2013K2,629313,Oslo - Oslove,Befolkning ved utgangen av kvartalet
03,Folketallet11,2013K3,632990,Oslo - Oslove,Befolkning ved utgangen av kvartalet
03,Folketallet11,2013K4,634463,Oslo - Oslove,Befolkning ved utgangen av kvartalet
03,Folketallet11,2014K1,638529,Oslo - Oslove,Befolkning ved utgangen av kvartalet
03,Folketallet11,2014K2,640313,Oslo - Oslove,Befolkning ved utgangen av kvartalet
03,Folketallet11,2014K3,645701,Oslo - Oslove,Befolkning ved utgangen av kvartalet
03,Folketallet11,2014K4,647676,Oslo - Oslove,Befolkning ved utgangen av kvartalet
03,Folketallet11,2015K1,650733,Oslo - Oslove,Befolkning ved utgangen av kvartalet
03,Folketallet11,2015K2,652044,Oslo - Oslove,Befolkning ved utgangen av kvartalet
03,Folketallet11,2015K3,656614,Oslo - Oslove,Befolkning ved utgangen av kvartalet
03,Folketallet11,2015K4,658390,Oslo - Oslove,Befolkning ved utgangen av kvartalet
03,Folketallet11,2016K1,660987,Oslo - Oslove,Befolkning ved utgangen av kvartalet
03,Folketallet11,2016K2,662587,Oslo - Oslove,Befolkning ved utgangen av kvartalet
03,Folketallet11,2016K3,666691,Oslo - Oslove,Befolkning ved utgangen av kvartalet
03,Folketallet11,2016K4,666757,Oslo - Oslove,Befolkning ved utgangen av kvartalet
03,Folketallet11,2017K1,668819,Oslo - Oslove,Befolkning ved utgangen av kvartalet
03,Folketallet11,2017K2,669060,Oslo - Oslove,Befolkning ved utgangen av kvartalet
03,Folketallet11,2017K3,672062,Oslo - Oslove,Befolkning ved utgangen av kvartalet
03,Folketallet11,2017K4,673468,Oslo - Oslove,Befolkning ved utgangen av kvartalet
03,Folketallet11,2018K1,674736,Oslo - Oslove,Befolkning ved utgangen av kvartalet
03,Folketallet11,2018K2,676462,Oslo - Oslove,Befolkning ved utgangen av kvartalet
03,Folketallet11,2018K3,679886,Oslo - Oslove,Befolkning ved utgangen av kvartalet
03,Folketallet11,2018K4,681067,Oslo - Oslove,Befolkning ved utgangen av kvartalet
03,Folketallet11,2019K1,683947,Oslo - Oslove,Befolkning ved utgangen av kvartalet
03,Folketallet11,2019K2,685811,Oslo - Oslove,Befolkning ved utgangen av kvartalet
03,Folketallet11,2019K3,690335,Oslo - Oslove,Befolkning ved utgangen av kvartalet
03,Folketallet11,2019K4,693494,Oslo - Oslove,Befolkning ved utgangen av kvartalet
03,Folketallet11,2020K1,694657,Oslo - Oslove,Befolkning ved utgangen av kvartalet
03,Folketallet11,2020K2,694086,Oslo - Oslove,Befolkning ved utgangen av kvartalet
03,Folketallet11,2020K3,697549,Oslo - Oslove,Befolkning ved utgangen av kvartalet
03,Folketallet11,2020K4,697010,Oslo - Oslove,Befolkning ved utgangen av kvartalet
03,Folketallet11,2021K1,697028,Oslo - Oslove,Befolkning ved utgangen av kvartalet
03,Folketallet11,2021K2,696088,Oslo - Oslove,Befolkning ved utgangen av kvartalet
03,Folketallet11,2021K3,698660,Oslo - Oslove,Befolkning ved utgangen av kvartalet
03,Folketallet11,2021K4,699827,Oslo - Oslove,Befolkning ved utgangen av kvartalet
03,Folketallet11,2022K1,702543,Oslo - Oslove,Befolkning ved utgangen av kvartalet
03,Folketallet11,2022K2,703979,Oslo - Oslove,Befolkning ved utgangen av kvartalet
03,Folketallet11,2022K3,707531,Oslo - Oslove,Befolkning ved utgangen av kvartalet
03,Folketallet11,2022K4,709037,Oslo - Oslove,Befolkning ved utgangen av kvartalet
03,Folketallet11,2023K1,711307,Oslo - Oslove,Befolkning ved utgangen av kvartalet
03,Folketallet11,2023K2,712092,Oslo - Oslove,Befolkning ved utgangen av kvartalet
03,Folketallet11,2023K3,716272,Oslo - Oslove,Befolkning ved utgangen av kvartalet
03,Folketallet11,2023K4,717710,Oslo - Oslove,Befolkning ved utgangen av kvartalet
03,Folketallet11,2024K1,719852,Oslo - Oslove,Befolkning ved utgangen av kvartalet
03,Folketallet11,2024K2,720568,Oslo - Oslove,Befolkning ved utgangen av kvartalet
03,Folketallet11,2024K3,723196,Oslo - Oslove,Befolkning ved utgangen av kvartalet
03,Folketallet11,2024K4,724290,Oslo - Oslove,Befolkning ved utgangen av kvartalet
03,Folketallet11,2025K1,725243,Oslo - Oslove,Befolkning ved utgangen av kvartalet
03,Folketallet11,2025K2,725180,Oslo - Oslove,Befolkning ved utgangen av kvartalet
03,Folketallet11,2025K3,727797,Oslo - Oslove,Befolkning ved utgangen av kvartalet
03,Folketallet11,2025K4,728714,Oslo - Oslove,Befolkning ved utgangen av kvartalet
03,Folketallet11,2026K1,729799,Oslo - Oslove,Befolkning ved utgangen av kvartalet
03,Folketallet11,2026K2,729437,Oslo - Oslove,Befolkning ved utgangen av kvartalet
03,Nettoinnflytting9,1997K4,0,Oslo - Oslove,"Nettoinnflytting, inkl. inn- og utvandring"
03,Nettoinnflytting9,1998K1,1208,Oslo - Oslove,"Nettoinnflytting, inkl. inn- og utvandring"
03,Nettoinnflytting9,1998K2,-244,Oslo - Oslove,"Nettoinnflytting, inkl. inn- og utvandring"
03,Nettoinnflytting9,1998K3,-558,Oslo - Oslove,"Nettoinnflytting, inkl. inn- og utvandring"
03,Nettoinnflytting9,1998K4,-543,Oslo - Oslove,"Nettoinnflytting, inkl. inn- og utvandring"
03,Nettoinnflytting9,1999K1,1043,Oslo - Oslove,"Nettoinnflytting, inkl. inn- og utvandring"
03,Nettoinnflytting9,1999K2,54,Oslo - Oslove,"Nettoinnflytting, inkl. inn- og utvandring"
03,Nettoinnflytting9,1999K3,175,Oslo - Oslove,"Nettoinnflytting, inkl. inn- og utvandring"
03,Nettoinnflytting9,1999K4,-285,Oslo - Oslove,"Nettoinnflytting, inkl. inn- og utvandring"
03,Nettoinnflytting9,2000K1,905,Oslo - Oslove,"Nettoinnflytting, inkl. inn- og utvandring"
03,Nettoinnflytting9,2000K2,-760,Oslo - Oslove,"Nettoinnflytting, inkl. inn- og utvandring"
03,Nettoinnflytting9,2000K3,-527,Oslo - Oslove,"Nettoinnflytting, inkl. inn- og utvandring"
03,Nettoinnflytting9,2000K4,-920,Oslo - Oslove,"Nettoinnflytting, inkl. inn- og utvandring"
03,Nettoinnflytting9,2001K1,1718,Oslo - Oslove,"Nettoinnflytting, inkl. inn- og utvandring"
03,Nettoinnflytting9,2001K2,141,Oslo - Oslove,"Nettoinnflytting, inkl. inn- og utvandring"
03,Nettoinnflytting9,2001K3,475,Oslo - Oslove,"Nettoinnflytting, inkl. inn- og utvandring"
03,Nettoinnflytting9,2001K4,-670,Oslo - Oslove,"Nettoinnflytting, inkl. inn- og utvandring"
03,Nettoinnflytting9,2002K1,1543,Oslo - Oslove,"Nettoinnflytting, inkl. inn- og utvandring"
03,Nettoinnflytting9,2002K2,100,Oslo - Oslove,"Nettoinnflytting, inkl. inn- og utvandring"
03,Nettoinnflytting9,2002K3,229,Oslo - Oslove,"Nettoinnflytting, inkl. inn- og utvandring"
03,Nettoinnflytting9,2002K4,458,Oslo - Oslove,"Nettoinnflytting, inkl. inn- og utvandring"
03,Nettoinnflytting9,2003K1,941,Oslo - Oslove,"Nettoinnflytting, inkl. inn- og utvandring"
03,Nettoinnflytting9,2003K2,-247,Oslo - Oslove,"Nettoinnflytting, inkl. inn- og utvandring"
03,Nettoinnflytting9,2003K3,643,Oslo - Oslove,"Nettoinnflytting, inkl. inn- og utvandring"
03,Nettoinnflytting9,2003K4,-29,Oslo - Oslove,"Nettoinnflytting, inkl. inn- og utvandring"
03,Nettoinnflytting9,2004K1,799,Oslo - Oslove,"Nettoinnflytting, inkl. inn- og utvandring"
03,Nettoinnflytting9,2004K2,375,Oslo - Oslove,"Nettoinnflytting, inkl. inn- og utvandring"
03,Nettoinnflytting9,2004K3,1480,Oslo - Oslove,"Nettoinnflytting, inkl. inn- og utvandring"
03,Nettoinnflytting9,2004K4,1180,Oslo - Oslove,"Nettoinnflytting, inkl. inn- og utvandring"
03,Nettoinnflytting9,2005K1,886,Oslo - Oslove,"Nettoinnflytting, inkl. inn- og utvandring"
03,Nettoinnflytting9,2005K2,322,Oslo - Oslove,"Nettoinnflytting, inkl. inn- og utvandring"
03,Nettoinnflytting9,2005K3,1989,Oslo - Oslove,"Nettoinnflytting, inkl. inn- og utvandring"
03,Nettoinnflytting9,2005K4,1112,Oslo - Oslove,"Nettoinnflytting, inkl. inn- og utvandring"
03,Nettoinnflytting9,2006K1,2294,Oslo - Oslove,"Nettoinnflytting, inkl. inn- og utvandring"
03,Nettoinnflytting9,2006K2,999,Oslo - Oslove,"Nettoinnflytting, inkl. inn- og utvandring"
03,Nettoinnflytting9,2006K3,1749,Oslo - Oslove,"Nettoinnflytting, inkl. inn- og utvandring"
03,Nettoinnflytting9,2006K4,799,Oslo - Oslove,"Nettoinnflytting, inkl. inn- og utvandring"
03,Nettoinnflytting9,2007K1,2154,Oslo - Oslove,"Nettoinnflytting, inkl. inn- og utvandring"
03,Nettoinnflytting9,2007K2,171,Oslo - Oslove,"Nettoinnflytting, inkl. inn- og utvandring"
03,Nettoinnflytting9,2007K3,2312,Oslo - Oslove,"Nettoinnflytting, inkl. inn- og utvandring"
03,Nettoinnflytting9,2007K4,2409,Oslo - Oslove,"Nettoinnflytting, inkl. inn- og utvandring"
03,Nettoinnflytting9,2008K1,3995,Oslo - Oslove,"Nettoinnflytting, inkl. inn- og utvandring"
03,Nettoinnflytting9,2008K2,1598,Oslo - Oslove,"Nettoinnflytting, inkl. inn- og utvandring"
03,Nettoinnflytting9,2008K3,3057,Oslo - Oslove,"Nettoinnflytting, inkl. inn- og utvandring"
03,Nettoinnflytting9,2008K4,1082,Oslo - Oslove,"Nettoinnflytting, inkl. inn- og utvandring"
03,Nettoinnflytting9,2009K1,2111,Oslo - Oslove,"Nettoinnflytting, inkl. inn- og utvandring"
03,Nettoinnflytting9,2009K2,-162,Oslo - Oslove,"Nettoinnflytting, inkl. inn- og utvandring"
03,Nettoinnflytting9,2009K3,2402,Oslo - Oslove,"Nettoinnflytting, inkl. inn- og utvandring"
03,Nettoinnflytting9,2009K4,1232,Oslo - Oslove,"Nettoinnflytting, inkl. inn- og utvandring"
03,Nettoinnflytting9,2010K1,1883,Oslo - Oslove,"Nettoinnflytting, inkl. inn- og utvandring"
03,Nettoinnflytting9,2010K2,406,Oslo - Oslove,"Nettoinnflytting, inkl. inn- og utvandring"
03,Nettoinnflytting9,2010K3,3181,Oslo - Oslove,"Nettoinnflytting, inkl. inn- og utvandring"
03,Nettoinnflytting9,2010K4,1072,Oslo - Oslove,"Nettoinnflytting, inkl. inn- og utvandring"
03,Nettoinnflytting9,2011K1,4518,Oslo - Oslove,"Nettoinnflytting, inkl. inn- og utvandring"
03,Nettoinnflytting9,2011K2,640,Oslo - Oslove,"Nettoinnflytting, inkl. inn- og utvandring"
03,Nettoinnflytting9,2011K3,2534,Oslo - Oslove,"Nettoinnflytting, inkl. inn- og utvandring"
03,Nettoinnflytting9,2011K4,640,Oslo - Oslove,"Nettoinnflytting, inkl. inn- og utvandring"
03,Nettoinnflytting9,2012K1,2698,Oslo - Oslove,"Nettoinnflytting, inkl. inn- og utvandring"
03,Nettoinnflytting9,2012K2,-467,Oslo - Oslove,"Nettoinnflytting, inkl. inn- og utvandring"
03,Nettoinnflytting9,2012K3,1300,Oslo - Oslove,"Nettoinnflytting, inkl. inn- og utvandring"
03,Nettoinnflytting9,2012K4,1534,Oslo - Oslove,"Nettoinnflytting, inkl. inn- og utvandring"
03,Nettoinnflytting9,2013K1,1808,Oslo - Oslove,"Nettoinnflytting, inkl. inn- og utvandring"
03,Nettoinnflytting9,2013K2,792,Oslo - Oslove,"Nettoinnflytting, inkl. inn- og utvandring"
03,Nettoinnflytting9,2013K3,2001,Oslo - Oslove,"Nettoinnflytting, inkl. inn- og utvandring"
03,Nettoinnflytting9,2013K4,253,Oslo - Oslove,"Nettoinnflytting, inkl. inn- og utvandring"
03,Nettoinnflytting9,2014K1,2604,Oslo - Oslove,"Nettoinnflytting, inkl. inn- og utvandring"
03,Nettoinnflytting9,2014K2,91,Oslo - Oslove,"Nettoinnflytting, inkl. inn- og utvandring"
03,Nettoinnflytting9,2014K3,3643,Oslo - Oslove,"Nettoinnflytting, inkl. inn- og utvandring"
03,Nettoinnflytting9,2014K4,775,Oslo - Oslove,"Nettoinnflytting, inkl. inn- og utvandring"
03,Nettoinnflytting9,2015K1,1834,Oslo - Oslove,"Nettoinnflytting, inkl. inn- og utvandring"
03,Nettoinnflytting9,2015K2,-417,Oslo - Oslove,"Nettoinnflytting, inkl. inn- og utvandring"
03,Nettoinnflytting9,2015K3,2824,Oslo - Oslove,"Nettoinnflytting, inkl. inn- og utvandring"
03,Nettoinnflytting9,2015K4,620,Oslo - Oslove,"Nettoinnflytting, inkl. inn- og utvandring"
03,Nettoinnflytting9,2016K1,1278,Oslo - Oslove,"Nettoinnflytting, inkl. inn- og utvandring"
03,Nettoinnflytting9,2016K2,-296,Oslo - Oslove,"Nettoinnflytting, inkl. inn- og utvandring"
03,Nettoinnflytting9,2016K3,2410,Oslo - Oslove,"Nettoinnflytting, inkl. inn- og utvandring"
03,Nettoinnflytting9,2016K4,-1002,Oslo - Oslove,"Nettoinnflytting, inkl. inn- og utvandring"
03,Nettoinnflytting9,2017K1,873,Oslo - Oslove,"Nettoinnflytting, inkl. inn- og utvandring"
03,Nettoinnflytting9,2017K2,-1393,Oslo - Oslove,"Nettoinnflytting, inkl. inn- og utvandring"
03,Nettoinnflytting9,2017K3,1388,Oslo - Oslove,"Nettoinnflytting, inkl. inn- og utvandring"
03,Nettoinnflytting9,2017K4,193,Oslo - Oslove,"Nettoinnflytting, inkl. inn- og utvandring"
03,Nettoinnflytting9,2018K1,125,Oslo - Oslove,"Nettoinnflytting, inkl. inn- og utvandring"
03,Nettoinnflytting9,2018K2,27,Oslo - Oslove,"Nettoinnflytting, inkl. inn- og utvandring"
03,Nettoinnflytting9,2018K3,1880,Oslo - Oslove,"Nettoinnflytting, inkl. inn- og utvandring"
03,Nettoinnflytting9,2018K4,158,Oslo - Oslove,"Nettoinnflytting, inkl. inn- og utvandring"
03,Nettoinnflytting9,2019K1,1687,Oslo - Oslove,"Nettoinnflytting, inkl. inn- og utvandring"
03,Nettoinnflytting9,2019K2,266,Oslo - Oslove,"Nettoinnflytting, inkl. inn- og utvandring"
03,Nettoinnflytting9,2019K3,2912,Oslo - Oslove,"Nettoinnflytting, inkl. inn- og utvandring"
03,Nettoinnflytting9,2019K4,1975,Oslo - Oslove,"Nettoinnflytting, inkl. inn- og utvandring"
03,Nettoinnflytting9,2020K1,-61,Oslo - Oslove,"Nettoinnflytting, inkl. inn- og utvandring"
03,Nettoinnflytting9,2020K2,-2124,Oslo - Oslove,"Nettoinnflytting, inkl. inn- og utvandring"
03,Nettoinnflytting9,2020K3,1918,Oslo - Oslove,"Nettoinnflytting, inkl. inn- og utvandring"
03,Nettoinnflytting9,2020K4,-1591,Oslo - Oslove,"Nettoinnflytting, inkl. inn- og utvandring"
03,Nettoinnflytting9,2021K1,-1389,Oslo - Oslove,"Nettoinnflytting, inkl. inn- og utvandring"
03,Nettoinnflytting9,2021K2,-2610,Oslo - Oslove,"Nettoinnflytting, inkl. inn- og utvandring"
03,Nettoinnflytting9,2021K3,1045,Oslo - Oslove,"Nettoinnflytting, inkl. inn- og utvandring"
03,Nettoinnflytting9,2021K4,130,Oslo - Oslove,"Nettoinnflytting, inkl. inn- og utvandring"
03,Nettoinnflytting9,2022K1,1766,Oslo - Oslove,"Nettoinnflytting, inkl. inn- og utvandring"
03,Nettoinnflytting9,2022K2,220,Oslo - Oslove,"Nettoinnflytting, inkl. inn- og utvandring"
03,Nettoinnflytting9,2022K3,2215,Oslo - Oslove,"Nettoinnflytting, inkl. inn- og utvandring"
03,Nettoinnflytting9,2022K4,493,Oslo - Oslove,"Nettoinnflytting, inkl. inn- og utvandring"
03,Nettoinnflytting9,2023K1,1362,Oslo - Oslove,"Nettoinnflytting, inkl. inn- og utvandring"
03,Nettoinnflytting9,2023K2,-590,Oslo - Oslove,"Nettoinnflytting, inkl. inn- og utvandring"
03,Nettoinnflytting9,2023K3,2823,Oslo - Oslove,"Nettoinnflytting, inkl. inn- og utvandring"
03,Nettoinnflytting9,2023K4,705,Oslo - Oslove,"Nettoinnflytting, inkl. inn- og utvandring"
03,Nettoinnflytting9,2024K1,1011,Oslo - Oslove,"Nettoinnflytting, inkl. inn- og utvandring"
03,Nettoinnflytting9,2024K2,-815,Oslo - Oslove,"Nettoinnflytting, inkl. inn- og utvandring"
03,Nettoinnflytting9,2024K3,1081,Oslo - Oslove,"Nettoinnflytting, inkl. inn- og utvandring"
03,Nettoinnflytting9,2024K4,91,Oslo - Oslove,"Nettoinnflytting, inkl. inn- og utvandring"
03,Nettoinnflytting9,2025K1,-39,Oslo - Oslove,"Nettoinnflytting, inkl. inn- og utvandring"
03,Nettoinnflytting9,2025K2,-1611,Oslo - Oslove,"Nettoinnflytting, inkl. inn- og utvandring"
03,Nettoinnflytting9,2025K3,930,Oslo - Oslove,"Nettoinnflytting, inkl. inn- og utvandring"
03,Nettoinnflytting9,2025K4,-154,Oslo - Oslove,"Nettoinnflytting, inkl. inn- og utvandring"
03,Nettoinnflytting9,2026K1,-30,Oslo - Oslove,"Nettoinnflytting, inkl. inn- og utvandring"
03,Nettoinnflytting9,2026K2,-2066,Oslo - Oslove,"Nettoinnflytting, inkl. inn- og utvandring"
0301,Folketallet11,1997K4,500037,Oslo - Oslove,Befolkning ved utgangen av kvartalet
0301,Folketallet11,1998K1,501234,Oslo - Oslove,Befolkning ved utgangen av kvartalet
0301,Folketallet11,1998K2,501994,Oslo - Oslove,Befolkning ved utgangen av kvartalet
0301,Folketallet11,1998K3,502267,Oslo - Oslove,Befolkning ved utgangen av kvartalet
0301,Folketallet11,1998K4,502392,Oslo - Oslove,Befolkning ved utgangen av kvartalet
0301,Folketallet11,1999K1,504132,Oslo - Oslove,Befolkning ved utgangen av kvartalet
0301,Folketallet11,1999K2,505142,Oslo - Oslove,Befolkning ved utgangen av kvartalet
0301,Folketallet11,1999K3,506341,Oslo - Oslove,Befolkning ved utgangen av kvartalet
0301,Folketallet11,1999K4,506942,Oslo - Oslove,Befolkning ved utgangen av kvartalet
0301,Folketallet11,2000K1,508820,Oslo - Oslove,Befolkning ved utgangen av kvartalet
0301,Folketallet11,2000K2,508826,Oslo - Oslove,Befolkning ved utgangen av kvartalet
0301,Folketallet11,2000K3,509029,Oslo - Oslove,Befolkning ved utgangen av kvartalet
0301,Folketallet11,2000K4,508686,Oslo - Oslove,Befolkning ved utgangen av kvartalet
0301,Folketallet11,2001K1,510873,Oslo - Oslove,Befolkning ved utgangen av kvartalet
0301,Folketallet11,2001K2,511790,Oslo - Oslove,Befolkning ved utgangen av kvartalet
0301,Folketallet11,2001K3,512932,Oslo - Oslove,Befolkning ved utgangen av kvartalet
0301,Folketallet11,2001K4,512718,Oslo - Oslove,Befolkning ved utgangen av kvartalet
0301,Folketallet11,2002K1,514541,Oslo - Oslove,Befolkning ved utgangen av kvartalet
0301,Folketallet11,2002K2,515425,Oslo - Oslove,Befolkning ved utgangen av kvartalet
0301,Folketallet11,2002K3,516467,Oslo - Oslove,Befolkning ved utgangen av kvartalet
0301,Folketallet11,2002K4,517401,Oslo - Oslove,Befolkning ved utgangen av kvartalet
0301,Folketallet11,2003K1,518902,Oslo - Oslove,Befolkning ved utgangen av kvartalet
0301,Folketallet11,2003K2,519553,Oslo - Oslove,Befolkning ved utgangen av kvartalet
0301,Folketallet11,2003K3,521193,Oslo - Oslove,Befolkning ved utgangen av kvartalet
0301,Folketallet11,2003K4,521892,Oslo - Oslove,Befolkning ved utgangen av kvartalet
0301,Folketallet11,2004K1,523488,Oslo - Oslove,Befolkning ved utgangen av kvartalet
0301,Folketallet11,2004K2,524888,Oslo - Oslove,Befolkning ved utgangen av kvartalet
0301,Folketallet11,2004K3,527378,Oslo - Oslove,Befolkning ved utgangen av kvartalet
0301,Folketallet11,2004K4,529407,Oslo - Oslove,Befolkning ved utgangen av kvartalet
0301,Folketallet11,2005K1,531410,Oslo - Oslove,Befolkning ved utgangen av kvartalet
0301,Folketallet11,2005K2,533050,Oslo - Oslove,Befolkning ved utgangen av kvartalet
0301,Folketallet11,2005K3,536209,Oslo - Oslove,Befolkning ved utgangen av kvartalet
0301,Folketallet11,2005K4,538411,Oslo - Oslove,Befolkning ved utgangen av kvartalet
0301,Folketallet11,2006K1,541822,Oslo - Oslove,Befolkning ved utgangen av kvartalet
0301,Folketallet11,2006K2,544073,Oslo - Oslove,Befolkning ved utgangen av kvartalet
0301,Folketallet11,2006K3,547155,Oslo - Oslove,Befolkning ved utgangen av kvartalet
0301,Folketallet11,2006K4,548617,Oslo - Oslove,Befolkning ved utgangen av kvartalet
0301,Folketallet11,2007K1,551832,Oslo - Oslove,Befolkning ved utgangen av kvartalet
0301,Folketallet11,2007K2,553396,Oslo - Oslove,Befolkning ved utgangen av kvartalet
0301,Folketallet11,2007K3,557052,Oslo - Oslove,Befolkning ved utgangen av kvartalet
0301,Folketallet11,2007K4,560484,Oslo - Oslove,Befolkning ved utgangen av kvartalet
0301,Folketallet11,2008K1,565653,Oslo - Oslove,Befolkning ved utgangen av kvartalet
0301,Folketallet11,2008K2,568809,Oslo - Oslove,Befolkning ved utgangen av kvartalet
0301,Folketallet11,2008K3,573388,Oslo - Oslove,Befolkning ved utgangen av kvartalet
0301,Folketallet11,2008K4,575475,Oslo - Oslove,Befolkning ved utgangen av kvartalet
0301,Folketallet11,2009K1,578870,Oslo - Oslove,Befolkning ved utgangen av kvartalet
0301,Folketallet11,2009K2,580229,Oslo - Oslove,Befolkning ved utgangen av kvartalet
0301,Folketallet11,2009K3,584292,Oslo - Oslove,Befolkning ved utgangen av kvartalet
0301,Folketallet11,2009K4,586860,Oslo - Oslove,Befolkning ved utgangen av kvartalet
0301,Folketallet11,2010K1,590041,Oslo - Oslove,Befolkning ved utgangen av kvartalet
0301,Folketallet11,2010K2,592082,Oslo - Oslove,Befolkning ved utgangen av kvartalet
0301,Folketallet11,2010K3,596923,Oslo - Oslove,Befolkning ved utgangen av kvartalet
0301,Folketallet11,2010K4,599230,Oslo - Oslove,Befolkning ved utgangen av kvartalet
0301,Folketallet11,2011K1,605005,Oslo - Oslove,Befolkning ved utgangen av kvartalet
0301,Folketallet11,2011K2,607292,Oslo - Oslove,Befolkning ved utgangen av kvartalet
0301,Folketallet11,2011K3,611491,Oslo - Oslove,Befolkning ved utgangen av kvartalet
0301,Folketallet11,2011K4,613285,Oslo - Oslove,Befolkning ved utgangen av kvartalet
0301,Folketallet11,2012K1,617242,Oslo - Oslove,Befolkning ved utgangen av kvartalet
0301,Folketallet11,2012K2,618378,Oslo - Oslove,Befolkning ved utgangen av kvartalet
0301,Folketallet11,2012K3,621332,Oslo - Oslove,Befolkning ved utgangen av kvartalet
0301,Folketallet11,2012K4,623966,Oslo - Oslove,Befolkning ved utgangen av kvartalet
0301,Folketallet11,2013K1,626953,Oslo - Oslove,Befolkning ved utgangen av kvartalet
0301,Folketallet11,2013K2,629313,Oslo - Oslove,Befolkning ved utgangen av kvartalet
0301,Folketallet11,2013K3,632990,Oslo - Oslove,Befolkning ved utgangen av kvartalet
0301,Folketallet11,2013K4,634463,Oslo - Oslove,Befolkning ved utgangen av kvartalet
0301,Folketallet11,2014K1,638529,Oslo - Oslove,Befolkning ved utgangen av kvartalet
0301,Folketallet11,2014K2,640313,Oslo - Oslove,Befolkning ved utgangen av kvartalet
0301,Folketallet11,2014K3,645701,Oslo - Oslove,Befolkning ved utgangen av kvartalet
0301,Folketallet11,2014K4,647676,Oslo - Oslove,Befolkning ved utgangen av kvartalet
0301,Folketallet11,2015K1,650733,Oslo - Oslove,Befolkning ved utgangen av kvartalet
0301,Folketallet11,2015K2,652044,Oslo - Oslove,Befolkning ved utgangen av kvartalet
0301,Folketallet11,2015K3,656614,Oslo - Oslove,Befolkning ved utgangen av kvartalet
0301,Folketallet11,2015K4,658390,Oslo - Oslove,Befolkning ved utgangen av kvartalet
0301,Folketallet11,2016K1,660987,Oslo - Oslove,Befolkning ved utgangen av kvartalet
0301,Folketallet11,2016K2,662587,Oslo - Oslove,Befolkning ved utgangen av kvartalet
0301,Folketallet11,2016K3,666691,Oslo - Oslove,Befolkning ved utgangen av kvartalet
0301,Folketallet11,2016K4,666757,Oslo - Oslove,Befolkning ved utgangen av kvartalet
0301,Folketallet11,2017K1,668819,Oslo - Oslove,Befolkning ved utgangen av kvartalet
0301,Folketallet11,2017K2,669060,Oslo - Oslove,Befolkning ved utgangen av kvartalet
0301,Folketallet11,2017K3,672062,Oslo - Oslove,Befolkning ved utgangen av kvartalet
0301,Folketallet11,2017K4,673468,Oslo - Oslove,Befolkning ved utgangen av kvartalet
0301,Folketallet11,2018K1,674736,Oslo - Oslove,Befolkning ved utgangen av kvartalet
0301,Folketallet11,2018K2,676462,Oslo - Oslove,Befolkning ved utgangen av kvartalet
0301,Folketallet11,2018K3,679886,Oslo - Oslove,Befolkning ved utgangen av kvartalet
0301,Folketallet11,2018K4,681067,Oslo - Oslove,Befolkning ved utgangen av kvartalet
0301,Folketallet11,2019K1,683947,Oslo - Oslove,Befolkning ved utgangen av kvartalet
0301,Folketallet11,2019K2,685811,Oslo - Oslove,Befolkning ved utgangen av kvartalet
0301,Folketallet11,2019K3,690335,Oslo - Oslove,Befolkning ved utgangen av kvartalet
0301,Folketallet11,2019K4,693494,Oslo - Oslove,Befolkning ved utgangen av kvartalet
0301,Folketallet11,2020K1,694657,Oslo - Oslove,Befolkning ved utgangen av kvartalet
0301,Folketallet11,2020K2,694086,Oslo - Oslove,Befolkning ved utgangen av kvartalet
0301,Folketallet11,2020K3,697549,Oslo - Oslove,Befolkning ved utgangen av kvartalet
0301,Folketallet11,2020K4,697010,Oslo - Oslove,Befolkning ved utgangen av kvartalet
0301,Folketallet11,2021K1,697028,Oslo - Oslove,Befolkning ved utgangen av kvartalet
0301,Folketallet11,2021K2,696088,Oslo - Oslove,Befolkning ved utgangen av kvartalet
0301,Folketallet11,2021K3,698660,Oslo - Oslove,Befolkning ved utgangen av kvartalet
0301,Folketallet11,2021K4,699827,Oslo - Oslove,Befolkning ved utgangen av kvartalet
0301,Folketallet11,2022K1,702543,Oslo - Oslove,Befolkning ved utgangen av kvartalet
0301,Folketallet11,2022K2,703979,Oslo - Oslove,Befolkning ved utgangen av kvartalet
0301,Folketallet11,2022K3,707531,Oslo - Oslove,Befolkning ved utgangen av kvartalet
0301,Folketallet11,2022K4,709037,Oslo - Oslove,Befolkning ved utgangen av kvartalet
0301,Folketallet11,2023K1,711307,Oslo - Oslove,Befolkning ved utgangen av kvartalet
0301,Folketallet11,2023K2,712092,Oslo - Oslove,Befolkning ved utgangen av kvartalet
0301,Folketallet11,2023K3,716272,Oslo - Oslove,Befolkning ved utgangen av kvartalet
0301,Folketallet11,2023K4,717710,Oslo - Oslove,Befolkning ved utgangen av kvartalet
0301,Folketallet11,2024K1,719852,Oslo - Oslove,Befolkning ved utgangen av kvartalet
0301,Folketallet11,2024K2,720568,Oslo - Oslove,Befolkning ved utgangen av kvartalet
0301,Folketallet11,2024K3,723196,Oslo - Oslove,Befolkning ved utgangen av kvartalet
0301,Folketallet11,2024K4,724290,Oslo - Oslove,Befolkning ved utgangen av kvartalet
0301,Folketallet11,2025K1,725243,Oslo - Oslove,Befolkning ved utgangen av kvartalet
0301,Folketallet11,2025K2,725180,Oslo - Oslove,Befolkning ved utgangen av kvartalet
0301,Folketallet11,2025K3,727797,Oslo - Oslove,Befolkning ved utgangen av kvartalet
0301,Folketallet11,2025K4,728714,Oslo - Oslove,Befolkning ved utgangen av kvartalet
0301,Folketallet11,2026K1,729799,Oslo - Oslove,Befolkning ved utgangen av kvartalet
0301,Folketallet11,2026K2,729437,Oslo - Oslove,Befolkning ved utgangen av kvartalet
0301,Nettoinnflytting9,1997K4,93,Oslo - Oslove,"Nettoinnflytting, inkl. inn- og utvandring"
0301,Nettoinnflytting9,1998K1,1208,Oslo - Oslove,"Nettoinnflytting, inkl. inn- og utvandring"
0301,Nettoinnflytting9,1998K2,-244,Oslo - Oslove,"Nettoinnflytting, inkl. inn- og utvandring"
0301,Nettoinnflytting9,1998K3,-558,Oslo - Oslove,"Nettoinnflytting, inkl. inn- og utvandring"
0301,Nettoinnflytting9,1998K4,-543,Oslo - Oslove,"Nettoinnflytting, inkl. inn- og utvandring"
0301,Nettoinnflytting9,1999K1,1043,Oslo - Oslove,"Nettoinnflytting, inkl. inn- og utvandring"
0301,Nettoinnflytting9,1999K2,54,Oslo - Oslove,"Nettoinnflytting, inkl. inn- og utvandring"
0301,Nettoinnflytting9,1999K3,175,Oslo - Oslove,"Nettoinnflytting, inkl. inn- og utvandring"
0301,Nettoinnflytting9,1999K4,-285,Oslo - Oslove,"Nettoinnflytting, inkl. inn- og utvandring"
0301,Nettoinnflytting9,2000K1,905,Oslo - Oslove,"Nettoinnflytting, inkl. inn- og utvandring"
0301,Nettoinnflytting9,2000K2,-760,Oslo - Oslove,"Nettoinnflytting, inkl. inn- og utvandring"
0301,Nettoinnflytting9,2000K3,-527,Oslo - Oslove,"Nettoinnflytting, inkl. inn- og utvandring"
0301,Nettoinnflytting9,2000K4,-920,Oslo - Oslove,"Nettoinnflytting, inkl. inn- og utvandring"
0301,Nettoinnflytting9,2001K1,1718,Oslo - Oslove,"Nettoinnflytting, inkl. inn- og utvandring"
0301,Nettoinnflytting9,2001K2,141,Oslo - Oslove,"Nettoinnflytting, inkl. inn- og utvandring"
0301,Nettoinnflytting9,2001K3,475,Oslo - Oslove,"Nettoinnflytting, inkl. inn- og utvandring"
0301,Nettoinnflytting9,2001K4,-670,Oslo - Oslove,"Nettoinnflytting, inkl. inn- og utvandring"
0301,Nettoinnflytting9,2002K1,1543,Oslo - Oslove,"Nettoinnflytting, inkl. inn- og utvandring"
0301,Nettoinnflytting9,2002K2,100,Oslo - Oslove,"Nettoinnflytting, inkl. inn- og utvandring"
0301,Nettoinnflytting9,2002K3,229,Oslo - Oslove,"Nettoinnflytting, inkl. inn- og utvandring"
0301,Nettoinnflytting9,2002K4,458,Oslo - Oslove,"Nettoinnflytting, inkl. inn- og utvandring"
0301,Nettoinnflytting9,2003K1,941,Oslo - Oslove,"Nettoinnflytting, inkl. inn- og utvandring"
0301,Nettoinnflytting9,2003K2,-247,Oslo - Oslove,"Nettoinnflytting, inkl. inn- og utvandring"
0301,Nettoinnflytting9,2003K3,643,Oslo - Oslove,"Nettoinnflytting, inkl. inn- og utvandring"
0301,Nettoinnflytting9,2003K4,-29,Oslo - Oslove,"Nettoinnflytting, inkl. inn- og utvandring"
0301,Nettoinnflytting9,2004K1,799,Oslo - Oslove,"Nettoinnflytting, inkl. inn- og utvandring"
0301,Nettoinnflytting9,2004K2,375,Oslo - Oslove,"Nettoinnflytting, inkl. inn- og utvandring"
0301,Nettoinnflytting9,2004K3,1480,Oslo - Oslove,"Nettoinnflytting, inkl. inn- og utvandring"
0301,Nettoinnflytting9,2004K4,1180,Oslo - Oslove,"Nettoinnflytting, inkl. inn- og utvandring"
0301,Nettoinnflytting9,2005K1,886,Oslo - Oslove,"Nettoinnflytting, inkl. inn- og utvandring"
0301,Nettoinnflytting9,2005K2,322,Oslo - Oslove,"Nettoinnflytting, inkl. inn- og utvandring"
0301,Nettoinnflytting9,2005K3,1989,Oslo - Oslove,"Nettoinnflytting, inkl. inn- og utvandring"
0301,Nettoinnflytting9,2005K4,1112,Oslo - Oslove,"Nettoinnflytting, inkl. inn- og utvandring"
0301,Nettoinnflytting9,2006K1,2294,Oslo - Oslove,"Nettoinnflytting, inkl. inn- og utvandring"
0301,Nettoinnflytting9,2006K2,999,Oslo - Oslove,"Nettoinnflytting, inkl. inn- og utvandring"
0301,Nettoinnflytting9,2006K3,1749,Oslo - Oslove,"Nettoinnflytting, inkl. inn- og utvandring"
0301,Nettoinnflytting9,2006K4,799,Oslo - Oslove,"Nettoinnflytting, inkl. inn- og utvandring"
0301,Nettoinnflytting9,2007K1,2154,Oslo - Oslove,"Nettoinnflytting, inkl. inn- og utvandring"
0301,Nettoinnflytting9,2007K2,171,Oslo - Oslove,"Nettoinnflytting, inkl. inn- og utvandring"
0301,Nettoinnflytting9,2007K3,2312,Oslo - Oslove,"Nettoinnflytting, inkl. inn- og utvandring"
0301,Nettoinnflytting9,2007K4,2409,Oslo - Oslove,"Nettoinnflytting, inkl. inn- og utvandring"
0301,Nettoinnflytting9,2008K1,3995,Oslo - Oslove,"Nettoinnflytting, inkl. inn- og utvandring"
0301,Nettoinnflytting9,2008K2,1598,Oslo - Oslove,"Nettoinnflytting, inkl. inn- og utvandring"
0301,Nettoinnflytting9,2008K3,3057,Oslo - Oslove,"Nettoinnflytting, inkl. inn- og utvandring"
0301,Nettoinnflytting9,2008K4,1082,Oslo - Oslove,"Nettoinnflytting, inkl. inn- og utvandring"
0301,Nettoinnflytting9,2009K1,2111,Oslo - Oslove,"Nettoinnflytting, inkl. inn- og utvandring"
0301,Nettoinnflytting9,2009K2,-162,Oslo - Oslove,"Nettoinnflytting, inkl. inn- og utvandring"
0301,Nettoinnflytting9,2009K3,2402,Oslo - Oslove,"Nettoinnflytting, inkl. inn- og utvandring"
0301,Nettoinnflytting9,2009K4,1232,Oslo - Oslove,"Nettoinnflytting, inkl. inn- og utvandring"
0301,Nettoinnflytting9,2010K1,1883,Oslo - Oslove,"Nettoinnflytting, inkl. inn- og utvandring"
0301,Nettoinnflytting9,2010K2,406,Oslo - Oslove,"Nettoinnflytting, inkl. inn- og utvandring"
0301,Nettoinnflytting9,2010K3,3181,Oslo - Oslove,"Nettoinnflytting, inkl. inn- og utvandring"
0301,Nettoinnflytting9,2010K4,1072,Oslo - Oslove,"Nettoinnflytting, inkl. inn- og utvandring"
0301,Nettoinnflytting9,2011K1,4518,Oslo - Oslove,"Nettoinnflytting, inkl. inn- og utvandring"
0301,Nettoinnflytting9,2011K2,640,Oslo - Oslove,"Nettoinnflytting, inkl. inn- og utvandring"
0301,Nettoinnflytting9,2011K3,2534,Oslo - Oslove,"Nettoinnflytting, inkl. inn- og utvandring"
0301,Nettoinnflytting9,2011K4,640,Oslo - Oslove,"Nettoinnflytting, inkl. inn- og utvandring"
0301,Nettoinnflytting9,2012K1,2698,Oslo - Oslove,"Nettoinnflytting, inkl. inn- og utvandring"
0301,Nettoinnflytting9,2012K2,-467,Oslo - Oslove,"Nettoinnflytting, inkl. inn- og utvandring"
0301,Nettoinnflytting9,2012K3,1300,Oslo - Oslove,"Nettoinnflytting, inkl. inn- og utvandring"
0301,Nettoinnflytting9,2012K4,1534,Oslo - Oslove,"Nettoinnflytting, inkl. inn- og utvandring"
0301,Nettoinnflytting9,2013K1,1808,Oslo - Oslove,"Nettoinnflytting, inkl. inn- og utvandring"
0301,Nettoinnflytting9,2013K2,792,Oslo - Oslove,"Nettoinnflytting, inkl. inn- og utvandring"
0301,Nettoinnflytting9,2013K3,2001,Oslo - Oslove,"Nettoinnflytting, inkl. inn- og utvandring"
0301,Nettoinnflytting9,2013K4,253,Oslo - Oslove,"Nettoinnflytting, inkl. inn- og utvandring"
0301,Nettoinnflytting9,2014K1,2604,Oslo - Oslove,"Nettoinnflytting, inkl. inn- og utvandring"
0301,Nettoinnflytting9,2014K2,91,Oslo - Oslove,"Nettoinnflytting, inkl. inn- og utvandring"
0301,Nettoinnflytting9,2014K3,3643,Oslo - Oslove,"Nettoinnflytting, inkl. inn- og utvandring"
0301,Nettoinnflytting9,2014K4,775,Oslo - Oslove,"Nettoinnflytting, inkl. inn- og utvandring"
0301,Nettoinnflytting9,2015K1,1834,Oslo - Oslove,"Nettoinnflytting, inkl. inn- og utvandring"
0301,Nettoinnflytting9,2015K2,-417,Oslo - Oslove,"Nettoinnflytting, inkl. inn- og utvandring"
0301,Nettoinnflytting9,2015K3,2824,Oslo - Oslove,"Nettoinnflytting, inkl. inn- og utvandring"
0301,Nettoinnflytting9,2015K4,620,Oslo - Oslove,"Nettoinnflytting, inkl. inn- og utvandring"
0301,Nettoinnflytting9,2016K1,1278,Oslo - Oslove,"Nettoinnflytting, inkl. inn- og utvandring"
0301,Nettoinnflytting9,2016K2,-296,Oslo - Oslove,"Nettoinnflytting, inkl. inn- og utvandring"
0301,Nettoinnflytting9,2016K3,2410,Oslo - Oslove,"Nettoinnflytting, inkl. inn- og utvandring"
0301,Nettoinnflytting9,2016K4,-1002,Oslo - Oslove,"Nettoinnflytting, inkl. inn- og utvandring"
0301,Nettoinnflytting9,2017K1,873,Oslo - Oslove,"Nettoinnflytting, inkl. inn- og utvandring"
0301,Nettoinnflytting9,2017K2,-1393,Oslo - Oslove,"Nettoinnflytting, inkl. inn- og utvandring"
0301,Nettoinnflytting9,2017K3,1388,Oslo - Oslove,"Nettoinnflytting, inkl. inn- og utvandring"
0301,Nettoinnflytting9,2017K4,193,Oslo - Oslove,"Nettoinnflytting, inkl. inn- og utvandring"
0301,Nettoinnflytting9,2018K1,125,Oslo - Oslove,"Nettoinnflytting, inkl. inn- og utvandring"
0301,Nettoinnflytting9,2018K2,27,Oslo - Oslove,"Nettoinnflytting, inkl. inn- og utvandring"
0301,Nettoinnflytting9,2018K3,1880,Oslo - Oslove,"Nettoinnflytting, inkl. inn- og utvandring"
0301,Nettoinnflytting9,2018K4,158,Oslo - Oslove,"Nettoinnflytting, inkl. inn- og utvandring"
0301,Nettoinnflytting9,2019K1,1687,Oslo - Oslove,"Nettoinnflytting, inkl. inn- og utvandring"
0301,Nettoinnflytting9,2019K2,266,Oslo - Oslove,"Nettoinnflytting, inkl. inn- og utvandring"
0301,Nettoinnflytting9,2019K3,2912,Oslo - Oslove,"Nettoinnflytting, inkl. inn- og utvandring"
0301,Nettoinnflytting9,2019K4,1975,Oslo - Oslove,"Nettoinnflytting, inkl. inn- og utvandring"
0301,Nettoinnflytting9,2020K1,-61,Oslo - Oslove,"Nettoinnflytting, inkl. inn- og utvandring"
0301,Nettoinnflytting9,2020K2,-2124,Oslo - Oslove,"Nettoinnflytting, inkl. inn- og utvandring"
0301,Nettoinnflytting9,2020K3,1918,Oslo - Oslove,"Nettoinnflytting, inkl. inn- og utvandring"
0301,Nettoinnflytting9,2020K4,-1591,Oslo - Oslove,"Nettoinnflytting, inkl. inn- og utvandring"
0301,Nettoinnflytting9,2021K1,-1389,Oslo - Oslove,"Nettoinnflytting, inkl. inn- og utvandring"
0301,Nettoinnflytting9,2021K2,-2610,Oslo - Oslove,"Nettoinnflytting, inkl. inn- og utvandring"
0301,Nettoinnflytting9,2021K3,1045,Oslo - Oslove,"Nettoinnflytting, inkl. inn- og utvandring"
0301,Nettoinnflytting9,2021K4,130,Oslo - Oslove,"Nettoinnflytting, inkl. inn- og utvandring"
0301,Nettoinnflytting9,2022K1,1766,Oslo - Oslove,"Nettoinnflytting, inkl. inn- og utvandring"
0301,Nettoinnflytting9,2022K2,220,Oslo - Oslove,"Nettoinnflytting, inkl. inn- og utvandring"
0301,Nettoinnflytting9,2022K3,2215,Oslo - Oslove,"Nettoinnflytting, inkl. inn- og utvandring"
0301,Nettoinnflytting9,2022K4,493,Oslo - Oslove,"Nettoinnflytting, inkl. inn- og utvandring"
0301,Nettoinnflytting9,2023K1,1362,Oslo - Oslove,"Nettoinnflytting, inkl. inn- og utvandring"
0301,Nettoinnflytting9,2023K2,-590,Oslo - Oslove,"Nettoinnflytting, inkl. inn- og utvandring"
0301,Nettoinnflytting9,2023K3,2823,Oslo - Oslove,"Nettoinnflytting, inkl. inn- og utvandring"
0301,Nettoinnflytting9,2023K4,705,Oslo - Oslove,"Nettoinnflytting, inkl. inn- og utvandring"
0301,Nettoinnflytting9,2024K1,1011,Oslo - Oslove,"Nettoinnflytting, inkl. inn- og utvandring"
0301,Nettoinnflytting9,2024K2,-815,Oslo - Oslove,"Nettoinnflytting, inkl. inn- og utvandring"
0301,Nettoinnflytting9,2024K3,1081,Oslo - Oslove,"Nettoinnflytting, inkl. inn- og utvandring"
0301,Nettoinnflytting9,2024K4,91,Oslo - Oslove,"Nettoinnflytting, inkl. inn- og utvandring"
0301,Nettoinnflytting9,2025K1,-39,Oslo - Oslove,"Nettoinnflytting, inkl. inn- og utvandring"
0301,Nettoinnflytting9,2025K2,-1611,Oslo - Oslove,"Nettoinnflytting, inkl. inn- og utvandring"
0301,Nettoinnflytting9,2025K3,930,Oslo - Oslove,"Nettoinnflytting, inkl. inn- og utvandring"
0301,Nettoinnflytting9,2025K4,-154,Oslo - Oslove,"Nettoinnflytting, inkl. inn- og utvandring"
0301,Nettoinnflytting9,2026K1,-30,Oslo - Oslove,"Nettoinnflytting, inkl. inn- og utvandring"
0301,Nettoinnflytting9,2026K2,-2066,Oslo - Oslove,"Nettoinnflytting, inkl. inn- og utvandring"
1103,Folketallet11,1997K4,106788,Stavanger,Befolkning ved utgangen av kvartalet
1103,Folketallet11,1998K1,107230,Stavanger,Befolkning ved utgangen av kvartalet
1103,Folketallet11,1998K2,107443,Stavanger,Befolkning ved utgangen av kvartalet
1103,Folketallet11,1998K3,107758,Stavanger,Befolkning ved utgangen av kvartalet
1103,Folketallet11,1998K4,108086,Stavanger,Befolkning ved utgangen av kvartalet
1103,Folketallet11,1999K1,108290,Stavanger,Befolkning ved utgangen av kvartalet
1103,Folketallet11,1999K2,108466,Stavanger,Befolkning ved utgangen av kvartalet
1103,Folketallet11,1999K3,108700,Stavanger,Befolkning ved utgangen av kvartalet
1103,Folketallet11,1999K4,108890,Stavanger,Befolkning ved utgangen av kvartalet
1103,Folketallet11,2000K1,108754,Stavanger,Befolkning ved utgangen av kvartalet
1103,Folketallet11,2000K2,108795,Stavanger,Befolkning ved utgangen av kvartalet
1103,Folketallet11,2000K3,108946,Stavanger,Befolkning ved utgangen av kvartalet
1103,Folketallet11,2000K4,108834,Stavanger,Befolkning ved utgangen av kvartalet
1103,Folketallet11,2001K1,108912,Stavanger,Befolkning ved utgangen av kvartalet
1103,Folketallet11,2001K2,109132,Stavanger,Befolkning ved utgangen av kvartalet
1103,Folketallet11,2001K3,109556,Stavanger,Befolkning ved utgangen av kvartalet
1103,Folketallet11,2001K4,109745,Stavanger,Befolkning ved utgangen av kvartalet
1103,Folketallet11,2002K1,110062,Stavanger,Befolkning ved utgangen av kvartalet
1103,Folketallet11,2002K2,110383,Stavanger,Befolkning ved utgangen av kvartalet
1103,Folketallet11,2002K3,110691,Stavanger,Befolkning ved utgangen av kvartalet
1103,Folketallet11,2002K4,110993,Stavanger,Befolkning ved utgangen av kvartalet
1103,Folketallet11,2003K1,111339,Stavanger,Befolkning ved utgangen av kvartalet
1103,Folketallet11,2003K2,111530,Stavanger,Befolkning ved utgangen av kvartalet
1103,Folketallet11,2003K3,112003,Stavanger,Befolkning ved utgangen av kvartalet
1103,Folketallet11,2003K4,112378,Stavanger,Befolkning ved utgangen av kvartalet
1103,Folketallet11,2004K1,112819,Stavanger,Befolkning ved utgangen av kvartalet
1103,Folketallet11,2004K2,113133,Stavanger,Befolkning ved utgangen av kvartalet
1103,Folketallet11,2004K3,113619,Stavanger,Befolkning ved utgangen av kvartalet
1103,Folketallet11,2004K4,114001,Stavanger,Befolkning ved utgangen av kvartalet
1103,Folketallet11,2005K1,114377,Stavanger,Befolkning ved utgangen av kvartalet
1103,Folketallet11,2005K2,114594,Stavanger,Befolkning ved utgangen av kvartalet
1103,Folketallet11,2005K3,114936,Stavanger,Befolkning ved utgangen av kvartalet
1103,Folketallet11,2005K4,115157,Stavanger,Befolkning ved utgangen av kvartalet
1103,Folketallet11,2006K1,115567,Stavanger,Befolkning ved utgangen av kvartalet
1103,Folketallet11,2006K2,116080,Stavanger,Befolkning ved utgangen av kvartalet
1103,Folketallet11,2006K3,116725,Stavanger,Befolkning ved utgangen av kvartalet
1103,Folketallet11,2006K4,117315,Stavanger,Befolkning ved utgangen av kvartalet
1103,Folketallet11,2007K1,117874,Stavanger,Befolkning ved utgangen av kvartalet
1103,Folketallet11,2007K2,118391,Stavanger,Befolkning ved utgangen av kvartalet
1103,Folketallet11,2007K3,119176,Stavanger,Befolkning ved utgangen av kvartalet
1103,Folketallet11,2007K4,119586,Stavanger,Befolkning ved utgangen av kvartalet
1103,Folketallet11,2008K1,120284,Stavanger,Befolkning ved utgangen av kvartalet
1103,Folketallet11,2008K2,120798,Stavanger,Befolkning ved utgangen av kvartalet
1103,Folketallet11,2008K3,121325,Stavanger,Befolkning ved utgangen av kvartalet
1103,Folketallet11,2008K4,121610,Stavanger,Befolkning ved utgangen av kvartalet
1103,Folketallet11,2009K1,122162,Stavanger,Befolkning ved utgangen av kvartalet
1103,Folketallet11,2009K2,122602,Stavanger,Befolkning ved utgangen av kvartalet
1103,Folketallet11,2009K3,123318,Stavanger,Befolkning ved utgangen av kvartalet
1103,Folketallet11,2009K4,123850,Stavanger,Befolkning ved utgangen av kvartalet
1103,Folketallet11,2010K1,124510,Stavanger,Befolkning ved utgangen av kvartalet
1103,Folketallet11,2010K2,124901,Stavanger,Befolkning ved utgangen av kvartalet
1103,Folketallet11,2010K3,125635,Stavanger,Befolkning ved utgangen av kvartalet
1103,Folketallet11,2010K4,126021,Stavanger,Befolkning ved utgangen av kvartalet
1103,Folketallet11,2011K1,126469,Stavanger,Befolkning ved utgangen av kvartalet
1103,Folketallet11,2011K2,126714,Stavanger,Befolkning ved utgangen av kvartalet
1103,Folketallet11,2011K3,127230,Stavanger,Befolkning ved utgangen av kvartalet
1103,Folketallet11,2011K4,127506,Stavanger,Befolkning ved utgangen av kvartalet
1103,Folketallet11,2012K1,128073,Stavanger,Befolkning ved utgangen av kvartalet
1103,Folketallet11,2012K2,128117,Stavanger,Befolkning ved utgangen av kvartalet
1103,Folketallet11,2012K3,128830,Stavanger,Befolkning ved utgangen av kvartalet
1103,Folketallet11,2012K4,129191,Stavanger,Befolkning ved utgangen av kvartalet
1103,Folketallet11,2013K1,129585,Stavanger,Befolkning ved utgangen av kvartalet
1103,Folketallet11,2013K2,129758,Stavanger,Befolkning ved utgangen av kvartalet
1103,Folketallet11,2013K3,130426,Stavanger,Befolkning ved utgangen av kvartalet
1103,Folketallet11,2013K4,130754,Stavanger,Befolkning ved utgangen av kvartalet
1103,Folketallet11,2014K1,131212,Stavanger,Befolkning ved utgangen av kvartalet
1103,Folketallet11,2014K2,131371,Stavanger,Befolkning ved utgangen av kvartalet
1103,Folketallet11,2014K3,131982,Stavanger,Befolkning ved utgangen av kvartalet
1103,Folketallet11,2014K4,132102,Stavanger,Befolkning ved utgangen av kvartalet
1103,Folketallet11,2015K1,132302,Stavanger,Befolkning ved utgangen av kvartalet
1103,Folketallet11,2015K2,132264,Stavanger,Befolkning ved utgangen av kvartalet
1103,Folketallet11,2015K3,132587,Stavanger,Befolkning ved utgangen av kvartalet
1103,Folketallet11,2015K4,132644,Stavanger,Befolkning ved utgangen av kvartalet
1103,Folketallet11,2016K1,132895,Stavanger,Befolkning ved utgangen av kvartalet
1103,Folketallet11,2016K2,132960,Stavanger,Befolkning ved utgangen av kvartalet
1103,Folketallet11,2016K3,133234,Stavanger,Befolkning ved utgangen av kvartalet
1103,Folketallet11,2016K4,132728,Stavanger,Befolkning ved utgangen av kvartalet
1103,Folketallet11,2017K1,132790,Stavanger,Befolkning ved utgangen av kvartalet
1103,Folketallet11,2017K2,132913,Stavanger,Befolkning ved utgangen av kvartalet
1103,Folketallet11,2017K3,133233,Stavanger,Befolkning ved utgangen av kvartalet
1103,Folketallet11,2017K4,133139,Stavanger,Befolkning ved utgangen av kvartalet
1103,Folketallet11,2018K1,133309,Stavanger,Befolkning ved utgangen av kvartalet
1103,Folketallet11,2018K2,133410,Stavanger,Befolkning ved utgangen av kvartalet
1103,Folketallet11,2018K3,134312,Stavanger,Befolkning ved utgangen av kvartalet
1103,Folketallet11,2018K4,134037,Stavanger,Befolkning ved utgangen av kvartalet
1103,Folketallet11,2019K1,134284,Stavanger,Befolkning ved utgangen av kvartalet
1103,Folketallet11,2019K2,134339,Stavanger,Befolkning ved utgangen av kvartalet
1103,Folketallet11,2019K3,135118,Stavanger,Befolkning ved utgangen av kvartalet
1103,Folketallet11,2019K4,135510,Stavanger,Befolkning ved utgangen av kvartalet
1103,Folketallet11,2020K1,143840,Stavanger,Befolkning ved utgangen av kvartalet
1103,Folketallet11,2020K2,143691,Stavanger,Befolkning ved utgangen av kvartalet
1103,Folketallet11,2020K3,143981,Stavanger,Befolkning ved utgangen av kvartalet
1103,Folketallet11,2020K4,144147,Stavanger,Befolkning ved utgangen av kvartalet
1103,Folketallet11,2021K1,144223,Stavanger,Befolkning ved utgangen av kvartalet
1103,Folketallet11,2021K2,143985,Stavanger,Befolkning ved utgangen av kvartalet
1103,Folketallet11,2021K3,144515,Stavanger,Befolkning ved utgangen av kvartalet
1103,Folketallet11,2021K4,144699,Stavanger,Befolkning ved utgangen av kvartalet
1103,Folketallet11,2022K1,144877,Stavanger,Befolkning ved utgangen av kvartalet
1103,Folketallet11,2022K2,145144,Stavanger,Befolkning ved utgangen av kvartalet
1103,Folketallet11,2022K3,145568,Stavanger,Befolkning ved utgangen av kvartalet
1103,Folketallet11,2022K4,146011,Stavanger,Befolkning ved utgangen av kvartalet
1103,Folketallet11,2023K1,146267,Stavanger,Befolkning ved utgangen av kvartalet
1103,Folketallet11,2023K2,146811,Stavanger,Befolkning ved utgangen av kvartalet
1103,Folketallet11,2023K3,148682,Stavanger,Befolkning ved utgangen av kvartalet
1103,Folketallet11,2023K4,149048,Stavanger,Befolkning ved utgangen av kvartalet
1103,Folketallet11,2024K1,149330,Stavanger,Befolkning ved utgangen av kvartalet
1103,Folketallet11,2024K2,149449,Stavanger,Befolkning ved utgangen av kvartalet
1103,Folketallet11,2024K3,149928,Stavanger,Befolkning ved utgangen av kvartalet
1103,Folketallet11,2024K4,150123,Stavanger,Befolkning ved utgangen av kvartalet
1103,Folketallet11,2025K1,150663,Stavanger,Befolkning ved utgangen av kvartalet
1103,Folketallet11,2025K2,150838,Stavanger,Befolkning ved utgangen av kvartalet
1103,Folketallet11,2025K3,151449,Stavanger,Befolkning ved utgangen av kvartalet
1103,Folketallet11,2025K4,151669,Stavanger,Befolkning ved utgangen av kvartalet
1103,Folketallet11,2026K1,151757,Stavanger,Befolkning ved utgangen av kvartalet
1103,Folketallet11,2026K2,151761,Stavanger,Befolkning ved utgangen av kvartalet
1103,Nettoinnflytting9,1997K4,156,Stavanger,"Nettoinnflytting, inkl. inn- og utvandring"
1103,Nettoinnflytting9,1998K1,181,Stavanger,"Nettoinnflytting, inkl. inn- og utvandring"
1103,Nettoinnflytting9,1998K2,-36,Stavanger,"Nettoinnflytting, inkl. inn- og utvandring"
1103,Nettoinnflytting9,1998K3,57,Stavanger,"Nettoinnflytting, inkl. inn- og utvandring"
1103,Nettoinnflytting9,1998K4,170,Stavanger,"Nettoinnflytting, inkl. inn- og utvandring"
1103,Nettoinnflytting9,1999K1,76,Stavanger,"Nettoinnflytting, inkl. inn- og utvandring"
1103,Nettoinnflytting9,1999K2,-73,Stavanger,"Nettoinnflytting, inkl. inn- og utvandring"
1103,Nettoinnflytting9,1999K3,30,Stavanger,"Nettoinnflytting, inkl. inn- og utvandring"
1103,Nettoinnflytting9,1999K4,50,Stavanger,"Nettoinnflytting, inkl. inn- og utvandring"
1103,Nettoinnflytting9,2000K1,-210,Stavanger,"Nettoinnflytting, inkl. inn- og utvandring"
1103,Nettoinnflytting9,2000K2,-167,Stavanger,"Nettoinnflytting, inkl. inn- og utvandring"
1103,Nettoinnflytting9,2000K3,-97,Stavanger,"Nettoinnflytting, inkl. inn- og utvandring"
1103,Nettoinnflytting9,2000K4,-229,Stavanger,"Nettoinnflytting, inkl. inn- og utvandring"
1103,Nettoinnflytting9,2001K1,-83,Stavanger,"Nettoinnflytting, inkl. inn- og utvandring"
1103,Nettoinnflytting9,2001K2,-17,Stavanger,"Nettoinnflytting, inkl. inn- og utvandring"
1103,Nettoinnflytting9,2001K3,241,Stavanger,"Nettoinnflytting, inkl. inn- og utvandring"
1103,Nettoinnflytting9,2001K4,52,Stavanger,"Nettoinnflytting, inkl. inn- og utvandring"
1103,Nettoinnflytting9,2002K1,233,Stavanger,"Nettoinnflytting, inkl. inn- og utvandring"
1103,Nettoinnflytting9,2002K2,135,Stavanger,"Nettoinnflytting, inkl. inn- og utvandring"
1103,Nettoinnflytting9,2002K3,134,Stavanger,"Nettoinnflytting, inkl. inn- og utvandring"
1103,Nettoinnflytting9,2002K4,181,Stavanger,"Nettoinnflytting, inkl. inn- og utvandring"
1103,Nettoinnflytting9,2003K1,135,Stavanger,"Nettoinnflytting, inkl. inn- og utvandring"
1103,Nettoinnflytting9,2003K2,19,Stavanger,"Nettoinnflytting, inkl. inn- og utvandring"
1103,Nettoinnflytting9,2003K3,248,Stavanger,"Nettoinnflytting, inkl. inn- og utvandring"
1103,Nettoinnflytting9,2003K4,220,Stavanger,"Nettoinnflytting, inkl. inn- og utvandring"
1103,Nettoinnflytting9,2004K1,233,Stavanger,"Nettoinnflytting, inkl. inn- og utvandring"
1103,Nettoinnflytting9,2004K2,63,Stavanger,"Nettoinnflytting, inkl. inn- og utvandring"
1103,Nettoinnflytting9,2004K3,294,Stavanger,"Nettoinnflytting, inkl. inn- og utvandring"
1103,Nettoinnflytting9,2004K4,218,Stavanger,"Nettoinnflytting, inkl. inn- og utvandring"
1103,Nettoinnflytting9,2005K1,181,Stavanger,"Nettoinnflytting, inkl. inn- og utvandring"
1103,Nettoinnflytting9,2005K2,4,Stavanger,"Nettoinnflytting, inkl. inn- og utvandring"
1103,Nettoinnflytting9,2005K3,112,Stavanger,"Nettoinnflytting, inkl. inn- og utvandring"
1103,Nettoinnflytting9,2005K4,38,Stavanger,"Nettoinnflytting, inkl. inn- og utvandring"
1103,Nettoinnflytting9,2006K1,158,Stavanger,"Nettoinnflytting, inkl. inn- og utvandring"
1103,Nettoinnflytting9,2006K2,265,Stavanger,"Nettoinnflytting, inkl. inn- og utvandring"
1103,Nettoinnflytting9,2006K3,354,Stavanger,"Nettoinnflytting, inkl. inn- og utvandring"
1103,Nettoinnflytting9,2006K4,387,Stavanger,"Nettoinnflytting, inkl. inn- og utvandring"
1103,Nettoinnflytting9,2007K1,360,Stavanger,"Nettoinnflytting, inkl. inn- og utvandring"
1103,Nettoinnflytting9,2007K2,293,Stavanger,"Nettoinnflytting, inkl. inn- og utvandring"
1103,Nettoinnflytting9,2007K3,515,Stavanger,"Nettoinnflytting, inkl. inn- og utvandring"
1103,Nettoinnflytting9,2007K4,197,Stavanger,"Nettoinnflytting, inkl. inn- og utvandring"
1103,Nettoinnflytting9,2008K1,503,Stavanger,"Nettoinnflytting, inkl. inn- og utvandring"
1103,Nettoinnflytting9,2008K2,228,Stavanger,"Nettoinnflytting, inkl. inn- og utvandring"
1103,Nettoinnflytting9,2008K3,248,Stavanger,"Nettoinnflytting, inkl. inn- og utvandring"
1103,Nettoinnflytting9,2008K4,127,Stavanger,"Nettoinnflytting, inkl. inn- og utvandring"
1103,Nettoinnflytting9,2009K1,352,Stavanger,"Nettoinnflytting, inkl. inn- og utvandring"
1103,Nettoinnflytting9,2009K2,179,Stavanger,"Nettoinnflytting, inkl. inn- og utvandring"
1103,Nettoinnflytting9,2009K3,401,Stavanger,"Nettoinnflytting, inkl. inn- og utvandring"
1103,Nettoinnflytting9,2009K4,320,Stavanger,"Nettoinnflytting, inkl. inn- og utvandring"
1103,Nettoinnflytting9,2010K1,467,Stavanger,"Nettoinnflytting, inkl. inn- og utvandring"
1103,Nettoinnflytting9,2010K2,94,Stavanger,"Nettoinnflytting, inkl. inn- og utvandring"
1103,Nettoinnflytting9,2010K3,448,Stavanger,"Nettoinnflytting, inkl. inn- og utvandring"
1103,Nettoinnflytting9,2010K4,149,Stavanger,"Nettoinnflytting, inkl. inn- og utvandring"
1103,Nettoinnflytting9,2011K1,212,Stavanger,"Nettoinnflytting, inkl. inn- og utvandring"
1103,Nettoinnflytting9,2011K2,-10,Stavanger,"Nettoinnflytting, inkl. inn- og utvandring"
1103,Nettoinnflytting9,2011K3,245,Stavanger,"Nettoinnflytting, inkl. inn- og utvandring"
1103,Nettoinnflytting9,2011K4,63,Stavanger,"Nettoinnflytting, inkl. inn- og utvandring"
1103,Nettoinnflytting9,2012K1,368,Stavanger,"Nettoinnflytting, inkl. inn- og utvandring"
1103,Nettoinnflytting9,2012K2,-187,Stavanger,"Nettoinnflytting, inkl. inn- og utvandring"
1103,Nettoinnflytting9,2012K3,467,Stavanger,"Nettoinnflytting, inkl. inn- og utvandring"
1103,Nettoinnflytting9,2012K4,149,Stavanger,"Nettoinnflytting, inkl. inn- og utvandring"
1103,Nettoinnflytting9,2013K1,209,Stavanger,"Nettoinnflytting, inkl. inn- og utvandring"
1103,Nettoinnflytting9,2013K2,-93,Stavanger,"Nettoinnflytting, inkl. inn- og utvandring"
1103,Nettoinnflytting9,2013K3,419,Stavanger,"Nettoinnflytting, inkl. inn- og utvandring"
1103,Nettoinnflytting9,2013K4,138,Stavanger,"Nettoinnflytting, inkl. inn- og utvandring"
1103,Nettoinnflytting9,2014K1,280,Stavanger,"Nettoinnflytting, inkl. inn- og utvandring"
1103,Nettoinnflytting9,2014K2,-127,Stavanger,"Nettoinnflytting, inkl. inn- og utvandring"
1103,Nettoinnflytting9,2014K3,350,Stavanger,"Nettoinnflytting, inkl. inn- og utvandring"
1103,Nettoinnflytting9,2014K4,-67,Stavanger,"Nettoinnflytting, inkl. inn- og utvandring"
1103,Nettoinnflytting9,2015K1,65,Stavanger,"Nettoinnflytting, inkl. inn- og utvandring"
1103,Nettoinnflytting9,2015K2,-293,Stavanger,"Nettoinnflytting, inkl. inn- og utvandring"
1103,Nettoinnflytting9,2015K3,28,Stavanger,"Nettoinnflytting, inkl. inn- og utvandring"
1103,Nettoinnflytting9,2015K4,-101,Stavanger,"Nettoinnflytting, inkl. inn- og utvandring"
1103,Nettoinnflytting9,2016K1,50,Stavanger,"Nettoinnflytting, inkl. inn- og utvandring"
1103,Nettoinnflytting9,2016K2,-212,Stavanger,"Nettoinnflytting, inkl. inn- og utvandring"
1103,Nettoinnflytting9,2016K3,57,Stavanger,"Nettoinnflytting, inkl. inn- og utvandring"
1103,Nettoinnflytting9,2016K4,-660,Stavanger,"Nettoinnflytting, inkl. inn- og utvandring"
1103,Nettoinnflytting9,2017K1,-62,Stavanger,"Nettoinnflytting, inkl. inn- og utvandring"
1103,Nettoinnflytting9,2017K2,-132,Stavanger,"Nettoinnflytting, inkl. inn- og utvandring"
1103,Nettoinnflytting9,2017K3,39,Stavanger,"Nettoinnflytting, inkl. inn- og utvandring"
1103,Nettoinnflytting9,2017K4,-266,Stavanger,"Nettoinnflytting, inkl. inn- og utvandring"
1103,Nettoinnflytting9,2018K1,14,Stavanger,"Nettoinnflytting, inkl. inn- og utvandring"
1103,Nettoinnflytting9,2018K2,-113,Stavanger,"Nettoinnflytting, inkl. inn- og utvandring"
1103,Nettoinnflytting9,2018K3,645,Stavanger,"Nettoinnflytting, inkl. inn- og utvandring"
1103,Nettoinnflytting9,2018K4,-386,Stavanger,"Nettoinnflytting, inkl. inn- og utvandring"
1103,Nettoinnflytting9,2019K1,85,Stavanger,"Nettoinnflytting, inkl. inn- og utvandring"
1103,Nettoinnflytting9,2019K2,-92,Stavanger,"Nettoinnflytting, inkl. inn- og utvandring"
1103,Nettoinnflytting9,2019K3,574,Stavanger,"Nettoinnflytting, inkl. inn- og utvandring"
1103,Nettoinnflytting9,2019K4,265,Stavanger,"Nettoinnflytting, inkl. inn- og utvandring"
1103,Nettoinnflytting9,2020K1,142,Stavanger,"Nettoinnflytting, inkl. inn- og utvandring"
1103,Nettoinnflytting9,2020K2,-342,Stavanger,"Nettoinnflytting, inkl. inn- og utvandring"
1103,Nettoinnflytting9,2020K3,90,Stavanger,"Nettoinnflytting, inkl. inn- og utvandring"
1103,Nettoinnflytting9,2020K4,73,Stavanger,"Nettoinnflytting, inkl. inn- og utvandring"
1103,Nettoinnflytting9,2021K1,-108,Stavanger,"Nettoinnflytting, inkl. inn- og utvandring"
1103,Nettoinnflytting9,2021K2,-464,Stavanger,"Nettoinnflytting, inkl. inn- og utvandring"
1103,Nettoinnflytting9,2021K3,293,Stavanger,"Nettoinnflytting, inkl. inn- og utvandring"
1103,Nettoinnflytting9,2021K4,76,Stavanger,"Nettoinnflytting, inkl. inn- og utvandring"
1103,Nettoinnflytting9,2022K1,73,Stavanger,"Nettoinnflytting, inkl. inn- og utvandring"
1103,Nettoinnflytting9,2022K2,131,Stavanger,"Nettoinnflytting, inkl. inn- og utvandring"
1103,Nettoinnflytting9,2022K3,298,Stavanger,"Nettoinnflytting, inkl. inn- og utvandring"
1103,Nettoinnflytting9,2022K4,438,Stavanger,"Nettoinnflytting, inkl. inn- og utvandring"
1103,Nettoinnflytting9,2023K1,168,Stavanger,"Nettoinnflytting, inkl. inn- og utvandring"
1103,Nettoinnflytting9,2023K2,383,Stavanger,"Nettoinnflytting, inkl. inn- og utvandring"
1103,Nettoinnflytting9,2023K3,1706,Stavanger,"Nettoinnflytting, inkl. inn- og utvandring"
1103,Nettoinnflytting9,2023K4,287,Stavanger,"Nettoinnflytting, inkl. inn- og utvandring"
1103,Nettoinnflytting9,2024K1,147,Stavanger,"Nettoinnflytting, inkl. inn- og utvandring"
1103,Nettoinnflytting9,2024K2,-10,Stavanger,"Nettoinnflytting, inkl. inn- og utvandring"
1103,Nettoinnflytting9,2024K3,309,Stavanger,"Nettoinnflytting, inkl. inn- og utvandring"
1103,Nettoinnflytting9,2024K4,46,Stavanger,"Nettoinnflytting, inkl. inn- og utvandring"
1103,Nettoinnflytting9,2025K1,408,Stavanger,"Nettoinnflytting, inkl. inn- og utvandring"
1103,Nettoinnflytting9,2025K2,-45,Stavanger,"Nettoinnflytting, inkl. inn- og utvandring"
1103,Nettoinnflytting9,2025K3,413,Stavanger,"Nettoinnflytting, inkl. inn- og utvandring"
1103,Nettoinnflytting9,2025K4,123,Stavanger,"Nettoinnflytting, inkl. inn- og utvandring"
1103,Nettoinnflytting9,2026K1,-3,Stavanger,"Nettoinnflytting, inkl. inn- og utvandring"
1103,Nettoinnflytting9,2026K2,-215,Stavanger,"Nettoinnflytting, inkl. inn- og utvandring"
4601,Folketallet11,1997K4,0,Bergen,Befolkning ved utgangen av kvartalet
4601,Folketallet11,1998K1,0,Bergen,Befolkning ved utgangen av kvartalet
4601,Folketallet11,1998K2,0,Bergen,Befolkning ved utgangen av kvartalet
4601,Folketallet11,1998K3,0,Bergen,Befolkning ved utgangen av kvartalet
4601,Folketallet11,1998K4,0,Bergen,Befolkning ved utgangen av kvartalet
4601,Folketallet11,1999K1,0,Bergen,Befolkning ved utgangen av kvartalet
4601,Folketallet11,1999K2,0,Bergen,Befolkning ved utgangen av kvartalet
4601,Folketallet11,1999K3,0,Bergen,Befolkning ved utgangen av kvartalet
4601,Folketallet11,1999K4,0,Bergen,Befolkning ved utgangen av kvartalet
4601,Folketallet11,2000K1,0,Bergen,Befolkning ved utgangen av kvartalet
4601,Folketallet11,2000K2,0,Bergen,Befolkning ved utgangen av kvartalet
4601,Folketallet11,2000K3,0,Bergen,Befolkning ved utgangen av kvartalet
4601,Folketallet11,2000K4,0,Bergen,Befolkning ved utgangen av kvartalet
4601,Folketallet11,2001K1,0,Bergen,Befolkning ved utgangen av kvartalet
4601,Folketallet11,2001K2,0,Bergen,Befolkning ved utgangen av kvartalet
4601,Folketallet11,2001K3,0,Bergen,Befolkning ved utgangen av kvartalet
4601,Folketallet11,2001K4,0,Bergen,Befolkning ved utgangen av kvartalet
4601,Folketallet11,2002K1,0,Bergen,Befolkning ved utgangen av kvartalet
4601,Folketallet11,2002K2,0,Bergen,Befolkning ved utgangen av kvartalet
4601,Folketallet11,2002K3,0,Bergen,Befolkning ved utgangen av kvartalet
4601,Folketallet11,2002K4,0,Bergen,Befolkning ved utgangen av kvartalet
4601,Folketallet11,2003K1,0,Bergen,Befolkning ved utgangen av kvartalet
4601,Folketallet11,2003K2,0,Bergen,Befolkning ved utgangen av kvartalet
4601,Folketallet11,2003K3,0,Bergen,Befolkning ved utgangen av kvartalet
4601,Folketallet11,2003K4,0,Bergen,Befolkning ved utgangen av kvartalet
4601,Folketallet11,2004K1,0,Bergen,Befolkning ved utgangen av kvartalet
4601,Folketallet11,2004K2,0,Bergen,Befolkning ved utgangen av kvartalet
4601,Folketallet11,2004K3,0,Bergen,Befolkning ved utgangen av kvartalet
4601,Folketallet11,2004K4,0,Bergen,Befolkning ved utgangen av kvartalet
4601,Folketallet11,2005K1,0,Bergen,Befolkning ved utgangen av kvartalet
4601,Folketallet11,2005K2,0,Bergen,Befolkning ved utgangen av kvartalet
4601,Folketallet11,2005K3,0,Bergen,Befolkning ved utgangen av kvartalet
4601,Folketallet11,2005K4,0,Bergen,Befolkning ved utgangen av kvartalet
4601,Folketallet11,2006K1,0,Bergen,Befolkning ved utgangen av kvartalet
4601,Folketallet11,2006K2,0,Bergen,Befolkning ved utgangen av kvartalet
4601,Folketallet11,2006K3,0,Bergen,Befolkning ved utgangen av kvartalet
4601,Folketallet11,2006K4,0,Bergen,Befolkning ved utgangen av kvartalet
4601,Folketallet11,2007K1,0,Bergen,Befolkning ved utgangen av kvartalet
4601,Folketallet11,2007K2,0,Bergen,Befolkning ved utgangen av kvartalet
4601,Folketallet11,2007K3,0,Bergen,Befolkning ved utgangen av kvartalet
4601,Folketallet11,2007K4,0,Bergen,Befolkning ved utgangen av kvartalet
4601,Folketallet11,2008K1,0,Bergen,Befolkning ved utgangen av kvartalet
4601,Folketallet11,2008K2,0,Bergen,Befolkning ved utgangen av kvartalet
4601,Folketallet11,2008K3,0,Bergen,Befolkning ved utgangen av kvartalet
4601,Folketallet11,2008K4,0,Bergen,Befolkning ved utgangen av kvartalet
4601,Folketallet11,2009K1,0,Bergen,Befolkning ved utgangen av kvartalet
4601,Folketallet11,2009K2,0,Bergen,Befolkning ved utgangen av kvartalet
4601,Folketallet11,2009K3,0,Bergen,Befolkning ved utgangen av kvartalet
4601,Folketallet11,2009K4,0,Bergen,Befolkning ved utgangen av kvartalet
4601,Folketallet11,2010K1,0,Bergen,Befolkning ved utgangen av kvartalet
4601,Folketallet11,2010K2,0,Bergen,Befolkning ved utgangen av kvartalet
4601,Folketallet11,2010K3,0,Bergen,Befolkning ved utgangen av kvartalet
4601,Folketallet11,2010K4,0,Bergen,Befolkning ved utgangen av kvartalet
4601,Folketallet11,2011K1,0,Bergen,Befolkning ved utgangen av kvartalet
4601,Folketallet11,2011K2,0,Bergen,Befolkning ved utgangen av kvartalet
4601,Folketallet11,2011K3,0,Bergen,Befolkning ved utgangen av kvartalet
4601,Folketallet11,2011K4,0,Bergen,Befolkning ved utgangen av kvartalet
4601,Folketallet11,2012K1,0,Bergen,Befolkning ved utgangen av kvartalet
4601,Folketallet11,2012K2,0,Bergen,Befolkning ved utgangen av kvartalet
4601,Folketallet11,2012K3,0,Bergen,Befolkning ved utgangen av kvartalet
4601,Folketallet11,2012K4,0,Bergen,Befolkning ved utgangen av kvartalet
4601,Folketallet11,2013K1,0,Bergen,Befolkning ved utgangen av kvartalet
4601,Folketallet11,2013K2,0,Bergen,Befolkning ved utgangen av kvartalet
4601,Folketallet11,2013K3,0,Bergen,Befolkning ved utgangen av kvartalet
4601,Folketallet11,2013K4,0,Bergen,Befolkning ved utgangen av kvartalet
4601,Folketallet11,2014K1,0,Bergen,Befolkning ved utgangen av kvartalet
4601,Folketallet11,2014K2,0,Bergen,Befolkning ved utgangen av kvartalet
4601,Folketallet11,2014K3,0,Bergen,Befolkning ved utgangen av kvartalet
4601,Folketallet11,2014K4,0,Bergen,Befolkning ved utgangen av kvartalet
4601,Folketallet11,2015K1,0,Bergen,Befolkning ved utgangen av kvartalet
4601,Folketallet11,2015K2,0,Bergen,Befolkning ved utgangen av kvartalet
4601,Folketallet11,2015K3,0,Bergen,Befolkning ved utgangen av kvartalet
4601,Folketallet11,2015K4,0,Bergen,Befolkning ved utgangen av kvartalet
4601,Folketallet11,2016K1,0,Bergen,Befolkning ved utgangen av kvartalet
4601,Folketallet11,2016K2,0,Bergen,Befolkning ved utgangen av kvartalet
4601,Folketallet11,2016K3,0,Bergen,Befolkning ved utgangen av kvartalet
4601,Folketallet11,2016K4,0,Bergen,Befolkning ved utgangen av kvartalet
4601,Folketallet11,2017K1,0,Bergen,Befolkning ved utgangen av kvartalet
4601,Folketallet11,2017K2,0,Bergen,Befolkning ved utgangen av kvartalet
4601,Folketallet11,2017K3,0,Bergen,Befolkning ved utgangen av kvartalet
4601,Folketallet11,2017K4,0,Bergen,Befolkning ved utgangen av kvartalet
4601,Folketallet11,2018K1,0,Bergen,Befolkning ved utgangen av kvartalet
4601,Folketallet11,2018K2,0,Bergen,Befolkning ved utgangen av kvartalet
4601,Folketallet11,2018K3,0,Bergen,Befolkning ved utgangen av kvartalet
4601,Folketallet11,2018K4,0,Bergen,Befolkning ved utgangen av kvartalet
4601,Folketallet11,2019K1,0,Bergen,Befolkning ved utgangen av kvartalet
4601,Folketallet11,2019K2,0,Bergen,Befolkning ved utgangen av kvartalet
4601,Folketallet11,2019K3,0,Bergen,Befolkning ved utgangen av kvartalet
4601,Folketallet11,2019K4,0,Bergen,Befolkning ved utgangen av kvartalet
4601,Folketallet11,2020K1,284208,Bergen,Befolkning ved utgangen av kvartalet
4601,Folketallet11,2020K2,283763,Bergen,Befolkning ved utgangen av kvartalet
4601,Folketallet11,2020K3,285070,Bergen,Befolkning ved utgangen av kvartalet
4601,Folketallet11,2020K4,285601,Bergen,Befolkning ved utgangen av kvartalet
4601,Folketallet11,2021K1,285911,Bergen,Befolkning ved utgangen av kvartalet
4601,Folketallet11,2021K2,285249,Bergen,Befolkning ved utgangen av kvartalet
4601,Folketallet11,2021K3,286567,Bergen,Befolkning ved utgangen av kvartalet
4601,Folketallet11,2021K4,286930,Bergen,Befolkning ved utgangen av kvartalet
4601,Folketallet11,2022K1,287428,Bergen,Befolkning ved utgangen av kvartalet
4601,Folketallet11,2022K2,288133,Bergen,Befolkning ved utgangen av kvartalet
4601,Folketallet11,2022K3,288841,Bergen,Befolkning ved utgangen av kvartalet
4601,Folketallet11,2022K4,289330,Bergen,Befolkning ved utgangen av kvartalet
4601,Folketallet11,2023K1,290272,Bergen,Befolkning ved utgangen av kvartalet
4601,Folketallet11,2023K2,290357,Bergen,Befolkning ved utgangen av kvartalet
4601,Folketallet11,2023K3,291189,Bergen,Befolkning ved utgangen av kvartalet
4601,Folketallet11,2023K4,291940,Bergen,Befolkning ved utgangen av kvartalet
4601,Folketallet11,2024K1,292482,Bergen,Befolkning ved utgangen av kvartalet
4601,Folketallet11,2024K2,292277,Bergen,Befolkning ved utgangen av kvartalet
4601,Folketallet11,2024K3,293301,Bergen,Befolkning ved utgangen av kvartalet
4601,Folketallet11,2024K4,293709,Bergen,Befolkning ved utgangen av kvartalet
4601,Folketallet11,2025K1,294029,Bergen,Befolkning ved utgangen av kvartalet
4601,Folketallet11,2025K2,293787,Bergen,Befolkning ved utgangen av kvartalet
4601,Folketallet11,2025K3,294484,Bergen,Befolkning ved utgangen av kvartalet
4601,Folketallet11,2025K4,294860,Bergen,Befolkning ved utgangen av kvartalet
4601,Folketallet11,2026K1,295426,Bergen,Befolkning ved utgangen av kvartalet
4601,Folketallet11,2026K2,295009,Bergen,Befolkning ved utgangen av kvartalet
4601,Nettoinnflytting9,1997K4,0,Bergen,"Nettoinnflytting, inkl. inn- og utvandring"
4601,Nettoinnflytting9,1998K1,0,Bergen,"Nettoinnflytting, inkl. inn- og utvandring"
4601,Nettoinnflytting9,1998K2,0,Bergen,"Nettoinnflytting, inkl. inn- og utvandring"
4601,Nettoinnflytting9,1998K3,0,Bergen,"Nettoinnflytting, inkl. inn- og utvandring"
4601,Nettoinnflytting9,1998K4,0,Bergen,"Nettoinnflytting, inkl. inn- og utvandring"
4601,Nettoinnflytting9,1999K1,0,Bergen,"Nettoinnflytting, inkl. inn- og utvandring"
4601,Nettoinnflytting9,1999K2,0,Bergen,"Nettoinnflytting, inkl. inn- og utvandring"
4601,Nettoinnflytting9,1999K3,0,Bergen,"Nettoinnflytting, inkl. inn- og utvandring"
4601,Nettoinnflytting9,1999K4,0,Bergen,"Nettoinnflytting, inkl. inn- og utvandring"
4601,Nettoinnflytting9,2000K1,0,Bergen,"Nettoinnflytting, inkl. inn- og utvandring"
4601,Nettoinnflytting9,2000K2,0,Bergen,"Nettoinnflytting, inkl. inn- og utvandring"
4601,Nettoinnflytting9,2000K3,0,Bergen,"Nettoinnflytting, inkl. inn- og utvandring"
4601,Nettoinnflytting9,2000K4,0,Bergen,"Nettoinnflytting, inkl. inn- og utvandring"
4601,Nettoinnflytting9,2001K1,0,Bergen,"Nettoinnflytting, inkl. inn- og utvandring"
4601,Nettoinnflytting9,2001K2,0,Bergen,"Nettoinnflytting, inkl. inn- og utvandring"
4601,Nettoinnflytting9,2001K3,0,Bergen,"Nettoinnflytting, inkl. inn- og utvandring"
4601,Nettoinnflytting9,2001K4,0,Bergen,"Nettoinnflytting, inkl. inn- og utvandring"
4601,Nettoinnflytting9,2002K1,0,Bergen,"Nettoinnflytting, inkl. inn- og utvandring"
4601,Nettoinnflytting9,2002K2,0,Bergen,"Nettoinnflytting, inkl. inn- og utvandring"
4601,Nettoinnflytting9,2002K3,0,Bergen,"Nettoinnflytting, inkl. inn- og utvandring"
4601,Nettoinnflytting9,2002K4,0,Bergen,"Nettoinnflytting, inkl. inn- og utvandring"
4601,Nettoinnflytting9,2003K1,0,Bergen,"Nettoinnflytting, inkl. inn- og utvandring"
4601,Nettoinnflytting9,2003K2,0,Bergen,"Nettoinnflytting, inkl. inn- og utvandring"
4601,Nettoinnflytting9,2003K3,0,Bergen,"Nettoinnflytting, inkl. inn- og utvandring"
4601,Nettoinnflytting9,2003K4,0,Bergen,"Nettoinnflytting, inkl. inn- og utvandring"
4601,Nettoinnflytting9,2004K1,0,Bergen,"Nettoinnflytting, inkl. inn- og utvandring"
4601,Nettoinnflytting9,2004K2,0,Bergen,"Nettoinnflytting, inkl. inn- og utvandring"
4601,Nettoinnflytting9,2004K3,0,Bergen,"Nettoinnflytting, inkl. inn- og utvandring"
4601,Nettoinnflytting9,2004K4,0,Bergen,"Nettoinnflytting, inkl. inn- og utvandring"
4601,Nettoinnflytting9,2005K1,0,Bergen,"Nettoinnflytting, inkl. inn- og utvandring"
4601,Nettoinnflytting9,2005K2,0,Bergen,"Nettoinnflytting, inkl. inn- og utvandring"
4601,Nettoinnflytting9,2005K3,0,Bergen,"Nettoinnflytting, inkl. inn- og utvandring"
4601,Nettoinnflytting9,2005K4,0,Bergen,"Nettoinnflytting, inkl. inn- og utvandring"
4601,Nettoinnflytting9,2006K1,0,Bergen,"Nettoinnflytting, inkl. inn- og utvandring"
4601,Nettoinnflytting9,2006K2,0,Bergen,"Nettoinnflytting, inkl. inn- og utvandring"
4601,Nettoinnflytting9,2006K3,0,Bergen,"Nettoinnflytting, inkl. inn- og utvandring"
4601,Nettoinnflytting9,2006K4,0,Bergen,"Nettoinnflytting, inkl. inn- og utvandring"
4601,Nettoinnflytting9,2007K1,0,Bergen,"Nettoinnflytting, inkl. inn- og utvandring"
4601,Nettoinnflytting9,2007K2,0,Bergen,"Nettoinnflytting, inkl. inn- og utvandring"
4601,Nettoinnflytting9,2007K3,0,Bergen,"Nettoinnflytting, inkl. inn- og utvandring"
4601,Nettoinnflytting9,2007K4,0,Bergen,"Nettoinnflytting, inkl. inn- og utvandring"
4601,Nettoinnflytting9,2008K1,0,Bergen,"Nettoinnflytting, inkl. inn- og utvandring"
4601,Nettoinnflytting9,2008K2,0,Bergen,"Nettoinnflytting, inkl. inn- og utvandring"
4601,Nettoinnflytting9,2008K3,0,Bergen,"Nettoinnflytting, inkl. inn- og utvandring"
4601,Nettoinnflytting9,2008K4,0,Bergen,"Nettoinnflytting, inkl. inn- og utvandring"
4601,Nettoinnflytting9,2009K1,0,Bergen,"Nettoinnflytting, inkl. inn- og utvandring"
4601,Nettoinnflytting9,2009K2,0,Bergen,"Nettoinnflytting, inkl. inn- og utvandring"
4601,Nettoinnflytting9,2009K3,0,Bergen,"Nettoinnflytting, inkl. inn- og utvandring"
4601,Nettoinnflytting9,2009K4,0,Bergen,"Nettoinnflytting, inkl. inn- og utvandring"
4601,Nettoinnflytting9,2010K1,0,Bergen,"Nettoinnflytting, inkl. inn- og utvandring"
4601,Nettoinnflytting9,2010K2,0,Bergen,"Nettoinnflytting, inkl. inn- og utvandring"
4601,Nettoinnflytting9,2010K3,0,Bergen,"Nettoinnflytting, inkl. inn- og utvandring"
4601,Nettoinnflytting9,2010K4,0,Bergen,"Nettoinnflytting, inkl. inn- og utvandring"
4601,Nettoinnflytting9,2011K1,0,Bergen,"Nettoinnflytting, inkl. inn- og utvandring"
4601,Nettoinnflytting9,2011K2,0,Bergen,"Nettoinnflytting, inkl. inn- og utvandring"
4601,Nettoinnflytting9,2011K3,0,Bergen,"Nettoinnflytting, inkl. inn- og utvandring"
4601,Nettoinnflytting9,2011K4,0,Bergen,"Nettoinnflytting, inkl. inn- og utvandring"
4601,Nettoinnflytting9,2012K1,0,Bergen,"Nettoinnflytting, inkl. inn- og utvandring"
4601,Nettoinnflytting9,2012K2,0,Bergen,"Nettoinnflytting, inkl. inn- og utvandring"
4601,Nettoinnflytting9,2012K3,0,Bergen,"Nettoinnflytting, inkl. inn- og utvandring"
4601,Nettoinnflytting9,2012K4,0,Bergen,"Nettoinnflytting, inkl. inn- og utvandring"
4601,Nettoinnflytting9,2013K1,0,Bergen,"Nettoinnflytting, inkl. inn- og utvandring"
4601,Nettoinnflytting9,2013K2,0,Bergen,"Nettoinnflytting, inkl. inn- og utvandring"
4601,Nettoinnflytting9,2013K3,0,Bergen,"Nettoinnflytting, inkl. inn- og utvandring"
4601,Nettoinnflytting9,2013K4,0,Bergen,"Nettoinnflytting, inkl. inn- og utvandring"
4601,Nettoinnflytting9,2014K1,0,Bergen,"Nettoinnflytting, inkl. inn- og utvandring"
4601,Nettoinnflytting9,2014K2,0,Bergen,"Nettoinnflytting, inkl. inn- og utvandring"
4601,Nettoinnflytting9,2014K3,0,Bergen,"Nettoinnflytting, inkl. inn- og utvandring"
4601,Nettoinnflytting9,2014K4,0,Bergen,"Nettoinnflytting, inkl. inn- og utvandring"
4601,Nettoinnflytting9,2015K1,0,Bergen,"Nettoinnflytting, inkl. inn- og utvandring"
4601,Nettoinnflytting9,2015K2,0,Bergen,"Nettoinnflytting, inkl. inn- og utvandring"
4601,Nettoinnflytting9,2015K3,0,Bergen,"Nettoinnflytting, inkl. inn- og utvandring"
4601,Nettoinnflytting9,2015K4,0,Bergen,"Nettoinnflytting, inkl. inn- og utvandring"
4601,Nettoinnflytting9,2016K1,0,Bergen,"Nettoinnflytting, inkl. inn- og utvandring"
4601,Nettoinnflytting9,2016K2,0,Bergen,"Nettoinnflytting, inkl. inn- og utvandring"
4601,Nettoinnflytting9,2016K3,0,Bergen,"Nettoinnflytting, inkl. inn- og utvandring"
4601,Nettoinnflytting9,2016K4,0,Bergen,"Nettoinnflytting, inkl. inn- og utvandring"
4601,Nettoinnflytting9,2017K1,0,Bergen,"Nettoinnflytting, inkl. inn- og utvandring"
4601,Nettoinnflytting9,2017K2,0,Bergen,"Nettoinnflytting, inkl. inn- og utvandring"
4601,Nettoinnflytting9,2017K3,0,Bergen,"Nettoinnflytting, inkl. inn- og utvandring"
4601,Nettoinnflytting9,2017K4,0,Bergen,"Nettoinnflytting, inkl. inn- og utvandring"
4601,Nettoinnflytting9,2018K1,0,Bergen,"Nettoinnflytting, inkl. inn- og utvandring"
4601,Nettoinnflytting9,2018K2,0,Bergen,"Nettoinnflytting, inkl. inn- og utvandring"
4601,Nettoinnflytting9,2018K3,0,Bergen,"Nettoinnflytting, inkl. inn- og utvandring"
4601,Nettoinnflytting9,2018K4,0,Bergen,"Nettoinnflytting, inkl. inn- og utvandring"
4601,Nettoinnflytting9,2019K1,0,Bergen,"Nettoinnflytting, inkl. inn- og utvandring"
4601,Nettoinnflytting9,2019K2,0,Bergen,"Nettoinnflytting, inkl. inn- og utvandring"
4601,Nettoinnflytting9,2019K3,0,Bergen,"Nettoinnflytting, inkl. inn- og utvandring"
4601,Nettoinnflytting9,2019K4,0,Bergen,"Nettoinnflytting, inkl. inn- og utvandring"
4601,Nettoinnflytting9,2020K1,73,Bergen,"Nettoinnflytting, inkl. inn- og utvandring"
4601,Nettoinnflytting9,2020K2,-803,Bergen,"Nettoinnflytting, inkl. inn- og utvandring"
4601,Nettoinnflytting9,2020K3,1016,Bergen,"Nettoinnflytting, inkl. inn- og utvandring"
4601,Nettoinnflytting9,2020K4,331,Bergen,"Nettoinnflytting, inkl. inn- og utvandring"
4601,Nettoinnflytting9,2021K1,2,Bergen,"Nettoinnflytting, inkl. inn- og utvandring"
4601,Nettoinnflytting9,2021K2,-1089,Bergen,"Nettoinnflytting, inkl. inn- og utvandring"
4601,Nettoinnflytting9,2021K3,972,Bergen,"Nettoinnflytting, inkl. inn- og utvandring"
4601,Nettoinnflytting9,2021K4,205,Bergen,"Nettoinnflytting, inkl. inn- og utvandring"
4601,Nettoinnflytting9,2022K1,348,Bergen,"Nettoinnflytting, inkl. inn- og utvandring"
4601,Nettoinnflytting9,2022K2,488,Bergen,"Nettoinnflytting, inkl. inn- og utvandring"
4601,Nettoinnflytting9,2022K3,403,Bergen,"Nettoinnflytting, inkl. inn- og utvandring"
4601,Nettoinnflytting9,2022K4,407,Bergen,"Nettoinnflytting, inkl. inn- og utvandring"
4601,Nettoinnflytting9,2023K1,864,Bergen,"Nettoinnflytting, inkl. inn- og utvandring"
4601,Nettoinnflytting9,2023K2,-146,Bergen,"Nettoinnflytting, inkl. inn- og utvandring"
4601,Nettoinnflytting9,2023K3,571,Bergen,"Nettoinnflytting, inkl. inn- og utvandring"
4601,Nettoinnflytting9,2023K4,580,Bergen,"Nettoinnflytting, inkl. inn- og utvandring"
4601,Nettoinnflytting9,2024K1,393,Bergen,"Nettoinnflytting, inkl. inn- og utvandring"
4601,Nettoinnflytting9,2024K2,-480,Bergen,"Nettoinnflytting, inkl. inn- og utvandring"
4601,Nettoinnflytting9,2024K3,666,Bergen,"Nettoinnflytting, inkl. inn- og utvandring"
4601,Nettoinnflytting9,2024K4,228,Bergen,"Nettoinnflytting, inkl. inn- og utvandring"
4601,Nettoinnflytting9,2025K1,109,Bergen,"Nettoinnflytting, inkl. inn- og utvandring"
4601,Nettoinnflytting9,2025K2,-584,Bergen,"Nettoinnflytting, inkl. inn- og utvandring"
4601,Nettoinnflytting9,2025K3,366,Bergen,"Nettoinnflytting, inkl. inn- og utvandring"
4601,Nettoinnflytting9,2025K4,229,Bergen,"Nettoinnflytting, inkl. inn- og utvandring"
4601,Nettoinnflytting9,2026K1,319,Bergen,"Nettoinnflytting, inkl. inn- og utvandring"
4601,Nettoinnflytting9,2026K2,-798,Bergen,"Nettoinnflytting, inkl. inn- og utvandring"
1201,Folketallet11,1997K4,225388,Bergen (1972-2019),Befolkning ved utgangen av kvartalet
1201,Folketallet11,1998K1,225933,Bergen (1972-2019),Befolkning ved utgangen av kvartalet
1201,Folketallet11,1998K2,226180,Bergen (1972-2019),Befolkning ved utgangen av kvartalet
1201,Folketallet11,1998K3,226860,Bergen (1972-2019),Befolkning ved utgangen av kvartalet
1201,Folketallet11,1998K4,227297,Bergen (1972-2019),Befolkning ved utgangen av kvartalet
1201,Folketallet11,1999K1,227730,Bergen (1972-2019),Befolkning ved utgangen av kvartalet
1201,Folketallet11,1999K2,228273,Bergen (1972-2019),Befolkning ved utgangen av kvartalet
1201,Folketallet11,1999K3,229188,Bergen (1972-2019),Befolkning ved utgangen av kvartalet
1201,Folketallet11,1999K4,229513,Bergen (1972-2019),Befolkning ved utgangen av kvartalet
1201,Folketallet11,2000K1,230036,Bergen (1972-2019),Befolkning ved utgangen av kvartalet
1201,Folketallet11,2000K2,230232,Bergen (1972-2019),Befolkning ved utgangen av kvartalet
1201,Folketallet11,2000K3,230628,Bergen (1972-2019),Befolkning ved utgangen av kvartalet
1201,Folketallet11,2000K4,230993,Bergen (1972-2019),Befolkning ved utgangen av kvartalet
1201,Folketallet11,2001K1,231666,Bergen (1972-2019),Befolkning ved utgangen av kvartalet
1201,Folketallet11,2001K2,231994,Bergen (1972-2019),Befolkning ved utgangen av kvartalet
1201,Folketallet11,2001K3,232825,Bergen (1972-2019),Befolkning ved utgangen av kvartalet
1201,Folketallet11,2001K4,233308,Bergen (1972-2019),Befolkning ved utgangen av kvartalet
1201,Folketallet11,2002K1,233892,Bergen (1972-2019),Befolkning ved utgangen av kvartalet
1201,Folketallet11,2002K2,234348,Bergen (1972-2019),Befolkning ved utgangen av kvartalet
1201,Folketallet11,2002K3,235007,Bergen (1972-2019),Befolkning ved utgangen av kvartalet
1201,Folketallet11,2002K4,235450,Bergen (1972-2019),Befolkning ved utgangen av kvartalet
1201,Folketallet11,2003K1,236014,Bergen (1972-2019),Befolkning ved utgangen av kvartalet
1201,Folketallet11,2003K2,236277,Bergen (1972-2019),Befolkning ved utgangen av kvartalet
1201,Folketallet11,2003K3,237062,Bergen (1972-2019),Befolkning ved utgangen av kvartalet
1201,Folketallet11,2003K4,237472,Bergen (1972-2019),Befolkning ved utgangen av kvartalet
1201,Folketallet11,2004K1,238002,Bergen (1972-2019),Befolkning ved utgangen av kvartalet
1201,Folketallet11,2004K2,238459,Bergen (1972-2019),Befolkning ved utgangen av kvartalet
1201,Folketallet11,2004K3,239151,Bergen (1972-2019),Befolkning ved utgangen av kvartalet
1201,Folketallet11,2004K4,239271,Bergen (1972-2019),Befolkning ved utgangen av kvartalet
1201,Folketallet11,2005K1,239950,Bergen (1972-2019),Befolkning ved utgangen av kvartalet
1201,Folketallet11,2005K2,240732,Bergen (1972-2019),Befolkning ved utgangen av kvartalet
1201,Folketallet11,2005K3,241440,Bergen (1972-2019),Befolkning ved utgangen av kvartalet
1201,Folketallet11,2005K4,242158,Bergen (1972-2019),Befolkning ved utgangen av kvartalet
1201,Folketallet11,2006K1,242854,Bergen (1972-2019),Befolkning ved utgangen av kvartalet
1201,Folketallet11,2006K2,243219,Bergen (1972-2019),Befolkning ved utgangen av kvartalet
1201,Folketallet11,2006K3,243960,Bergen (1972-2019),Befolkning ved utgangen av kvartalet
1201,Folketallet11,2006K4,244620,Bergen (1972-2019),Befolkning ved utgangen av kvartalet
1201,Folketallet11,2007K1,245444,Bergen (1972-2019),Befolkning ved utgangen av kvartalet
1201,Folketallet11,2007K2,245997,Bergen (1972-2019),Befolkning ved utgangen av kvartalet
1201,Folketallet11,2007K3,247123,Bergen (1972-2019),Befolkning ved utgangen av kvartalet
1201,Folketallet11,2007K4,247746,Bergen (1972-2019),Befolkning ved utgangen av kvartalet
1201,Folketallet11,2008K1,248668,Bergen (1972-2019),Befolkning ved utgangen av kvartalet
1201,Folketallet11,2008K2,249527,Bergen (1972-2019),Befolkning ved utgangen av kvartalet
1201,Folketallet11,2008K3,250985,Bergen (1972-2019),Befolkning ved utgangen av kvartalet
1201,Folketallet11,2008K4,252051,Bergen (1972-2019),Befolkning ved utgangen av kvartalet
1201,Folketallet11,2009K1,252918,Bergen (1972-2019),Befolkning ved utgangen av kvartalet
1201,Folketallet11,2009K2,253600,Bergen (1972-2019),Befolkning ved utgangen av kvartalet
1201,Folketallet11,2009K3,255490,Bergen (1972-2019),Befolkning ved utgangen av kvartalet
1201,Folketallet11,2009K4,256600,Bergen (1972-2019),Befolkning ved utgangen av kvartalet
1201,Folketallet11,2010K1,257864,Bergen (1972-2019),Befolkning ved utgangen av kvartalet
1201,Folketallet11,2010K2,258365,Bergen (1972-2019),Befolkning ved utgangen av kvartalet
1201,Folketallet11,2010K3,259913,Bergen (1972-2019),Befolkning ved utgangen av kvartalet
1201,Folketallet11,2010K4,260392,Bergen (1972-2019),Befolkning ved utgangen av kvartalet
1201,Folketallet11,2011K1,261311,Bergen (1972-2019),Befolkning ved utgangen av kvartalet
1201,Folketallet11,2011K2,261705,Bergen (1972-2019),Befolkning ved utgangen av kvartalet
1201,Folketallet11,2011K3,263218,Bergen (1972-2019),Befolkning ved utgangen av kvartalet
1201,Folketallet11,2011K4,263762,Bergen (1972-2019),Befolkning ved utgangen av kvartalet
1201,Folketallet11,2012K1,264785,Bergen (1972-2019),Befolkning ved utgangen av kvartalet
1201,Folketallet11,2012K2,265244,Bergen (1972-2019),Befolkning ved utgangen av kvartalet
1201,Folketallet11,2012K3,267160,Bergen (1972-2019),Befolkning ved utgangen av kvartalet
1201,Folketallet11,2012K4,267950,Bergen (1972-2019),Befolkning ved utgangen av kvartalet
1201,Folketallet11,2013K1,268926,Bergen (1972-2019),Befolkning ved utgangen av kvartalet
1201,Folketallet11,2013K2,269205,Bergen (1972-2019),Befolkning ved utgangen av kvartalet
1201,Folketallet11,2013K3,271067,Bergen (1972-2019),Befolkning ved utgangen av kvartalet
1201,Folketallet11,2013K4,271949,Bergen (1972-2019),Befolkning ved utgangen av kvartalet
1201,Folketallet11,2014K1,272520,Bergen (1972-2019),Befolkning ved utgangen av kvartalet
1201,Folketallet11,2014K2,272612,Bergen (1972-2019),Befolkning ved utgangen av kvartalet
1201,Folketallet11,2014K3,274379,Bergen (1972-2019),Befolkning ved utgangen av kvartalet
1201,Folketallet11,2014K4,275112,Bergen (1972-2019),Befolkning ved utgangen av kvartalet
1201,Folketallet11,2015K1,275737,Bergen (1972-2019),Befolkning ved utgangen av kvartalet
1201,Folketallet11,2015K2,275938,Bergen (1972-2019),Befolkning ved utgangen av kvartalet
1201,Folketallet11,2015K3,277378,Bergen (1972-2019),Befolkning ved utgangen av kvartalet
1201,Folketallet11,2015K4,277391,Bergen (1972-2019),Befolkning ved utgangen av kvartalet
1201,Folketallet11,2016K1,278120,Bergen (1972-2019),Befolkning ved utgangen av kvartalet
1201,Folketallet11,2016K2,277807,Bergen (1972-2019),Befolkning ved utgangen av kvartalet
1201,Folketallet11,2016K3,278951,Bergen (1972-2019),Befolkning ved utgangen av kvartalet
1201,Folketallet11,2016K4,278555,Bergen (1972-2019),Befolkning ved utgangen av kvartalet
1201,Folketallet11,2017K1,279007,Bergen (1972-2019),Befolkning ved utgangen av kvartalet
1201,Folketallet11,2017K2,279035,Bergen (1972-2019),Befolkning ved utgangen av kvartalet
1201,Folketallet11,2017K3,279914,Bergen (1972-2019),Befolkning ved utgangen av kvartalet
1201,Folketallet11,2017K4,279792,Bergen (1972-2019),Befolkning ved utgangen av kvartalet
1201,Folketallet11,2018K1,280216,Bergen (1972-2019),Befolkning ved utgangen av kvartalet
1201,Folketallet11,2018K2,280203,Bergen (1972-2019),Befolkning ved utgangen av kvartalet
1201,Folketallet11,2018K3,281445,Bergen (1972-2019),Befolkning ved utgangen av kvartalet
1201,Folketallet11,2018K4,281190,Bergen (1972-2019),Befolkning ved utgangen av kvartalet
1201,Folketallet11,2019K1,281858,Bergen (1972-2019),Befolkning ved utgangen av kvartalet
1201,Folketallet11,2019K2,281978,Bergen (1972-2019),Befolkning ved utgangen av kvartalet
1201,Folketallet11,2019K3,283246,Bergen (1972-2019),Befolkning ved utgangen av kvartalet
1201,Folketallet11,2019K4,283929,Bergen (1972-2019),Befolkning ved utgangen av kvartalet
1201,Folketallet11,2020K1,0,Bergen (1972-2019),Befolkning ved utgangen av kvartalet
1201,Folketallet11,2020K2,0,Bergen (1972-2019),Befolkning ved utgangen av kvartalet
1201,Folketallet11,2020K3,0,Bergen (1972-2019),Befolkning ved utgangen av kvartalet
1201,Folketallet11,2020K4,0,Bergen (1972-2019),Befolkning ved utgangen av kvartalet
1201,Folketallet11,2021K1,0,Bergen (1972-2019),Befolkning ved utgangen av kvartalet
1201,Folketallet11,2021K2,0,Bergen (1972-2019),Befolkning ved utgangen av kvartalet
1201,Folketallet11,2021K3,0,Bergen (1972-2019),Befolkning ved utgangen av kvartalet
1201,Folketallet11,2021K4,0,Bergen (1972-2019),Befolkning ved utgangen av kvartalet
1201,Folketallet11,2022K1,0,Bergen (1972-2019),Befolkning ved utgangen av kvartalet
1201,Folketallet11,2022K2,0,Bergen (1972-2019),Befolkning ved utgangen av kvartalet
1201,Folketallet11,2022K3,0,Bergen (1972-2019),Befolkning ved utgangen av kvartalet
1201,Folketallet11,2022K4,0,Bergen (1972-2019),Befolkning ved utgangen av kvartalet
1201,Folketallet11,2023K1,0,Bergen (1972-2019),Befolkning ved utgangen av kvartalet
1201,Folketallet11,2023K2,0,Bergen (1972-2019),Befolkning ved utgangen av kvartalet
1201,Folketallet11,2023K3,0,Bergen (1972-2019),Befolkning ved utgangen av kvartalet
1201,Folketallet11,2023K4,0,Bergen (1972-2019),Befolkning ved utgangen av kvartalet
1201,Folketallet11,2024K1,0,Bergen (1972-2019),Befolkning ved utgangen av kvartalet
1201,Folketallet11,2024K2,0,Bergen (1972-2019),Befolkning ved utgangen av kvartalet
1201,Folketallet11,2024K3,0,Bergen (1972-2019),Befolkning ved utgangen av kvartalet
1201,Folketallet11,2024K4,0,Bergen (1972-2019),Befolkning ved utgangen av kvartalet
1201,Folketallet11,2025K1,0,Bergen (1972-2019),Befolkning ved utgangen av kvartalet
1201,Folketallet11,2025K2,0,Bergen (1972-2019),Befolkning ved utgangen av kvartalet
1201,Folketallet11,2025K3,0,Bergen (1972-2019),Befolkning ved utgangen av kvartalet
1201,Folketallet11,2025K4,0,Bergen (1972-2019),Befolkning ved utgangen av kvartalet
1201,Folketallet11,2026K1,0,Bergen (1972-2019),Befolkning ved utgangen av kvartalet
1201,Folketallet11,2026K2,0,Bergen (1972-2019),Befolkning ved utgangen av kvartalet
1201,Nettoinnflytting9,1997K4,26,Bergen (1972-2019),"Nettoinnflytting, inkl. inn- og utvandring"
1201,Nettoinnflytting9,1998K1,227,Bergen (1972-2019),"Nettoinnflytting, inkl. inn- og utvandring"
1201,Nettoinnflytting9,1998K2,-25,Bergen (1972-2019),"Nettoinnflytting, inkl. inn- og utvandring"
1201,Nettoinnflytting9,1998K3,255,Bergen (1972-2019),"Nettoinnflytting, inkl. inn- og utvandring"
1201,Nettoinnflytting9,1998K4,206,Bergen (1972-2019),"Nettoinnflytting, inkl. inn- og utvandring"
1201,Nettoinnflytting9,1999K1,237,Bergen (1972-2019),"Nettoinnflytting, inkl. inn- og utvandring"
1201,Nettoinnflytting9,1999K2,183,Bergen (1972-2019),"Nettoinnflytting, inkl. inn- og utvandring"
1201,Nettoinnflytting9,1999K3,605,Bergen (1972-2019),"Nettoinnflytting, inkl. inn- og utvandring"
1201,Nettoinnflytting9,1999K4,138,Bergen (1972-2019),"Nettoinnflytting, inkl. inn- og utvandring"
1201,Nettoinnflytting9,2000K1,364,Bergen (1972-2019),"Nettoinnflytting, inkl. inn- og utvandring"
1201,Nettoinnflytting9,2000K2,-93,Bergen (1972-2019),"Nettoinnflytting, inkl. inn- og utvandring"
1201,Nettoinnflytting9,2000K3,39,Bergen (1972-2019),"Nettoinnflytting, inkl. inn- og utvandring"
1201,Nettoinnflytting9,2000K4,124,Bergen (1972-2019),"Nettoinnflytting, inkl. inn- og utvandring"
1201,Nettoinnflytting9,2001K1,451,Bergen (1972-2019),"Nettoinnflytting, inkl. inn- og utvandring"
1201,Nettoinnflytting9,2001K2,97,Bergen (1972-2019),"Nettoinnflytting, inkl. inn- og utvandring"
1201,Nettoinnflytting9,2001K3,514,Bergen (1972-2019),"Nettoinnflytting, inkl. inn- og utvandring"
1201,Nettoinnflytting9,2001K4,304,Bergen (1972-2019),"Nettoinnflytting, inkl. inn- og utvandring"
1201,Nettoinnflytting9,2002K1,388,Bergen (1972-2019),"Nettoinnflytting, inkl. inn- og utvandring"
1201,Nettoinnflytting9,2002K2,168,Bergen (1972-2019),"Nettoinnflytting, inkl. inn- og utvandring"
1201,Nettoinnflytting9,2002K3,336,Bergen (1972-2019),"Nettoinnflytting, inkl. inn- og utvandring"
1201,Nettoinnflytting9,2002K4,279,Bergen (1972-2019),"Nettoinnflytting, inkl. inn- og utvandring"
1201,Nettoinnflytting9,2003K1,366,Bergen (1972-2019),"Nettoinnflytting, inkl. inn- og utvandring"
1201,Nettoinnflytting9,2003K2,-47,Bergen (1972-2019),"Nettoinnflytting, inkl. inn- og utvandring"
1201,Nettoinnflytting9,2003K3,463,Bergen (1972-2019),"Nettoinnflytting, inkl. inn- og utvandring"
1201,Nettoinnflytting9,2003K4,154,Bergen (1972-2019),"Nettoinnflytting, inkl. inn- og utvandring"
1201,Nettoinnflytting9,2004K1,259,Bergen (1972-2019),"Nettoinnflytting, inkl. inn- og utvandring"
1201,Nettoinnflytting9,2004K2,79,Bergen (1972-2019),"Nettoinnflytting, inkl. inn- og utvandring"
1201,Nettoinnflytting9,2004K3,324,Bergen (1972-2019),"Nettoinnflytting, inkl. inn- og utvandring"
1201,Nettoinnflytting9,2004K4,-94,Bergen (1972-2019),"Nettoinnflytting, inkl. inn- og utvandring"
1201,Nettoinnflytting9,2005K1,408,Bergen (1972-2019),"Nettoinnflytting, inkl. inn- og utvandring"
1201,Nettoinnflytting9,2005K2,389,Bergen (1972-2019),"Nettoinnflytting, inkl. inn- og utvandring"
1201,Nettoinnflytting9,2005K3,320,Bergen (1972-2019),"Nettoinnflytting, inkl. inn- og utvandring"
1201,Nettoinnflytting9,2005K4,422,Bergen (1972-2019),"Nettoinnflytting, inkl. inn- og utvandring"
1201,Nettoinnflytting9,2006K1,361,Bergen (1972-2019),"Nettoinnflytting, inkl. inn- og utvandring"
1201,Nettoinnflytting9,2006K2,-11,Bergen (1972-2019),"Nettoinnflytting, inkl. inn- og utvandring"
1201,Nettoinnflytting9,2006K3,404,Bergen (1972-2019),"Nettoinnflytting, inkl. inn- og utvandring"
1201,Nettoinnflytting9,2006K4,355,Bergen (1972-2019),"Nettoinnflytting, inkl. inn- og utvandring"
1201,Nettoinnflytting9,2007K1,574,Bergen (1972-2019),"Nettoinnflytting, inkl. inn- og utvandring"
1201,Nettoinnflytting9,2007K2,149,Bergen (1972-2019),"Nettoinnflytting, inkl. inn- og utvandring"
1201,Nettoinnflytting9,2007K3,695,Bergen (1972-2019),"Nettoinnflytting, inkl. inn- og utvandring"
1201,Nettoinnflytting9,2007K4,349,Bergen (1972-2019),"Nettoinnflytting, inkl. inn- og utvandring"
1201,Nettoinnflytting9,2008K1,648,Bergen (1972-2019),"Nettoinnflytting, inkl. inn- og utvandring"
1201,Nettoinnflytting9,2008K2,480,Bergen (1972-2019),"Nettoinnflytting, inkl. inn- og utvandring"
1201,Nettoinnflytting9,2008K3,1012,Bergen (1972-2019),"Nettoinnflytting, inkl. inn- og utvandring"
1201,Nettoinnflytting9,2008K4,725,Bergen (1972-2019),"Nettoinnflytting, inkl. inn- og utvandring"
1201,Nettoinnflytting9,2009K1,593,Bergen (1972-2019),"Nettoinnflytting, inkl. inn- og utvandring"
1201,Nettoinnflytting9,2009K2,229,Bergen (1972-2019),"Nettoinnflytting, inkl. inn- og utvandring"
1201,Nettoinnflytting9,2009K3,1386,Bergen (1972-2019),"Nettoinnflytting, inkl. inn- og utvandring"
1201,Nettoinnflytting9,2009K4,766,Bergen (1972-2019),"Nettoinnflytting, inkl. inn- og utvandring"
1201,Nettoinnflytting9,2010K1,938,Bergen (1972-2019),"Nettoinnflytting, inkl. inn- og utvandring"
1201,Nettoinnflytting9,2010K2,53,Bergen (1972-2019),"Nettoinnflytting, inkl. inn- og utvandring"
1201,Nettoinnflytting9,2010K3,1100,Bergen (1972-2019),"Nettoinnflytting, inkl. inn- og utvandring"
1201,Nettoinnflytting9,2010K4,202,Bergen (1972-2019),"Nettoinnflytting, inkl. inn- og utvandring"
1201,Nettoinnflytting9,2011K1,607,Bergen (1972-2019),"Nettoinnflytting, inkl. inn- og utvandring"
1201,Nettoinnflytting9,2011K2,15,Bergen (1972-2019),"Nettoinnflytting, inkl. inn- og utvandring"
1201,Nettoinnflytting9,2011K3,1038,Bergen (1972-2019),"Nettoinnflytting, inkl. inn- og utvandring"
1201,Nettoinnflytting9,2011K4,298,Bergen (1972-2019),"Nettoinnflytting, inkl. inn- og utvandring"
1201,Nettoinnflytting9,2012K1,804,Bergen (1972-2019),"Nettoinnflytting, inkl. inn- og utvandring"
1201,Nettoinnflytting9,2012K2,1,Bergen (1972-2019),"Nettoinnflytting, inkl. inn- og utvandring"
1201,Nettoinnflytting9,2012K3,1463,Bergen (1972-2019),"Nettoinnflytting, inkl. inn- og utvandring"
1201,Nettoinnflytting9,2012K4,523,Bergen (1972-2019),"Nettoinnflytting, inkl. inn- og utvandring"
1201,Nettoinnflytting9,2013K1,717,Bergen (1972-2019),"Nettoinnflytting, inkl. inn- og utvandring"
1201,Nettoinnflytting9,2013K2,-196,Bergen (1972-2019),"Nettoinnflytting, inkl. inn- og utvandring"
1201,Nettoinnflytting9,2013K3,1445,Bergen (1972-2019),"Nettoinnflytting, inkl. inn- og utvandring"
1201,Nettoinnflytting9,2013K4,592,Bergen (1972-2019),"Nettoinnflytting, inkl. inn- og utvandring"
1201,Nettoinnflytting9,2014K1,254,Bergen (1972-2019),"Nettoinnflytting, inkl. inn- og utvandring"
1201,Nettoinnflytting9,2014K2,-303,Bergen (1972-2019),"Nettoinnflytting, inkl. inn- og utvandring"
1201,Nettoinnflytting9,2014K3,1363,Bergen (1972-2019),"Nettoinnflytting, inkl. inn- og utvandring"
1201,Nettoinnflytting9,2014K4,453,Bergen (1972-2019),"Nettoinnflytting, inkl. inn- og utvandring"
1201,Nettoinnflytting9,2015K1,401,Bergen (1972-2019),"Nettoinnflytting, inkl. inn- og utvandring"
1201,Nettoinnflytting9,2015K2,-300,Bergen (1972-2019),"Nettoinnflytting, inkl. inn- og utvandring"
1201,Nettoinnflytting9,2015K3,935,Bergen (1972-2019),"Nettoinnflytting, inkl. inn- og utvandring"
1201,Nettoinnflytting9,2015K4,-322,Bergen (1972-2019),"Nettoinnflytting, inkl. inn- og utvandring"
1201,Nettoinnflytting9,2016K1,379,Bergen (1972-2019),"Nettoinnflytting, inkl. inn- og utvandring"
1201,Nettoinnflytting9,2016K2,-784,Bergen (1972-2019),"Nettoinnflytting, inkl. inn- og utvandring"
1201,Nettoinnflytting9,2016K3,668,Bergen (1972-2019),"Nettoinnflytting, inkl. inn- og utvandring"
1201,Nettoinnflytting9,2016K4,-648,Bergen (1972-2019),"Nettoinnflytting, inkl. inn- og utvandring"
1201,Nettoinnflytting9,2017K1,202,Bergen (1972-2019),"Nettoinnflytting, inkl. inn- og utvandring"
1201,Nettoinnflytting9,2017K2,-308,Bergen (1972-2019),"Nettoinnflytting, inkl. inn- og utvandring"
1201,Nettoinnflytting9,2017K3,468,Bergen (1972-2019),"Nettoinnflytting, inkl. inn- og utvandring"
1201,Nettoinnflytting9,2017K4,-404,Bergen (1972-2019),"Nettoinnflytting, inkl. inn- og utvandring"
1201,Nettoinnflytting9,2018K1,197,Bergen (1972-2019),"Nettoinnflytting, inkl. inn- og utvandring"
1201,Nettoinnflytting9,2018K2,-382,Bergen (1972-2019),"Nettoinnflytting, inkl. inn- og utvandring"
1201,Nettoinnflytting9,2018K3,805,Bergen (1972-2019),"Nettoinnflytting, inkl. inn- og utvandring"
1201,Nettoinnflytting9,2018K4,-491,Bergen (1972-2019),"Nettoinnflytting, inkl. inn- og utvandring"
1201,Nettoinnflytting9,2019K1,387,Bergen (1972-2019),"Nettoinnflytting, inkl. inn- og utvandring"
1201,Nettoinnflytting9,2019K2,-207,Bergen (1972-2019),"Nettoinnflytting, inkl. inn- og utvandring"
1201,Nettoinnflytting9,2019K3,872,Bergen (1972-2019),"Nettoinnflytting, inkl. inn- og utvandring"
1201,Nettoinnflytting9,2019K4,429,Bergen (1972-2019),"Nettoinnflytting, inkl. inn- og utvandring"
1201,Nettoinnflytting9,2020K1,0,Bergen (1972-2019),"Nettoinnflytting, inkl. inn- og utvandring"
1201,Nettoinnflytting9,2020K2,0,Bergen (1972-2019),"Nettoinnflytting, inkl. inn- og utvandring"
1201,Nettoinnflytting9,2020K3,0,Bergen (1972-2019),"Nettoinnflytting, inkl. inn- og utvandring"
1201,Nettoinnflytting9,2020K4,0,Bergen (1972-2019),"Nettoinnflytting, inkl. inn- og utvandring"
1201,Nettoinnflytting9,2021K1,0,Bergen (1972-2019),"Nettoinnflytting, inkl. inn- og utvandring"
1201,Nettoinnflytting9,2021K2,0,Bergen (1972-2019),"Nettoinnflytting, inkl. inn- og utvandring"
1201,Nettoinnflytting9,2021K3,0,Bergen (1972-2019),"Nettoinnflytting, inkl. inn- og utvandring"
1201,Nettoinnflytting9,2021K4,0,Bergen (1972-2019),"Nettoinnflytting, inkl. inn- og utvandring"
1201,Nettoinnflytting9,2022K1,0,Bergen (1972-2019),"Nettoinnflytting, inkl. inn- og utvandring"
1201,Nettoinnflytting9,2022K2,0,Bergen (1972-2019),"Nettoinnflytting, inkl. inn- og utvandring"
1201,Nettoinnflytting9,2022K3,0,Bergen (1972-2019),"Nettoinnflytting, inkl. inn- og utvandring"
1201,Nettoinnflytting9,2022K4,0,Bergen (1972-2019),"Nettoinnflytting, inkl. inn- og utvandring"
1201,Nettoinnflytting9,2023K1,0,Bergen (1972-2019),"Nettoinnflytting, inkl. inn- og utvandring"
1201,Nettoinnflytting9,2023K2,0,Bergen (1972-2019),"Nettoinnflytting, inkl. inn- og utvandring"
1201,Nettoinnflytting9,2023K3,0,Bergen (1972-2019),"Nettoinnflytting, inkl. inn- og utvandring"
1201,Nettoinnflytting9,2023K4,0,Bergen (1972-2019),"Nettoinnflytting, inkl. inn- og utvandring"
1201,Nettoinnflytting9,2024K1,0,Bergen (1972-2019),"Nettoinnflytting, inkl. inn- og utvandring"
1201,Nettoinnflytting9,2024K2,0,Bergen (1972-2019),"Nettoinnflytting, inkl. inn- og utvandring"
1201,Nettoinnflytting9,2024K3,0,Bergen (1972-2019),"Nettoinnflytting, inkl. inn- og utvandring"
1201,Nettoinnflytting9,2024K4,0,Bergen (1972-2019),"Nettoinnflytting, inkl. inn- og utvandring"
1201,Nettoinnflytting9,2025K1,0,Bergen (1972-2019),"Nettoinnflytting, inkl. inn- og utvandring"
1201,Nettoinnflytting9,2025K2,0,Bergen (1972-2019),"Nettoinnflytting, inkl. inn- og utvandring"
1201,Nettoinnflytting9,2025K3,0,Bergen (1972-2019),"Nettoinnflytting, inkl. inn- og utvandring"
1201,Nettoinnflytting9,2025K4,0,Bergen (1972-2019),"Nettoinnflytting, inkl. inn- og utvandring"
1201,Nettoinnflytting9,2026K1,0,Bergen (1972-2019),"Nettoinnflytting, inkl. inn- og utvandring"
1201,Nettoinnflytting9,2026K2,0,Bergen (1972-2019),"Nettoinnflytting, inkl. inn- og utvandring"
13,Folketallet11,1997K4,0,Bergen (-1971),Befolkning ved utgangen av kvartalet
13,Folketallet11,1998K1,0,Bergen (-1971),Befolkning ved utgangen av kvartalet
13,Folketallet11,1998K2,0,Bergen (-1971),Befolkning ved utgangen av kvartalet
13,Folketallet11,1998K3,0,Bergen (-1971),Befolkning ved utgangen av kvartalet
13,Folketallet11,1998K4,0,Bergen (-1971),Befolkning ved utgangen av kvartalet
13,Folketallet11,1999K1,0,Bergen (-1971),Befolkning ved utgangen av kvartalet
13,Folketallet11,1999K2,0,Bergen (-1971),Befolkning ved utgangen av kvartalet
13,Folketallet11,1999K3,0,Bergen (-1971),Befolkning ved utgangen av kvartalet
13,Folketallet11,1999K4,0,Bergen (-1971),Befolkning ved utgangen av kvartalet
13,Folketallet11,2000K1,0,Bergen (-1971),Befolkning ved utgangen av kvartalet
13,Folketallet11,2000K2,0,Bergen (-1971),Befolkning ved utgangen av kvartalet
13,Folketallet11,2000K3,0,Bergen (-1971),Befolkning ved utgangen av kvartalet
13,Folketallet11,2000K4,0,Bergen (-1971),Befolkning ved utgangen av kvartalet
13,Folketallet11,2001K1,0,Bergen (-1971),Befolkning ved utgangen av kvartalet
13,Folketallet11,2001K2,0,Bergen (-1971),Befolkning ved utgangen av kvartalet
13,Folketallet11,2001K3,0,Bergen (-1971),Befolkning ved utgangen av kvartalet
13,Folketallet11,2001K4,0,Bergen (-1971),Befolkning ved utgangen av kvartalet
13,Folketallet11,2002K1,0,Bergen (-1971),Befolkning ved utgangen av kvartalet
13,Folketallet11,2002K2,0,Bergen (-1971),Befolkning ved utgangen av kvartalet
13,Folketallet11,2002K3,0,Bergen (-1971),Befolkning ved utgangen av kvartalet
13,Folketallet11,2002K4,0,Bergen (-1971),Befolkning ved utgangen av kvartalet
13,Folketallet11,2003K1,0,Bergen (-1971),Befolkning ved utgangen av kvartalet
13,Folketallet11,2003K2,0,Bergen (-1971),Befolkning ved utgangen av kvartalet
13,Folketallet11,2003K3,0,Bergen (-1971),Befolkning ved utgangen av kvartalet
13,Folketallet11,2003K4,0,Bergen (-1971),Befolkning ved utgangen av kvartalet
13,Folketallet11,2004K1,0,Bergen (-1971),Befolkning ved utgangen av kvartalet
13,Folketallet11,2004K2,0,Bergen (-1971),Befolkning ved utgangen av kvartalet
13,Folketallet11,2004K3,0,Bergen (-1971),Befolkning ved utgangen av kvartalet
13,Folketallet11,2004K4,0,Bergen (-1971),Befolkning ved utgangen av kvartalet
13,Folketallet11,2005K1,0,Bergen (-1971),Befolkning ved utgangen av kvartalet
13,Folketallet11,2005K2,0,Bergen (-1971),Befolkning ved utgangen av kvartalet
13,Folketallet11,2005K3,0,Bergen (-1971),Befolkning ved utgangen av kvartalet
13,Folketallet11,2005K4,0,Bergen (-1971),Befolkning ved utgangen av kvartalet
13,Folketallet11,2006K1,0,Bergen (-1971),Befolkning ved utgangen av kvartalet
13,Folketallet11,2006K2,0,Bergen (-1971),Befolkning ved utgangen av kvartalet
13,Folketallet11,2006K3,0,Bergen (-1971),Befolkning ved utgangen av kvartalet
13,Folketallet11,2006K4,0,Bergen (-1971),Befolkning ved utgangen av kvartalet
13,Folketallet11,2007K1,0,Bergen (-1971),Befolkning ved utgangen av kvartalet
13,Folketallet11,2007K2,0,Bergen (-1971),Befolkning ved utgangen av kvartalet
13,Folketallet11,2007K3,0,Bergen (-1971),Befolkning ved utgangen av kvartalet
13,Folketallet11,2007K4,0,Bergen (-1971),Befolkning ved utgangen av kvartalet
13,Folketallet11,2008K1,0,Bergen (-1971),Befolkning ved utgangen av kvartalet
13,Folketallet11,2008K2,0,Bergen (-1971),Befolkning ved utgangen av kvartalet
13,Folketallet11,2008K3,0,Bergen (-1971),Befolkning ved utgangen av kvartalet
13,Folketallet11,2008K4,0,Bergen (-1971),Befolkning ved utgangen av kvartalet
13,Folketallet11,2009K1,0,Bergen (-1971),Befolkning ved utgangen av kvartalet
13,Folketallet11,2009K2,0,Bergen (-1971),Befolkning ved utgangen av kvartalet
13,Folketallet11,2009K3,0,Bergen (-1971),Befolkning ved utgangen av kvartalet
13,Folketallet11,2009K4,0,Bergen (-1971),Befolkning ved utgangen av kvartalet
13,Folketallet11,2010K1,0,Bergen (-1971),Befolkning ved utgangen av kvartalet
13,Folketallet11,2010K2,0,Bergen (-1971),Befolkning ved utgangen av kvartalet
13,Folketallet11,2010K3,0,Bergen (-1971),Befolkning ved utgangen av kvartalet
13,Folketallet11,2010K4,0,Bergen (-1971),Befolkning ved utgangen av kvartalet
13,Folketallet11,2011K1,0,Bergen (-1971),Befolkning ved utgangen av kvartalet
13,Folketallet11,2011K2,0,Bergen (-1971),Befolkning ved utgangen av kvartalet
13,Folketallet11,2011K3,0,Bergen (-1971),Befolkning ved utgangen av kvartalet
13,Folketallet11,2011K4,0,Bergen (-1971),Befolkning ved utgangen av kvartalet
13,Folketallet11,2012K1,0,Bergen (-1971),Befolkning ved utgangen av kvartalet
13,Folketallet11,2012K2,0,Bergen (-1971),Befolkning ved utgangen av kvartalet
13,Folketallet11,2012K3,0,Bergen (-1971),Befolkning ved utgangen av kvartalet
13,Folketallet11,2012K4,0,Bergen (-1971),Befolkning ved utgangen av kvartalet
13,Folketallet11,2013K1,0,Bergen (-1971),Befolkning ved utgangen av kvartalet
13,Folketallet11,2013K2,0,Bergen (-1971),Befolkning ved utgangen av kvartalet
13,Folketallet11,2013K3,0,Bergen (-1971),Befolkning ved utgangen av kvartalet
13,Folketallet11,2013K4,0,Bergen (-1971),Befolkning ved utgangen av kvartalet
13,Folketallet11,2014K1,0,Bergen (-1971),Befolkning ved utgangen av kvartalet
13,Folketallet11,2014K2,0,Bergen (-1971),Befolkning ved utgangen av kvartalet
13,Folketallet11,2014K3,0,Bergen (-1971),Befolkning ved utgangen av kvartalet
13,Folketallet11,2014K4,0,Bergen (-1971),Befolkning ved utgangen av kvartalet
13,Folketallet11,2015K1,0,Bergen (-1971),Befolkning ved utgangen av kvartalet
13,Folketallet11,2015K2,0,Bergen (-1971),Befolkning ved utgangen av kvartalet
13,Folketallet11,2015K3,0,Bergen (-1971),Befolkning ved utgangen av kvartalet
13,Folketallet11,2015K4,0,Bergen (-1971),Befolkning ved utgangen av kvartalet
13,Folketallet11,2016K1,0,Bergen (-1971),Befolkning ved utgangen av kvartalet
13,Folketallet11,2016K2,0,Bergen (-1971),Befolkning ved utgangen av kvartalet
13,Folketallet11,2016K3,0,Bergen (-1971),Befolkning ved utgangen av kvartalet
13,Folketallet11,2016K4,0,Bergen (-1971),Befolkning ved utgangen av kvartalet
13,Folketallet11,2017K1,0,Bergen (-1971),Befolkning ved utgangen av kvartalet
13,Folketallet11,2017K2,0,Bergen (-1971),Befolkning ved utgangen av kvartalet
13,Folketallet11,2017K3,0,Bergen (-1971),Befolkning ved utgangen av kvartalet
13,Folketallet11,2017K4,0,Bergen (-1971),Befolkning ved utgangen av kvartalet
13,Folketallet11,2018K1,0,Bergen (-1971),Befolkning ved utgangen av kvartalet
13,Folketallet11,2018K2,0,Bergen (-1971),Befolkning ved utgangen av kvartalet
13,Folketallet11,2018K3,0,Bergen (-1971),Befolkning ved utgangen av kvartalet
13,Folketallet11,2018K4,0,Bergen (-1971),Befolkning ved utgangen av kvartalet
13,Folketallet11,2019K1,0,Bergen (-1971),Befolkning ved utgangen av kvartalet
13,Folketallet11,2019K2,0,Bergen (-1971),Befolkning ved utgangen av kvartalet
13,Folketallet11,2019K3,0,Bergen (-1971),Befolkning ved utgangen av kvartalet
13,Folketallet11,2019K4,0,Bergen (-1971),Befolkning ved utgangen av kvartalet
13,Folketallet11,2020K1,0,Bergen (-1971),Befolkning ved utgangen av kvartalet
13,Folketallet11,2020K2,0,Bergen (-1971),Befolkning ved utgangen av kvartalet
13,Folketallet11,2020K3,0,Bergen (-1971),Befolkning ved utgangen av kvartalet
13,Folketallet11,2020K4,0,Bergen (-1971),Befolkning ved utgangen av kvartalet
13,Folketallet11,2021K1,0,Bergen (-1971),Befolkning ved utgangen av kvartalet
13,Folketallet11,2021K2,0,Bergen (-1971),Befolkning ved utgangen av kvartalet
13,Folketallet11,2021K3,0,Bergen (-1971),Befolkning ved utgangen av kvartalet
13,Folketallet11,2021K4,0,Bergen (-1971),Befolkning ved utgangen av kvartalet
13,Folketallet11,2022K1,0,Bergen (-1971),Befolkning ved utgangen av kvartalet
13,Folketallet11,2022K2,0,Bergen (-1971),Befolkning ved utgangen av kvartalet
13,Folketallet11,2022K3,0,Bergen (-1971),Befolkning ved utgangen av kvartalet
13,Folketallet11,2022K4,0,Bergen (-1971),Befolkning ved utgangen av kvartalet
13,Folketallet11,2023K1,0,Bergen (-1971),Befolkning ved utgangen av kvartalet
13,Folketallet11,2023K2,0,Bergen (-1971),Befolkning ved utgangen av kvartalet
13,Folketallet11,2023K3,0,Bergen (-1971),Befolkning ved utgangen av kvartalet
13,Folketallet11,2023K4,0,Bergen (-1971),Befolkning ved utgangen av kvartalet
13,Folketallet11,2024K1,0,Bergen (-1971),Befolkning ved utgangen av kvartalet
13,Folketallet11,2024K2,0,Bergen (-1971),Befolkning ved utgangen av kvartalet
13,Folketallet11,2024K3,0,Bergen (-1971),Befolkning ved utgangen av kvartalet
13,Folketallet11,2024K4,0,Bergen (-1971),Befolkning ved utgangen av kvartalet
13,Folketallet11,2025K1,0,Bergen (-1971),Befolkning ved utgangen av kvartalet
13,Folketallet11,2025K2,0,Bergen (-1971),Befolkning ved utgangen av kvartalet
13,Folketallet11,2025K3,0,Bergen (-1971),Befolkning ved utgangen av kvartalet
13,Folketallet11,2025K4,0,Bergen (-1971),Befolkning ved utgangen av kvartalet
13,Folketallet11,2026K1,0,Bergen (-1971),Befolkning ved utgangen av kvartalet
13,Folketallet11,2026K2,0,Bergen (-1971),Befolkning ved utgangen av kvartalet
13,Nettoinnflytting9,1997K4,0,Bergen (-1971),"Nettoinnflytting, inkl. inn- og utvandring"
13,Nettoinnflytting9,1998K1,0,Bergen (-1971),"Nettoinnflytting, inkl. inn- og utvandring"
13,Nettoinnflytting9,1998K2,0,Bergen (-1971),"Nettoinnflytting, inkl. inn- og utvandring"
13,Nettoinnflytting9,1998K3,0,Bergen (-1971),"Nettoinnflytting, inkl. inn- og utvandring"
13,Nettoinnflytting9,1998K4,0,Bergen (-1971),"Nettoinnflytting, inkl. inn- og utvandring"
13,Nettoinnflytting9,1999K1,0,Bergen (-1971),"Nettoinnflytting, inkl. inn- og utvandring"
13,Nettoinnflytting9,1999K2,0,Bergen (-1971),"Nettoinnflytting, inkl. inn- og utvandring"
13,Nettoinnflytting9,1999K3,0,Bergen (-1971),"Nettoinnflytting, inkl. inn- og utvandring"
13,Nettoinnflytting9,1999K4,0,Bergen (-1971),"Nettoinnflytting, inkl. inn- og utvandring"
13,Nettoinnflytting9,2000K1,0,Bergen (-1971),"Nettoinnflytting, inkl. inn- og utvandring"
13,Nettoinnflytting9,2000K2,0,Bergen (-1971),"Nettoinnflytting, inkl. inn- og utvandring"
13,Nettoinnflytting9,2000K3,0,Bergen (-1971),"Nettoinnflytting, inkl. inn- og utvandring"
13,Nettoinnflytting9,2000K4,0,Bergen (-1971),"Nettoinnflytting, inkl. inn- og utvandring"
13,Nettoinnflytting9,2001K1,0,Bergen (-1971),"Nettoinnflytting, inkl. inn- og utvandring"
13,Nettoinnflytting9,2001K2,0,Bergen (-1971),"Nettoinnflytting, inkl. inn- og utvandring"
13,Nettoinnflytting9,2001K3,0,Bergen (-1971),"Nettoinnflytting, inkl. inn- og utvandring"
13,Nettoinnflytting9,2001K4,0,Bergen (-1971),"Nettoinnflytting, inkl. inn- og utvandring"
13,Nettoinnflytting9,2002K1,0,Bergen (-1971),"Nettoinnflytting, inkl. inn- og utvandring"
13,Nettoinnflytting9,2002K2,0,Bergen (-1971),"Nettoinnflytting, inkl. inn- og utvandring"
13,Nettoinnflytting9,2002K3,0,Bergen (-1971),"Nettoinnflytting, inkl. inn- og utvandring"
13,Nettoinnflytting9,2002K4,0,Bergen (-1971),"Nettoinnflytting, inkl. inn- og utvandring"
13,Nettoinnflytting9,2003K1,0,Bergen (-1971),"Nettoinnflytting, inkl. inn- og utvandring"
13,Nettoinnflytting9,2003K2,0,Bergen (-1971),"Nettoinnflytting, inkl. inn- og utvandring"
13,Nettoinnflytting9,2003K3,0,Bergen (-1971),"Nettoinnflytting, inkl. inn- og utvandring"
13,Nettoinnflytting9,2003K4,0,Bergen (-1971),"Nettoinnflytting, inkl. inn- og utvandring"
13,Nettoinnflytting9,2004K1,0,Bergen (-1971),"Nettoinnflytting, inkl. inn- og utvandring"
13,Nettoinnflytting9,2004K2,0,Bergen (-1971),"Nettoinnflytting, inkl. inn- og utvandring"
13,Nettoinnflytting9,2004K3,0,Bergen (-1971),"Nettoinnflytting, inkl. inn- og utvandring"
13,Nettoinnflytting9,2004K4,0,Bergen (-1971),"Nettoinnflytting, inkl. inn- og utvandring"
13,Nettoinnflytting9,2005K1,0,Bergen (-1971),"Nettoinnflytting, inkl. inn- og utvandring"
13,Nettoinnflytting9,2005K2,0,Bergen (-1971),"Nettoinnflytting, inkl. inn- og utvandring"
13,Nettoinnflytting9,2005K3,0,Bergen (-1971),"Nettoinnflytting, inkl. inn- og utvandring"
13,Nettoinnflytting9,2005K4,0,Bergen (-1971),"Nettoinnflytting, inkl. inn- og utvandring"
13,Nettoinnflytting9,2006K1,0,Bergen (-1971),"Nettoinnflytting, inkl. inn- og utvandring"
13,Nettoinnflytting9,2006K2,0,Bergen (-1971),"Nettoinnflytting, inkl. inn- og utvandring"
13,Nettoinnflytting9,2006K3,0,Bergen (-1971),"Nettoinnflytting, inkl. inn- og utvandring"
13,Nettoinnflytting9,2006K4,0,Bergen (-1971),"Nettoinnflytting, inkl. inn- og utvandring"
13,Nettoinnflytting9,2007K1,0,Bergen (-1971),"Nettoinnflytting, inkl. inn- og utvandring"
13,Nettoinnflytting9,2007K2,0,Bergen (-1971),"Nettoinnflytting, inkl. inn- og utvandring"
13,Nettoinnflytting9,2007K3,0,Bergen (-1971),"Nettoinnflytting, inkl. inn- og utvandring"
13,Nettoinnflytting9,2007K4,0,Bergen (-1971),"Nettoinnflytting, inkl. inn- og utvandring"
13,Nettoinnflytting9,2008K1,0,Bergen (-1971),"Nettoinnflytting, inkl. inn- og utvandring"
13,Nettoinnflytting9,2008K2,0,Bergen (-1971),"Nettoinnflytting, inkl. inn- og utvandring"
13,Nettoinnflytting9,2008K3,0,Bergen (-1971),"Nettoinnflytting, inkl. inn- og utvandring"
13,Nettoinnflytting9,2008K4,0,Bergen (-1971),"Nettoinnflytting, inkl. inn- og utvandring"
13,Nettoinnflytting9,2009K1,0,Bergen (-1971),"Nettoinnflytting, inkl. inn- og utvandring"
13,Nettoinnflytting9,2009K2,0,Bergen (-1971),"Nettoinnflytting, inkl. inn- og utvandring"
13,Nettoinnflytting9,2009K3,0,Bergen (-1971),"Nettoinnflytting, inkl. inn- og utvandring"
13,Nettoinnflytting9,2009K4,0,Bergen (-1971),"Nettoinnflytting, inkl. inn- og utvandring"
13,Nettoinnflytting9,2010K1,0,Bergen (-1971),"Nettoinnflytting, inkl. inn- og utvandring"
13,Nettoinnflytting9,2010K2,0,Bergen (-1971),"Nettoinnflytting, inkl. inn- og utvandring"
13,Nettoinnflytting9,2010K3,0,Bergen (-1971),"Nettoinnflytting, inkl. inn- og utvandring"
13,Nettoinnflytting9,2010K4,0,Bergen (-1971),"Nettoinnflytting, inkl. inn- og utvandring"
13,Nettoinnflytting9,2011K1,0,Bergen (-1971),"Nettoinnflytting, inkl. inn- og utvandring"
13,Nettoinnflytting9,2011K2,0,Bergen (-1971),"Nettoinnflytting, inkl. inn- og utvandring"
13,Nettoinnflytting9,2011K3,0,Bergen (-1971),"Nettoinnflytting, inkl. inn- og utvandring"
13,Nettoinnflytting9,2011K4,0,Bergen (-1971),"Nettoinnflytting, inkl. inn- og utvandring"
13,Nettoinnflytting9,2012K1,0,Bergen (-1971),"Nettoinnflytting, inkl. inn- og utvandring"
13,Nettoinnflytting9,2012K2,0,Bergen (-1971),"Nettoinnflytting, inkl. inn- og utvandring"
13,Nettoinnflytting9,2012K3,0,Bergen (-1971),"Nettoinnflytting, inkl. inn- og utvandring"
13,Nettoinnflytting9,2012K4,0,Bergen (-1971),"Nettoinnflytting, inkl. inn- og utvandring"
13,Nettoinnflytting9,2013K1,0,Bergen (-1971),"Nettoinnflytting, inkl. inn- og utvandring"
13,Nettoinnflytting9,2013K2,0,Bergen (-1971),"Nettoinnflytting, inkl. inn- og utvandring"
13,Nettoinnflytting9,2013K3,0,Bergen (-1971),"Nettoinnflytting, inkl. inn- og utvandring"
13,Nettoinnflytting9,2013K4,0,Bergen (-1971),"Nettoinnflytting, inkl. inn- og utvandring"
13,Nettoinnflytting9,2014K1,0,Bergen (-1971),"Nettoinnflytting, inkl. inn- og utvandring"
13,Nettoinnflytting9,2014K2,0,Bergen (-1971),"Nettoinnflytting, inkl. inn- og utvandring"
13,Nettoinnflytting9,2014K3,0,Bergen (-1971),"Nettoinnflytting, inkl. inn- og utvandring"
13,Nettoinnflytting9,2014K4,0,Bergen (-1971),"Nettoinnflytting, inkl. inn- og utvandring"
13,Nettoinnflytting9,2015K1,0,Bergen (-1971),"Nettoinnflytting, inkl. inn- og utvandring"
13,Nettoinnflytting9,2015K2,0,Bergen (-1971),"Nettoinnflytting, inkl. inn- og utvandring"
13,Nettoinnflytting9,2015K3,0,Bergen (-1971),"Nettoinnflytting, inkl. inn- og utvandring"
13,Nettoinnflytting9,2015K4,0,Bergen (-1971),"Nettoinnflytting, inkl. inn- og utvandring"
13,Nettoinnflytting9,2016K1,0,Bergen (-1971),"Nettoinnflytting, inkl. inn- og utvandring"
13,Nettoinnflytting9,2016K2,0,Bergen (-1971),"Nettoinnflytting, inkl. inn- og utvandring"
13,Nettoinnflytting9,2016K3,0,Bergen (-1971),"Nettoinnflytting, inkl. inn- og utvandring"
13,Nettoinnflytting9,2016K4,0,Bergen (-1971),"Nettoinnflytting, inkl. inn- og utvandring"
13,Nettoinnflytting9,2017K1,0,Bergen (-1971),"Nettoinnflytting, inkl. inn- og utvandring"
13,Nettoinnflytting9,2017K2,0,Bergen (-1971),"Nettoinnflytting, inkl. inn- og utvandring"
13,Nettoinnflytting9,2017K3,0,Bergen (-1971),"Nettoinnflytting, inkl. inn- og utvandring"
13,Nettoinnflytting9,2017K4,0,Bergen (-1971),"Nettoinnflytting, inkl. inn- og utvandring"
13,Nettoinnflytting9,2018K1,0,Bergen (-1971),"Nettoinnflytting, inkl. inn- og utvandring"
13,Nettoinnflytting9,2018K2,0,Bergen (-1971),"Nettoinnflytting, inkl. inn- og utvandring"
13,Nettoinnflytting9,2018K3,0,Bergen (-1971),"Nettoinnflytting, inkl. inn- og utvandring"
13,Nettoinnflytting9,2018K4,0,Bergen (-1971),"Nettoinnflytting, inkl. inn- og utvandring"
13,Nettoinnflytting9,2019K1,0,Bergen (-1971),"Nettoinnflytting, inkl. inn- og utvandring"
13,Nettoinnflytting9,2019K2,0,Bergen (-1971),"Nettoinnflytting, inkl. inn- og utvandring"
13,Nettoinnflytting9,2019K3,0,Bergen (-1971),"Nettoinnflytting, inkl. inn- og utvandring"
13,Nettoinnflytting9,2019K4,0,Bergen (-1971),"Nettoinnflytting, inkl. inn- og utvandring"
13,Nettoinnflytting9,2020K1,0,Bergen (-1971),"Nettoinnflytting, inkl. inn- og utvandring"
13,Nettoinnflytting9,2020K2,0,Bergen (-1971),"Nettoinnflytting, inkl. inn- og utvandring"
13,Nettoinnflytting9,2020K3,0,Bergen (-1971),"Nettoinnflytting, inkl. inn- og utvandring"
13,Nettoinnflytting9,2020K4,0,Bergen (-1971),"Nettoinnflytting, inkl. inn- og utvandring"
13,Nettoinnflytting9,2021K1,0,Bergen (-1971),"Nettoinnflytting, inkl. inn- og utvandring"
13,Nettoinnflytting9,2021K2,0,Bergen (-1971),"Nettoinnflytting, inkl. inn- og utvandring"
13,Nettoinnflytting9,2021K3,0,Bergen (-1971),"Nettoinnflytting, inkl. inn- og utvandring"
13,Nettoinnflytting9,2021K4,0,Bergen (-1971),"Nettoinnflytting, inkl. inn- og utvandring"
13,Nettoinnflytting9,2022K1,0,Bergen (-1971),"Nettoinnflytting, inkl. inn- og utvandring"
13,Nettoinnflytting9,2022K2,0,Bergen (-1971),"Nettoinnflytting, inkl. inn- og utvandring"
13,Nettoinnflytting9,2022K3,0,Bergen (-1971),"Nettoinnflytting, inkl. inn- og utvandring"
13,Nettoinnflytting9,2022K4,0,Bergen (-1971),"Nettoinnflytting, inkl. inn- og utvandring"
13,Nettoinnflytting9,2023K1,0,Bergen (-1971),"Nettoinnflytting, inkl. inn- og utvandring"
13,Nettoinnflytting9,2023K2,0,Bergen (-1971),"Nettoinnflytting, inkl. inn- og utvandring"
13,Nettoinnflytting9,2023K3,0,Bergen (-1971),"Nettoinnflytting, inkl. inn- og utvandring"
13,Nettoinnflytting9,2023K4,0,Bergen (-1971),"Nettoinnflytting, inkl. inn- og utvandring"
13,Nettoinnflytting9,2024K1,0,Bergen (-1971),"Nettoinnflytting, inkl. inn- og utvandring"
13,Nettoinnflytting9,2024K2,0,Bergen (-1971),"Nettoinnflytting, inkl. inn- og utvandring"
13,Nettoinnflytting9,2024K3,0,Bergen (-1971),"Nettoinnflytting, inkl. inn- og utvandring"
13,Nettoinnflytting9,2024K4,0,Bergen (-1971),"Nettoinnflytting, inkl. inn- og utvandring"
13,Nettoinnflytting9,2025K1,0,Bergen (-1971),"Nettoinnflytting, inkl. inn- og utvandring"
13,Nettoinnflytting9,2025K2,0,Bergen (-1971),"Nettoinnflytting, inkl. inn- og utvandring"
13,Nettoinnflytting9,2025K3,0,Bergen (-1971),"Nettoinnflytting, inkl. inn- og utvandring"
13,Nettoinnflytting9,2025K4,0,Bergen (-1971),"Nettoinnflytting, inkl. inn- og utvandring"
13,Nettoinnflytting9,2026K1,0,Bergen (-1971),"Nettoinnflytting, inkl. inn- og utvandring"
13,Nettoinnflytting9,2026K2,0,Bergen (-1971),"Nettoinnflytting, inkl. inn- og utvandring"
1301,Folketallet11,1997K4,0,Bergen (-1971),Befolkning ved utgangen av kvartalet
1301,Folketallet11,1998K1,0,Bergen (-1971),Befolkning ved utgangen av kvartalet
1301,Folketallet11,1998K2,0,Bergen (-1971),Befolkning ved utgangen av kvartalet
1301,Folketallet11,1998K3,0,Bergen (-1971),Befolkning ved utgangen av kvartalet
1301,Folketallet11,1998K4,0,Bergen (-1971),Befolkning ved utgangen av kvartalet
1301,Folketallet11,1999K1,0,Bergen (-1971),Befolkning ved utgangen av kvartalet
1301,Folketallet11,1999K2,0,Bergen (-1971),Befolkning ved utgangen av kvartalet
1301,Folketallet11,1999K3,0,Bergen (-1971),Befolkning ved utgangen av kvartalet
1301,Folketallet11,1999K4,0,Bergen (-1971),Befolkning ved utgangen av kvartalet
1301,Folketallet11,2000K1,0,Bergen (-1971),Befolkning ved utgangen av kvartalet
1301,Folketallet11,2000K2,0,Bergen (-1971),Befolkning ved utgangen av kvartalet
1301,Folketallet11,2000K3,0,Bergen (-1971),Befolkning ved utgangen av kvartalet
1301,Folketallet11,2000K4,0,Bergen (-1971),Befolkning ved utgangen av kvartalet
1301,Folketallet11,2001K1,0,Bergen (-1971),Befolkning ved utgangen av kvartalet
1301,Folketallet11,2001K2,0,Bergen (-1971),Befolkning ved utgangen av kvartalet
1301,Folketallet11,2001K3,0,Bergen (-1971),Befolkning ved utgangen av kvartalet
1301,Folketallet11,2001K4,0,Bergen (-1971),Befolkning ved utgangen av kvartalet
1301,Folketallet11,2002K1,0,Bergen (-1971),Befolkning ved utgangen av kvartalet
1301,Folketallet11,2002K2,0,Bergen (-1971),Befolkning ved utgangen av kvartalet
1301,Folketallet11,2002K3,0,Bergen (-1971),Befolkning ved utgangen av kvartalet
1301,Folketallet11,2002K4,0,Bergen (-1971),Befolkning ved utgangen av kvartalet
1301,Folketallet11,2003K1,0,Bergen (-1971),Befolkning ved utgangen av kvartalet
1301,Folketallet11,2003K2,0,Bergen (-1971),Befolkning ved utgangen av kvartalet
1301,Folketallet11,2003K3,0,Bergen (-1971),Befolkning ved utgangen av kvartalet
1301,Folketallet11,2003K4,0,Bergen (-1971),Befolkning ved utgangen av kvartalet
1301,Folketallet11,2004K1,0,Bergen (-1971),Befolkning ved utgangen av kvartalet
1301,Folketallet11,2004K2,0,Bergen (-1971),Befolkning ved utgangen av kvartalet
1301,Folketallet11,2004K3,0,Bergen (-1971),Befolkning ved utgangen av kvartalet
1301,Folketallet11,2004K4,0,Bergen (-1971),Befolkning ved utgangen av kvartalet
1301,Folketallet11,2005K1,0,Bergen (-1971),Befolkning ved utgangen av kvartalet
1301,Folketallet11,2005K2,0,Bergen (-1971),Befolkning ved utgangen av kvartalet
1301,Folketallet11,2005K3,0,Bergen (-1971),Befolkning ved utgangen av kvartalet
1301,Folketallet11,2005K4,0,Bergen (-1971),Befolkning ved utgangen av kvartalet
1301,Folketallet11,2006K1,0,Bergen (-1971),Befolkning ved utgangen av kvartalet
1301,Folketallet11,2006K2,0,Bergen (-1971),Befolkning ved utgangen av kvartalet
1301,Folketallet11,2006K3,0,Bergen (-1971),Befolkning ved utgangen av kvartalet
1301,Folketallet11,2006K4,0,Bergen (-1971),Befolkning ved utgangen av kvartalet
1301,Folketallet11,2007K1,0,Bergen (-1971),Befolkning ved utgangen av kvartalet
1301,Folketallet11,2007K2,0,Bergen (-1971),Befolkning ved utgangen av kvartalet
1301,Folketallet11,2007K3,0,Bergen (-1971),Befolkning ved utgangen av kvartalet
1301,Folketallet11,2007K4,0,Bergen (-1971),Befolkning ved utgangen av kvartalet
1301,Folketallet11,2008K1,0,Bergen (-1971),Befolkning ved utgangen av kvartalet
1301,Folketallet11,2008K2,0,Bergen (-1971),Befolkning ved utgangen av kvartalet
1301,Folketallet11,2008K3,0,Bergen (-1971),Befolkning ved utgangen av kvartalet
1301,Folketallet11,2008K4,0,Bergen (-1971),Befolkning ved utgangen av kvartalet
1301,Folketallet11,2009K1,0,Bergen (-1971),Befolkning ved utgangen av kvartalet
1301,Folketallet11,2009K2,0,Bergen (-1971),Befolkning ved utgangen av kvartalet
1301,Folketallet11,2009K3,0,Bergen (-1971),Befolkning ved utgangen av kvartalet
1301,Folketallet11,2009K4,0,Bergen (-1971),Befolkning ved utgangen av kvartalet
1301,Folketallet11,2010K1,0,Bergen (-1971),Befolkning ved utgangen av kvartalet
1301,Folketallet11,2010K2,0,Bergen (-1971),Befolkning ved utgangen av kvartalet
1301,Folketallet11,2010K3,0,Bergen (-1971),Befolkning ved utgangen av kvartalet
1301,Folketallet11,2010K4,0,Bergen (-1971),Befolkning ved utgangen av kvartalet
1301,Folketallet11,2011K1,0,Bergen (-1971),Befolkning ved utgangen av kvartalet
1301,Folketallet11,2011K2,0,Bergen (-1971),Befolkning ved utgangen av kvartalet
1301,Folketallet11,2011K3,0,Bergen (-1971),Befolkning ved utgangen av kvartalet
1301,Folketallet11,2011K4,0,Bergen (-1971),Befolkning ved utgangen av kvartalet
1301,Folketallet11,2012K1,0,Bergen (-1971),Befolkning ved utgangen av kvartalet
1301,Folketallet11,2012K2,0,Bergen (-1971),Befolkning ved utgangen av kvartalet
1301,Folketallet11,2012K3,0,Bergen (-1971),Befolkning ved utgangen av kvartalet
1301,Folketallet11,2012K4,0,Bergen (-1971),Befolkning ved utgangen av kvartalet
1301,Folketallet11,2013K1,0,Bergen (-1971),Befolkning ved utgangen av kvartalet
1301,Folketallet11,2013K2,0,Bergen (-1971),Befolkning ved utgangen av kvartalet
1301,Folketallet11,2013K3,0,Bergen (-1971),Befolkning ved utgangen av kvartalet
1301,Folketallet11,2013K4,0,Bergen (-1971),Befolkning ved utgangen av kvartalet
1301,Folketallet11,2014K1,0,Bergen (-1971),Befolkning ved utgangen av kvartalet
1301,Folketallet11,2014K2,0,Bergen (-1971),Befolkning ved utgangen av kvartalet
1301,Folketallet11,2014K3,0,Bergen (-1971),Befolkning ved utgangen av kvartalet
1301,Folketallet11,2014K4,0,Bergen (-1971),Befolkning ved utgangen av kvartalet
1301,Folketallet11,2015K1,0,Bergen (-1971),Befolkning ved utgangen av kvartalet
1301,Folketallet11,2015K2,0,Bergen (-1971),Befolkning ved utgangen av kvartalet
1301,Folketallet11,2015K3,0,Bergen (-1971),Befolkning ved utgangen av kvartalet
1301,Folketallet11,2015K4,0,Bergen (-1971),Befolkning ved utgangen av kvartalet
1301,Folketallet11,2016K1,0,Bergen (-1971),Befolkning ved utgangen av kvartalet
1301,Folketallet11,2016K2,0,Bergen (-1971),Befolkning ved utgangen av kvartalet
1301,Folketallet11,2016K3,0,Bergen (-1971),Befolkning ved utgangen av kvartalet
1301,Folketallet11,2016K4,0,Bergen (-1971),Befolkning ved utgangen av kvartalet
1301,Folketallet11,2017K1,0,Bergen (-1971),Befolkning ved utgangen av kvartalet
1301,Folketallet11,2017K2,0,Bergen (-1971),Befolkning ved utgangen av kvartalet
1301,Folketallet11,2017K3,0,Bergen (-1971),Befolkning ved utgangen av kvartalet
1301,Folketallet11,2017K4,0,Bergen (-1971),Befolkning ved utgangen av kvartalet
1301,Folketallet11,2018K1,0,Bergen (-1971),Befolkning ved utgangen av kvartalet
1301,Folketallet11,2018K2,0,Bergen (-1971),Befolkning ved utgangen av kvartalet
1301,Folketallet11,2018K3,0,Bergen (-1971),Befolkning ved utgangen av kvartalet
1301,Folketallet11,2018K4,0,Bergen (-1971),Befolkning ved utgangen av kvartalet
1301,Folketallet11,2019K1,0,Bergen (-1971),Befolkning ved utgangen av kvartalet
1301,Folketallet11,2019K2,0,Bergen (-1971),Befolkning ved utgangen av kvartalet
1301,Folketallet11,2019K3,0,Bergen (-1971),Befolkning ved utgangen av kvartalet
1301,Folketallet11,2019K4,0,Bergen (-1971),Befolkning ved utgangen av kvartalet
1301,Folketallet11,2020K1,0,Bergen (-1971),Befolkning ved utgangen av kvartalet
1301,Folketallet11,2020K2,0,Bergen (-1971),Befolkning ved utgangen av kvartalet
1301,Folketallet11,2020K3,0,Bergen (-1971),Befolkning ved utgangen av kvartalet
1301,Folketallet11,2020K4,0,Bergen (-1971),Befolkning ved utgangen av kvartalet
1301,Folketallet11,2021K1,0,Bergen (-1971),Befolkning ved utgangen av kvartalet
1301,Folketallet11,2021K2,0,Bergen (-1971),Befolkning ved utgangen av kvartalet
1301,Folketallet11,2021K3,0,Bergen (-1971),Befolkning ved utgangen av kvartalet
1301,Folketallet11,2021K4,0,Bergen (-1971),Befolkning ved utgangen av kvartalet
1301,Folketallet11,2022K1,0,Bergen (-1971),Befolkning ved utgangen av kvartalet
1301,Folketallet11,2022K2,0,Bergen (-1971),Befolkning ved utgangen av kvartalet
1301,Folketallet11,2022K3,0,Bergen (-1971),Befolkning ved utgangen av kvartalet
1301,Folketallet11,2022K4,0,Bergen (-1971),Befolkning ved utgangen av kvartalet
1301,Folketallet11,2023K1,0,Bergen (-1971),Befolkning ved utgangen av kvartalet
1301,Folketallet11,2023K2,0,Bergen (-1971),Befolkning ved utgangen av kvartalet
1301,Folketallet11,2023K3,0,Bergen (-1971),Befolkning ved utgangen av kvartalet
1301,Folketallet11,2023K4,0,Bergen (-1971),Befolkning ved utgangen av kvartalet
1301,Folketallet11,2024K1,0,Bergen (-1971),Befolkning ved utgangen av kvartalet
1301,Folketallet11,2024K2,0,Bergen (-1971),Befolkning ved utgangen av kvartalet
1301,Folketallet11,2024K3,0,Bergen (-1971),Befolkning ved utgangen av kvartalet
1301,Folketallet11,2024K4,0,Bergen (-1971),Befolkning ved utgangen av kvartalet
1301,Folketallet11,2025K1,0,Bergen (-1971),Befolkning ved utgangen av kvartalet
1301,Folketallet11,2025K2,0,Bergen (-1971),Befolkning ved utgangen av kvartalet
1301,Folketallet11,2025K3,0,Bergen (-1971),Befolkning ved utgangen av kvartalet
1301,Folketallet11,2025K4,0,Bergen (-1971),Befolkning ved utgangen av kvartalet
1301,Folketallet11,2026K1,0,Bergen (-1971),Befolkning ved utgangen av kvartalet
1301,Folketallet11,2026K2,0,Bergen (-1971),Befolkning ved utgangen av kvartalet
1301,Nettoinnflytting9,1997K4,0,Bergen (-1971),"Nettoinnflytting, inkl. inn- og utvandring"
1301,Nettoinnflytting9,1998K1,0,Bergen (-1971),"Nettoinnflytting, inkl. inn- og utvandring"
1301,Nettoinnflytting9,1998K2,0,Bergen (-1971),"Nettoinnflytting, inkl. inn- og utvandring"
1301,Nettoinnflytting9,1998K3,0,Bergen (-1971),"Nettoinnflytting, inkl. inn- og utvandring"
1301,Nettoinnflytting9,1998K4,0,Bergen (-1971),"Nettoinnflytting, inkl. inn- og utvandring"
1301,Nettoinnflytting9,1999K1,0,Bergen (-1971),"Nettoinnflytting, inkl. inn- og utvandring"
1301,Nettoinnflytting9,1999K2,0,Bergen (-1971),"Nettoinnflytting, inkl. inn- og utvandring"
1301,Nettoinnflytting9,1999K3,0,Bergen (-1971),"Nettoinnflytting, inkl. inn- og utvandring"
1301,Nettoinnflytting9,1999K4,0,Bergen (-1971),"Nettoinnflytting, inkl. inn- og utvandring"
1301,Nettoinnflytting9,2000K1,0,Bergen (-1971),"Nettoinnflytting, inkl. inn- og utvandring"
1301,Nettoinnflytting9,2000K2,0,Bergen (-1971),"Nettoinnflytting, inkl. inn- og utvandring"
1301,Nettoinnflytting9,2000K3,0,Bergen (-1971),"Nettoinnflytting, inkl. inn- og utvandring"
1301,Nettoinnflytting9,2000K4,0,Bergen (-1971),"Nettoinnflytting, inkl. inn- og utvandring"
1301,Nettoinnflytting9,2001K1,0,Bergen (-1971),"Nettoinnflytting, inkl. inn- og utvandring"
1301,Nettoinnflytting9,2001K2,0,Bergen (-1971),"Nettoinnflytting, inkl. inn- og utvandring"
1301,Nettoinnflytting9,2001K3,0,Bergen (-1971),"Nettoinnflytting, inkl. inn- og utvandring"
1301,Nettoinnflytting9,2001K4,0,Bergen (-1971),"Nettoinnflytting, inkl. inn- og utvandring"
1301,Nettoinnflytting9,2002K1,0,Bergen (-1971),"Nettoinnflytting, inkl. inn- og utvandring"
1301,Nettoinnflytting9,2002K2,0,Bergen (-1971),"Nettoinnflytting, inkl. inn- og utvandring"
1301,Nettoinnflytting9,2002K3,0,Bergen (-1971),"Nettoinnflytting, inkl. inn- og utvandring"
1301,Nettoinnflytting9,2002K4,0,Bergen (-1971),"Nettoinnflytting, inkl. inn- og utvandring"
1301,Nettoinnflytting9,2003K1,0,Bergen (-1971),"Nettoinnflytting, inkl. inn- og utvandring"
1301,Nettoinnflytting9,2003K2,0,Bergen (-1971),"Nettoinnflytting, inkl. inn- og utvandring"
1301,Nettoinnflytting9,2003K3,0,Bergen (-1971),"Nettoinnflytting, inkl. inn- og utvandring"
1301,Nettoinnflytting9,2003K4,0,Bergen (-1971),"Nettoinnflytting, inkl. inn- og utvandring"
1301,Nettoinnflytting9,2004K1,0,Bergen (-1971),"Nettoinnflytting, inkl. inn- og utvandring"
1301,Nettoinnflytting9,2004K2,0,Bergen (-1971),"Nettoinnflytting, inkl. inn- og utvandring"
1301,Nettoinnflytting9,2004K3,0,Bergen (-1971),"Nettoinnflytting, inkl. inn- og utvandring"
1301,Nettoinnflytting9,2004K4,0,Bergen (-1971),"Nettoinnflytting, inkl. inn- og utvandring"
1301,Nettoinnflytting9,2005K1,0,Bergen (-1971),"Nettoinnflytting, inkl. inn- og utvandring"
1301,Nettoinnflytting9,2005K2,0,Bergen (-1971),"Nettoinnflytting, inkl. inn- og utvandring"
1301,Nettoinnflytting9,2005K3,0,Bergen (-1971),"Nettoinnflytting, inkl. inn- og utvandring"
1301,Nettoinnflytting9,2005K4,0,Bergen (-1971),"Nettoinnflytting, inkl. inn- og utvandring"
1301,Nettoinnflytting9,2006K1,0,Bergen (-1971),"Nettoinnflytting, inkl. inn- og utvandring"
1301,Nettoinnflytting9,2006K2,0,Bergen (-1971),"Nettoinnflytting, inkl. inn- og utvandring"
1301,Nettoinnflytting9,2006K3,0,Bergen (-1971),"Nettoinnflytting, inkl. inn- og utvandring"
1301,Nettoinnflytting9,2006K4,0,Bergen (-1971),"Nettoinnflytting, inkl. inn- og utvandring"
1301,Nettoinnflytting9,2007K1,0,Bergen (-1971),"Nettoinnflytting, inkl. inn- og utvandring"
1301,Nettoinnflytting9,2007K2,0,Bergen (-1971),"Nettoinnflytting, inkl. inn- og utvandring"
1301,Nettoinnflytting9,2007K3,0,Bergen (-1971),"Nettoinnflytting, inkl. inn- og utvandring"
1301,Nettoinnflytting9,2007K4,0,Bergen (-1971),"Nettoinnflytting, inkl. inn- og utvandring"
1301,Nettoinnflytting9,2008K1,0,Bergen (-1971),"Nettoinnflytting, inkl. inn- og utvandring"
1301,Nettoinnflytting9,2008K2,0,Bergen (-1971),"Nettoinnflytting, inkl. inn- og utvandring"
1301,Nettoinnflytting9,2008K3,0,Bergen (-1971),"Nettoinnflytting, inkl. inn- og utvandring"
1301,Nettoinnflytting9,2008K4,0,Bergen (-1971),"Nettoinnflytting, inkl. inn- og utvandring"
1301,Nettoinnflytting9,2009K1,0,Bergen (-1971),"Nettoinnflytting, inkl. inn- og utvandring"
1301,Nettoinnflytting9,2009K2,0,Bergen (-1971),"Nettoinnflytting, inkl. inn- og utvandring"
1301,Nettoinnflytting9,2009K3,0,Bergen (-1971),"Nettoinnflytting, inkl. inn- og utvandring"
1301,Nettoinnflytting9,2009K4,0,Bergen (-1971),"Nettoinnflytting, inkl. inn- og utvandring"
1301,Nettoinnflytting9,2010K1,0,Bergen (-1971),"Nettoinnflytting, inkl. inn- og utvandring"
1301,Nettoinnflytting9,2010K2,0,Bergen (-1971),"Nettoinnflytting, inkl. inn- og utvandring"
1301,Nettoinnflytting9,2010K3,0,Bergen (-1971),"Nettoinnflytting, inkl. inn- og utvandring"
1301,Nettoinnflytting9,2010K4,0,Bergen (-1971),"Nettoinnflytting, inkl. inn- og utvandring"
1301,Nettoinnflytting9,2011K1,0,Bergen (-1971),"Nettoinnflytting, inkl. inn- og utvandring"
1301,Nettoinnflytting9,2011K2,0,Bergen (-1971),"Nettoinnflytting, inkl. inn- og utvandring"
1301,Nettoinnflytting9,2011K3,0,Bergen (-1971),"Nettoinnflytting, inkl. inn- og utvandring"
1301,Nettoinnflytting9,2011K4,0,Bergen (-1971),"Nettoinnflytting, inkl. inn- og utvandring"
1301,Nettoinnflytting9,2012K1,0,Bergen (-1971),"Nettoinnflytting, inkl. inn- og utvandring"
1301,Nettoinnflytting9,2012K2,0,Bergen (-1971),"Nettoinnflytting, inkl. inn- og utvandring"
1301,Nettoinnflytting9,2012K3,0,Bergen (-1971),"Nettoinnflytting, inkl. inn- og utvandring"
1301,Nettoinnflytting9,2012K4,0,Bergen (-1971),"Nettoinnflytting, inkl. inn- og utvandring"
1301,Nettoinnflytting9,2013K1,0,Bergen (-1971),"Nettoinnflytting, inkl. inn- og utvandring"
1301,Nettoinnflytting9,2013K2,0,Bergen (-1971),"Nettoinnflytting, inkl. inn- og utvandring"
1301,Nettoinnflytting9,2013K3,0,Bergen (-1971),"Nettoinnflytting, inkl. inn- og utvandring"
1301,Nettoinnflytting9,2013K4,0,Bergen (-1971),"Nettoinnflytting, inkl. inn- og utvandring"
1301,Nettoinnflytting9,2014K1,0,Bergen (-1971),"Nettoinnflytting, inkl. inn- og utvandring"
1301,Nettoinnflytting9,2014K2,0,Bergen (-1971),"Nettoinnflytting, inkl. inn- og utvandring"
1301,Nettoinnflytting9,2014K3,0,Bergen (-1971),"Nettoinnflytting, inkl. inn- og utvandring"
1301,Nettoinnflytting9,2014K4,0,Bergen (-1971),"Nettoinnflytting, inkl. inn- og utvandring"
1301,Nettoinnflytting9,2015K1,0,Bergen (-1971),"Nettoinnflytting, inkl. inn- og utvandring"
1301,Nettoinnflytting9,2015K2,0,Bergen (-1971),"Nettoinnflytting, inkl. inn- og utvandring"
1301,Nettoinnflytting9,2015K3,0,Bergen (-1971),"Nettoinnflytting, inkl. inn- og utvandring"
1301,Nettoinnflytting9,2015K4,0,Bergen (-1971),"Nettoinnflytting, inkl. inn- og utvandring"
1301,Nettoinnflytting9,2016K1,0,Bergen (-1971),"Nettoinnflytting, inkl. inn- og utvandring"
1301,Nettoinnflytting9,2016K2,0,Bergen (-1971),"Nettoinnflytting, inkl. inn- og utvandring"
1301,Nettoinnflytting9,2016K3,0,Bergen (-1971),"Nettoinnflytting, inkl. inn- og utvandring"
1301,Nettoinnflytting9,2016K4,0,Bergen (-1971),"Nettoinnflytting, inkl. inn- og utvandring"
1301,Nettoinnflytting9,2017K1,0,Bergen (-1971),"Nettoinnflytting, inkl. inn- og utvandring"
1301,Nettoinnflytting9,2017K2,0,Bergen (-1971),"Nettoinnflytting, inkl. inn- og utvandring"
1301,Nettoinnflytting9,2017K3,0,Bergen (-1971),"Nettoinnflytting, inkl. inn- og utvandring"
1301,Nettoinnflytting9,2017K4,0,Bergen (-1971),"Nettoinnflytting, inkl. inn- og utvandring"
1301,Nettoinnflytting9,2018K1,0,Bergen (-1971),"Nettoinnflytting, inkl. inn- og utvandring"
1301,Nettoinnflytting9,2018K2,0,Bergen (-1971),"Nettoinnflytting, inkl. inn- og utvandring"
1301,Nettoinnflytting9,2018K3,0,Bergen (-1971),"Nettoinnflytting, inkl. inn- og utvandring"
1301,Nettoinnflytting9,2018K4,0,Bergen (-1971),"Nettoinnflytting, inkl. inn- og utvandring"
1301,Nettoinnflytting9,2019K1,0,Bergen (-1971),"Nettoinnflytting, inkl. inn- og utvandring"
1301,Nettoinnflytting9,2019K2,0,Bergen (-1971),"Nettoinnflytting, inkl. inn- og utvandring"
1301,Nettoinnflytting9,2019K3,0,Bergen (-1971),"Nettoinnflytting, inkl. inn- og utvandring"
1301,Nettoinnflytting9,2019K4,0,Bergen (-1971),"Nettoinnflytting, inkl. inn- og utvandring"
1301,Nettoinnflytting9,2020K1,0,Bergen (-1971),"Nettoinnflytting, inkl. inn- og utvandring"
1301,Nettoinnflytting9,2020K2,0,Bergen (-1971),"Nettoinnflytting, inkl. inn- og utvandring"
1301,Nettoinnflytting9,2020K3,0,Bergen (-1971),"Nettoinnflytting, inkl. inn- og utvandring"
1301,Nettoinnflytting9,2020K4,0,Bergen (-1971),"Nettoinnflytting, inkl. inn- og utvandring"
1301,Nettoinnflytting9,2021K1,0,Bergen (-1971),"Nettoinnflytting, inkl. inn- og utvandring"
1301,Nettoinnflytting9,2021K2,0,Bergen (-1971),"Nettoinnflytting, inkl. inn- og utvandring"
1301,Nettoinnflytting9,2021K3,0,Bergen (-1971),"Nettoinnflytting, inkl. inn- og utvandring"
1301,Nettoinnflytting9,2021K4,0,Bergen (-1971),"Nettoinnflytting, inkl. inn- og utvandring"
1301,Nettoinnflytting9,2022K1,0,Bergen (-1971),"Nettoinnflytting, inkl. inn- og utvandring"
1301,Nettoinnflytting9,2022K2,0,Bergen (-1971),"Nettoinnflytting, inkl. inn- og utvandring"
1301,Nettoinnflytting9,2022K3,0,Bergen (-1971),"Nettoinnflytting, inkl. inn- og utvandring"
1301,Nettoinnflytting9,2022K4,0,Bergen (-1971),"Nettoinnflytting, inkl. inn- og utvandring"
1301,Nettoinnflytting9,2023K1,0,Bergen (-1971),"Nettoinnflytting, inkl. inn- og utvandring"
1301,Nettoinnflytting9,2023K2,0,Bergen (-1971),"Nettoinnflytting, inkl. inn- og utvandring"
1301,Nettoinnflytting9,2023K3,0,Bergen (-1971),"Nettoinnflytting, inkl. inn- og utvandring"
1301,Nettoinnflytting9,2023K4,0,Bergen (-1971),"Nettoinnflytting, inkl. inn- og utvandring"
1301,Nettoinnflytting9,2024K1,0,Bergen (-1971),"Nettoinnflytting, inkl. inn- og utvandring"
1301,Nettoinnflytting9,2024K2,0,Bergen (-1971),"Nettoinnflytting, inkl. inn- og utvandring"
1301,Nettoinnflytting9,2024K3,0,Bergen (-1971),"Nettoinnflytting, inkl. inn- og utvandring"
1301,Nettoinnflytting9,2024K4,0,Bergen (-1971),"Nettoinnflytting, inkl. inn- og utvandring"
1301,Nettoinnflytting9,2025K1,0,Bergen (-1971),"Nettoinnflytting, inkl. inn- og utvandring"
1301,Nettoinnflytting9,2025K2,0,Bergen (-1971),"Nettoinnflytting, inkl. inn- og utvandring"
1301,Nettoinnflytting9,2025K3,0,Bergen (-1971),"Nettoinnflytting, inkl. inn- og utvandring"
1301,Nettoinnflytting9,2025K4,0,Bergen (-1971),"Nettoinnflytting, inkl. inn- og utvandring"
1301,Nettoinnflytting9,2026K1,0,Bergen (-1971),"Nettoinnflytting, inkl. inn- og utvandring"
1301,Nettoinnflytting9,2026K2,0,Bergen (-1971),"Nettoinnflytting, inkl. inn- og utvandring"
5001,Folketallet11,1997K4,0,Trondheim - Tråante,Befolkning ved utgangen av kvartalet
5001,Folketallet11,1998K1,0,Trondheim - Tråante,Befolkning ved utgangen av kvartalet
5001,Folketallet11,1998K2,0,Trondheim - Tråante,Befolkning ved utgangen av kvartalet
5001,Folketallet11,1998K3,0,Trondheim - Tråante,Befolkning ved utgangen av kvartalet
5001,Folketallet11,1998K4,0,Trondheim - Tråante,Befolkning ved utgangen av kvartalet
5001,Folketallet11,1999K1,0,Trondheim - Tråante,Befolkning ved utgangen av kvartalet
5001,Folketallet11,1999K2,0,Trondheim - Tråante,Befolkning ved utgangen av kvartalet
5001,Folketallet11,1999K3,0,Trondheim - Tråante,Befolkning ved utgangen av kvartalet
5001,Folketallet11,1999K4,0,Trondheim - Tråante,Befolkning ved utgangen av kvartalet
5001,Folketallet11,2000K1,0,Trondheim - Tråante,Befolkning ved utgangen av kvartalet
5001,Folketallet11,2000K2,0,Trondheim - Tråante,Befolkning ved utgangen av kvartalet
5001,Folketallet11,2000K3,0,Trondheim - Tråante,Befolkning ved utgangen av kvartalet
5001,Folketallet11,2000K4,0,Trondheim - Tråante,Befolkning ved utgangen av kvartalet
5001,Folketallet11,2001K1,0,Trondheim - Tråante,Befolkning ved utgangen av kvartalet
5001,Folketallet11,2001K2,0,Trondheim - Tråante,Befolkning ved utgangen av kvartalet
5001,Folketallet11,2001K3,0,Trondheim - Tråante,Befolkning ved utgangen av kvartalet
5001,Folketallet11,2001K4,0,Trondheim - Tråante,Befolkning ved utgangen av kvartalet
5001,Folketallet11,2002K1,0,Trondheim - Tråante,Befolkning ved utgangen av kvartalet
5001,Folketallet11,2002K2,0,Trondheim - Tråante,Befolkning ved utgangen av kvartalet
5001,Folketallet11,2002K3,0,Trondheim - Tråante,Befolkning ved utgangen av kvartalet
5001,Folketallet11,2002K4,0,Trondheim - Tråante,Befolkning ved utgangen av kvartalet
5001,Folketallet11,2003K1,0,Trondheim - Tråante,Befolkning ved utgangen av kvartalet
5001,Folketallet11,2003K2,0,Trondheim - Tråante,Befolkning ved utgangen av kvartalet
5001,Folketallet11,2003K3,0,Trondheim - Tråante,Befolkning ved utgangen av kvartalet
5001,Folketallet11,2003K4,0,Trondheim - Tråante,Befolkning ved utgangen av kvartalet
5001,Folketallet11,2004K1,0,Trondheim - Tråante,Befolkning ved utgangen av kvartalet
5001,Folketallet11,2004K2,0,Trondheim - Tråante,Befolkning ved utgangen av kvartalet
5001,Folketallet11,2004K3,0,Trondheim - Tråante,Befolkning ved utgangen av kvartalet
5001,Folketallet11,2004K4,0,Trondheim - Tråante,Befolkning ved utgangen av kvartalet
5001,Folketallet11,2005K1,0,Trondheim - Tråante,Befolkning ved utgangen av kvartalet
5001,Folketallet11,2005K2,0,Trondheim - Tråante,Befolkning ved utgangen av kvartalet
5001,Folketallet11,2005K3,0,Trondheim - Tråante,Befolkning ved utgangen av kvartalet
5001,Folketallet11,2005K4,0,Trondheim - Tråante,Befolkning ved utgangen av kvartalet
5001,Folketallet11,2006K1,0,Trondheim - Tråante,Befolkning ved utgangen av kvartalet
5001,Folketallet11,2006K2,0,Trondheim - Tråante,Befolkning ved utgangen av kvartalet
5001,Folketallet11,2006K3,0,Trondheim - Tråante,Befolkning ved utgangen av kvartalet
5001,Folketallet11,2006K4,0,Trondheim - Tråante,Befolkning ved utgangen av kvartalet
5001,Folketallet11,2007K1,0,Trondheim - Tråante,Befolkning ved utgangen av kvartalet
5001,Folketallet11,2007K2,0,Trondheim - Tråante,Befolkning ved utgangen av kvartalet
5001,Folketallet11,2007K3,0,Trondheim - Tråante,Befolkning ved utgangen av kvartalet
5001,Folketallet11,2007K4,0,Trondheim - Tråante,Befolkning ved utgangen av kvartalet
5001,Folketallet11,2008K1,0,Trondheim - Tråante,Befolkning ved utgangen av kvartalet
5001,Folketallet11,2008K2,0,Trondheim - Tråante,Befolkning ved utgangen av kvartalet
5001,Folketallet11,2008K3,0,Trondheim - Tråante,Befolkning ved utgangen av kvartalet
5001,Folketallet11,2008K4,0,Trondheim - Tråante,Befolkning ved utgangen av kvartalet
5001,Folketallet11,2009K1,0,Trondheim - Tråante,Befolkning ved utgangen av kvartalet
5001,Folketallet11,2009K2,0,Trondheim - Tråante,Befolkning ved utgangen av kvartalet
5001,Folketallet11,2009K3,0,Trondheim - Tråante,Befolkning ved utgangen av kvartalet
5001,Folketallet11,2009K4,0,Trondheim - Tråante,Befolkning ved utgangen av kvartalet
5001,Folketallet11,2010K1,0,Trondheim - Tråante,Befolkning ved utgangen av kvartalet
5001,Folketallet11,2010K2,0,Trondheim - Tråante,Befolkning ved utgangen av kvartalet
5001,Folketallet11,2010K3,0,Trondheim - Tråante,Befolkning ved utgangen av kvartalet
5001,Folketallet11,2010K4,0,Trondheim - Tråante,Befolkning ved utgangen av kvartalet
5001,Folketallet11,2011K1,0,Trondheim - Tråante,Befolkning ved utgangen av kvartalet
5001,Folketallet11,2011K2,0,Trondheim - Tråante,Befolkning ved utgangen av kvartalet
5001,Folketallet11,2011K3,0,Trondheim - Tråante,Befolkning ved utgangen av kvartalet
5001,Folketallet11,2011K4,0,Trondheim - Tråante,Befolkning ved utgangen av kvartalet
5001,Folketallet11,2012K1,0,Trondheim - Tråante,Befolkning ved utgangen av kvartalet
5001,Folketallet11,2012K2,0,Trondheim - Tråante,Befolkning ved utgangen av kvartalet
5001,Folketallet11,2012K3,0,Trondheim - Tråante,Befolkning ved utgangen av kvartalet
5001,Folketallet11,2012K4,0,Trondheim - Tråante,Befolkning ved utgangen av kvartalet
5001,Folketallet11,2013K1,0,Trondheim - Tråante,Befolkning ved utgangen av kvartalet
5001,Folketallet11,2013K2,0,Trondheim - Tråante,Befolkning ved utgangen av kvartalet
5001,Folketallet11,2013K3,0,Trondheim - Tråante,Befolkning ved utgangen av kvartalet
5001,Folketallet11,2013K4,0,Trondheim - Tråante,Befolkning ved utgangen av kvartalet
5001,Folketallet11,2014K1,0,Trondheim - Tråante,Befolkning ved utgangen av kvartalet
5001,Folketallet11,2014K2,0,Trondheim - Tråante,Befolkning ved utgangen av kvartalet
5001,Folketallet11,2014K3,0,Trondheim - Tråante,Befolkning ved utgangen av kvartalet
5001,Folketallet11,2014K4,0,Trondheim - Tråante,Befolkning ved utgangen av kvartalet
5001,Folketallet11,2015K1,0,Trondheim - Tråante,Befolkning ved utgangen av kvartalet
5001,Folketallet11,2015K2,0,Trondheim - Tråante,Befolkning ved utgangen av kvartalet
5001,Folketallet11,2015K3,0,Trondheim - Tråante,Befolkning ved utgangen av kvartalet
5001,Folketallet11,2015K4,0,Trondheim - Tråante,Befolkning ved utgangen av kvartalet
5001,Folketallet11,2016K1,0,Trondheim - Tråante,Befolkning ved utgangen av kvartalet
5001,Folketallet11,2016K2,0,Trondheim - Tråante,Befolkning ved utgangen av kvartalet
5001,Folketallet11,2016K3,0,Trondheim - Tråante,Befolkning ved utgangen av kvartalet
5001,Folketallet11,2016K4,0,Trondheim - Tråante,Befolkning ved utgangen av kvartalet
5001,Folketallet11,2017K1,0,Trondheim - Tråante,Befolkning ved utgangen av kvartalet
5001,Folketallet11,2017K2,0,Trondheim - Tråante,Befolkning ved utgangen av kvartalet
5001,Folketallet11,2017K3,0,Trondheim - Tråante,Befolkning ved utgangen av kvartalet
5001,Folketallet11,2017K4,0,Trondheim - Tråante,Befolkning ved utgangen av kvartalet
5001,Folketallet11,2018K1,194128,Trondheim - Tråante,Befolkning ved utgangen av kvartalet
5001,Folketallet11,2018K2,194051,Trondheim - Tråante,Befolkning ved utgangen av kvartalet
5001,Folketallet11,2018K3,195449,Trondheim - Tråante,Befolkning ved utgangen av kvartalet
5001,Folketallet11,2018K4,196159,Trondheim - Tråante,Befolkning ved utgangen av kvartalet
5001,Folketallet11,2019K1,196866,Trondheim - Tråante,Befolkning ved utgangen av kvartalet
5001,Folketallet11,2019K2,196939,Trondheim - Tråante,Befolkning ved utgangen av kvartalet
5001,Folketallet11,2019K3,198219,Trondheim - Tråante,Befolkning ved utgangen av kvartalet
5001,Folketallet11,2019K4,199039,Trondheim - Tråante,Befolkning ved utgangen av kvartalet
5001,Folketallet11,2020K1,205811,Trondheim - Tråante,Befolkning ved utgangen av kvartalet
5001,Folketallet11,2020K2,205332,Trondheim - Tråante,Befolkning ved utgangen av kvartalet
5001,Folketallet11,2020K3,207015,Trondheim - Tråante,Befolkning ved utgangen av kvartalet
5001,Folketallet11,2020K4,207595,Trondheim - Tråante,Befolkning ved utgangen av kvartalet
5001,Folketallet11,2021K1,208281,Trondheim - Tråante,Befolkning ved utgangen av kvartalet
5001,Folketallet11,2021K2,207415,Trondheim - Tråante,Befolkning ved utgangen av kvartalet
5001,Folketallet11,2021K3,209802,Trondheim - Tråante,Befolkning ved utgangen av kvartalet
5001,Folketallet11,2021K4,210496,Trondheim - Tråante,Befolkning ved utgangen av kvartalet
5001,Folketallet11,2022K1,211246,Trondheim - Tråante,Befolkning ved utgangen av kvartalet
5001,Folketallet11,2022K2,211106,Trondheim - Tråante,Befolkning ved utgangen av kvartalet
5001,Folketallet11,2022K3,212135,Trondheim - Tråante,Befolkning ved utgangen av kvartalet
5001,Folketallet11,2022K4,212660,Trondheim - Tråante,Befolkning ved utgangen av kvartalet
5001,Folketallet11,2023K1,213433,Trondheim - Tråante,Befolkning ved utgangen av kvartalet
5001,Folketallet11,2023K2,213163,Trondheim - Tråante,Befolkning ved utgangen av kvartalet
5001,Folketallet11,2023K3,214093,Trondheim - Tråante,Befolkning ved utgangen av kvartalet
5001,Folketallet11,2023K4,214565,Trondheim - Tråante,Befolkning ved utgangen av kvartalet
5001,Folketallet11,2024K1,215121,Trondheim - Tråante,Befolkning ved utgangen av kvartalet
5001,Folketallet11,2024K2,215040,Trondheim - Tråante,Befolkning ved utgangen av kvartalet
5001,Folketallet11,2024K3,215873,Trondheim - Tråante,Befolkning ved utgangen av kvartalet
5001,Folketallet11,2024K4,216518,Trondheim - Tråante,Befolkning ved utgangen av kvartalet
5001,Folketallet11,2025K1,216889,Trondheim - Tråante,Befolkning ved utgangen av kvartalet
5001,Folketallet11,2025K2,216752,Trondheim - Tråante,Befolkning ved utgangen av kvartalet
5001,Folketallet11,2025K3,217774,Trondheim - Tråante,Befolkning ved utgangen av kvartalet
5001,Folketallet11,2025K4,218460,Trondheim - Tråante,Befolkning ved utgangen av kvartalet
5001,Folketallet11,2026K1,219152,Trondheim - Tråante,Befolkning ved utgangen av kvartalet
5001,Folketallet11,2026K2,218787,Trondheim - Tråante,Befolkning ved utgangen av kvartalet
5001,Nettoinnflytting9,1997K4,0,Trondheim - Tråante,"Nettoinnflytting, inkl. inn- og utvandring"
5001,Nettoinnflytting9,1998K1,0,Trondheim - Tråante,"Nettoinnflytting, inkl. inn- og utvandring"
5001,Nettoinnflytting9,1998K2,0,Trondheim - Tråante,"Nettoinnflytting, inkl. inn- og utvandring"
5001,Nettoinnflytting9,1998K3,0,Trondheim - Tråante,"Nettoinnflytting, inkl. inn- og utvandring"
5001,Nettoinnflytting9,1998K4,0,Trondheim - Tråante,"Nettoinnflytting, inkl. inn- og utvandring"
5001,Nettoinnflytting9,1999K1,0,Trondheim - Tråante,"Nettoinnflytting, inkl. inn- og utvandring"
5001,Nettoinnflytting9,1999K2,0,Trondheim - Tråante,"Nettoinnflytting, inkl. inn- og utvandring"
5001,Nettoinnflytting9,1999K3,0,Trondheim - Tråante,"Nettoinnflytting, inkl. inn- og utvandring"
5001,Nettoinnflytting9,1999K4,0,Trondheim - Tråante,"Nettoinnflytting, inkl. inn- og utvandring"
5001,Nettoinnflytting9,2000K1,0,Trondheim - Tråante,"Nettoinnflytting, inkl. inn- og utvandring"
5001,Nettoinnflytting9,2000K2,0,Trondheim - Tråante,"Nettoinnflytting, inkl. inn- og utvandring"
5001,Nettoinnflytting9,2000K3,0,Trondheim - Tråante,"Nettoinnflytting, inkl. inn- og utvandring"
5001,Nettoinnflytting9,2000K4,0,Trondheim - Tråante,"Nettoinnflytting, inkl. inn- og utvandring"
5001,Nettoinnflytting9,2001K1,0,Trondheim - Tråante,"Nettoinnflytting, inkl. inn- og utvandring"
5001,Nettoinnflytting9,2001K2,0,Trondheim - Tråante,"Nettoinnflytting, inkl. inn- og utvandring"
5001,Nettoinnflytting9,2001K3,0,Trondheim - Tråante,"Nettoinnflytting, inkl. inn- og utvandring"
5001,Nettoinnflytting9,2001K4,0,Trondheim - Tråante,"Nettoinnflytting, inkl. inn- og utvandring"
5001,Nettoinnflytting9,2002K1,0,Trondheim - Tråante,"Nettoinnflytting, inkl. inn- og utvandring"
5001,Nettoinnflytting9,2002K2,0,Trondheim - Tråante,"Nettoinnflytting, inkl. inn- og utvandring"
5001,Nettoinnflytting9,2002K3,0,Trondheim - Tråante,"Nettoinnflytting, inkl. inn- og utvandring"
5001,Nettoinnflytting9,2002K4,0,Trondheim - Tråante,"Nettoinnflytting, inkl. inn- og utvandring"
5001,Nettoinnflytting9,2003K1,0,Trondheim - Tråante,"Nettoinnflytting, inkl. inn- og utvandring"
5001,Nettoinnflytting9,2003K2,0,Trondheim - Tråante,"Nettoinnflytting, inkl. inn- og utvandring"
5001,Nettoinnflytting9,2003K3,0,Trondheim - Tråante,"Nettoinnflytting, inkl. inn- og utvandring"
5001,Nettoinnflytting9,2003K4,0,Trondheim - Tråante,"Nettoinnflytting, inkl. inn- og utvandring"
5001,Nettoinnflytting9,2004K1,0,Trondheim - Tråante,"Nettoinnflytting, inkl. inn- og utvandring"
5001,Nettoinnflytting9,2004K2,0,Trondheim - Tråante,"Nettoinnflytting, inkl. inn- og utvandring"
5001,Nettoinnflytting9,2004K3,0,Trondheim - Tråante,"Nettoinnflytting, inkl. inn- og utvandring"
5001,Nettoinnflytting9,2004K4,0,Trondheim - Tråante,"Nettoinnflytting, inkl. inn- og utvandring"
5001,Nettoinnflytting9,2005K1,0,Trondheim - Tråante,"Nettoinnflytting, inkl. inn- og utvandring"
5001,Nettoinnflytting9,2005K2,0,Trondheim - Tråante,"Nettoinnflytting, inkl. inn- og utvandring"
5001,Nettoinnflytting9,2005K3,0,Trondheim - Tråante,"Nettoinnflytting, inkl. inn- og utvandring"
5001,Nettoinnflytting9,2005K4,0,Trondheim - Tråante,"Nettoinnflytting, inkl. inn- og utvandring"
5001,Nettoinnflytting9,2006K1,0,Trondheim - Tråante,"Nettoinnflytting, inkl. inn- og utvandring"
5001,Nettoinnflytting9,2006K2,0,Trondheim - Tråante,"Nettoinnflytting, inkl. inn- og utvandring"
5001,Nettoinnflytting9,2006K3,0,Trondheim - Tråante,"Nettoinnflytting, inkl. inn- og utvandring"
5001,Nettoinnflytting9,2006K4,0,Trondheim - Tråante,"Nettoinnflytting, inkl. inn- og utvandring"
5001,Nettoinnflytting9,2007K1,0,Trondheim - Tråante,"Nettoinnflytting, inkl. inn- og utvandring"
5001,Nettoinnflytting9,2007K2,0,Trondheim - Tråante,"Nettoinnflytting, inkl. inn- og utvandring"
5001,Nettoinnflytting9,2007K3,0,Trondheim - Tråante,"Nettoinnflytting, inkl. inn- og utvandring"
5001,Nettoinnflytting9,2007K4,0,Trondheim - Tråante,"Nettoinnflytting, inkl. inn- og utvandring"
5001,Nettoinnflytting9,2008K1,0,Trondheim - Tråante,"Nettoinnflytting, inkl. inn- og utvandring"
5001,Nettoinnflytting9,2008K2,0,Trondheim - Tråante,"Nettoinnflytting, inkl. inn- og utvandring"
5001,Nettoinnflytting9,2008K3,0,Trondheim - Tråante,"Nettoinnflytting, inkl. inn- og utvandring"
5001,Nettoinnflytting9,2008K4,0,Trondheim - Tråante,"Nettoinnflytting, inkl. inn- og utvandring"
5001,Nettoinnflytting9,2009K1,0,Trondheim - Tråante,"Nettoinnflytting, inkl. inn- og utvandring"
5001,Nettoinnflytting9,2009K2,0,Trondheim - Tråante,"Nettoinnflytting, inkl. inn- og utvandring"
5001,Nettoinnflytting9,2009K3,0,Trondheim - Tråante,"Nettoinnflytting, inkl. inn- og utvandring"
5001,Nettoinnflytting9,2009K4,0,Trondheim - Tråante,"Nettoinnflytting, inkl. inn- og utvandring"
5001,Nettoinnflytting9,2010K1,0,Trondheim - Tråante,"Nettoinnflytting, inkl. inn- og utvandring"
5001,Nettoinnflytting9,2010K2,0,Trondheim - Tråante,"Nettoinnflytting, inkl. inn- og utvandring"
5001,Nettoinnflytting9,2010K3,0,Trondheim - Tråante,"Nettoinnflytting, inkl. inn- og utvandring"
5001,Nettoinnflytting9,2010K4,0,Trondheim - Tråante,"Nettoinnflytting, inkl. inn- og utvandring"
5001,Nettoinnflytting9,2011K1,0,Trondheim - Tråante,"Nettoinnflytting, inkl. inn- og utvandring"
5001,Nettoinnflytting9,2011K2,0,Trondheim - Tråante,"Nettoinnflytting, inkl. inn- og utvandring"
5001,Nettoinnflytting9,2011K3,0,Trondheim - Tråante,"Nettoinnflytting, inkl. inn- og utvandring"
5001,Nettoinnflytting9,2011K4,0,Trondheim - Tråante,"Nettoinnflytting, inkl. inn- og utvandring"
5001,Nettoinnflytting9,2012K1,0,Trondheim - Tråante,"Nettoinnflytting, inkl. inn- og utvandring"
5001,Nettoinnflytting9,2012K2,0,Trondheim - Tråante,"Nettoinnflytting, inkl. inn- og utvandring"
5001,Nettoinnflytting9,2012K3,0,Trondheim - Tråante,"Nettoinnflytting, inkl. inn- og utvandring"
5001,Nettoinnflytting9,2012K4,0,Trondheim - Tråante,"Nettoinnflytting, inkl. inn- og utvandring"
5001,Nettoinnflytting9,2013K1,0,Trondheim - Tråante,"Nettoinnflytting, inkl. inn- og utvandring"
5001,Nettoinnflytting9,2013K2,0,Trondheim - Tråante,"Nettoinnflytting, inkl. inn- og utvandring"
5001,Nettoinnflytting9,2013K3,0,Trondheim - Tråante,"Nettoinnflytting, inkl. inn- og utvandring"
5001,Nettoinnflytting9,2013K4,0,Trondheim - Tråante,"Nettoinnflytting, inkl. inn- og utvandring"
5001,Nettoinnflytting9,2014K1,0,Trondheim - Tråante,"Nettoinnflytting, inkl. inn- og utvandring"
5001,Nettoinnflytting9,2014K2,0,Trondheim - Tråante,"Nettoinnflytting, inkl. inn- og utvandring"
5001,Nettoinnflytting9,2014K3,0,Trondheim - Tråante,"Nettoinnflytting, inkl. inn- og utvandring"
5001,Nettoinnflytting9,2014K4,0,Trondheim - Tråante,"Nettoinnflytting, inkl. inn- og utvandring"
5001,Nettoinnflytting9,2015K1,0,Trondheim - Tråante,"Nettoinnflytting, inkl. inn- og utvandring"
5001,Nettoinnflytting9,2015K2,0,Trondheim - Tråante,"Nettoinnflytting, inkl. inn- og utvandring"
5001,Nettoinnflytting9,2015K3,0,Trondheim - Tråante,"Nettoinnflytting, inkl. inn- og utvandring"
5001,Nettoinnflytting9,2015K4,0,Trondheim - Tråante,"Nettoinnflytting, inkl. inn- og utvandring"
5001,Nettoinnflytting9,2016K1,0,Trondheim - Tråante,"Nettoinnflytting, inkl. inn- og utvandring"
5001,Nettoinnflytting9,2016K2,0,Trondheim - Tråante,"Nettoinnflytting, inkl. inn- og utvandring"
5001,Nettoinnflytting9,2016K3,0,Trondheim - Tråante,"Nettoinnflytting, inkl. inn- og utvandring"
5001,Nettoinnflytting9,2016K4,0,Trondheim - Tråante,"Nettoinnflytting, inkl. inn- og utvandring"
5001,Nettoinnflytting9,2017K1,0,Trondheim - Tråante,"Nettoinnflytting, inkl. inn- og utvandring"
5001,Nettoinnflytting9,2017K2,0,Trondheim - Tråante,"Nettoinnflytting, inkl. inn- og utvandring"
5001,Nettoinnflytting9,2017K3,0,Trondheim - Tråante,"Nettoinnflytting, inkl. inn- og utvandring"
5001,Nettoinnflytting9,2017K4,0,Trondheim - Tråante,"Nettoinnflytting, inkl. inn- og utvandring"
5001,Nettoinnflytting9,2018K1,445,Trondheim - Tråante,"Nettoinnflytting, inkl. inn- og utvandring"
5001,Nettoinnflytting9,2018K2,-359,Trondheim - Tråante,"Nettoinnflytting, inkl. inn- og utvandring"
5001,Nettoinnflytting9,2018K3,1115,Trondheim - Tråante,"Nettoinnflytting, inkl. inn- og utvandring"
5001,Nettoinnflytting9,2018K4,551,Trondheim - Tråante,"Nettoinnflytting, inkl. inn- og utvandring"
5001,Nettoinnflytting9,2019K1,496,Trondheim - Tråante,"Nettoinnflytting, inkl. inn- og utvandring"
5001,Nettoinnflytting9,2019K2,-224,Trondheim - Tråante,"Nettoinnflytting, inkl. inn- og utvandring"
5001,Nettoinnflytting9,2019K3,969,Trondheim - Tråante,"Nettoinnflytting, inkl. inn- og utvandring"
5001,Nettoinnflytting9,2019K4,641,Trondheim - Tråante,"Nettoinnflytting, inkl. inn- og utvandring"
5001,Nettoinnflytting9,2020K1,476,Trondheim - Tråante,"Nettoinnflytting, inkl. inn- og utvandring"
5001,Nettoinnflytting9,2020K2,-772,Trondheim - Tråante,"Nettoinnflytting, inkl. inn- og utvandring"
5001,Nettoinnflytting9,2020K3,1406,Trondheim - Tråante,"Nettoinnflytting, inkl. inn- og utvandring"
5001,Nettoinnflytting9,2020K4,360,Trondheim - Tråante,"Nettoinnflytting, inkl. inn- og utvandring"
5001,Nettoinnflytting9,2021K1,481,Trondheim - Tråante,"Nettoinnflytting, inkl. inn- og utvandring"
5001,Nettoinnflytting9,2021K2,-1237,Trondheim - Tråante,"Nettoinnflytting, inkl. inn- og utvandring"
5001,Nettoinnflytting9,2021K3,2004,Trondheim - Tråante,"Nettoinnflytting, inkl. inn- og utvandring"
5001,Nettoinnflytting9,2021K4,529,Trondheim - Tråante,"Nettoinnflytting, inkl. inn- og utvandring"
5001,Nettoinnflytting9,2022K1,607,Trondheim - Tråante,"Nettoinnflytting, inkl. inn- og utvandring"
5001,Nettoinnflytting9,2022K2,-392,Trondheim - Tråante,"Nettoinnflytting, inkl. inn- og utvandring"
5001,Nettoinnflytting9,2022K3,788,Trondheim - Tråante,"Nettoinnflytting, inkl. inn- og utvandring"
5001,Nettoinnflytting9,2022K4,553,Trondheim - Tråante,"Nettoinnflytting, inkl. inn- og utvandring"
5001,Nettoinnflytting9,2023K1,634,Trondheim - Tråante,"Nettoinnflytting, inkl. inn- og utvandring"
5001,Nettoinnflytting9,2023K2,-569,Trondheim - Tråante,"Nettoinnflytting, inkl. inn- og utvandring"
5001,Nettoinnflytting9,2023K3,665,Trondheim - Tråante,"Nettoinnflytting, inkl. inn- og utvandring"
5001,Nettoinnflytting9,2023K4,378,Trondheim - Tråante,"Nettoinnflytting, inkl. inn- og utvandring"
5001,Nettoinnflytting9,2024K1,366,Trondheim - Tråante,"Nettoinnflytting, inkl. inn- og utvandring"
5001,Nettoinnflytting9,2024K2,-349,Trondheim - Tråante,"Nettoinnflytting, inkl. inn- og utvandring"
5001,Nettoinnflytting9,2024K3,598,Trondheim - Tråante,"Nettoinnflytting, inkl. inn- og utvandring"
5001,Nettoinnflytting9,2024K4,499,Trondheim - Tråante,"Nettoinnflytting, inkl. inn- og utvandring"
5001,Nettoinnflytting9,2025K1,172,Trondheim - Tråante,"Nettoinnflytting, inkl. inn- og utvandring"
5001,Nettoinnflytting9,2025K2,-457,Trondheim - Tråante,"Nettoinnflytting, inkl. inn- og utvandring"
5001,Nettoinnflytting9,2025K3,714,Trondheim - Tråante,"Nettoinnflytting, inkl. inn- og utvandring"
5001,Nettoinnflytting9,2025K4,485,Trondheim - Tråante,"Nettoinnflytting, inkl. inn- og utvandring"
5001,Nettoinnflytting9,2026K1,458,Trondheim - Tråante,"Nettoinnflytting, inkl. inn- og utvandring"
5001,Nettoinnflytting9,2026K2,-712,Trondheim - Tråante,"Nettoinnflytting, inkl. inn- og utvandring"
1601,Folketallet11,1997K4,145594,Trondheim (-2017),Befolkning ved utgangen av kvartalet
1601,Folketallet11,1998K1,145895,Trondheim (-2017),Befolkning ved utgangen av kvartalet
1601,Folketallet11,1998K2,146252,Trondheim (-2017),Befolkning ved utgangen av kvartalet
1601,Folketallet11,1998K3,146923,Trondheim (-2017),Befolkning ved utgangen av kvartalet
1601,Folketallet11,1998K4,147150,Trondheim (-2017),Befolkning ved utgangen av kvartalet
1601,Folketallet11,1999K1,147677,Trondheim (-2017),Befolkning ved utgangen av kvartalet
1601,Folketallet11,1999K2,147954,Trondheim (-2017),Befolkning ved utgangen av kvartalet
1601,Folketallet11,1999K3,148697,Trondheim (-2017),Befolkning ved utgangen av kvartalet
1601,Folketallet11,1999K4,148795,Trondheim (-2017),Befolkning ved utgangen av kvartalet
1601,Folketallet11,2000K1,149376,Trondheim (-2017),Befolkning ved utgangen av kvartalet
1601,Folketallet11,2000K2,149435,Trondheim (-2017),Befolkning ved utgangen av kvartalet
1601,Folketallet11,2000K3,149998,Trondheim (-2017),Befolkning ved utgangen av kvartalet
1601,Folketallet11,2000K4,150169,Trondheim (-2017),Befolkning ved utgangen av kvartalet
1601,Folketallet11,2001K1,150540,Trondheim (-2017),Befolkning ved utgangen av kvartalet
1601,Folketallet11,2001K2,150798,Trondheim (-2017),Befolkning ved utgangen av kvartalet
1601,Folketallet11,2001K3,151104,Trondheim (-2017),Befolkning ved utgangen av kvartalet
1601,Folketallet11,2001K4,151396,Trondheim (-2017),Befolkning ved utgangen av kvartalet
1601,Folketallet11,2002K1,151973,Trondheim (-2017),Befolkning ved utgangen av kvartalet
1601,Folketallet11,2002K2,152166,Trondheim (-2017),Befolkning ved utgangen av kvartalet
1601,Folketallet11,2002K3,152446,Trondheim (-2017),Befolkning ved utgangen av kvartalet
1601,Folketallet11,2002K4,152668,Trondheim (-2017),Befolkning ved utgangen av kvartalet
1601,Folketallet11,2003K1,153171,Trondheim (-2017),Befolkning ved utgangen av kvartalet
1601,Folketallet11,2003K2,153481,Trondheim (-2017),Befolkning ved utgangen av kvartalet
1601,Folketallet11,2003K3,154082,Trondheim (-2017),Befolkning ved utgangen av kvartalet
1601,Folketallet11,2003K4,154377,Trondheim (-2017),Befolkning ved utgangen av kvartalet
1601,Folketallet11,2004K1,154900,Trondheim (-2017),Befolkning ved utgangen av kvartalet
1601,Folketallet11,2004K2,155010,Trondheim (-2017),Befolkning ved utgangen av kvartalet
1601,Folketallet11,2004K3,155686,Trondheim (-2017),Befolkning ved utgangen av kvartalet
1601,Folketallet11,2004K4,156152,Trondheim (-2017),Befolkning ved utgangen av kvartalet
1601,Folketallet11,2005K1,156724,Trondheim (-2017),Befolkning ved utgangen av kvartalet
1601,Folketallet11,2005K2,157079,Trondheim (-2017),Befolkning ved utgangen av kvartalet
1601,Folketallet11,2005K3,157813,Trondheim (-2017),Befolkning ved utgangen av kvartalet
1601,Folketallet11,2005K4,158613,Trondheim (-2017),Befolkning ved utgangen av kvartalet
1601,Folketallet11,2006K1,159490,Trondheim (-2017),Befolkning ved utgangen av kvartalet
1601,Folketallet11,2006K2,159931,Trondheim (-2017),Befolkning ved utgangen av kvartalet
1601,Folketallet11,2006K3,160950,Trondheim (-2017),Befolkning ved utgangen av kvartalet
1601,Folketallet11,2006K4,161730,Trondheim (-2017),Befolkning ved utgangen av kvartalet
1601,Folketallet11,2007K1,162652,Trondheim (-2017),Befolkning ved utgangen av kvartalet
1601,Folketallet11,2007K2,163047,Trondheim (-2017),Befolkning ved utgangen av kvartalet
1601,Folketallet11,2007K3,164245,Trondheim (-2017),Befolkning ved utgangen av kvartalet
1601,Folketallet11,2007K4,165191,Trondheim (-2017),Befolkning ved utgangen av kvartalet
1601,Folketallet11,2008K1,166304,Trondheim (-2017),Befolkning ved utgangen av kvartalet
1601,Folketallet11,2008K2,166708,Trondheim (-2017),Befolkning ved utgangen av kvartalet
1601,Folketallet11,2008K3,167709,Trondheim (-2017),Befolkning ved utgangen av kvartalet
1601,Folketallet11,2008K4,168257,Trondheim (-2017),Befolkning ved utgangen av kvartalet
1601,Folketallet11,2009K1,168988,Trondheim (-2017),Befolkning ved utgangen av kvartalet
1601,Folketallet11,2009K2,169343,Trondheim (-2017),Befolkning ved utgangen av kvartalet
1601,Folketallet11,2009K3,170491,Trondheim (-2017),Befolkning ved utgangen av kvartalet
1601,Folketallet11,2009K4,170936,Trondheim (-2017),Befolkning ved utgangen av kvartalet
1601,Folketallet11,2010K1,171652,Trondheim (-2017),Befolkning ved utgangen av kvartalet
1601,Folketallet11,2010K2,171722,Trondheim (-2017),Befolkning ved utgangen av kvartalet
1601,Folketallet11,2010K3,173221,Trondheim (-2017),Befolkning ved utgangen av kvartalet
1601,Folketallet11,2010K4,173486,Trondheim (-2017),Befolkning ved utgangen av kvartalet
1601,Folketallet11,2011K1,174161,Trondheim (-2017),Befolkning ved utgangen av kvartalet
1601,Folketallet11,2011K2,174326,Trondheim (-2017),Befolkning ved utgangen av kvartalet
1601,Folketallet11,2011K3,176008,Trondheim (-2017),Befolkning ved utgangen av kvartalet
1601,Folketallet11,2011K4,176348,Trondheim (-2017),Befolkning ved utgangen av kvartalet
1601,Folketallet11,2012K1,177173,Trondheim (-2017),Befolkning ved utgangen av kvartalet
1601,Folketallet11,2012K2,177258,Trondheim (-2017),Befolkning ved utgangen av kvartalet
1601,Folketallet11,2012K3,179123,Trondheim (-2017),Befolkning ved utgangen av kvartalet
1601,Folketallet11,2012K4,179692,Trondheim (-2017),Befolkning ved utgangen av kvartalet
1601,Folketallet11,2013K1,180280,Trondheim (-2017),Befolkning ved utgangen av kvartalet
1601,Folketallet11,2013K2,180048,Trondheim (-2017),Befolkning ved utgangen av kvartalet
1601,Folketallet11,2013K3,181513,Trondheim (-2017),Befolkning ved utgangen av kvartalet
1601,Folketallet11,2013K4,182035,Trondheim (-2017),Befolkning ved utgangen av kvartalet
1601,Folketallet11,2014K1,182657,Trondheim (-2017),Befolkning ved utgangen av kvartalet
1601,Folketallet11,2014K2,182740,Trondheim (-2017),Befolkning ved utgangen av kvartalet
1601,Folketallet11,2014K3,184604,Trondheim (-2017),Befolkning ved utgangen av kvartalet
1601,Folketallet11,2014K4,184960,Trondheim (-2017),Befolkning ved utgangen av kvartalet
1601,Folketallet11,2015K1,185537,Trondheim (-2017),Befolkning ved utgangen av kvartalet
1601,Folketallet11,2015K2,185341,Trondheim (-2017),Befolkning ved utgangen av kvartalet
1601,Folketallet11,2015K3,186868,Trondheim (-2017),Befolkning ved utgangen av kvartalet
1601,Folketallet11,2015K4,187353,Trondheim (-2017),Befolkning ved utgangen av kvartalet
1601,Folketallet11,2016K1,187951,Trondheim (-2017),Befolkning ved utgangen av kvartalet
1601,Folketallet11,2016K2,187981,Trondheim (-2017),Befolkning ved utgangen av kvartalet
1601,Folketallet11,2016K3,189842,Trondheim (-2017),Befolkning ved utgangen av kvartalet
1601,Folketallet11,2016K4,190464,Trondheim (-2017),Befolkning ved utgangen av kvartalet
1601,Folketallet11,2017K1,191329,Trondheim (-2017),Befolkning ved utgangen av kvartalet
1601,Folketallet11,2017K2,191152,Trondheim (-2017),Befolkning ved utgangen av kvartalet
1601,Folketallet11,2017K3,192847,Trondheim (-2017),Befolkning ved utgangen av kvartalet
1601,Folketallet11,2017K4,193501,Trondheim (-2017),Befolkning ved utgangen av kvartalet
1601,Folketallet11,2018K1,0,Trondheim (-2017),Befolkning ved utgangen av kvartalet
1601,Folketallet11,2018K2,0,Trondheim (-2017),Befolkning ved utgangen av kvartalet
1601,Folketallet11,2018K3,0,Trondheim (-2017),Befolkning ved utgangen av kvartalet
1601,Folketallet11,2018K4,0,Trondheim (-2017),Befolkning ved utgangen av kvartalet
1601,Folketallet11,2019K1,0,Trondheim (-2017),Befolkning ved utgangen av kvartalet
1601,Folketallet11,2019K2,0,Trondheim (-2017),Befolkning ved utgangen av kvartalet
1601,Folketallet11,2019K3,0,Trondheim (-2017),Befolkning ved utgangen av kvartalet
1601,Folketallet11,2019K4,0,Trondheim (-2017),Befolkning ved utgangen av kvartalet
1601,Folketallet11,2020K1,0,Trondheim (-2017),Befolkning ved utgangen av kvartalet
1601,Folketallet11,2020K2,0,Trondheim (-2017),Befolkning ved utgangen av kvartalet
1601,Folketallet11,2020K3,0,Trondheim (-2017),Befolkning ved utgangen av kvartalet
1601,Folketallet11,2020K4,0,Trondheim (-2017),Befolkning ved utgangen av kvartalet
1601,Folketallet11,2021K1,0,Trondheim (-2017),Befolkning ved utgangen av kvartalet
1601,Folketallet11,2021K2,0,Trondheim (-2017),Befolkning ved utgangen av kvartalet
1601,Folketallet11,2021K3,0,Trondheim (-2017),Befolkning ved utgangen av kvartalet
1601,Folketallet11,2021K4,0,Trondheim (-2017),Befolkning ved utgangen av kvartalet
1601,Folketallet11,2022K1,0,Trondheim (-2017),Befolkning ved utgangen av kvartalet
1601,Folketallet11,2022K2,0,Trondheim (-2017),Befolkning ved utgangen av kvartalet
1601,Folketallet11,2022K3,0,Trondheim (-2017),Befolkning ved utgangen av kvartalet
1601,Folketallet11,2022K4,0,Trondheim (-2017),Befolkning ved utgangen av kvartalet
1601,Folketallet11,2023K1,0,Trondheim (-2017),Befolkning ved utgangen av kvartalet
1601,Folketallet11,2023K2,0,Trondheim (-2017),Befolkning ved utgangen av kvartalet
1601,Folketallet11,2023K3,0,Trondheim (-2017),Befolkning ved utgangen av kvartalet
1601,Folketallet11,2023K4,0,Trondheim (-2017),Befolkning ved utgangen av kvartalet
1601,Folketallet11,2024K1,0,Trondheim (-2017),Befolkning ved utgangen av kvartalet
1601,Folketallet11,2024K2,0,Trondheim (-2017),Befolkning ved utgangen av kvartalet
1601,Folketallet11,2024K3,0,Trondheim (-2017),Befolkning ved utgangen av kvartalet
1601,Folketallet11,2024K4,0,Trondheim (-2017),Befolkning ved utgangen av kvartalet
1601,Folketallet11,2025K1,0,Trondheim (-2017),Befolkning ved utgangen av kvartalet
1601,Folketallet11,2025K2,0,Trondheim (-2017),Befolkning ved utgangen av kvartalet
1601,Folketallet11,2025K3,0,Trondheim (-2017),Befolkning ved utgangen av kvartalet
1601,Folketallet11,2025K4,0,Trondheim (-2017),Befolkning ved utgangen av kvartalet
1601,Folketallet11,2026K1,0,Trondheim (-2017),Befolkning ved utgangen av kvartalet
1601,Folketallet11,2026K2,0,Trondheim (-2017),Befolkning ved utgangen av kvartalet
1601,Nettoinnflytting9,1997K4,-85,Trondheim (-2017),"Nettoinnflytting, inkl. inn- og utvandring"
1601,Nettoinnflytting9,1998K1,-23,Trondheim (-2017),"Nettoinnflytting, inkl. inn- og utvandring"
1601,Nettoinnflytting9,1998K2,79,Trondheim (-2017),"Nettoinnflytting, inkl. inn- og utvandring"
1601,Nettoinnflytting9,1998K3,336,Trondheim (-2017),"Nettoinnflytting, inkl. inn- og utvandring"
1601,Nettoinnflytting9,1998K4,131,Trondheim (-2017),"Nettoinnflytting, inkl. inn- og utvandring"
1601,Nettoinnflytting9,1999K1,324,Trondheim (-2017),"Nettoinnflytting, inkl. inn- og utvandring"
1601,Nettoinnflytting9,1999K2,11,Trondheim (-2017),"Nettoinnflytting, inkl. inn- og utvandring"
1601,Nettoinnflytting9,1999K3,494,Trondheim (-2017),"Nettoinnflytting, inkl. inn- og utvandring"
1601,Nettoinnflytting9,1999K4,17,Trondheim (-2017),"Nettoinnflytting, inkl. inn- og utvandring"
1601,Nettoinnflytting9,2000K1,318,Trondheim (-2017),"Nettoinnflytting, inkl. inn- og utvandring"
1601,Nettoinnflytting9,2000K2,-149,Trondheim (-2017),"Nettoinnflytting, inkl. inn- og utvandring"
1601,Nettoinnflytting9,2000K3,272,Trondheim (-2017),"Nettoinnflytting, inkl. inn- og utvandring"
1601,Nettoinnflytting9,2000K4,4,Trondheim (-2017),"Nettoinnflytting, inkl. inn- og utvandring"
1601,Nettoinnflytting9,2001K1,133,Trondheim (-2017),"Nettoinnflytting, inkl. inn- og utvandring"
1601,Nettoinnflytting9,2001K2,20,Trondheim (-2017),"Nettoinnflytting, inkl. inn- og utvandring"
1601,Nettoinnflytting9,2001K3,53,Trondheim (-2017),"Nettoinnflytting, inkl. inn- og utvandring"
1601,Nettoinnflytting9,2001K4,150,Trondheim (-2017),"Nettoinnflytting, inkl. inn- og utvandring"
1601,Nettoinnflytting9,2002K1,412,Trondheim (-2017),"Nettoinnflytting, inkl. inn- og utvandring"
1601,Nettoinnflytting9,2002K2,-65,Trondheim (-2017),"Nettoinnflytting, inkl. inn- og utvandring"
1601,Nettoinnflytting9,2002K3,90,Trondheim (-2017),"Nettoinnflytting, inkl. inn- og utvandring"
1601,Nettoinnflytting9,2002K4,117,Trondheim (-2017),"Nettoinnflytting, inkl. inn- og utvandring"
1601,Nettoinnflytting9,2003K1,311,Trondheim (-2017),"Nettoinnflytting, inkl. inn- og utvandring"
1601,Nettoinnflytting9,2003K2,98,Trondheim (-2017),"Nettoinnflytting, inkl. inn- og utvandring"
1601,Nettoinnflytting9,2003K3,327,Trondheim (-2017),"Nettoinnflytting, inkl. inn- og utvandring"
1601,Nettoinnflytting9,2003K4,188,Trondheim (-2017),"Nettoinnflytting, inkl. inn- og utvandring"
1601,Nettoinnflytting9,2004K1,358,Trondheim (-2017),"Nettoinnflytting, inkl. inn- og utvandring"
1601,Nettoinnflytting9,2004K2,-167,Trondheim (-2017),"Nettoinnflytting, inkl. inn- og utvandring"
1601,Nettoinnflytting9,2004K3,401,Trondheim (-2017),"Nettoinnflytting, inkl. inn- og utvandring"
1601,Nettoinnflytting9,2004K4,292,Trondheim (-2017),"Nettoinnflytting, inkl. inn- og utvandring"
1601,Nettoinnflytting9,2005K1,375,Trondheim (-2017),"Nettoinnflytting, inkl. inn- og utvandring"
1601,Nettoinnflytting9,2005K2,138,Trondheim (-2017),"Nettoinnflytting, inkl. inn- og utvandring"
1601,Nettoinnflytting9,2005K3,438,Trondheim (-2017),"Nettoinnflytting, inkl. inn- og utvandring"
1601,Nettoinnflytting9,2005K4,610,Trondheim (-2017),"Nettoinnflytting, inkl. inn- og utvandring"
1601,Nettoinnflytting9,2006K1,665,Trondheim (-2017),"Nettoinnflytting, inkl. inn- og utvandring"
1601,Nettoinnflytting9,2006K2,208,Trondheim (-2017),"Nettoinnflytting, inkl. inn- og utvandring"
1601,Nettoinnflytting9,2006K3,690,Trondheim (-2017),"Nettoinnflytting, inkl. inn- og utvandring"
1601,Nettoinnflytting9,2006K4,612,Trondheim (-2017),"Nettoinnflytting, inkl. inn- og utvandring"
1601,Nettoinnflytting9,2007K1,699,Trondheim (-2017),"Nettoinnflytting, inkl. inn- og utvandring"
1601,Nettoinnflytting9,2007K2,137,Trondheim (-2017),"Nettoinnflytting, inkl. inn- og utvandring"
1601,Nettoinnflytting9,2007K3,891,Trondheim (-2017),"Nettoinnflytting, inkl. inn- og utvandring"
1601,Nettoinnflytting9,2007K4,737,Trondheim (-2017),"Nettoinnflytting, inkl. inn- og utvandring"
1601,Nettoinnflytting9,2008K1,801,Trondheim (-2017),"Nettoinnflytting, inkl. inn- og utvandring"
1601,Nettoinnflytting9,2008K2,69,Trondheim (-2017),"Nettoinnflytting, inkl. inn- og utvandring"
1601,Nettoinnflytting9,2008K3,640,Trondheim (-2017),"Nettoinnflytting, inkl. inn- og utvandring"
1601,Nettoinnflytting9,2008K4,311,Trondheim (-2017),"Nettoinnflytting, inkl. inn- og utvandring"
1601,Nettoinnflytting9,2009K1,513,Trondheim (-2017),"Nettoinnflytting, inkl. inn- og utvandring"
1601,Nettoinnflytting9,2009K2,-73,Trondheim (-2017),"Nettoinnflytting, inkl. inn- og utvandring"
1601,Nettoinnflytting9,2009K3,783,Trondheim (-2017),"Nettoinnflytting, inkl. inn- og utvandring"
1601,Nettoinnflytting9,2009K4,182,Trondheim (-2017),"Nettoinnflytting, inkl. inn- og utvandring"
1601,Nettoinnflytting9,2010K1,448,Trondheim (-2017),"Nettoinnflytting, inkl. inn- og utvandring"
1601,Nettoinnflytting9,2010K2,-277,Trondheim (-2017),"Nettoinnflytting, inkl. inn- og utvandring"
1601,Nettoinnflytting9,2010K3,1113,Trondheim (-2017),"Nettoinnflytting, inkl. inn- og utvandring"
1601,Nettoinnflytting9,2010K4,19,Trondheim (-2017),"Nettoinnflytting, inkl. inn- og utvandring"
1601,Nettoinnflytting9,2011K1,454,Trondheim (-2017),"Nettoinnflytting, inkl. inn- og utvandring"
1601,Nettoinnflytting9,2011K2,-172,Trondheim (-2017),"Nettoinnflytting, inkl. inn- og utvandring"
1601,Nettoinnflytting9,2011K3,1346,Trondheim (-2017),"Nettoinnflytting, inkl. inn- og utvandring"
1601,Nettoinnflytting9,2011K4,134,Trondheim (-2017),"Nettoinnflytting, inkl. inn- og utvandring"
1601,Nettoinnflytting9,2012K1,568,Trondheim (-2017),"Nettoinnflytting, inkl. inn- og utvandring"
1601,Nettoinnflytting9,2012K2,-272,Trondheim (-2017),"Nettoinnflytting, inkl. inn- og utvandring"
1601,Nettoinnflytting9,2012K3,1502,Trondheim (-2017),"Nettoinnflytting, inkl. inn- og utvandring"
1601,Nettoinnflytting9,2012K4,388,Trondheim (-2017),"Nettoinnflytting, inkl. inn- og utvandring"
1601,Nettoinnflytting9,2013K1,323,Trondheim (-2017),"Nettoinnflytting, inkl. inn- og utvandring"
1601,Nettoinnflytting9,2013K2,-573,Trondheim (-2017),"Nettoinnflytting, inkl. inn- og utvandring"
1601,Nettoinnflytting9,2013K3,1130,Trondheim (-2017),"Nettoinnflytting, inkl. inn- og utvandring"
1601,Nettoinnflytting9,2013K4,264,Trondheim (-2017),"Nettoinnflytting, inkl. inn- og utvandring"
1601,Nettoinnflytting9,2014K1,397,Trondheim (-2017),"Nettoinnflytting, inkl. inn- og utvandring"
1601,Nettoinnflytting9,2014K2,-314,Trondheim (-2017),"Nettoinnflytting, inkl. inn- og utvandring"
1601,Nettoinnflytting9,2014K3,1534,Trondheim (-2017),"Nettoinnflytting, inkl. inn- og utvandring"
1601,Nettoinnflytting9,2014K4,148,Trondheim (-2017),"Nettoinnflytting, inkl. inn- og utvandring"
1601,Nettoinnflytting9,2015K1,374,Trondheim (-2017),"Nettoinnflytting, inkl. inn- og utvandring"
1601,Nettoinnflytting9,2015K2,-495,Trondheim (-2017),"Nettoinnflytting, inkl. inn- og utvandring"
1601,Nettoinnflytting9,2015K3,1119,Trondheim (-2017),"Nettoinnflytting, inkl. inn- og utvandring"
1601,Nettoinnflytting9,2015K4,282,Trondheim (-2017),"Nettoinnflytting, inkl. inn- og utvandring"
1601,Nettoinnflytting9,2016K1,361,Trondheim (-2017),"Nettoinnflytting, inkl. inn- og utvandring"
1601,Nettoinnflytting9,2016K2,-325,Trondheim (-2017),"Nettoinnflytting, inkl. inn- og utvandring"
1601,Nettoinnflytting9,2016K3,1487,Trondheim (-2017),"Nettoinnflytting, inkl. inn- og utvandring"
1601,Nettoinnflytting9,2016K4,442,Trondheim (-2017),"Nettoinnflytting, inkl. inn- og utvandring"
1601,Nettoinnflytting9,2017K1,665,Trondheim (-2017),"Nettoinnflytting, inkl. inn- og utvandring"
1601,Nettoinnflytting9,2017K2,-474,Trondheim (-2017),"Nettoinnflytting, inkl. inn- og utvandring"
1601,Nettoinnflytting9,2017K3,1409,Trondheim (-2017),"Nettoinnflytting, inkl. inn- og utvandring"
1601,Nettoinnflytting9,2017K4,509,Trondheim (-2017),"Nettoinnflytting, inkl. inn- og utvandring"
1601,Nettoinnflytting9,2018K1,0,Trondheim (-2017),"Nettoinnflytting, inkl. inn- og utvandring"
1601,Nettoinnflytting9,2018K2,0,Trondheim (-2017),"Nettoinnflytting, inkl. inn- og utvandring"
1601,Nettoinnflytting9,2018K3,0,Trondheim (-2017),"Nettoinnflytting, inkl. inn- og utvandring"
1601,Nettoinnflytting9,2018K4,0,Trondheim (-2017),"Nettoinnflytting, inkl. inn- og utvandring"
1601,Nettoinnflytting9,2019K1,0,Trondheim (-2017),"Nettoinnflytting, inkl. inn- og utvandring"
1601,Nettoinnflytting9,2019K2,0,Trondheim (-2017),"Nettoinnflytting, inkl. inn- og utvandring"
1601,Nettoinnflytting9,2019K3,0,Trondheim (-2017),"Nettoinnflytting, inkl. inn- og utvandring"
1601,Nettoinnflytting9,2019K4,0,Trondheim (-2017),"Nettoinnflytting, inkl. inn- og utvandring"
1601,Nettoinnflytting9,2020K1,0,Trondheim (-2017),"Nettoinnflytting, inkl. inn- og utvandring"
1601,Nettoinnflytting9,2020K2,0,Trondheim (-2017),"Nettoinnflytting, inkl. inn- og utvandring"
1601,Nettoinnflytting9,2020K3,0,Trondheim (-2017),"Nettoinnflytting, inkl. inn- og utvandring"
1601,Nettoinnflytting9,2020K4,0,Trondheim (-2017),"Nettoinnflytting, inkl. inn- og utvandring"
1601,Nettoinnflytting9,2021K1,0,Trondheim (-2017),"Nettoinnflytting, inkl. inn- og utvandring"
1601,Nettoinnflytting9,2021K2,0,Trondheim (-2017),"Nettoinnflytting, inkl. inn- og utvandring"
1601,Nettoinnflytting9,2021K3,0,Trondheim (-2017),"Nettoinnflytting, inkl. inn- og utvandring"
1601,Nettoinnflytting9,2021K4,0,Trondheim (-2017),"Nettoinnflytting, inkl. inn- og utvandring"
1601,Nettoinnflytting9,2022K1,0,Trondheim (-2017),"Nettoinnflytting, inkl. inn- og utvandring"
1601,Nettoinnflytting9,2022K2,0,Trondheim (-2017),"Nettoinnflytting, inkl. inn- og utvandring"
1601,Nettoinnflytting9,2022K3,0,Trondheim (-2017),"Nettoinnflytting, inkl. inn- og utvandring"
1601,Nettoinnflytting9,2022K4,0,Trondheim (-2017),"Nettoinnflytting, inkl. inn- og utvandring"
1601,Nettoinnflytting9,2023K1,0,Trondheim (-2017),"Nettoinnflytting, inkl. inn- og utvandring"
1601,Nettoinnflytting9,2023K2,0,Trondheim (-2017),"Nettoinnflytting, inkl. inn- og utvandring"
1601,Nettoinnflytting9,2023K3,0,Trondheim (-2017),"Nettoinnflytting, inkl. inn- og utvandring"
1601,Nettoinnflytting9,2023K4,0,Trondheim (-2017),"Nettoinnflytting, inkl. inn- og utvandring"
1601,Nettoinnflytting9,2024K1,0,Trondheim (-2017),"Nettoinnflytting, inkl. inn- og utvandring"
1601,Nettoinnflytting9,2024K2,0,Trondheim (-2017),"Nettoinnflytting, inkl. inn- og utvandring"
1601,Nettoinnflytting9,2024K3,0,Trondheim (-2017),"Nettoinnflytting, inkl. inn- og utvandring"
1601,Nettoinnflytting9,2024K4,0,Trondheim (-2017),"Nettoinnflytting, inkl. inn- og utvandring"
1601,Nettoinnflytting9,2025K1,0,Trondheim (-2017),"Nettoinnflytting, inkl. inn- og utvandring"
1601,Nettoinnflytting9,2025K2,0,Trondheim (-2017),"Nettoinnflytting, inkl. inn- og utvandring"
1601,Nettoinnflytting9,2025K3,0,Trondheim (-2017),"Nettoinnflytting, inkl. inn- og utvandring"
1601,Nettoinnflytting9,2025K4,0,Trondheim (-2017),"Nettoinnflytting, inkl. inn- og utvandring"
1601,Nettoinnflytting9,2026K1,0,Trondheim (-2017),"Nettoinnflytting, inkl. inn- og utvandring"
1601,Nettoinnflytting9,2026K2,0,Trondheim (-2017),"Nettoinnflytting, inkl. inn- og utvandring"
