Region,Boligtype,ContentsCode,period,value,Region_label,Boligtype_label,ContentsCode_label
TOTAL,00,Boligindeks,1992K1,18.8,Hele landet,Alle boligtyper,Prisindeks for brukte boliger
TOTAL,00,Boligindeks,1992K2,18.9,Hele landet,Alle boligtyper,Prisindeks for brukte boliger
TOTAL,00,Boligindeks,1992K3,19.0,Hele landet,Alle boligtyper,Prisindeks for brukte boliger
TOTAL,00,Boligindeks,1992K4,18.5,Hele landet,Alle boligtyper,Prisindeks for brukte boliger
TOTAL,00,Boligindeks,1993K1,17.8,Hele landet,Alle boligtyper,Prisindeks for brukte boliger
TOTAL,00,Boligindeks,1993K2,18.7,Hele landet,Alle boligtyper,Prisindeks for brukte boliger
TOTAL,00,Boligindeks,1993K3,19.4,Hele landet,Alle boligtyper,Prisindeks for brukte boliger
TOTAL,00,Boligindeks,1993K4,20.0,Hele landet,Alle boligtyper,Prisindeks for brukte boliger
TOTAL,00,Boligindeks,1994K1,20.6,Hele landet,Alle boligtyper,Prisindeks for brukte boliger
TOTAL,00,Boligindeks,1994K2,21.2,Hele landet,Alle boligtyper,Prisindeks for brukte boliger
TOTAL,00,Boligindeks,1994K3,22.1,Hele landet,Alle boligtyper,Prisindeks for brukte boliger
TOTAL,00,Boligindeks,1994K4,22.0,Hele landet,Alle boligtyper,Prisindeks for brukte boliger
TOTAL,00,Boligindeks,1995K1,22.1,Hele landet,Alle boligtyper,Prisindeks for brukte boliger
TOTAL,00,Boligindeks,1995K2,23.0,Hele landet,Alle boligtyper,Prisindeks for brukte boliger
TOTAL,00,Boligindeks,1995K3,23.4,Hele landet,Alle boligtyper,Prisindeks for brukte boliger
TOTAL,00,Boligindeks,1995K4,23.7,Hele landet,Alle boligtyper,Prisindeks for brukte boliger
TOTAL,00,Boligindeks,1996K1,23.9,Hele landet,Alle boligtyper,Prisindeks for brukte boliger
TOTAL,00,Boligindeks,1996K2,25.0,Hele landet,Alle boligtyper,Prisindeks for brukte boliger
TOTAL,00,Boligindeks,1996K3,25.5,Hele landet,Alle boligtyper,Prisindeks for brukte boliger
TOTAL,00,Boligindeks,1996K4,26.1,Hele landet,Alle boligtyper,Prisindeks for brukte boliger
TOTAL,00,Boligindeks,1997K1,26.5,Hele landet,Alle boligtyper,Prisindeks for brukte boliger
TOTAL,00,Boligindeks,1997K2,28.4,Hele landet,Alle boligtyper,Prisindeks for brukte boliger
TOTAL,00,Boligindeks,1997K3,28.6,Hele landet,Alle boligtyper,Prisindeks for brukte boliger
TOTAL,00,Boligindeks,1997K4,29.0,Hele landet,Alle boligtyper,Prisindeks for brukte boliger
TOTAL,00,Boligindeks,1998K1,30.2,Hele landet,Alle boligtyper,Prisindeks for brukte boliger
TOTAL,00,Boligindeks,1998K2,32.1,Hele landet,Alle boligtyper,Prisindeks for brukte boliger
TOTAL,00,Boligindeks,1998K3,31.8,Hele landet,Alle boligtyper,Prisindeks for brukte boliger
TOTAL,00,Boligindeks,1998K4,30.9,Hele landet,Alle boligtyper,Prisindeks for brukte boliger
TOTAL,00,Boligindeks,1999K1,32.1,Hele landet,Alle boligtyper,Prisindeks for brukte boliger
TOTAL,00,Boligindeks,1999K2,34.7,Hele landet,Alle boligtyper,Prisindeks for brukte boliger
TOTAL,00,Boligindeks,1999K3,35.4,Hele landet,Alle boligtyper,Prisindeks for brukte boliger
TOTAL,00,Boligindeks,1999K4,36.7,Hele landet,Alle boligtyper,Prisindeks for brukte boliger
TOTAL,00,Boligindeks,2000K1,38.9,Hele landet,Alle boligtyper,Prisindeks for brukte boliger
TOTAL,00,Boligindeks,2000K2,41.5,Hele landet,Alle boligtyper,Prisindeks for brukte boliger
TOTAL,00,Boligindeks,2000K3,40.3,Hele landet,Alle boligtyper,Prisindeks for brukte boliger
TOTAL,00,Boligindeks,2000K4,40.3,Hele landet,Alle boligtyper,Prisindeks for brukte boliger
TOTAL,00,Boligindeks,2001K1,41.7,Hele landet,Alle boligtyper,Prisindeks for brukte boliger
TOTAL,00,Boligindeks,2001K2,43.5,Hele landet,Alle boligtyper,Prisindeks for brukte boliger
TOTAL,00,Boligindeks,2001K3,43.5,Hele landet,Alle boligtyper,Prisindeks for brukte boliger
TOTAL,00,Boligindeks,2001K4,43.4,Hele landet,Alle boligtyper,Prisindeks for brukte boliger
TOTAL,00,Boligindeks,2002K1,44.8,Hele landet,Alle boligtyper,Prisindeks for brukte boliger
TOTAL,00,Boligindeks,2002K2,46.4,Hele landet,Alle boligtyper,Prisindeks for brukte boliger
TOTAL,00,Boligindeks,2002K3,44.9,Hele landet,Alle boligtyper,Prisindeks for brukte boliger
TOTAL,00,Boligindeks,2002K4,44.6,Hele landet,Alle boligtyper,Prisindeks for brukte boliger
TOTAL,00,Boligindeks,2003K1,45.6,Hele landet,Alle boligtyper,Prisindeks for brukte boliger
TOTAL,00,Boligindeks,2003K2,45.9,Hele landet,Alle boligtyper,Prisindeks for brukte boliger
TOTAL,00,Boligindeks,2003K3,45.8,Hele landet,Alle boligtyper,Prisindeks for brukte boliger
TOTAL,00,Boligindeks,2003K4,46.4,Hele landet,Alle boligtyper,Prisindeks for brukte boliger
TOTAL,00,Boligindeks,2004K1,49.8,Hele landet,Alle boligtyper,Prisindeks for brukte boliger
TOTAL,00,Boligindeks,2004K2,50.6,Hele landet,Alle boligtyper,Prisindeks for brukte boliger
TOTAL,00,Boligindeks,2004K3,50.7,Hele landet,Alle boligtyper,Prisindeks for brukte boliger
TOTAL,00,Boligindeks,2004K4,51.3,Hele landet,Alle boligtyper,Prisindeks for brukte boliger
TOTAL,00,Boligindeks,2005K1,53.4,Hele landet,Alle boligtyper,Prisindeks for brukte boliger
TOTAL,00,Boligindeks,2005K2,54.9,Hele landet,Alle boligtyper,Prisindeks for brukte boliger
TOTAL,00,Boligindeks,2005K3,55.4,Hele landet,Alle boligtyper,Prisindeks for brukte boliger
TOTAL,00,Boligindeks,2005K4,55.4,Hele landet,Alle boligtyper,Prisindeks for brukte boliger
TOTAL,00,Boligindeks,2006K1,58.9,Hele landet,Alle boligtyper,Prisindeks for brukte boliger
TOTAL,00,Boligindeks,2006K2,61.8,Hele landet,Alle boligtyper,Prisindeks for brukte boliger
TOTAL,00,Boligindeks,2006K3,63.8,Hele landet,Alle boligtyper,Prisindeks for brukte boliger
TOTAL,00,Boligindeks,2006K4,64.6,Hele landet,Alle boligtyper,Prisindeks for brukte boliger
TOTAL,00,Boligindeks,2007K1,68.6,Hele landet,Alle boligtyper,Prisindeks for brukte boliger
TOTAL,00,Boligindeks,2007K2,71.2,Hele landet,Alle boligtyper,Prisindeks for brukte boliger
TOTAL,00,Boligindeks,2007K3,71.1,Hele landet,Alle boligtyper,Prisindeks for brukte boliger
TOTAL,00,Boligindeks,2007K4,69.5,Hele landet,Alle boligtyper,Prisindeks for brukte boliger
TOTAL,00,Boligindeks,2008K1,71.1,Hele landet,Alle boligtyper,Prisindeks for brukte boliger
TOTAL,00,Boligindeks,2008K2,72.0,Hele landet,Alle boligtyper,Prisindeks for brukte boliger
TOTAL,00,Boligindeks,2008K3,69.6,Hele landet,Alle boligtyper,Prisindeks for brukte boliger
TOTAL,00,Boligindeks,2008K4,64.7,Hele landet,Alle boligtyper,Prisindeks for brukte boliger
TOTAL,00,Boligindeks,2009K1,67.4,Hele landet,Alle boligtyper,Prisindeks for brukte boliger
TOTAL,00,Boligindeks,2009K2,70.9,Hele landet,Alle boligtyper,Prisindeks for brukte boliger
TOTAL,00,Boligindeks,2009K3,72.2,Hele landet,Alle boligtyper,Prisindeks for brukte boliger
TOTAL,00,Boligindeks,2009K4,72.2,Hele landet,Alle boligtyper,Prisindeks for brukte boliger
TOTAL,00,Boligindeks,2010K1,74.6,Hele landet,Alle boligtyper,Prisindeks for brukte boliger
TOTAL,00,Boligindeks,2010K2,77.4,Hele landet,Alle boligtyper,Prisindeks for brukte boliger
TOTAL,00,Boligindeks,2010K3,77.0,Hele landet,Alle boligtyper,Prisindeks for brukte boliger
TOTAL,00,Boligindeks,2010K4,76.9,Hele landet,Alle boligtyper,Prisindeks for brukte boliger
TOTAL,00,Boligindeks,2011K1,80.9,Hele landet,Alle boligtyper,Prisindeks for brukte boliger
TOTAL,00,Boligindeks,2011K2,83.1,Hele landet,Alle boligtyper,Prisindeks for brukte boliger
TOTAL,00,Boligindeks,2011K3,83.4,Hele landet,Alle boligtyper,Prisindeks for brukte boliger
TOTAL,00,Boligindeks,2011K4,83.0,Hele landet,Alle boligtyper,Prisindeks for brukte boliger
TOTAL,00,Boligindeks,2012K1,86.0,Hele landet,Alle boligtyper,Prisindeks for brukte boliger
TOTAL,00,Boligindeks,2012K2,88.8,Hele landet,Alle boligtyper,Prisindeks for brukte boliger
TOTAL,00,Boligindeks,2012K3,89.3,Hele landet,Alle boligtyper,Prisindeks for brukte boliger
TOTAL,00,Boligindeks,2012K4,88.7,Hele landet,Alle boligtyper,Prisindeks for brukte boliger
TOTAL,00,Boligindeks,2013K1,91.4,Hele landet,Alle boligtyper,Prisindeks for brukte boliger
TOTAL,00,Boligindeks,2013K2,93.9,Hele landet,Alle boligtyper,Prisindeks for brukte boliger
TOTAL,00,Boligindeks,2013K3,92.1,Hele landet,Alle boligtyper,Prisindeks for brukte boliger
TOTAL,00,Boligindeks,2013K4,89.6,Hele landet,Alle boligtyper,Prisindeks for brukte boliger
TOTAL,00,Boligindeks,2014K1,91.7,Hele landet,Alle boligtyper,Prisindeks for brukte boliger
TOTAL,00,Boligindeks,2014K2,95.2,Hele landet,Alle boligtyper,Prisindeks for brukte boliger
TOTAL,00,Boligindeks,2014K3,95.3,Hele landet,Alle boligtyper,Prisindeks for brukte boliger
TOTAL,00,Boligindeks,2014K4,94.8,Hele landet,Alle boligtyper,Prisindeks for brukte boliger
TOTAL,00,Boligindeks,2015K1,98.3,Hele landet,Alle boligtyper,Prisindeks for brukte boliger
TOTAL,00,Boligindeks,2015K2,101.5,Hele landet,Alle boligtyper,Prisindeks for brukte boliger
TOTAL,00,Boligindeks,2015K3,101.1,Hele landet,Alle boligtyper,Prisindeks for brukte boliger
TOTAL,00,Boligindeks,2015K4,99.1,Hele landet,Alle boligtyper,Prisindeks for brukte boliger
TOTAL,00,Boligindeks,2016K1,102.8,Hele landet,Alle boligtyper,Prisindeks for brukte boliger
TOTAL,00,Boligindeks,2016K2,107.1,Hele landet,Alle boligtyper,Prisindeks for brukte boliger
TOTAL,00,Boligindeks,2016K3,109.1,Hele landet,Alle boligtyper,Prisindeks for brukte boliger
TOTAL,00,Boligindeks,2016K4,109.1,Hele landet,Alle boligtyper,Prisindeks for brukte boliger
TOTAL,00,Boligindeks,2017K1,113.2,Hele landet,Alle boligtyper,Prisindeks for brukte boliger
TOTAL,00,Boligindeks,2017K2,114.5,Hele landet,Alle boligtyper,Prisindeks for brukte boliger
TOTAL,00,Boligindeks,2017K3,111.8,Hele landet,Alle boligtyper,Prisindeks for brukte boliger
TOTAL,00,Boligindeks,2017K4,109.9,Hele landet,Alle boligtyper,Prisindeks for brukte boliger
TOTAL,00,Boligindeks,2018K1,112.0,Hele landet,Alle boligtyper,Prisindeks for brukte boliger
TOTAL,00,Boligindeks,2018K2,116.4,Hele landet,Alle boligtyper,Prisindeks for brukte boliger
TOTAL,00,Boligindeks,2018K3,115.1,Hele landet,Alle boligtyper,Prisindeks for brukte boliger
TOTAL,00,Boligindeks,2018K4,112.4,Hele landet,Alle boligtyper,Prisindeks for brukte boliger
TOTAL,00,Boligindeks,2019K1,115.4,Hele landet,Alle boligtyper,Prisindeks for brukte boliger
TOTAL,00,Boligindeks,2019K2,118.7,Hele landet,Alle boligtyper,Prisindeks for brukte boliger
TOTAL,00,Boligindeks,2019K3,117.8,Hele landet,Alle boligtyper,Prisindeks for brukte boliger
TOTAL,00,Boligindeks,2019K4,115.3,Hele landet,Alle boligtyper,Prisindeks for brukte boliger
TOTAL,00,Boligindeks,2020K1,117.6,Hele landet,Alle boligtyper,Prisindeks for brukte boliger
TOTAL,00,Boligindeks,2020K2,121.9,Hele landet,Alle boligtyper,Prisindeks for brukte boliger
TOTAL,00,Boligindeks,2020K3,123.6,Hele landet,Alle boligtyper,Prisindeks for brukte boliger
TOTAL,00,Boligindeks,2020K4,124.0,Hele landet,Alle boligtyper,Prisindeks for brukte boliger
TOTAL,00,Boligindeks,2021K1,130.7,Hele landet,Alle boligtyper,Prisindeks for brukte boliger
TOTAL,00,Boligindeks,2021K2,137.0,Hele landet,Alle boligtyper,Prisindeks for brukte boliger
TOTAL,00,Boligindeks,2021K3,136.5,Hele landet,Alle boligtyper,Prisindeks for brukte boliger
TOTAL,00,Boligindeks,2021K4,133.9,Hele landet,Alle boligtyper,Prisindeks for brukte boliger
TOTAL,00,Boligindeks,2022K1,140.1,Hele landet,Alle boligtyper,Prisindeks for brukte boliger
TOTAL,00,Boligindeks,2022K2,145.7,Hele landet,Alle boligtyper,Prisindeks for brukte boliger
TOTAL,00,Boligindeks,2022K3,143.1,Hele landet,Alle boligtyper,Prisindeks for brukte boliger
TOTAL,00,Boligindeks,2022K4,137.4,Hele landet,Alle boligtyper,Prisindeks for brukte boliger
TOTAL,00,Boligindeks,2023K1,140.0,Hele landet,Alle boligtyper,Prisindeks for brukte boliger
TOTAL,00,Boligindeks,2023K2,145.5,Hele landet,Alle boligtyper,Prisindeks for brukte boliger
TOTAL,00,Boligindeks,2023K3,141.3,Hele landet,Alle boligtyper,Prisindeks for brukte boliger
TOTAL,00,Boligindeks,2023K4,136.4,Hele landet,Alle boligtyper,Prisindeks for brukte boliger
TOTAL,00,Boligindeks,2024K1,141.7,Hele landet,Alle boligtyper,Prisindeks for brukte boliger
TOTAL,00,Boligindeks,2024K2,147.7,Hele landet,Alle boligtyper,Prisindeks for brukte boliger
TOTAL,00,Boligindeks,2024K3,145.9,Hele landet,Alle boligtyper,Prisindeks for brukte boliger
TOTAL,00,Boligindeks,2024K4,143.0,Hele landet,Alle boligtyper,Prisindeks for brukte boliger
TOTAL,00,Boligindeks,2025K1,150.9,Hele landet,Alle boligtyper,Prisindeks for brukte boliger
TOTAL,00,Boligindeks,2025K2,154.4,Hele landet,Alle boligtyper,Prisindeks for brukte boliger
TOTAL,00,Boligindeks,2025K3,153.2,Hele landet,Alle boligtyper,Prisindeks for brukte boliger
TOTAL,00,Boligindeks,2025K4,151.5,Hele landet,Alle boligtyper,Prisindeks for brukte boliger
TOTAL,00,Boligindeks,2026K1,156.7,Hele landet,Alle boligtyper,Prisindeks for brukte boliger
TOTAL,00,Boligindeks,2026K2,161.2,Hele landet,Alle boligtyper,Prisindeks for brukte boliger
TOTAL,00,SesJustBoligindeks,1992K1,,Hele landet,Alle boligtyper,"Prisindeks for brukte boliger, sesongjustert"
TOTAL,00,SesJustBoligindeks,1992K2,,Hele landet,Alle boligtyper,"Prisindeks for brukte boliger, sesongjustert"
TOTAL,00,SesJustBoligindeks,1992K3,,Hele landet,Alle boligtyper,"Prisindeks for brukte boliger, sesongjustert"
TOTAL,00,SesJustBoligindeks,1992K4,,Hele landet,Alle boligtyper,"Prisindeks for brukte boliger, sesongjustert"
TOTAL,00,SesJustBoligindeks,1993K1,,Hele landet,Alle boligtyper,"Prisindeks for brukte boliger, sesongjustert"
TOTAL,00,SesJustBoligindeks,1993K2,,Hele landet,Alle boligtyper,"Prisindeks for brukte boliger, sesongjustert"
TOTAL,00,SesJustBoligindeks,1993K3,,Hele landet,Alle boligtyper,"Prisindeks for brukte boliger, sesongjustert"
TOTAL,00,SesJustBoligindeks,1993K4,,Hele landet,Alle boligtyper,"Prisindeks for brukte boliger, sesongjustert"
TOTAL,00,SesJustBoligindeks,1994K1,,Hele landet,Alle boligtyper,"Prisindeks for brukte boliger, sesongjustert"
TOTAL,00,SesJustBoligindeks,1994K2,,Hele landet,Alle boligtyper,"Prisindeks for brukte boliger, sesongjustert"
TOTAL,00,SesJustBoligindeks,1994K3,,Hele landet,Alle boligtyper,"Prisindeks for brukte boliger, sesongjustert"
TOTAL,00,SesJustBoligindeks,1994K4,,Hele landet,Alle boligtyper,"Prisindeks for brukte boliger, sesongjustert"
TOTAL,00,SesJustBoligindeks,1995K1,,Hele landet,Alle boligtyper,"Prisindeks for brukte boliger, sesongjustert"
TOTAL,00,SesJustBoligindeks,1995K2,,Hele landet,Alle boligtyper,"Prisindeks for brukte boliger, sesongjustert"
TOTAL,00,SesJustBoligindeks,1995K3,,Hele landet,Alle boligtyper,"Prisindeks for brukte boliger, sesongjustert"
TOTAL,00,SesJustBoligindeks,1995K4,,Hele landet,Alle boligtyper,"Prisindeks for brukte boliger, sesongjustert"
TOTAL,00,SesJustBoligindeks,1996K1,,Hele landet,Alle boligtyper,"Prisindeks for brukte boliger, sesongjustert"
TOTAL,00,SesJustBoligindeks,1996K2,,Hele landet,Alle boligtyper,"Prisindeks for brukte boliger, sesongjustert"
TOTAL,00,SesJustBoligindeks,1996K3,,Hele landet,Alle boligtyper,"Prisindeks for brukte boliger, sesongjustert"
TOTAL,00,SesJustBoligindeks,1996K4,,Hele landet,Alle boligtyper,"Prisindeks for brukte boliger, sesongjustert"
TOTAL,00,SesJustBoligindeks,1997K1,,Hele landet,Alle boligtyper,"Prisindeks for brukte boliger, sesongjustert"
TOTAL,00,SesJustBoligindeks,1997K2,,Hele landet,Alle boligtyper,"Prisindeks for brukte boliger, sesongjustert"
TOTAL,00,SesJustBoligindeks,1997K3,,Hele landet,Alle boligtyper,"Prisindeks for brukte boliger, sesongjustert"
TOTAL,00,SesJustBoligindeks,1997K4,,Hele landet,Alle boligtyper,"Prisindeks for brukte boliger, sesongjustert"
TOTAL,00,SesJustBoligindeks,1998K1,,Hele landet,Alle boligtyper,"Prisindeks for brukte boliger, sesongjustert"
TOTAL,00,SesJustBoligindeks,1998K2,,Hele landet,Alle boligtyper,"Prisindeks for brukte boliger, sesongjustert"
TOTAL,00,SesJustBoligindeks,1998K3,,Hele landet,Alle boligtyper,"Prisindeks for brukte boliger, sesongjustert"
TOTAL,00,SesJustBoligindeks,1998K4,,Hele landet,Alle boligtyper,"Prisindeks for brukte boliger, sesongjustert"
TOTAL,00,SesJustBoligindeks,1999K1,,Hele landet,Alle boligtyper,"Prisindeks for brukte boliger, sesongjustert"
TOTAL,00,SesJustBoligindeks,1999K2,,Hele landet,Alle boligtyper,"Prisindeks for brukte boliger, sesongjustert"
TOTAL,00,SesJustBoligindeks,1999K3,,Hele landet,Alle boligtyper,"Prisindeks for brukte boliger, sesongjustert"
TOTAL,00,SesJustBoligindeks,1999K4,,Hele landet,Alle boligtyper,"Prisindeks for brukte boliger, sesongjustert"
TOTAL,00,SesJustBoligindeks,2000K1,,Hele landet,Alle boligtyper,"Prisindeks for brukte boliger, sesongjustert"
TOTAL,00,SesJustBoligindeks,2000K2,,Hele landet,Alle boligtyper,"Prisindeks for brukte boliger, sesongjustert"
TOTAL,00,SesJustBoligindeks,2000K3,,Hele landet,Alle boligtyper,"Prisindeks for brukte boliger, sesongjustert"
TOTAL,00,SesJustBoligindeks,2000K4,,Hele landet,Alle boligtyper,"Prisindeks for brukte boliger, sesongjustert"
TOTAL,00,SesJustBoligindeks,2001K1,,Hele landet,Alle boligtyper,"Prisindeks for brukte boliger, sesongjustert"
TOTAL,00,SesJustBoligindeks,2001K2,,Hele landet,Alle boligtyper,"Prisindeks for brukte boliger, sesongjustert"
TOTAL,00,SesJustBoligindeks,2001K3,,Hele landet,Alle boligtyper,"Prisindeks for brukte boliger, sesongjustert"
TOTAL,00,SesJustBoligindeks,2001K4,,Hele landet,Alle boligtyper,"Prisindeks for brukte boliger, sesongjustert"
TOTAL,00,SesJustBoligindeks,2002K1,,Hele landet,Alle boligtyper,"Prisindeks for brukte boliger, sesongjustert"
TOTAL,00,SesJustBoligindeks,2002K2,,Hele landet,Alle boligtyper,"Prisindeks for brukte boliger, sesongjustert"
TOTAL,00,SesJustBoligindeks,2002K3,,Hele landet,Alle boligtyper,"Prisindeks for brukte boliger, sesongjustert"
TOTAL,00,SesJustBoligindeks,2002K4,,Hele landet,Alle boligtyper,"Prisindeks for brukte boliger, sesongjustert"
TOTAL,00,SesJustBoligindeks,2003K1,,Hele landet,Alle boligtyper,"Prisindeks for brukte boliger, sesongjustert"
TOTAL,00,SesJustBoligindeks,2003K2,,Hele landet,Alle boligtyper,"Prisindeks for brukte boliger, sesongjustert"
TOTAL,00,SesJustBoligindeks,2003K3,,Hele landet,Alle boligtyper,"Prisindeks for brukte boliger, sesongjustert"
TOTAL,00,SesJustBoligindeks,2003K4,,Hele landet,Alle boligtyper,"Prisindeks for brukte boliger, sesongjustert"
TOTAL,00,SesJustBoligindeks,2004K1,,Hele landet,Alle boligtyper,"Prisindeks for brukte boliger, sesongjustert"
TOTAL,00,SesJustBoligindeks,2004K2,,Hele landet,Alle boligtyper,"Prisindeks for brukte boliger, sesongjustert"
TOTAL,00,SesJustBoligindeks,2004K3,,Hele landet,Alle boligtyper,"Prisindeks for brukte boliger, sesongjustert"
TOTAL,00,SesJustBoligindeks,2004K4,,Hele landet,Alle boligtyper,"Prisindeks for brukte boliger, sesongjustert"
TOTAL,00,SesJustBoligindeks,2005K1,53.2,Hele landet,Alle boligtyper,"Prisindeks for brukte boliger, sesongjustert"
TOTAL,00,SesJustBoligindeks,2005K2,54.0,Hele landet,Alle boligtyper,"Prisindeks for brukte boliger, sesongjustert"
TOTAL,00,SesJustBoligindeks,2005K3,55.2,Hele landet,Alle boligtyper,"Prisindeks for brukte boliger, sesongjustert"
TOTAL,00,SesJustBoligindeks,2005K4,56.8,Hele landet,Alle boligtyper,"Prisindeks for brukte boliger, sesongjustert"
TOTAL,00,SesJustBoligindeks,2006K1,58.7,Hele landet,Alle boligtyper,"Prisindeks for brukte boliger, sesongjustert"
TOTAL,00,SesJustBoligindeks,2006K2,60.7,Hele landet,Alle boligtyper,"Prisindeks for brukte boliger, sesongjustert"
TOTAL,00,SesJustBoligindeks,2006K3,63.6,Hele landet,Alle boligtyper,"Prisindeks for brukte boliger, sesongjustert"
TOTAL,00,SesJustBoligindeks,2006K4,66.1,Hele landet,Alle boligtyper,"Prisindeks for brukte boliger, sesongjustert"
TOTAL,00,SesJustBoligindeks,2007K1,68.4,Hele landet,Alle boligtyper,"Prisindeks for brukte boliger, sesongjustert"
TOTAL,00,SesJustBoligindeks,2007K2,69.9,Hele landet,Alle boligtyper,"Prisindeks for brukte boliger, sesongjustert"
TOTAL,00,SesJustBoligindeks,2007K3,70.9,Hele landet,Alle boligtyper,"Prisindeks for brukte boliger, sesongjustert"
TOTAL,00,SesJustBoligindeks,2007K4,71.1,Hele landet,Alle boligtyper,"Prisindeks for brukte boliger, sesongjustert"
TOTAL,00,SesJustBoligindeks,2008K1,71.0,Hele landet,Alle boligtyper,"Prisindeks for brukte boliger, sesongjustert"
TOTAL,00,SesJustBoligindeks,2008K2,70.7,Hele landet,Alle boligtyper,"Prisindeks for brukte boliger, sesongjustert"
TOTAL,00,SesJustBoligindeks,2008K3,69.4,Hele landet,Alle boligtyper,"Prisindeks for brukte boliger, sesongjustert"
TOTAL,00,SesJustBoligindeks,2008K4,66.2,Hele landet,Alle boligtyper,"Prisindeks for brukte boliger, sesongjustert"
TOTAL,00,SesJustBoligindeks,2009K1,67.3,Hele landet,Alle boligtyper,"Prisindeks for brukte boliger, sesongjustert"
TOTAL,00,SesJustBoligindeks,2009K2,69.6,Hele landet,Alle boligtyper,"Prisindeks for brukte boliger, sesongjustert"
TOTAL,00,SesJustBoligindeks,2009K3,72.0,Hele landet,Alle boligtyper,"Prisindeks for brukte boliger, sesongjustert"
TOTAL,00,SesJustBoligindeks,2009K4,73.8,Hele landet,Alle boligtyper,"Prisindeks for brukte boliger, sesongjustert"
TOTAL,00,SesJustBoligindeks,2010K1,74.7,Hele landet,Alle boligtyper,"Prisindeks for brukte boliger, sesongjustert"
TOTAL,00,SesJustBoligindeks,2010K2,75.9,Hele landet,Alle boligtyper,"Prisindeks for brukte boliger, sesongjustert"
TOTAL,00,SesJustBoligindeks,2010K3,76.8,Hele landet,Alle boligtyper,"Prisindeks for brukte boliger, sesongjustert"
TOTAL,00,SesJustBoligindeks,2010K4,78.6,Hele landet,Alle boligtyper,"Prisindeks for brukte boliger, sesongjustert"
TOTAL,00,SesJustBoligindeks,2011K1,80.9,Hele landet,Alle boligtyper,"Prisindeks for brukte boliger, sesongjustert"
TOTAL,00,SesJustBoligindeks,2011K2,81.5,Hele landet,Alle boligtyper,"Prisindeks for brukte boliger, sesongjustert"
TOTAL,00,SesJustBoligindeks,2011K3,83.2,Hele landet,Alle boligtyper,"Prisindeks for brukte boliger, sesongjustert"
TOTAL,00,SesJustBoligindeks,2011K4,84.8,Hele landet,Alle boligtyper,"Prisindeks for brukte boliger, sesongjustert"
TOTAL,00,SesJustBoligindeks,2012K1,86.1,Hele landet,Alle boligtyper,"Prisindeks for brukte boliger, sesongjustert"
TOTAL,00,SesJustBoligindeks,2012K2,87.1,Hele landet,Alle boligtyper,"Prisindeks for brukte boliger, sesongjustert"
TOTAL,00,SesJustBoligindeks,2012K3,89.0,Hele landet,Alle boligtyper,"Prisindeks for brukte boliger, sesongjustert"
TOTAL,00,SesJustBoligindeks,2012K4,90.5,Hele landet,Alle boligtyper,"Prisindeks for brukte boliger, sesongjustert"
TOTAL,00,SesJustBoligindeks,2013K1,91.5,Hele landet,Alle boligtyper,"Prisindeks for brukte boliger, sesongjustert"
TOTAL,00,SesJustBoligindeks,2013K2,92.1,Hele landet,Alle boligtyper,"Prisindeks for brukte boliger, sesongjustert"
TOTAL,00,SesJustBoligindeks,2013K3,91.8,Hele landet,Alle boligtyper,"Prisindeks for brukte boliger, sesongjustert"
TOTAL,00,SesJustBoligindeks,2013K4,91.5,Hele landet,Alle boligtyper,"Prisindeks for brukte boliger, sesongjustert"
TOTAL,00,SesJustBoligindeks,2014K1,91.8,Hele landet,Alle boligtyper,"Prisindeks for brukte boliger, sesongjustert"
TOTAL,00,SesJustBoligindeks,2014K2,93.4,Hele landet,Alle boligtyper,"Prisindeks for brukte boliger, sesongjustert"
TOTAL,00,SesJustBoligindeks,2014K3,95.0,Hele landet,Alle boligtyper,"Prisindeks for brukte boliger, sesongjustert"
TOTAL,00,SesJustBoligindeks,2014K4,96.9,Hele landet,Alle boligtyper,"Prisindeks for brukte boliger, sesongjustert"
TOTAL,00,SesJustBoligindeks,2015K1,98.4,Hele landet,Alle boligtyper,"Prisindeks for brukte boliger, sesongjustert"
TOTAL,00,SesJustBoligindeks,2015K2,99.6,Hele landet,Alle boligtyper,"Prisindeks for brukte boliger, sesongjustert"
TOTAL,00,SesJustBoligindeks,2015K3,100.7,Hele landet,Alle boligtyper,"Prisindeks for brukte boliger, sesongjustert"
TOTAL,00,SesJustBoligindeks,2015K4,101.3,Hele landet,Alle boligtyper,"Prisindeks for brukte boliger, sesongjustert"
TOTAL,00,SesJustBoligindeks,2016K1,102.9,Hele landet,Alle boligtyper,"Prisindeks for brukte boliger, sesongjustert"
TOTAL,00,SesJustBoligindeks,2016K2,105.1,Hele landet,Alle boligtyper,"Prisindeks for brukte boliger, sesongjustert"
TOTAL,00,SesJustBoligindeks,2016K3,108.7,Hele landet,Alle boligtyper,"Prisindeks for brukte boliger, sesongjustert"
TOTAL,00,SesJustBoligindeks,2016K4,111.6,Hele landet,Alle boligtyper,"Prisindeks for brukte boliger, sesongjustert"
TOTAL,00,SesJustBoligindeks,2017K1,113.3,Hele landet,Alle boligtyper,"Prisindeks for brukte boliger, sesongjustert"
TOTAL,00,SesJustBoligindeks,2017K2,112.4,Hele landet,Alle boligtyper,"Prisindeks for brukte boliger, sesongjustert"
TOTAL,00,SesJustBoligindeks,2017K3,111.4,Hele landet,Alle boligtyper,"Prisindeks for brukte boliger, sesongjustert"
TOTAL,00,SesJustBoligindeks,2017K4,112.4,Hele landet,Alle boligtyper,"Prisindeks for brukte boliger, sesongjustert"
TOTAL,00,SesJustBoligindeks,2018K1,112.1,Hele landet,Alle boligtyper,"Prisindeks for brukte boliger, sesongjustert"
TOTAL,00,SesJustBoligindeks,2018K2,114.2,Hele landet,Alle boligtyper,"Prisindeks for brukte boliger, sesongjustert"
TOTAL,00,SesJustBoligindeks,2018K3,114.6,Hele landet,Alle boligtyper,"Prisindeks for brukte boliger, sesongjustert"
TOTAL,00,SesJustBoligindeks,2018K4,115.0,Hele landet,Alle boligtyper,"Prisindeks for brukte boliger, sesongjustert"
TOTAL,00,SesJustBoligindeks,2019K1,115.6,Hele landet,Alle boligtyper,"Prisindeks for brukte boliger, sesongjustert"
TOTAL,00,SesJustBoligindeks,2019K2,116.3,Hele landet,Alle boligtyper,"Prisindeks for brukte boliger, sesongjustert"
TOTAL,00,SesJustBoligindeks,2019K3,117.3,Hele landet,Alle boligtyper,"Prisindeks for brukte boliger, sesongjustert"
TOTAL,00,SesJustBoligindeks,2019K4,118.1,Hele landet,Alle boligtyper,"Prisindeks for brukte boliger, sesongjustert"
TOTAL,00,SesJustBoligindeks,2020K1,117.9,Hele landet,Alle boligtyper,"Prisindeks for brukte boliger, sesongjustert"
TOTAL,00,SesJustBoligindeks,2020K2,119.3,Hele landet,Alle boligtyper,"Prisindeks for brukte boliger, sesongjustert"
TOTAL,00,SesJustBoligindeks,2020K3,123.0,Hele landet,Alle boligtyper,"Prisindeks for brukte boliger, sesongjustert"
TOTAL,00,SesJustBoligindeks,2020K4,127.2,Hele landet,Alle boligtyper,"Prisindeks for brukte boliger, sesongjustert"
TOTAL,00,SesJustBoligindeks,2021K1,131.0,Hele landet,Alle boligtyper,"Prisindeks for brukte boliger, sesongjustert"
TOTAL,00,SesJustBoligindeks,2021K2,133.8,Hele landet,Alle boligtyper,"Prisindeks for brukte boliger, sesongjustert"
TOTAL,00,SesJustBoligindeks,2021K3,135.8,Hele landet,Alle boligtyper,"Prisindeks for brukte boliger, sesongjustert"
TOTAL,00,SesJustBoligindeks,2021K4,137.6,Hele landet,Alle boligtyper,"Prisindeks for brukte boliger, sesongjustert"
TOTAL,00,SesJustBoligindeks,2022K1,140.4,Hele landet,Alle boligtyper,"Prisindeks for brukte boliger, sesongjustert"
TOTAL,00,SesJustBoligindeks,2022K2,142.2,Hele landet,Alle boligtyper,"Prisindeks for brukte boliger, sesongjustert"
TOTAL,00,SesJustBoligindeks,2022K3,142.4,Hele landet,Alle boligtyper,"Prisindeks for brukte boliger, sesongjustert"
TOTAL,00,SesJustBoligindeks,2022K4,141.3,Hele landet,Alle boligtyper,"Prisindeks for brukte boliger, sesongjustert"
TOTAL,00,SesJustBoligindeks,2023K1,140.3,Hele landet,Alle boligtyper,"Prisindeks for brukte boliger, sesongjustert"
TOTAL,00,SesJustBoligindeks,2023K2,141.9,Hele landet,Alle boligtyper,"Prisindeks for brukte boliger, sesongjustert"
TOTAL,00,SesJustBoligindeks,2023K3,140.7,Hele landet,Alle boligtyper,"Prisindeks for brukte boliger, sesongjustert"
TOTAL,00,SesJustBoligindeks,2023K4,140.4,Hele landet,Alle boligtyper,"Prisindeks for brukte boliger, sesongjustert"
TOTAL,00,SesJustBoligindeks,2024K1,141.9,Hele landet,Alle boligtyper,"Prisindeks for brukte boliger, sesongjustert"
TOTAL,00,SesJustBoligindeks,2024K2,144.0,Hele landet,Alle boligtyper,"Prisindeks for brukte boliger, sesongjustert"
TOTAL,00,SesJustBoligindeks,2024K3,145.4,Hele landet,Alle boligtyper,"Prisindeks for brukte boliger, sesongjustert"
TOTAL,00,SesJustBoligindeks,2024K4,147.1,Hele landet,Alle boligtyper,"Prisindeks for brukte boliger, sesongjustert"
TOTAL,00,SesJustBoligindeks,2025K1,151.0,Hele landet,Alle boligtyper,"Prisindeks for brukte boliger, sesongjustert"
TOTAL,00,SesJustBoligindeks,2025K2,150.6,Hele landet,Alle boligtyper,"Prisindeks for brukte boliger, sesongjustert"
TOTAL,00,SesJustBoligindeks,2025K3,152.7,Hele landet,Alle boligtyper,"Prisindeks for brukte boliger, sesongjustert"
TOTAL,00,SesJustBoligindeks,2025K4,155.8,Hele landet,Alle boligtyper,"Prisindeks for brukte boliger, sesongjustert"
TOTAL,00,SesJustBoligindeks,2026K1,156.7,Hele landet,Alle boligtyper,"Prisindeks for brukte boliger, sesongjustert"
TOTAL,00,SesJustBoligindeks,2026K2,157.3,Hele landet,Alle boligtyper,"Prisindeks for brukte boliger, sesongjustert"
001,00,Boligindeks,1992K1,13.5,Oslo med Bærum,Alle boligtyper,Prisindeks for brukte boliger
001,00,Boligindeks,1992K2,13.7,Oslo med Bærum,Alle boligtyper,Prisindeks for brukte boliger
001,00,Boligindeks,1992K3,13.8,Oslo med Bærum,Alle boligtyper,Prisindeks for brukte boliger
001,00,Boligindeks,1992K4,13.2,Oslo med Bærum,Alle boligtyper,Prisindeks for brukte boliger
001,00,Boligindeks,1993K1,12.8,Oslo med Bærum,Alle boligtyper,Prisindeks for brukte boliger
001,00,Boligindeks,1993K2,13.5,Oslo med Bærum,Alle boligtyper,Prisindeks for brukte boliger
001,00,Boligindeks,1993K3,14.4,Oslo med Bærum,Alle boligtyper,Prisindeks for brukte boliger
001,00,Boligindeks,1993K4,15.8,Oslo med Bærum,Alle boligtyper,Prisindeks for brukte boliger
001,00,Boligindeks,1994K1,16.2,Oslo med Bærum,Alle boligtyper,Prisindeks for brukte boliger
001,00,Boligindeks,1994K2,17.0,Oslo med Bærum,Alle boligtyper,Prisindeks for brukte boliger
001,00,Boligindeks,1994K3,17.4,Oslo med Bærum,Alle boligtyper,Prisindeks for brukte boliger
001,00,Boligindeks,1994K4,17.0,Oslo med Bærum,Alle boligtyper,Prisindeks for brukte boliger
001,00,Boligindeks,1995K1,17.0,Oslo med Bærum,Alle boligtyper,Prisindeks for brukte boliger
001,00,Boligindeks,1995K2,17.6,Oslo med Bærum,Alle boligtyper,Prisindeks for brukte boliger
001,00,Boligindeks,1995K3,18.2,Oslo med Bærum,Alle boligtyper,Prisindeks for brukte boliger
001,00,Boligindeks,1995K4,18.4,Oslo med Bærum,Alle boligtyper,Prisindeks for brukte boliger
001,00,Boligindeks,1996K1,18.8,Oslo med Bærum,Alle boligtyper,Prisindeks for brukte boliger
001,00,Boligindeks,1996K2,20.2,Oslo med Bærum,Alle boligtyper,Prisindeks for brukte boliger
001,00,Boligindeks,1996K3,20.5,Oslo med Bærum,Alle boligtyper,Prisindeks for brukte boliger
001,00,Boligindeks,1996K4,21.5,Oslo med Bærum,Alle boligtyper,Prisindeks for brukte boliger
001,00,Boligindeks,1997K1,22.7,Oslo med Bærum,Alle boligtyper,Prisindeks for brukte boliger
001,00,Boligindeks,1997K2,24.1,Oslo med Bærum,Alle boligtyper,Prisindeks for brukte boliger
001,00,Boligindeks,1997K3,24.2,Oslo med Bærum,Alle boligtyper,Prisindeks for brukte boliger
001,00,Boligindeks,1997K4,25.1,Oslo med Bærum,Alle boligtyper,Prisindeks for brukte boliger
001,00,Boligindeks,1998K1,27.5,Oslo med Bærum,Alle boligtyper,Prisindeks for brukte boliger
001,00,Boligindeks,1998K2,28.8,Oslo med Bærum,Alle boligtyper,Prisindeks for brukte boliger
001,00,Boligindeks,1998K3,28.2,Oslo med Bærum,Alle boligtyper,Prisindeks for brukte boliger
001,00,Boligindeks,1998K4,27.3,Oslo med Bærum,Alle boligtyper,Prisindeks for brukte boliger
001,00,Boligindeks,1999K1,29.5,Oslo med Bærum,Alle boligtyper,Prisindeks for brukte boliger
001,00,Boligindeks,1999K2,32.4,Oslo med Bærum,Alle boligtyper,Prisindeks for brukte boliger
001,00,Boligindeks,1999K3,33.4,Oslo med Bærum,Alle boligtyper,Prisindeks for brukte boliger
001,00,Boligindeks,1999K4,34.7,Oslo med Bærum,Alle boligtyper,Prisindeks for brukte boliger
001,00,Boligindeks,2000K1,38.5,Oslo med Bærum,Alle boligtyper,Prisindeks for brukte boliger
001,00,Boligindeks,2000K2,40.3,Oslo med Bærum,Alle boligtyper,Prisindeks for brukte boliger
001,00,Boligindeks,2000K3,38.8,Oslo med Bærum,Alle boligtyper,Prisindeks for brukte boliger
001,00,Boligindeks,2000K4,37.9,Oslo med Bærum,Alle boligtyper,Prisindeks for brukte boliger
001,00,Boligindeks,2001K1,40.6,Oslo med Bærum,Alle boligtyper,Prisindeks for brukte boliger
001,00,Boligindeks,2001K2,41.7,Oslo med Bærum,Alle boligtyper,Prisindeks for brukte boliger
001,00,Boligindeks,2001K3,42.1,Oslo med Bærum,Alle boligtyper,Prisindeks for brukte boliger
001,00,Boligindeks,2001K4,41.6,Oslo med Bærum,Alle boligtyper,Prisindeks for brukte boliger
001,00,Boligindeks,2002K1,43.8,Oslo med Bærum,Alle boligtyper,Prisindeks for brukte boliger
001,00,Boligindeks,2002K2,45.2,Oslo med Bærum,Alle boligtyper,Prisindeks for brukte boliger
001,00,Boligindeks,2002K3,44.3,Oslo med Bærum,Alle boligtyper,Prisindeks for brukte boliger
001,00,Boligindeks,2002K4,43.0,Oslo med Bærum,Alle boligtyper,Prisindeks for brukte boliger
001,00,Boligindeks,2003K1,43.3,Oslo med Bærum,Alle boligtyper,Prisindeks for brukte boliger
001,00,Boligindeks,2003K2,42.8,Oslo med Bærum,Alle boligtyper,Prisindeks for brukte boliger
001,00,Boligindeks,2003K3,43.8,Oslo med Bærum,Alle boligtyper,Prisindeks for brukte boliger
001,00,Boligindeks,2003K4,44.5,Oslo med Bærum,Alle boligtyper,Prisindeks for brukte boliger
001,00,Boligindeks,2004K1,46.6,Oslo med Bærum,Alle boligtyper,Prisindeks for brukte boliger
001,00,Boligindeks,2004K2,47.5,Oslo med Bærum,Alle boligtyper,Prisindeks for brukte boliger
001,00,Boligindeks,2004K3,48.7,Oslo med Bærum,Alle boligtyper,Prisindeks for brukte boliger
001,00,Boligindeks,2004K4,49.3,Oslo med Bærum,Alle boligtyper,Prisindeks for brukte boliger
001,00,Boligindeks,2005K1,51.2,Oslo med Bærum,Alle boligtyper,Prisindeks for brukte boliger
001,00,Boligindeks,2005K2,51.8,Oslo med Bærum,Alle boligtyper,Prisindeks for brukte boliger
001,00,Boligindeks,2005K3,53.1,Oslo med Bærum,Alle boligtyper,Prisindeks for brukte boliger
001,00,Boligindeks,2005K4,53.5,Oslo med Bærum,Alle boligtyper,Prisindeks for brukte boliger
001,00,Boligindeks,2006K1,56.5,Oslo med Bærum,Alle boligtyper,Prisindeks for brukte boliger
001,00,Boligindeks,2006K2,59.3,Oslo med Bærum,Alle boligtyper,Prisindeks for brukte boliger
001,00,Boligindeks,2006K3,62.4,Oslo med Bærum,Alle boligtyper,Prisindeks for brukte boliger
001,00,Boligindeks,2006K4,63.3,Oslo med Bærum,Alle boligtyper,Prisindeks for brukte boliger
001,00,Boligindeks,2007K1,67.2,Oslo med Bærum,Alle boligtyper,Prisindeks for brukte boliger
001,00,Boligindeks,2007K2,68.1,Oslo med Bærum,Alle boligtyper,Prisindeks for brukte boliger
001,00,Boligindeks,2007K3,67.9,Oslo med Bærum,Alle boligtyper,Prisindeks for brukte boliger
001,00,Boligindeks,2007K4,65.4,Oslo med Bærum,Alle boligtyper,Prisindeks for brukte boliger
001,00,Boligindeks,2008K1,66.1,Oslo med Bærum,Alle boligtyper,Prisindeks for brukte boliger
001,00,Boligindeks,2008K2,66.5,Oslo med Bærum,Alle boligtyper,Prisindeks for brukte boliger
001,00,Boligindeks,2008K3,64.7,Oslo med Bærum,Alle boligtyper,Prisindeks for brukte boliger
001,00,Boligindeks,2008K4,59.4,Oslo med Bærum,Alle boligtyper,Prisindeks for brukte boliger
001,00,Boligindeks,2009K1,61.8,Oslo med Bærum,Alle boligtyper,Prisindeks for brukte boliger
001,00,Boligindeks,2009K2,66.1,Oslo med Bærum,Alle boligtyper,Prisindeks for brukte boliger
001,00,Boligindeks,2009K3,69.0,Oslo med Bærum,Alle boligtyper,Prisindeks for brukte boliger
001,00,Boligindeks,2009K4,68.4,Oslo med Bærum,Alle boligtyper,Prisindeks for brukte boliger
001,00,Boligindeks,2010K1,69.7,Oslo med Bærum,Alle boligtyper,Prisindeks for brukte boliger
001,00,Boligindeks,2010K2,72.0,Oslo med Bærum,Alle boligtyper,Prisindeks for brukte boliger
001,00,Boligindeks,2010K3,73.2,Oslo med Bærum,Alle boligtyper,Prisindeks for brukte boliger
001,00,Boligindeks,2010K4,73.0,Oslo med Bærum,Alle boligtyper,Prisindeks for brukte boliger
001,00,Boligindeks,2011K1,77.3,Oslo med Bærum,Alle boligtyper,Prisindeks for brukte boliger
001,00,Boligindeks,2011K2,78.9,Oslo med Bærum,Alle boligtyper,Prisindeks for brukte boliger
001,00,Boligindeks,2011K3,80.3,Oslo med Bærum,Alle boligtyper,Prisindeks for brukte boliger
001,00,Boligindeks,2011K4,79.9,Oslo med Bærum,Alle boligtyper,Prisindeks for brukte boliger
001,00,Boligindeks,2012K1,82.7,Oslo med Bærum,Alle boligtyper,Prisindeks for brukte boliger
001,00,Boligindeks,2012K2,85.3,Oslo med Bærum,Alle boligtyper,Prisindeks for brukte boliger
001,00,Boligindeks,2012K3,87.6,Oslo med Bærum,Alle boligtyper,Prisindeks for brukte boliger
001,00,Boligindeks,2012K4,86.5,Oslo med Bærum,Alle boligtyper,Prisindeks for brukte boliger
001,00,Boligindeks,2013K1,89.2,Oslo med Bærum,Alle boligtyper,Prisindeks for brukte boliger
001,00,Boligindeks,2013K2,89.9,Oslo med Bærum,Alle boligtyper,Prisindeks for brukte boliger
001,00,Boligindeks,2013K3,88.2,Oslo med Bærum,Alle boligtyper,Prisindeks for brukte boliger
001,00,Boligindeks,2013K4,85.5,Oslo med Bærum,Alle boligtyper,Prisindeks for brukte boliger
001,00,Boligindeks,2014K1,87.0,Oslo med Bærum,Alle boligtyper,Prisindeks for brukte boliger
001,00,Boligindeks,2014K2,90.9,Oslo med Bærum,Alle boligtyper,Prisindeks for brukte boliger
001,00,Boligindeks,2014K3,92.2,Oslo med Bærum,Alle boligtyper,Prisindeks for brukte boliger
001,00,Boligindeks,2014K4,92.5,Oslo med Bærum,Alle boligtyper,Prisindeks for brukte boliger
001,00,Boligindeks,2015K1,97.4,Oslo med Bærum,Alle boligtyper,Prisindeks for brukte boliger
001,00,Boligindeks,2015K2,100.0,Oslo med Bærum,Alle boligtyper,Prisindeks for brukte boliger
001,00,Boligindeks,2015K3,101.6,Oslo med Bærum,Alle boligtyper,Prisindeks for brukte boliger
001,00,Boligindeks,2015K4,101.0,Oslo med Bærum,Alle boligtyper,Prisindeks for brukte boliger
001,00,Boligindeks,2016K1,106.5,Oslo med Bærum,Alle boligtyper,Prisindeks for brukte boliger
001,00,Boligindeks,2016K2,112.7,Oslo med Bærum,Alle boligtyper,Prisindeks for brukte boliger
001,00,Boligindeks,2016K3,119.9,Oslo med Bærum,Alle boligtyper,Prisindeks for brukte boliger
001,00,Boligindeks,2016K4,122.9,Oslo med Bærum,Alle boligtyper,Prisindeks for brukte boliger
001,00,Boligindeks,2017K1,128.9,Oslo med Bærum,Alle boligtyper,Prisindeks for brukte boliger
001,00,Boligindeks,2017K2,127.4,Oslo med Bærum,Alle boligtyper,Prisindeks for brukte boliger
001,00,Boligindeks,2017K3,122.2,Oslo med Bærum,Alle boligtyper,Prisindeks for brukte boliger
001,00,Boligindeks,2017K4,119.2,Oslo med Bærum,Alle boligtyper,Prisindeks for brukte boliger
001,00,Boligindeks,2018K1,122.6,Oslo med Bærum,Alle boligtyper,Prisindeks for brukte boliger
001,00,Boligindeks,2018K2,127.9,Oslo med Bærum,Alle boligtyper,Prisindeks for brukte boliger
001,00,Boligindeks,2018K3,127.1,Oslo med Bærum,Alle boligtyper,Prisindeks for brukte boliger
001,00,Boligindeks,2018K4,124.5,Oslo med Bærum,Alle boligtyper,Prisindeks for brukte boliger
001,00,Boligindeks,2019K1,128.3,Oslo med Bærum,Alle boligtyper,Prisindeks for brukte boliger
001,00,Boligindeks,2019K2,131.3,Oslo med Bærum,Alle boligtyper,Prisindeks for brukte boliger
001,00,Boligindeks,2019K3,131.8,Oslo med Bærum,Alle boligtyper,Prisindeks for brukte boliger
001,00,Boligindeks,2019K4,130.2,Oslo med Bærum,Alle boligtyper,Prisindeks for brukte boliger
001,00,Boligindeks,2020K1,132.2,Oslo med Bærum,Alle boligtyper,Prisindeks for brukte boliger
001,00,Boligindeks,2020K2,136.1,Oslo med Bærum,Alle boligtyper,Prisindeks for brukte boliger
001,00,Boligindeks,2020K3,138.2,Oslo med Bærum,Alle boligtyper,Prisindeks for brukte boliger
001,00,Boligindeks,2020K4,142.6,Oslo med Bærum,Alle boligtyper,Prisindeks for brukte boliger
001,00,Boligindeks,2021K1,150.5,Oslo med Bærum,Alle boligtyper,Prisindeks for brukte boliger
001,00,Boligindeks,2021K2,153.9,Oslo med Bærum,Alle boligtyper,Prisindeks for brukte boliger
001,00,Boligindeks,2021K3,152.7,Oslo med Bærum,Alle boligtyper,Prisindeks for brukte boliger
001,00,Boligindeks,2021K4,151.2,Oslo med Bærum,Alle boligtyper,Prisindeks for brukte boliger
001,00,Boligindeks,2022K1,159.4,Oslo med Bærum,Alle boligtyper,Prisindeks for brukte boliger
001,00,Boligindeks,2022K2,162.7,Oslo med Bærum,Alle boligtyper,Prisindeks for brukte boliger
001,00,Boligindeks,2022K3,160.1,Oslo med Bærum,Alle boligtyper,Prisindeks for brukte boliger
001,00,Boligindeks,2022K4,153.5,Oslo med Bærum,Alle boligtyper,Prisindeks for brukte boliger
001,00,Boligindeks,2023K1,157.0,Oslo med Bærum,Alle boligtyper,Prisindeks for brukte boliger
001,00,Boligindeks,2023K2,161.6,Oslo med Bærum,Alle boligtyper,Prisindeks for brukte boliger
001,00,Boligindeks,2023K3,157.3,Oslo med Bærum,Alle boligtyper,Prisindeks for brukte boliger
001,00,Boligindeks,2023K4,153.8,Oslo med Bærum,Alle boligtyper,Prisindeks for brukte boliger
001,00,Boligindeks,2024K1,158.9,Oslo med Bærum,Alle boligtyper,Prisindeks for brukte boliger
001,00,Boligindeks,2024K2,165.6,Oslo med Bærum,Alle boligtyper,Prisindeks for brukte boliger
001,00,Boligindeks,2024K3,164.9,Oslo med Bærum,Alle boligtyper,Prisindeks for brukte boliger
001,00,Boligindeks,2024K4,162.1,Oslo med Bærum,Alle boligtyper,Prisindeks for brukte boliger
001,00,Boligindeks,2025K1,172.2,Oslo med Bærum,Alle boligtyper,Prisindeks for brukte boliger
001,00,Boligindeks,2025K2,172.7,Oslo med Bærum,Alle boligtyper,Prisindeks for brukte boliger
001,00,Boligindeks,2025K3,170.3,Oslo med Bærum,Alle boligtyper,Prisindeks for brukte boliger
001,00,Boligindeks,2025K4,169.4,Oslo med Bærum,Alle boligtyper,Prisindeks for brukte boliger
001,00,Boligindeks,2026K1,174.2,Oslo med Bærum,Alle boligtyper,Prisindeks for brukte boliger
001,00,Boligindeks,2026K2,174.1,Oslo med Bærum,Alle boligtyper,Prisindeks for brukte boliger
001,00,SesJustBoligindeks,1992K1,,Oslo med Bærum,Alle boligtyper,"Prisindeks for brukte boliger, sesongjustert"
001,00,SesJustBoligindeks,1992K2,,Oslo med Bærum,Alle boligtyper,"Prisindeks for brukte boliger, sesongjustert"
001,00,SesJustBoligindeks,1992K3,,Oslo med Bærum,Alle boligtyper,"Prisindeks for brukte boliger, sesongjustert"
001,00,SesJustBoligindeks,1992K4,,Oslo med Bærum,Alle boligtyper,"Prisindeks for brukte boliger, sesongjustert"
001,00,SesJustBoligindeks,1993K1,,Oslo med Bærum,Alle boligtyper,"Prisindeks for brukte boliger, sesongjustert"
001,00,SesJustBoligindeks,1993K2,,Oslo med Bærum,Alle boligtyper,"Prisindeks for brukte boliger, sesongjustert"
001,00,SesJustBoligindeks,1993K3,,Oslo med Bærum,Alle boligtyper,"Prisindeks for brukte boliger, sesongjustert"
001,00,SesJustBoligindeks,1993K4,,Oslo med Bærum,Alle boligtyper,"Prisindeks for brukte boliger, sesongjustert"
001,00,SesJustBoligindeks,1994K1,,Oslo med Bærum,Alle boligtyper,"Prisindeks for brukte boliger, sesongjustert"
001,00,SesJustBoligindeks,1994K2,,Oslo med Bærum,Alle boligtyper,"Prisindeks for brukte boliger, sesongjustert"
001,00,SesJustBoligindeks,1994K3,,Oslo med Bærum,Alle boligtyper,"Prisindeks for brukte boliger, sesongjustert"
001,00,SesJustBoligindeks,1994K4,,Oslo med Bærum,Alle boligtyper,"Prisindeks for brukte boliger, sesongjustert"
001,00,SesJustBoligindeks,1995K1,,Oslo med Bærum,Alle boligtyper,"Prisindeks for brukte boliger, sesongjustert"
001,00,SesJustBoligindeks,1995K2,,Oslo med Bærum,Alle boligtyper,"Prisindeks for brukte boliger, sesongjustert"
001,00,SesJustBoligindeks,1995K3,,Oslo med Bærum,Alle boligtyper,"Prisindeks for brukte boliger, sesongjustert"
001,00,SesJustBoligindeks,1995K4,,Oslo med Bærum,Alle boligtyper,"Prisindeks for brukte boliger, sesongjustert"
001,00,SesJustBoligindeks,1996K1,,Oslo med Bærum,Alle boligtyper,"Prisindeks for brukte boliger, sesongjustert"
001,00,SesJustBoligindeks,1996K2,,Oslo med Bærum,Alle boligtyper,"Prisindeks for brukte boliger, sesongjustert"
001,00,SesJustBoligindeks,1996K3,,Oslo med Bærum,Alle boligtyper,"Prisindeks for brukte boliger, sesongjustert"
001,00,SesJustBoligindeks,1996K4,,Oslo med Bærum,Alle boligtyper,"Prisindeks for brukte boliger, sesongjustert"
001,00,SesJustBoligindeks,1997K1,,Oslo med Bærum,Alle boligtyper,"Prisindeks for brukte boliger, sesongjustert"
001,00,SesJustBoligindeks,1997K2,,Oslo med Bærum,Alle boligtyper,"Prisindeks for brukte boliger, sesongjustert"
001,00,SesJustBoligindeks,1997K3,,Oslo med Bærum,Alle boligtyper,"Prisindeks for brukte boliger, sesongjustert"
001,00,SesJustBoligindeks,1997K4,,Oslo med Bærum,Alle boligtyper,"Prisindeks for brukte boliger, sesongjustert"
001,00,SesJustBoligindeks,1998K1,,Oslo med Bærum,Alle boligtyper,"Prisindeks for brukte boliger, sesongjustert"
001,00,SesJustBoligindeks,1998K2,,Oslo med Bærum,Alle boligtyper,"Prisindeks for brukte boliger, sesongjustert"
001,00,SesJustBoligindeks,1998K3,,Oslo med Bærum,Alle boligtyper,"Prisindeks for brukte boliger, sesongjustert"
001,00,SesJustBoligindeks,1998K4,,Oslo med Bærum,Alle boligtyper,"Prisindeks for brukte boliger, sesongjustert"
001,00,SesJustBoligindeks,1999K1,,Oslo med Bærum,Alle boligtyper,"Prisindeks for brukte boliger, sesongjustert"
001,00,SesJustBoligindeks,1999K2,,Oslo med Bærum,Alle boligtyper,"Prisindeks for brukte boliger, sesongjustert"
001,00,SesJustBoligindeks,1999K3,,Oslo med Bærum,Alle boligtyper,"Prisindeks for brukte boliger, sesongjustert"
001,00,SesJustBoligindeks,1999K4,,Oslo med Bærum,Alle boligtyper,"Prisindeks for brukte boliger, sesongjustert"
001,00,SesJustBoligindeks,2000K1,,Oslo med Bærum,Alle boligtyper,"Prisindeks for brukte boliger, sesongjustert"
001,00,SesJustBoligindeks,2000K2,,Oslo med Bærum,Alle boligtyper,"Prisindeks for brukte boliger, sesongjustert"
001,00,SesJustBoligindeks,2000K3,,Oslo med Bærum,Alle boligtyper,"Prisindeks for brukte boliger, sesongjustert"
001,00,SesJustBoligindeks,2000K4,,Oslo med Bærum,Alle boligtyper,"Prisindeks for brukte boliger, sesongjustert"
001,00,SesJustBoligindeks,2001K1,,Oslo med Bærum,Alle boligtyper,"Prisindeks for brukte boliger, sesongjustert"
001,00,SesJustBoligindeks,2001K2,,Oslo med Bærum,Alle boligtyper,"Prisindeks for brukte boliger, sesongjustert"
001,00,SesJustBoligindeks,2001K3,,Oslo med Bærum,Alle boligtyper,"Prisindeks for brukte boliger, sesongjustert"
001,00,SesJustBoligindeks,2001K4,,Oslo med Bærum,Alle boligtyper,"Prisindeks for brukte boliger, sesongjustert"
001,00,SesJustBoligindeks,2002K1,,Oslo med Bærum,Alle boligtyper,"Prisindeks for brukte boliger, sesongjustert"
001,00,SesJustBoligindeks,2002K2,,Oslo med Bærum,Alle boligtyper,"Prisindeks for brukte boliger, sesongjustert"
001,00,SesJustBoligindeks,2002K3,,Oslo med Bærum,Alle boligtyper,"Prisindeks for brukte boliger, sesongjustert"
001,00,SesJustBoligindeks,2002K4,,Oslo med Bærum,Alle boligtyper,"Prisindeks for brukte boliger, sesongjustert"
001,00,SesJustBoligindeks,2003K1,,Oslo med Bærum,Alle boligtyper,"Prisindeks for brukte boliger, sesongjustert"
001,00,SesJustBoligindeks,2003K2,,Oslo med Bærum,Alle boligtyper,"Prisindeks for brukte boliger, sesongjustert"
001,00,SesJustBoligindeks,2003K3,,Oslo med Bærum,Alle boligtyper,"Prisindeks for brukte boliger, sesongjustert"
001,00,SesJustBoligindeks,2003K4,,Oslo med Bærum,Alle boligtyper,"Prisindeks for brukte boliger, sesongjustert"
001,00,SesJustBoligindeks,2004K1,,Oslo med Bærum,Alle boligtyper,"Prisindeks for brukte boliger, sesongjustert"
001,00,SesJustBoligindeks,2004K2,,Oslo med Bærum,Alle boligtyper,"Prisindeks for brukte boliger, sesongjustert"
001,00,SesJustBoligindeks,2004K3,,Oslo med Bærum,Alle boligtyper,"Prisindeks for brukte boliger, sesongjustert"
001,00,SesJustBoligindeks,2004K4,,Oslo med Bærum,Alle boligtyper,"Prisindeks for brukte boliger, sesongjustert"
001,00,SesJustBoligindeks,2005K1,51.0,Oslo med Bærum,Alle boligtyper,"Prisindeks for brukte boliger, sesongjustert"
001,00,SesJustBoligindeks,2005K2,51.3,Oslo med Bærum,Alle boligtyper,"Prisindeks for brukte boliger, sesongjustert"
001,00,SesJustBoligindeks,2005K3,52.6,Oslo med Bærum,Alle boligtyper,"Prisindeks for brukte boliger, sesongjustert"
001,00,SesJustBoligindeks,2005K4,54.6,Oslo med Bærum,Alle boligtyper,"Prisindeks for brukte boliger, sesongjustert"
001,00,SesJustBoligindeks,2006K1,56.4,Oslo med Bærum,Alle boligtyper,"Prisindeks for brukte boliger, sesongjustert"
001,00,SesJustBoligindeks,2006K2,58.7,Oslo med Bærum,Alle boligtyper,"Prisindeks for brukte boliger, sesongjustert"
001,00,SesJustBoligindeks,2006K3,61.8,Oslo med Bærum,Alle boligtyper,"Prisindeks for brukte boliger, sesongjustert"
001,00,SesJustBoligindeks,2006K4,64.6,Oslo med Bærum,Alle boligtyper,"Prisindeks for brukte boliger, sesongjustert"
001,00,SesJustBoligindeks,2007K1,67.2,Oslo med Bærum,Alle boligtyper,"Prisindeks for brukte boliger, sesongjustert"
001,00,SesJustBoligindeks,2007K2,67.4,Oslo med Bærum,Alle boligtyper,"Prisindeks for brukte boliger, sesongjustert"
001,00,SesJustBoligindeks,2007K3,67.3,Oslo med Bærum,Alle boligtyper,"Prisindeks for brukte boliger, sesongjustert"
001,00,SesJustBoligindeks,2007K4,66.8,Oslo med Bærum,Alle boligtyper,"Prisindeks for brukte boliger, sesongjustert"
001,00,SesJustBoligindeks,2008K1,66.2,Oslo med Bærum,Alle boligtyper,"Prisindeks for brukte boliger, sesongjustert"
001,00,SesJustBoligindeks,2008K2,65.8,Oslo med Bærum,Alle boligtyper,"Prisindeks for brukte boliger, sesongjustert"
001,00,SesJustBoligindeks,2008K3,64.0,Oslo med Bærum,Alle boligtyper,"Prisindeks for brukte boliger, sesongjustert"
001,00,SesJustBoligindeks,2008K4,60.6,Oslo med Bærum,Alle boligtyper,"Prisindeks for brukte boliger, sesongjustert"
001,00,SesJustBoligindeks,2009K1,62.0,Oslo med Bærum,Alle boligtyper,"Prisindeks for brukte boliger, sesongjustert"
001,00,SesJustBoligindeks,2009K2,65.3,Oslo med Bærum,Alle boligtyper,"Prisindeks for brukte boliger, sesongjustert"
001,00,SesJustBoligindeks,2009K3,68.3,Oslo med Bærum,Alle boligtyper,"Prisindeks for brukte boliger, sesongjustert"
001,00,SesJustBoligindeks,2009K4,69.8,Oslo med Bærum,Alle boligtyper,"Prisindeks for brukte boliger, sesongjustert"
001,00,SesJustBoligindeks,2010K1,69.9,Oslo med Bærum,Alle boligtyper,"Prisindeks for brukte boliger, sesongjustert"
001,00,SesJustBoligindeks,2010K2,71.1,Oslo med Bærum,Alle boligtyper,"Prisindeks for brukte boliger, sesongjustert"
001,00,SesJustBoligindeks,2010K3,72.5,Oslo med Bærum,Alle boligtyper,"Prisindeks for brukte boliger, sesongjustert"
001,00,SesJustBoligindeks,2010K4,74.4,Oslo med Bærum,Alle boligtyper,"Prisindeks for brukte boliger, sesongjustert"
001,00,SesJustBoligindeks,2011K1,77.4,Oslo med Bærum,Alle boligtyper,"Prisindeks for brukte boliger, sesongjustert"
001,00,SesJustBoligindeks,2011K2,78.0,Oslo med Bærum,Alle boligtyper,"Prisindeks for brukte boliger, sesongjustert"
001,00,SesJustBoligindeks,2011K3,79.6,Oslo med Bærum,Alle boligtyper,"Prisindeks for brukte boliger, sesongjustert"
001,00,SesJustBoligindeks,2011K4,81.4,Oslo med Bærum,Alle boligtyper,"Prisindeks for brukte boliger, sesongjustert"
001,00,SesJustBoligindeks,2012K1,82.7,Oslo med Bærum,Alle boligtyper,"Prisindeks for brukte boliger, sesongjustert"
001,00,SesJustBoligindeks,2012K2,84.4,Oslo med Bærum,Alle boligtyper,"Prisindeks for brukte boliger, sesongjustert"
001,00,SesJustBoligindeks,2012K3,86.9,Oslo med Bærum,Alle boligtyper,"Prisindeks for brukte boliger, sesongjustert"
001,00,SesJustBoligindeks,2012K4,88.2,Oslo med Bærum,Alle boligtyper,"Prisindeks for brukte boliger, sesongjustert"
001,00,SesJustBoligindeks,2013K1,89.1,Oslo med Bærum,Alle boligtyper,"Prisindeks for brukte boliger, sesongjustert"
001,00,SesJustBoligindeks,2013K2,88.9,Oslo med Bærum,Alle boligtyper,"Prisindeks for brukte boliger, sesongjustert"
001,00,SesJustBoligindeks,2013K3,87.5,Oslo med Bærum,Alle boligtyper,"Prisindeks for brukte boliger, sesongjustert"
001,00,SesJustBoligindeks,2013K4,87.2,Oslo med Bærum,Alle boligtyper,"Prisindeks for brukte boliger, sesongjustert"
001,00,SesJustBoligindeks,2014K1,86.8,Oslo med Bærum,Alle boligtyper,"Prisindeks for brukte boliger, sesongjustert"
001,00,SesJustBoligindeks,2014K2,89.9,Oslo med Bærum,Alle boligtyper,"Prisindeks for brukte boliger, sesongjustert"
001,00,SesJustBoligindeks,2014K3,91.6,Oslo med Bærum,Alle boligtyper,"Prisindeks for brukte boliger, sesongjustert"
001,00,SesJustBoligindeks,2014K4,94.4,Oslo med Bærum,Alle boligtyper,"Prisindeks for brukte boliger, sesongjustert"
001,00,SesJustBoligindeks,2015K1,97.1,Oslo med Bærum,Alle boligtyper,"Prisindeks for brukte boliger, sesongjustert"
001,00,SesJustBoligindeks,2015K2,98.9,Oslo med Bærum,Alle boligtyper,"Prisindeks for brukte boliger, sesongjustert"
001,00,SesJustBoligindeks,2015K3,101.1,Oslo med Bærum,Alle boligtyper,"Prisindeks for brukte boliger, sesongjustert"
001,00,SesJustBoligindeks,2015K4,103.0,Oslo med Bærum,Alle boligtyper,"Prisindeks for brukte boliger, sesongjustert"
001,00,SesJustBoligindeks,2016K1,106.1,Oslo med Bærum,Alle boligtyper,"Prisindeks for brukte boliger, sesongjustert"
001,00,SesJustBoligindeks,2016K2,111.4,Oslo med Bærum,Alle boligtyper,"Prisindeks for brukte boliger, sesongjustert"
001,00,SesJustBoligindeks,2016K3,119.5,Oslo med Bærum,Alle boligtyper,"Prisindeks for brukte boliger, sesongjustert"
001,00,SesJustBoligindeks,2016K4,125.3,Oslo med Bærum,Alle boligtyper,"Prisindeks for brukte boliger, sesongjustert"
001,00,SesJustBoligindeks,2017K1,128.4,Oslo med Bærum,Alle boligtyper,"Prisindeks for brukte boliger, sesongjustert"
001,00,SesJustBoligindeks,2017K2,125.8,Oslo med Bærum,Alle boligtyper,"Prisindeks for brukte boliger, sesongjustert"
001,00,SesJustBoligindeks,2017K3,121.9,Oslo med Bærum,Alle boligtyper,"Prisindeks for brukte boliger, sesongjustert"
001,00,SesJustBoligindeks,2017K4,121.5,Oslo med Bærum,Alle boligtyper,"Prisindeks for brukte boliger, sesongjustert"
001,00,SesJustBoligindeks,2018K1,122.1,Oslo med Bærum,Alle boligtyper,"Prisindeks for brukte boliger, sesongjustert"
001,00,SesJustBoligindeks,2018K2,126.2,Oslo med Bærum,Alle boligtyper,"Prisindeks for brukte boliger, sesongjustert"
001,00,SesJustBoligindeks,2018K3,127.0,Oslo med Bærum,Alle boligtyper,"Prisindeks for brukte boliger, sesongjustert"
001,00,SesJustBoligindeks,2018K4,126.9,Oslo med Bærum,Alle boligtyper,"Prisindeks for brukte boliger, sesongjustert"
001,00,SesJustBoligindeks,2019K1,127.9,Oslo med Bærum,Alle boligtyper,"Prisindeks for brukte boliger, sesongjustert"
001,00,SesJustBoligindeks,2019K2,129.3,Oslo med Bærum,Alle boligtyper,"Prisindeks for brukte boliger, sesongjustert"
001,00,SesJustBoligindeks,2019K3,131.7,Oslo med Bærum,Alle boligtyper,"Prisindeks for brukte boliger, sesongjustert"
001,00,SesJustBoligindeks,2019K4,132.8,Oslo med Bærum,Alle boligtyper,"Prisindeks for brukte boliger, sesongjustert"
001,00,SesJustBoligindeks,2020K1,131.7,Oslo med Bærum,Alle boligtyper,"Prisindeks for brukte boliger, sesongjustert"
001,00,SesJustBoligindeks,2020K2,133.9,Oslo med Bærum,Alle boligtyper,"Prisindeks for brukte boliger, sesongjustert"
001,00,SesJustBoligindeks,2020K3,138.2,Oslo med Bærum,Alle boligtyper,"Prisindeks for brukte boliger, sesongjustert"
001,00,SesJustBoligindeks,2020K4,145.6,Oslo med Bærum,Alle boligtyper,"Prisindeks for brukte boliger, sesongjustert"
001,00,SesJustBoligindeks,2021K1,150.0,Oslo med Bærum,Alle boligtyper,"Prisindeks for brukte boliger, sesongjustert"
001,00,SesJustBoligindeks,2021K2,151.2,Oslo med Bærum,Alle boligtyper,"Prisindeks for brukte boliger, sesongjustert"
001,00,SesJustBoligindeks,2021K3,152.6,Oslo med Bærum,Alle boligtyper,"Prisindeks for brukte boliger, sesongjustert"
001,00,SesJustBoligindeks,2021K4,154.6,Oslo med Bærum,Alle boligtyper,"Prisindeks for brukte boliger, sesongjustert"
001,00,SesJustBoligindeks,2022K1,158.9,Oslo med Bærum,Alle boligtyper,"Prisindeks for brukte boliger, sesongjustert"
001,00,SesJustBoligindeks,2022K2,159.7,Oslo med Bærum,Alle boligtyper,"Prisindeks for brukte boliger, sesongjustert"
001,00,SesJustBoligindeks,2022K3,160.1,Oslo med Bærum,Alle boligtyper,"Prisindeks for brukte boliger, sesongjustert"
001,00,SesJustBoligindeks,2022K4,157.1,Oslo med Bærum,Alle boligtyper,"Prisindeks for brukte boliger, sesongjustert"
001,00,SesJustBoligindeks,2023K1,156.4,Oslo med Bærum,Alle boligtyper,"Prisindeks for brukte boliger, sesongjustert"
001,00,SesJustBoligindeks,2023K2,158.5,Oslo med Bærum,Alle boligtyper,"Prisindeks for brukte boliger, sesongjustert"
001,00,SesJustBoligindeks,2023K3,157.3,Oslo med Bærum,Alle boligtyper,"Prisindeks for brukte boliger, sesongjustert"
001,00,SesJustBoligindeks,2023K4,157.5,Oslo med Bærum,Alle boligtyper,"Prisindeks for brukte boliger, sesongjustert"
001,00,SesJustBoligindeks,2024K1,158.2,Oslo med Bærum,Alle boligtyper,"Prisindeks for brukte boliger, sesongjustert"
001,00,SesJustBoligindeks,2024K2,162.5,Oslo med Bærum,Alle boligtyper,"Prisindeks for brukte boliger, sesongjustert"
001,00,SesJustBoligindeks,2024K3,165.0,Oslo med Bærum,Alle boligtyper,"Prisindeks for brukte boliger, sesongjustert"
001,00,SesJustBoligindeks,2024K4,165.9,Oslo med Bærum,Alle boligtyper,"Prisindeks for brukte boliger, sesongjustert"
001,00,SesJustBoligindeks,2025K1,171.4,Oslo med Bærum,Alle boligtyper,"Prisindeks for brukte boliger, sesongjustert"
001,00,SesJustBoligindeks,2025K2,169.5,Oslo med Bærum,Alle boligtyper,"Prisindeks for brukte boliger, sesongjustert"
001,00,SesJustBoligindeks,2025K3,170.5,Oslo med Bærum,Alle boligtyper,"Prisindeks for brukte boliger, sesongjustert"
001,00,SesJustBoligindeks,2025K4,173.3,Oslo med Bærum,Alle boligtyper,"Prisindeks for brukte boliger, sesongjustert"
001,00,SesJustBoligindeks,2026K1,173.3,Oslo med Bærum,Alle boligtyper,"Prisindeks for brukte boliger, sesongjustert"
001,00,SesJustBoligindeks,2026K2,171.0,Oslo med Bærum,Alle boligtyper,"Prisindeks for brukte boliger, sesongjustert"
002,00,Boligindeks,1992K1,0.0,Stavanger,Alle boligtyper,Prisindeks for brukte boliger
002,00,Boligindeks,1992K2,0.0,Stavanger,Alle boligtyper,Prisindeks for brukte boliger
002,00,Boligindeks,1992K3,0.0,Stavanger,Alle boligtyper,Prisindeks for brukte boliger
002,00,Boligindeks,1992K4,0.0,Stavanger,Alle boligtyper,Prisindeks for brukte boliger
002,00,Boligindeks,1993K1,0.0,Stavanger,Alle boligtyper,Prisindeks for brukte boliger
002,00,Boligindeks,1993K2,0.0,Stavanger,Alle boligtyper,Prisindeks for brukte boliger
002,00,Boligindeks,1993K3,0.0,Stavanger,Alle boligtyper,Prisindeks for brukte boliger
002,00,Boligindeks,1993K4,0.0,Stavanger,Alle boligtyper,Prisindeks for brukte boliger
002,00,Boligindeks,1994K1,0.0,Stavanger,Alle boligtyper,Prisindeks for brukte boliger
002,00,Boligindeks,1994K2,0.0,Stavanger,Alle boligtyper,Prisindeks for brukte boliger
002,00,Boligindeks,1994K3,0.0,Stavanger,Alle boligtyper,Prisindeks for brukte boliger
002,00,Boligindeks,1994K4,0.0,Stavanger,Alle boligtyper,Prisindeks for brukte boliger
002,00,Boligindeks,1995K1,0.0,Stavanger,Alle boligtyper,Prisindeks for brukte boliger
002,00,Boligindeks,1995K2,0.0,Stavanger,Alle boligtyper,Prisindeks for brukte boliger
002,00,Boligindeks,1995K3,0.0,Stavanger,Alle boligtyper,Prisindeks for brukte boliger
002,00,Boligindeks,1995K4,0.0,Stavanger,Alle boligtyper,Prisindeks for brukte boliger
002,00,Boligindeks,1996K1,0.0,Stavanger,Alle boligtyper,Prisindeks for brukte boliger
002,00,Boligindeks,1996K2,0.0,Stavanger,Alle boligtyper,Prisindeks for brukte boliger
002,00,Boligindeks,1996K3,0.0,Stavanger,Alle boligtyper,Prisindeks for brukte boliger
002,00,Boligindeks,1996K4,0.0,Stavanger,Alle boligtyper,Prisindeks for brukte boliger
002,00,Boligindeks,1997K1,0.0,Stavanger,Alle boligtyper,Prisindeks for brukte boliger
002,00,Boligindeks,1997K2,0.0,Stavanger,Alle boligtyper,Prisindeks for brukte boliger
002,00,Boligindeks,1997K3,0.0,Stavanger,Alle boligtyper,Prisindeks for brukte boliger
002,00,Boligindeks,1997K4,0.0,Stavanger,Alle boligtyper,Prisindeks for brukte boliger
002,00,Boligindeks,1998K1,0.0,Stavanger,Alle boligtyper,Prisindeks for brukte boliger
002,00,Boligindeks,1998K2,0.0,Stavanger,Alle boligtyper,Prisindeks for brukte boliger
002,00,Boligindeks,1998K3,0.0,Stavanger,Alle boligtyper,Prisindeks for brukte boliger
002,00,Boligindeks,1998K4,0.0,Stavanger,Alle boligtyper,Prisindeks for brukte boliger
002,00,Boligindeks,1999K1,0.0,Stavanger,Alle boligtyper,Prisindeks for brukte boliger
002,00,Boligindeks,1999K2,0.0,Stavanger,Alle boligtyper,Prisindeks for brukte boliger
002,00,Boligindeks,1999K3,0.0,Stavanger,Alle boligtyper,Prisindeks for brukte boliger
002,00,Boligindeks,1999K4,0.0,Stavanger,Alle boligtyper,Prisindeks for brukte boliger
002,00,Boligindeks,2000K1,0.0,Stavanger,Alle boligtyper,Prisindeks for brukte boliger
002,00,Boligindeks,2000K2,0.0,Stavanger,Alle boligtyper,Prisindeks for brukte boliger
002,00,Boligindeks,2000K3,0.0,Stavanger,Alle boligtyper,Prisindeks for brukte boliger
002,00,Boligindeks,2000K4,0.0,Stavanger,Alle boligtyper,Prisindeks for brukte boliger
002,00,Boligindeks,2001K1,0.0,Stavanger,Alle boligtyper,Prisindeks for brukte boliger
002,00,Boligindeks,2001K2,0.0,Stavanger,Alle boligtyper,Prisindeks for brukte boliger
002,00,Boligindeks,2001K3,0.0,Stavanger,Alle boligtyper,Prisindeks for brukte boliger
002,00,Boligindeks,2001K4,0.0,Stavanger,Alle boligtyper,Prisindeks for brukte boliger
002,00,Boligindeks,2002K1,0.0,Stavanger,Alle boligtyper,Prisindeks for brukte boliger
002,00,Boligindeks,2002K2,0.0,Stavanger,Alle boligtyper,Prisindeks for brukte boliger
002,00,Boligindeks,2002K3,0.0,Stavanger,Alle boligtyper,Prisindeks for brukte boliger
002,00,Boligindeks,2002K4,0.0,Stavanger,Alle boligtyper,Prisindeks for brukte boliger
002,00,Boligindeks,2003K1,0.0,Stavanger,Alle boligtyper,Prisindeks for brukte boliger
002,00,Boligindeks,2003K2,0.0,Stavanger,Alle boligtyper,Prisindeks for brukte boliger
002,00,Boligindeks,2003K3,0.0,Stavanger,Alle boligtyper,Prisindeks for brukte boliger
002,00,Boligindeks,2003K4,0.0,Stavanger,Alle boligtyper,Prisindeks for brukte boliger
002,00,Boligindeks,2004K1,0.0,Stavanger,Alle boligtyper,Prisindeks for brukte boliger
002,00,Boligindeks,2004K2,0.0,Stavanger,Alle boligtyper,Prisindeks for brukte boliger
002,00,Boligindeks,2004K3,0.0,Stavanger,Alle boligtyper,Prisindeks for brukte boliger
002,00,Boligindeks,2004K4,0.0,Stavanger,Alle boligtyper,Prisindeks for brukte boliger
002,00,Boligindeks,2005K1,48.5,Stavanger,Alle boligtyper,Prisindeks for brukte boliger
002,00,Boligindeks,2005K2,49.7,Stavanger,Alle boligtyper,Prisindeks for brukte boliger
002,00,Boligindeks,2005K3,50.1,Stavanger,Alle boligtyper,Prisindeks for brukte boliger
002,00,Boligindeks,2005K4,52.1,Stavanger,Alle boligtyper,Prisindeks for brukte boliger
002,00,Boligindeks,2006K1,57.1,Stavanger,Alle boligtyper,Prisindeks for brukte boliger
002,00,Boligindeks,2006K2,61.3,Stavanger,Alle boligtyper,Prisindeks for brukte boliger
002,00,Boligindeks,2006K3,64.7,Stavanger,Alle boligtyper,Prisindeks for brukte boliger
002,00,Boligindeks,2006K4,68.0,Stavanger,Alle boligtyper,Prisindeks for brukte boliger
002,00,Boligindeks,2007K1,73.7,Stavanger,Alle boligtyper,Prisindeks for brukte boliger
002,00,Boligindeks,2007K2,74.5,Stavanger,Alle boligtyper,Prisindeks for brukte boliger
002,00,Boligindeks,2007K3,76.2,Stavanger,Alle boligtyper,Prisindeks for brukte boliger
002,00,Boligindeks,2007K4,76.6,Stavanger,Alle boligtyper,Prisindeks for brukte boliger
002,00,Boligindeks,2008K1,78.6,Stavanger,Alle boligtyper,Prisindeks for brukte boliger
002,00,Boligindeks,2008K2,78.7,Stavanger,Alle boligtyper,Prisindeks for brukte boliger
002,00,Boligindeks,2008K3,75.1,Stavanger,Alle boligtyper,Prisindeks for brukte boliger
002,00,Boligindeks,2008K4,71.2,Stavanger,Alle boligtyper,Prisindeks for brukte boliger
002,00,Boligindeks,2009K1,72.4,Stavanger,Alle boligtyper,Prisindeks for brukte boliger
002,00,Boligindeks,2009K2,74.7,Stavanger,Alle boligtyper,Prisindeks for brukte boliger
002,00,Boligindeks,2009K3,77.6,Stavanger,Alle boligtyper,Prisindeks for brukte boliger
002,00,Boligindeks,2009K4,82.1,Stavanger,Alle boligtyper,Prisindeks for brukte boliger
002,00,Boligindeks,2010K1,85.6,Stavanger,Alle boligtyper,Prisindeks for brukte boliger
002,00,Boligindeks,2010K2,87.3,Stavanger,Alle boligtyper,Prisindeks for brukte boliger
002,00,Boligindeks,2010K3,88.5,Stavanger,Alle boligtyper,Prisindeks for brukte boliger
002,00,Boligindeks,2010K4,89.9,Stavanger,Alle boligtyper,Prisindeks for brukte boliger
002,00,Boligindeks,2011K1,94.5,Stavanger,Alle boligtyper,Prisindeks for brukte boliger
002,00,Boligindeks,2011K2,95.6,Stavanger,Alle boligtyper,Prisindeks for brukte boliger
002,00,Boligindeks,2011K3,96.7,Stavanger,Alle boligtyper,Prisindeks for brukte boliger
002,00,Boligindeks,2011K4,97.9,Stavanger,Alle boligtyper,Prisindeks for brukte boliger
002,00,Boligindeks,2012K1,99.7,Stavanger,Alle boligtyper,Prisindeks for brukte boliger
002,00,Boligindeks,2012K2,103.1,Stavanger,Alle boligtyper,Prisindeks for brukte boliger
002,00,Boligindeks,2012K3,106.0,Stavanger,Alle boligtyper,Prisindeks for brukte boliger
002,00,Boligindeks,2012K4,105.0,Stavanger,Alle boligtyper,Prisindeks for brukte boliger
002,00,Boligindeks,2013K1,107.1,Stavanger,Alle boligtyper,Prisindeks for brukte boliger
002,00,Boligindeks,2013K2,107.8,Stavanger,Alle boligtyper,Prisindeks for brukte boliger
002,00,Boligindeks,2013K3,105.7,Stavanger,Alle boligtyper,Prisindeks for brukte boliger
002,00,Boligindeks,2013K4,103.2,Stavanger,Alle boligtyper,Prisindeks for brukte boliger
002,00,Boligindeks,2014K1,101.2,Stavanger,Alle boligtyper,Prisindeks for brukte boliger
002,00,Boligindeks,2014K2,105.7,Stavanger,Alle boligtyper,Prisindeks for brukte boliger
002,00,Boligindeks,2014K3,104.8,Stavanger,Alle boligtyper,Prisindeks for brukte boliger
002,00,Boligindeks,2014K4,104.2,Stavanger,Alle boligtyper,Prisindeks for brukte boliger
002,00,Boligindeks,2015K1,103.3,Stavanger,Alle boligtyper,Prisindeks for brukte boliger
002,00,Boligindeks,2015K2,101.8,Stavanger,Alle boligtyper,Prisindeks for brukte boliger
002,00,Boligindeks,2015K3,99.2,Stavanger,Alle boligtyper,Prisindeks for brukte boliger
002,00,Boligindeks,2015K4,95.7,Stavanger,Alle boligtyper,Prisindeks for brukte boliger
002,00,Boligindeks,2016K1,92.7,Stavanger,Alle boligtyper,Prisindeks for brukte boliger
002,00,Boligindeks,2016K2,93.8,Stavanger,Alle boligtyper,Prisindeks for brukte boliger
002,00,Boligindeks,2016K3,93.8,Stavanger,Alle boligtyper,Prisindeks for brukte boliger
002,00,Boligindeks,2016K4,96.1,Stavanger,Alle boligtyper,Prisindeks for brukte boliger
002,00,Boligindeks,2017K1,97.7,Stavanger,Alle boligtyper,Prisindeks for brukte boliger
002,00,Boligindeks,2017K2,100.3,Stavanger,Alle boligtyper,Prisindeks for brukte boliger
002,00,Boligindeks,2017K3,96.6,Stavanger,Alle boligtyper,Prisindeks for brukte boliger
002,00,Boligindeks,2017K4,99.7,Stavanger,Alle boligtyper,Prisindeks for brukte boliger
002,00,Boligindeks,2018K1,98.0,Stavanger,Alle boligtyper,Prisindeks for brukte boliger
002,00,Boligindeks,2018K2,99.2,Stavanger,Alle boligtyper,Prisindeks for brukte boliger
002,00,Boligindeks,2018K3,97.7,Stavanger,Alle boligtyper,Prisindeks for brukte boliger
002,00,Boligindeks,2018K4,96.4,Stavanger,Alle boligtyper,Prisindeks for brukte boliger
002,00,Boligindeks,2019K1,98.2,Stavanger,Alle boligtyper,Prisindeks for brukte boliger
002,00,Boligindeks,2019K2,100.9,Stavanger,Alle boligtyper,Prisindeks for brukte boliger
002,00,Boligindeks,2019K3,98.6,Stavanger,Alle boligtyper,Prisindeks for brukte boliger
002,00,Boligindeks,2019K4,93.3,Stavanger,Alle boligtyper,Prisindeks for brukte boliger
002,00,Boligindeks,2020K1,99.4,Stavanger,Alle boligtyper,Prisindeks for brukte boliger
002,00,Boligindeks,2020K2,101.4,Stavanger,Alle boligtyper,Prisindeks for brukte boliger
002,00,Boligindeks,2020K3,103.4,Stavanger,Alle boligtyper,Prisindeks for brukte boliger
002,00,Boligindeks,2020K4,102.6,Stavanger,Alle boligtyper,Prisindeks for brukte boliger
002,00,Boligindeks,2021K1,106.4,Stavanger,Alle boligtyper,Prisindeks for brukte boliger
002,00,Boligindeks,2021K2,111.8,Stavanger,Alle boligtyper,Prisindeks for brukte boliger
002,00,Boligindeks,2021K3,113.1,Stavanger,Alle boligtyper,Prisindeks for brukte boliger
002,00,Boligindeks,2021K4,112.4,Stavanger,Alle boligtyper,Prisindeks for brukte boliger
002,00,Boligindeks,2022K1,115.3,Stavanger,Alle boligtyper,Prisindeks for brukte boliger
002,00,Boligindeks,2022K2,119.0,Stavanger,Alle boligtyper,Prisindeks for brukte boliger
002,00,Boligindeks,2022K3,116.9,Stavanger,Alle boligtyper,Prisindeks for brukte boliger
002,00,Boligindeks,2022K4,113.8,Stavanger,Alle boligtyper,Prisindeks for brukte boliger
002,00,Boligindeks,2023K1,114.9,Stavanger,Alle boligtyper,Prisindeks for brukte boliger
002,00,Boligindeks,2023K2,121.9,Stavanger,Alle boligtyper,Prisindeks for brukte boliger
002,00,Boligindeks,2023K3,119.8,Stavanger,Alle boligtyper,Prisindeks for brukte boliger
002,00,Boligindeks,2023K4,116.0,Stavanger,Alle boligtyper,Prisindeks for brukte boliger
002,00,Boligindeks,2024K1,121.1,Stavanger,Alle boligtyper,Prisindeks for brukte boliger
002,00,Boligindeks,2024K2,126.3,Stavanger,Alle boligtyper,Prisindeks for brukte boliger
002,00,Boligindeks,2024K3,127.1,Stavanger,Alle boligtyper,Prisindeks for brukte boliger
002,00,Boligindeks,2024K4,124.6,Stavanger,Alle boligtyper,Prisindeks for brukte boliger
002,00,Boligindeks,2025K1,138.8,Stavanger,Alle boligtyper,Prisindeks for brukte boliger
002,00,Boligindeks,2025K2,143.8,Stavanger,Alle boligtyper,Prisindeks for brukte boliger
002,00,Boligindeks,2025K3,146.6,Stavanger,Alle boligtyper,Prisindeks for brukte boliger
002,00,Boligindeks,2025K4,147.2,Stavanger,Alle boligtyper,Prisindeks for brukte boliger
002,00,Boligindeks,2026K1,154.2,Stavanger,Alle boligtyper,Prisindeks for brukte boliger
002,00,Boligindeks,2026K2,159.5,Stavanger,Alle boligtyper,Prisindeks for brukte boliger
002,00,SesJustBoligindeks,1992K1,,Stavanger,Alle boligtyper,"Prisindeks for brukte boliger, sesongjustert"
002,00,SesJustBoligindeks,1992K2,,Stavanger,Alle boligtyper,"Prisindeks for brukte boliger, sesongjustert"
002,00,SesJustBoligindeks,1992K3,,Stavanger,Alle boligtyper,"Prisindeks for brukte boliger, sesongjustert"
002,00,SesJustBoligindeks,1992K4,,Stavanger,Alle boligtyper,"Prisindeks for brukte boliger, sesongjustert"
002,00,SesJustBoligindeks,1993K1,,Stavanger,Alle boligtyper,"Prisindeks for brukte boliger, sesongjustert"
002,00,SesJustBoligindeks,1993K2,,Stavanger,Alle boligtyper,"Prisindeks for brukte boliger, sesongjustert"
002,00,SesJustBoligindeks,1993K3,,Stavanger,Alle boligtyper,"Prisindeks for brukte boliger, sesongjustert"
002,00,SesJustBoligindeks,1993K4,,Stavanger,Alle boligtyper,"Prisindeks for brukte boliger, sesongjustert"
002,00,SesJustBoligindeks,1994K1,,Stavanger,Alle boligtyper,"Prisindeks for brukte boliger, sesongjustert"
002,00,SesJustBoligindeks,1994K2,,Stavanger,Alle boligtyper,"Prisindeks for brukte boliger, sesongjustert"
002,00,SesJustBoligindeks,1994K3,,Stavanger,Alle boligtyper,"Prisindeks for brukte boliger, sesongjustert"
002,00,SesJustBoligindeks,1994K4,,Stavanger,Alle boligtyper,"Prisindeks for brukte boliger, sesongjustert"
002,00,SesJustBoligindeks,1995K1,,Stavanger,Alle boligtyper,"Prisindeks for brukte boliger, sesongjustert"
002,00,SesJustBoligindeks,1995K2,,Stavanger,Alle boligtyper,"Prisindeks for brukte boliger, sesongjustert"
002,00,SesJustBoligindeks,1995K3,,Stavanger,Alle boligtyper,"Prisindeks for brukte boliger, sesongjustert"
002,00,SesJustBoligindeks,1995K4,,Stavanger,Alle boligtyper,"Prisindeks for brukte boliger, sesongjustert"
002,00,SesJustBoligindeks,1996K1,,Stavanger,Alle boligtyper,"Prisindeks for brukte boliger, sesongjustert"
002,00,SesJustBoligindeks,1996K2,,Stavanger,Alle boligtyper,"Prisindeks for brukte boliger, sesongjustert"
002,00,SesJustBoligindeks,1996K3,,Stavanger,Alle boligtyper,"Prisindeks for brukte boliger, sesongjustert"
002,00,SesJustBoligindeks,1996K4,,Stavanger,Alle boligtyper,"Prisindeks for brukte boliger, sesongjustert"
002,00,SesJustBoligindeks,1997K1,,Stavanger,Alle boligtyper,"Prisindeks for brukte boliger, sesongjustert"
002,00,SesJustBoligindeks,1997K2,,Stavanger,Alle boligtyper,"Prisindeks for brukte boliger, sesongjustert"
002,00,SesJustBoligindeks,1997K3,,Stavanger,Alle boligtyper,"Prisindeks for brukte boliger, sesongjustert"
002,00,SesJustBoligindeks,1997K4,,Stavanger,Alle boligtyper,"Prisindeks for brukte boliger, sesongjustert"
002,00,SesJustBoligindeks,1998K1,,Stavanger,Alle boligtyper,"Prisindeks for brukte boliger, sesongjustert"
002,00,SesJustBoligindeks,1998K2,,Stavanger,Alle boligtyper,"Prisindeks for brukte boliger, sesongjustert"
002,00,SesJustBoligindeks,1998K3,,Stavanger,Alle boligtyper,"Prisindeks for brukte boliger, sesongjustert"
002,00,SesJustBoligindeks,1998K4,,Stavanger,Alle boligtyper,"Prisindeks for brukte boliger, sesongjustert"
002,00,SesJustBoligindeks,1999K1,,Stavanger,Alle boligtyper,"Prisindeks for brukte boliger, sesongjustert"
002,00,SesJustBoligindeks,1999K2,,Stavanger,Alle boligtyper,"Prisindeks for brukte boliger, sesongjustert"
002,00,SesJustBoligindeks,1999K3,,Stavanger,Alle boligtyper,"Prisindeks for brukte boliger, sesongjustert"
002,00,SesJustBoligindeks,1999K4,,Stavanger,Alle boligtyper,"Prisindeks for brukte boliger, sesongjustert"
002,00,SesJustBoligindeks,2000K1,,Stavanger,Alle boligtyper,"Prisindeks for brukte boliger, sesongjustert"
002,00,SesJustBoligindeks,2000K2,,Stavanger,Alle boligtyper,"Prisindeks for brukte boliger, sesongjustert"
002,00,SesJustBoligindeks,2000K3,,Stavanger,Alle boligtyper,"Prisindeks for brukte boliger, sesongjustert"
002,00,SesJustBoligindeks,2000K4,,Stavanger,Alle boligtyper,"Prisindeks for brukte boliger, sesongjustert"
002,00,SesJustBoligindeks,2001K1,,Stavanger,Alle boligtyper,"Prisindeks for brukte boliger, sesongjustert"
002,00,SesJustBoligindeks,2001K2,,Stavanger,Alle boligtyper,"Prisindeks for brukte boliger, sesongjustert"
002,00,SesJustBoligindeks,2001K3,,Stavanger,Alle boligtyper,"Prisindeks for brukte boliger, sesongjustert"
002,00,SesJustBoligindeks,2001K4,,Stavanger,Alle boligtyper,"Prisindeks for brukte boliger, sesongjustert"
002,00,SesJustBoligindeks,2002K1,,Stavanger,Alle boligtyper,"Prisindeks for brukte boliger, sesongjustert"
002,00,SesJustBoligindeks,2002K2,,Stavanger,Alle boligtyper,"Prisindeks for brukte boliger, sesongjustert"
002,00,SesJustBoligindeks,2002K3,,Stavanger,Alle boligtyper,"Prisindeks for brukte boliger, sesongjustert"
002,00,SesJustBoligindeks,2002K4,,Stavanger,Alle boligtyper,"Prisindeks for brukte boliger, sesongjustert"
002,00,SesJustBoligindeks,2003K1,,Stavanger,Alle boligtyper,"Prisindeks for brukte boliger, sesongjustert"
002,00,SesJustBoligindeks,2003K2,,Stavanger,Alle boligtyper,"Prisindeks for brukte boliger, sesongjustert"
002,00,SesJustBoligindeks,2003K3,,Stavanger,Alle boligtyper,"Prisindeks for brukte boliger, sesongjustert"
002,00,SesJustBoligindeks,2003K4,,Stavanger,Alle boligtyper,"Prisindeks for brukte boliger, sesongjustert"
002,00,SesJustBoligindeks,2004K1,,Stavanger,Alle boligtyper,"Prisindeks for brukte boliger, sesongjustert"
002,00,SesJustBoligindeks,2004K2,,Stavanger,Alle boligtyper,"Prisindeks for brukte boliger, sesongjustert"
002,00,SesJustBoligindeks,2004K3,,Stavanger,Alle boligtyper,"Prisindeks for brukte boliger, sesongjustert"
002,00,SesJustBoligindeks,2004K4,,Stavanger,Alle boligtyper,"Prisindeks for brukte boliger, sesongjustert"
002,00,SesJustBoligindeks,2005K1,48.0,Stavanger,Alle boligtyper,"Prisindeks for brukte boliger, sesongjustert"
002,00,SesJustBoligindeks,2005K2,49.4,Stavanger,Alle boligtyper,"Prisindeks for brukte boliger, sesongjustert"
002,00,SesJustBoligindeks,2005K3,50.4,Stavanger,Alle boligtyper,"Prisindeks for brukte boliger, sesongjustert"
002,00,SesJustBoligindeks,2005K4,52.8,Stavanger,Alle boligtyper,"Prisindeks for brukte boliger, sesongjustert"
002,00,SesJustBoligindeks,2006K1,56.6,Stavanger,Alle boligtyper,"Prisindeks for brukte boliger, sesongjustert"
002,00,SesJustBoligindeks,2006K2,60.8,Stavanger,Alle boligtyper,"Prisindeks for brukte boliger, sesongjustert"
002,00,SesJustBoligindeks,2006K3,65.1,Stavanger,Alle boligtyper,"Prisindeks for brukte boliger, sesongjustert"
002,00,SesJustBoligindeks,2006K4,68.8,Stavanger,Alle boligtyper,"Prisindeks for brukte boliger, sesongjustert"
002,00,SesJustBoligindeks,2007K1,73.1,Stavanger,Alle boligtyper,"Prisindeks for brukte boliger, sesongjustert"
002,00,SesJustBoligindeks,2007K2,74.0,Stavanger,Alle boligtyper,"Prisindeks for brukte boliger, sesongjustert"
002,00,SesJustBoligindeks,2007K3,76.6,Stavanger,Alle boligtyper,"Prisindeks for brukte boliger, sesongjustert"
002,00,SesJustBoligindeks,2007K4,77.3,Stavanger,Alle boligtyper,"Prisindeks for brukte boliger, sesongjustert"
002,00,SesJustBoligindeks,2008K1,78.0,Stavanger,Alle boligtyper,"Prisindeks for brukte boliger, sesongjustert"
002,00,SesJustBoligindeks,2008K2,78.3,Stavanger,Alle boligtyper,"Prisindeks for brukte boliger, sesongjustert"
002,00,SesJustBoligindeks,2008K3,75.5,Stavanger,Alle boligtyper,"Prisindeks for brukte boliger, sesongjustert"
002,00,SesJustBoligindeks,2008K4,71.8,Stavanger,Alle boligtyper,"Prisindeks for brukte boliger, sesongjustert"
002,00,SesJustBoligindeks,2009K1,72.0,Stavanger,Alle boligtyper,"Prisindeks for brukte boliger, sesongjustert"
002,00,SesJustBoligindeks,2009K2,74.3,Stavanger,Alle boligtyper,"Prisindeks for brukte boliger, sesongjustert"
002,00,SesJustBoligindeks,2009K3,77.8,Stavanger,Alle boligtyper,"Prisindeks for brukte boliger, sesongjustert"
002,00,SesJustBoligindeks,2009K4,82.6,Stavanger,Alle boligtyper,"Prisindeks for brukte boliger, sesongjustert"
002,00,SesJustBoligindeks,2010K1,85.3,Stavanger,Alle boligtyper,"Prisindeks for brukte boliger, sesongjustert"
002,00,SesJustBoligindeks,2010K2,86.8,Stavanger,Alle boligtyper,"Prisindeks for brukte boliger, sesongjustert"
002,00,SesJustBoligindeks,2010K3,88.7,Stavanger,Alle boligtyper,"Prisindeks for brukte boliger, sesongjustert"
002,00,SesJustBoligindeks,2010K4,90.5,Stavanger,Alle boligtyper,"Prisindeks for brukte boliger, sesongjustert"
002,00,SesJustBoligindeks,2011K1,94.3,Stavanger,Alle boligtyper,"Prisindeks for brukte boliger, sesongjustert"
002,00,SesJustBoligindeks,2011K2,95.1,Stavanger,Alle boligtyper,"Prisindeks for brukte boliger, sesongjustert"
002,00,SesJustBoligindeks,2011K3,96.7,Stavanger,Alle boligtyper,"Prisindeks for brukte boliger, sesongjustert"
002,00,SesJustBoligindeks,2011K4,98.6,Stavanger,Alle boligtyper,"Prisindeks for brukte boliger, sesongjustert"
002,00,SesJustBoligindeks,2012K1,99.7,Stavanger,Alle boligtyper,"Prisindeks for brukte boliger, sesongjustert"
002,00,SesJustBoligindeks,2012K2,102.6,Stavanger,Alle boligtyper,"Prisindeks for brukte boliger, sesongjustert"
002,00,SesJustBoligindeks,2012K3,105.8,Stavanger,Alle boligtyper,"Prisindeks for brukte boliger, sesongjustert"
002,00,SesJustBoligindeks,2012K4,105.7,Stavanger,Alle boligtyper,"Prisindeks for brukte boliger, sesongjustert"
002,00,SesJustBoligindeks,2013K1,107.3,Stavanger,Alle boligtyper,"Prisindeks for brukte boliger, sesongjustert"
002,00,SesJustBoligindeks,2013K2,107.1,Stavanger,Alle boligtyper,"Prisindeks for brukte boliger, sesongjustert"
002,00,SesJustBoligindeks,2013K3,105.5,Stavanger,Alle boligtyper,"Prisindeks for brukte boliger, sesongjustert"
002,00,SesJustBoligindeks,2013K4,103.8,Stavanger,Alle boligtyper,"Prisindeks for brukte boliger, sesongjustert"
002,00,SesJustBoligindeks,2014K1,101.5,Stavanger,Alle boligtyper,"Prisindeks for brukte boliger, sesongjustert"
002,00,SesJustBoligindeks,2014K2,104.9,Stavanger,Alle boligtyper,"Prisindeks for brukte boliger, sesongjustert"
002,00,SesJustBoligindeks,2014K3,104.5,Stavanger,Alle boligtyper,"Prisindeks for brukte boliger, sesongjustert"
002,00,SesJustBoligindeks,2014K4,104.8,Stavanger,Alle boligtyper,"Prisindeks for brukte boliger, sesongjustert"
002,00,SesJustBoligindeks,2015K1,103.8,Stavanger,Alle boligtyper,"Prisindeks for brukte boliger, sesongjustert"
002,00,SesJustBoligindeks,2015K2,100.9,Stavanger,Alle boligtyper,"Prisindeks for brukte boliger, sesongjustert"
002,00,SesJustBoligindeks,2015K3,99.0,Stavanger,Alle boligtyper,"Prisindeks for brukte boliger, sesongjustert"
002,00,SesJustBoligindeks,2015K4,96.2,Stavanger,Alle boligtyper,"Prisindeks for brukte boliger, sesongjustert"
002,00,SesJustBoligindeks,2016K1,93.2,Stavanger,Alle boligtyper,"Prisindeks for brukte boliger, sesongjustert"
002,00,SesJustBoligindeks,2016K2,92.8,Stavanger,Alle boligtyper,"Prisindeks for brukte boliger, sesongjustert"
002,00,SesJustBoligindeks,2016K3,93.7,Stavanger,Alle boligtyper,"Prisindeks for brukte boliger, sesongjustert"
002,00,SesJustBoligindeks,2016K4,96.7,Stavanger,Alle boligtyper,"Prisindeks for brukte boliger, sesongjustert"
002,00,SesJustBoligindeks,2017K1,98.4,Stavanger,Alle boligtyper,"Prisindeks for brukte boliger, sesongjustert"
002,00,SesJustBoligindeks,2017K2,99.1,Stavanger,Alle boligtyper,"Prisindeks for brukte boliger, sesongjustert"
002,00,SesJustBoligindeks,2017K3,96.4,Stavanger,Alle boligtyper,"Prisindeks for brukte boliger, sesongjustert"
002,00,SesJustBoligindeks,2017K4,100.6,Stavanger,Alle boligtyper,"Prisindeks for brukte boliger, sesongjustert"
002,00,SesJustBoligindeks,2018K1,98.7,Stavanger,Alle boligtyper,"Prisindeks for brukte boliger, sesongjustert"
002,00,SesJustBoligindeks,2018K2,97.8,Stavanger,Alle boligtyper,"Prisindeks for brukte boliger, sesongjustert"
002,00,SesJustBoligindeks,2018K3,97.4,Stavanger,Alle boligtyper,"Prisindeks for brukte boliger, sesongjustert"
002,00,SesJustBoligindeks,2018K4,97.6,Stavanger,Alle boligtyper,"Prisindeks for brukte boliger, sesongjustert"
002,00,SesJustBoligindeks,2019K1,98.9,Stavanger,Alle boligtyper,"Prisindeks for brukte boliger, sesongjustert"
002,00,SesJustBoligindeks,2019K2,99.3,Stavanger,Alle boligtyper,"Prisindeks for brukte boliger, sesongjustert"
002,00,SesJustBoligindeks,2019K3,98.1,Stavanger,Alle boligtyper,"Prisindeks for brukte boliger, sesongjustert"
002,00,SesJustBoligindeks,2019K4,94.8,Stavanger,Alle boligtyper,"Prisindeks for brukte boliger, sesongjustert"
002,00,SesJustBoligindeks,2020K1,100.1,Stavanger,Alle boligtyper,"Prisindeks for brukte boliger, sesongjustert"
002,00,SesJustBoligindeks,2020K2,99.6,Stavanger,Alle boligtyper,"Prisindeks for brukte boliger, sesongjustert"
002,00,SesJustBoligindeks,2020K3,102.8,Stavanger,Alle boligtyper,"Prisindeks for brukte boliger, sesongjustert"
002,00,SesJustBoligindeks,2020K4,104.6,Stavanger,Alle boligtyper,"Prisindeks for brukte boliger, sesongjustert"
002,00,SesJustBoligindeks,2021K1,107.0,Stavanger,Alle boligtyper,"Prisindeks for brukte boliger, sesongjustert"
002,00,SesJustBoligindeks,2021K2,109.6,Stavanger,Alle boligtyper,"Prisindeks for brukte boliger, sesongjustert"
002,00,SesJustBoligindeks,2021K3,112.3,Stavanger,Alle boligtyper,"Prisindeks for brukte boliger, sesongjustert"
002,00,SesJustBoligindeks,2021K4,114.9,Stavanger,Alle boligtyper,"Prisindeks for brukte boliger, sesongjustert"
002,00,SesJustBoligindeks,2022K1,115.9,Stavanger,Alle boligtyper,"Prisindeks for brukte boliger, sesongjustert"
002,00,SesJustBoligindeks,2022K2,116.5,Stavanger,Alle boligtyper,"Prisindeks for brukte boliger, sesongjustert"
002,00,SesJustBoligindeks,2022K3,116.1,Stavanger,Alle boligtyper,"Prisindeks for brukte boliger, sesongjustert"
002,00,SesJustBoligindeks,2022K4,116.6,Stavanger,Alle boligtyper,"Prisindeks for brukte boliger, sesongjustert"
002,00,SesJustBoligindeks,2023K1,115.3,Stavanger,Alle boligtyper,"Prisindeks for brukte boliger, sesongjustert"
002,00,SesJustBoligindeks,2023K2,119.3,Stavanger,Alle boligtyper,"Prisindeks for brukte boliger, sesongjustert"
002,00,SesJustBoligindeks,2023K3,119.1,Stavanger,Alle boligtyper,"Prisindeks for brukte boliger, sesongjustert"
002,00,SesJustBoligindeks,2023K4,119.0,Stavanger,Alle boligtyper,"Prisindeks for brukte boliger, sesongjustert"
002,00,SesJustBoligindeks,2024K1,121.4,Stavanger,Alle boligtyper,"Prisindeks for brukte boliger, sesongjustert"
002,00,SesJustBoligindeks,2024K2,123.6,Stavanger,Alle boligtyper,"Prisindeks for brukte boliger, sesongjustert"
002,00,SesJustBoligindeks,2024K3,126.4,Stavanger,Alle boligtyper,"Prisindeks for brukte boliger, sesongjustert"
002,00,SesJustBoligindeks,2024K4,127.9,Stavanger,Alle boligtyper,"Prisindeks for brukte boliger, sesongjustert"
002,00,SesJustBoligindeks,2025K1,138.9,Stavanger,Alle boligtyper,"Prisindeks for brukte boliger, sesongjustert"
002,00,SesJustBoligindeks,2025K2,140.8,Stavanger,Alle boligtyper,"Prisindeks for brukte boliger, sesongjustert"
002,00,SesJustBoligindeks,2025K3,145.8,Stavanger,Alle boligtyper,"Prisindeks for brukte boliger, sesongjustert"
002,00,SesJustBoligindeks,2025K4,151.2,Stavanger,Alle boligtyper,"Prisindeks for brukte boliger, sesongjustert"
002,00,SesJustBoligindeks,2026K1,154.1,Stavanger,Alle boligtyper,"Prisindeks for brukte boliger, sesongjustert"
002,00,SesJustBoligindeks,2026K2,156.3,Stavanger,Alle boligtyper,"Prisindeks for brukte boliger, sesongjustert"
003,00,Boligindeks,1992K1,0.0,Bergen,Alle boligtyper,Prisindeks for brukte boliger
003,00,Boligindeks,1992K2,0.0,Bergen,Alle boligtyper,Prisindeks for brukte boliger
003,00,Boligindeks,1992K3,0.0,Bergen,Alle boligtyper,Prisindeks for brukte boliger
003,00,Boligindeks,1992K4,0.0,Bergen,Alle boligtyper,Prisindeks for brukte boliger
003,00,Boligindeks,1993K1,0.0,Bergen,Alle boligtyper,Prisindeks for brukte boliger
003,00,Boligindeks,1993K2,0.0,Bergen,Alle boligtyper,Prisindeks for brukte boliger
003,00,Boligindeks,1993K3,0.0,Bergen,Alle boligtyper,Prisindeks for brukte boliger
003,00,Boligindeks,1993K4,0.0,Bergen,Alle boligtyper,Prisindeks for brukte boliger
003,00,Boligindeks,1994K1,0.0,Bergen,Alle boligtyper,Prisindeks for brukte boliger
003,00,Boligindeks,1994K2,0.0,Bergen,Alle boligtyper,Prisindeks for brukte boliger
003,00,Boligindeks,1994K3,0.0,Bergen,Alle boligtyper,Prisindeks for brukte boliger
003,00,Boligindeks,1994K4,0.0,Bergen,Alle boligtyper,Prisindeks for brukte boliger
003,00,Boligindeks,1995K1,0.0,Bergen,Alle boligtyper,Prisindeks for brukte boliger
003,00,Boligindeks,1995K2,0.0,Bergen,Alle boligtyper,Prisindeks for brukte boliger
003,00,Boligindeks,1995K3,0.0,Bergen,Alle boligtyper,Prisindeks for brukte boliger
003,00,Boligindeks,1995K4,0.0,Bergen,Alle boligtyper,Prisindeks for brukte boliger
003,00,Boligindeks,1996K1,0.0,Bergen,Alle boligtyper,Prisindeks for brukte boliger
003,00,Boligindeks,1996K2,0.0,Bergen,Alle boligtyper,Prisindeks for brukte boliger
003,00,Boligindeks,1996K3,0.0,Bergen,Alle boligtyper,Prisindeks for brukte boliger
003,00,Boligindeks,1996K4,0.0,Bergen,Alle boligtyper,Prisindeks for brukte boliger
003,00,Boligindeks,1997K1,0.0,Bergen,Alle boligtyper,Prisindeks for brukte boliger
003,00,Boligindeks,1997K2,0.0,Bergen,Alle boligtyper,Prisindeks for brukte boliger
003,00,Boligindeks,1997K3,0.0,Bergen,Alle boligtyper,Prisindeks for brukte boliger
003,00,Boligindeks,1997K4,0.0,Bergen,Alle boligtyper,Prisindeks for brukte boliger
003,00,Boligindeks,1998K1,0.0,Bergen,Alle boligtyper,Prisindeks for brukte boliger
003,00,Boligindeks,1998K2,0.0,Bergen,Alle boligtyper,Prisindeks for brukte boliger
003,00,Boligindeks,1998K3,0.0,Bergen,Alle boligtyper,Prisindeks for brukte boliger
003,00,Boligindeks,1998K4,0.0,Bergen,Alle boligtyper,Prisindeks for brukte boliger
003,00,Boligindeks,1999K1,0.0,Bergen,Alle boligtyper,Prisindeks for brukte boliger
003,00,Boligindeks,1999K2,0.0,Bergen,Alle boligtyper,Prisindeks for brukte boliger
003,00,Boligindeks,1999K3,0.0,Bergen,Alle boligtyper,Prisindeks for brukte boliger
003,00,Boligindeks,1999K4,0.0,Bergen,Alle boligtyper,Prisindeks for brukte boliger
003,00,Boligindeks,2000K1,0.0,Bergen,Alle boligtyper,Prisindeks for brukte boliger
003,00,Boligindeks,2000K2,0.0,Bergen,Alle boligtyper,Prisindeks for brukte boliger
003,00,Boligindeks,2000K3,0.0,Bergen,Alle boligtyper,Prisindeks for brukte boliger
003,00,Boligindeks,2000K4,0.0,Bergen,Alle boligtyper,Prisindeks for brukte boliger
003,00,Boligindeks,2001K1,0.0,Bergen,Alle boligtyper,Prisindeks for brukte boliger
003,00,Boligindeks,2001K2,0.0,Bergen,Alle boligtyper,Prisindeks for brukte boliger
003,00,Boligindeks,2001K3,0.0,Bergen,Alle boligtyper,Prisindeks for brukte boliger
003,00,Boligindeks,2001K4,0.0,Bergen,Alle boligtyper,Prisindeks for brukte boliger
003,00,Boligindeks,2002K1,0.0,Bergen,Alle boligtyper,Prisindeks for brukte boliger
003,00,Boligindeks,2002K2,0.0,Bergen,Alle boligtyper,Prisindeks for brukte boliger
003,00,Boligindeks,2002K3,0.0,Bergen,Alle boligtyper,Prisindeks for brukte boliger
003,00,Boligindeks,2002K4,0.0,Bergen,Alle boligtyper,Prisindeks for brukte boliger
003,00,Boligindeks,2003K1,0.0,Bergen,Alle boligtyper,Prisindeks for brukte boliger
003,00,Boligindeks,2003K2,0.0,Bergen,Alle boligtyper,Prisindeks for brukte boliger
003,00,Boligindeks,2003K3,0.0,Bergen,Alle boligtyper,Prisindeks for brukte boliger
003,00,Boligindeks,2003K4,0.0,Bergen,Alle boligtyper,Prisindeks for brukte boliger
003,00,Boligindeks,2004K1,0.0,Bergen,Alle boligtyper,Prisindeks for brukte boliger
003,00,Boligindeks,2004K2,0.0,Bergen,Alle boligtyper,Prisindeks for brukte boliger
003,00,Boligindeks,2004K3,0.0,Bergen,Alle boligtyper,Prisindeks for brukte boliger
003,00,Boligindeks,2004K4,0.0,Bergen,Alle boligtyper,Prisindeks for brukte boliger
003,00,Boligindeks,2005K1,53.3,Bergen,Alle boligtyper,Prisindeks for brukte boliger
003,00,Boligindeks,2005K2,54.4,Bergen,Alle boligtyper,Prisindeks for brukte boliger
003,00,Boligindeks,2005K3,56.1,Bergen,Alle boligtyper,Prisindeks for brukte boliger
003,00,Boligindeks,2005K4,55.3,Bergen,Alle boligtyper,Prisindeks for brukte boliger
003,00,Boligindeks,2006K1,61.0,Bergen,Alle boligtyper,Prisindeks for brukte boliger
003,00,Boligindeks,2006K2,63.0,Bergen,Alle boligtyper,Prisindeks for brukte boliger
003,00,Boligindeks,2006K3,66.2,Bergen,Alle boligtyper,Prisindeks for brukte boliger
003,00,Boligindeks,2006K4,67.3,Bergen,Alle boligtyper,Prisindeks for brukte boliger
003,00,Boligindeks,2007K1,71.7,Bergen,Alle boligtyper,Prisindeks for brukte boliger
003,00,Boligindeks,2007K2,71.2,Bergen,Alle boligtyper,Prisindeks for brukte boliger
003,00,Boligindeks,2007K3,69.7,Bergen,Alle boligtyper,Prisindeks for brukte boliger
003,00,Boligindeks,2007K4,67.3,Bergen,Alle boligtyper,Prisindeks for brukte boliger
003,00,Boligindeks,2008K1,67.7,Bergen,Alle boligtyper,Prisindeks for brukte boliger
003,00,Boligindeks,2008K2,67.6,Bergen,Alle boligtyper,Prisindeks for brukte boliger
003,00,Boligindeks,2008K3,62.8,Bergen,Alle boligtyper,Prisindeks for brukte boliger
003,00,Boligindeks,2008K4,58.9,Bergen,Alle boligtyper,Prisindeks for brukte boliger
003,00,Boligindeks,2009K1,61.2,Bergen,Alle boligtyper,Prisindeks for brukte boliger
003,00,Boligindeks,2009K2,64.2,Bergen,Alle boligtyper,Prisindeks for brukte boliger
003,00,Boligindeks,2009K3,66.9,Bergen,Alle boligtyper,Prisindeks for brukte boliger
003,00,Boligindeks,2009K4,67.0,Bergen,Alle boligtyper,Prisindeks for brukte boliger
003,00,Boligindeks,2010K1,69.6,Bergen,Alle boligtyper,Prisindeks for brukte boliger
003,00,Boligindeks,2010K2,73.5,Bergen,Alle boligtyper,Prisindeks for brukte boliger
003,00,Boligindeks,2010K3,73.1,Bergen,Alle boligtyper,Prisindeks for brukte boliger
003,00,Boligindeks,2010K4,73.1,Bergen,Alle boligtyper,Prisindeks for brukte boliger
003,00,Boligindeks,2011K1,78.1,Bergen,Alle boligtyper,Prisindeks for brukte boliger
003,00,Boligindeks,2011K2,79.0,Bergen,Alle boligtyper,Prisindeks for brukte boliger
003,00,Boligindeks,2011K3,79.5,Bergen,Alle boligtyper,Prisindeks for brukte boliger
003,00,Boligindeks,2011K4,81.0,Bergen,Alle boligtyper,Prisindeks for brukte boliger
003,00,Boligindeks,2012K1,84.2,Bergen,Alle boligtyper,Prisindeks for brukte boliger
003,00,Boligindeks,2012K2,83.6,Bergen,Alle boligtyper,Prisindeks for brukte boliger
003,00,Boligindeks,2012K3,84.7,Bergen,Alle boligtyper,Prisindeks for brukte boliger
003,00,Boligindeks,2012K4,85.3,Bergen,Alle boligtyper,Prisindeks for brukte boliger
003,00,Boligindeks,2013K1,88.1,Bergen,Alle boligtyper,Prisindeks for brukte boliger
003,00,Boligindeks,2013K2,91.7,Bergen,Alle boligtyper,Prisindeks for brukte boliger
003,00,Boligindeks,2013K3,90.1,Bergen,Alle boligtyper,Prisindeks for brukte boliger
003,00,Boligindeks,2013K4,86.4,Bergen,Alle boligtyper,Prisindeks for brukte boliger
003,00,Boligindeks,2014K1,90.5,Bergen,Alle boligtyper,Prisindeks for brukte boliger
003,00,Boligindeks,2014K2,92.6,Bergen,Alle boligtyper,Prisindeks for brukte boliger
003,00,Boligindeks,2014K3,94.5,Bergen,Alle boligtyper,Prisindeks for brukte boliger
003,00,Boligindeks,2014K4,94.2,Bergen,Alle boligtyper,Prisindeks for brukte boliger
003,00,Boligindeks,2015K1,98.2,Bergen,Alle boligtyper,Prisindeks for brukte boliger
003,00,Boligindeks,2015K2,101.9,Bergen,Alle boligtyper,Prisindeks for brukte boliger
003,00,Boligindeks,2015K3,101.5,Bergen,Alle boligtyper,Prisindeks for brukte boliger
003,00,Boligindeks,2015K4,98.4,Bergen,Alle boligtyper,Prisindeks for brukte boliger
003,00,Boligindeks,2016K1,99.2,Bergen,Alle boligtyper,Prisindeks for brukte boliger
003,00,Boligindeks,2016K2,101.6,Bergen,Alle boligtyper,Prisindeks for brukte boliger
003,00,Boligindeks,2016K3,101.2,Bergen,Alle boligtyper,Prisindeks for brukte boliger
003,00,Boligindeks,2016K4,101.5,Bergen,Alle boligtyper,Prisindeks for brukte boliger
003,00,Boligindeks,2017K1,103.7,Bergen,Alle boligtyper,Prisindeks for brukte boliger
003,00,Boligindeks,2017K2,105.7,Bergen,Alle boligtyper,Prisindeks for brukte boliger
003,00,Boligindeks,2017K3,102.5,Bergen,Alle boligtyper,Prisindeks for brukte boliger
003,00,Boligindeks,2017K4,99.4,Bergen,Alle boligtyper,Prisindeks for brukte boliger
003,00,Boligindeks,2018K1,101.7,Bergen,Alle boligtyper,Prisindeks for brukte boliger
003,00,Boligindeks,2018K2,105.5,Bergen,Alle boligtyper,Prisindeks for brukte boliger
003,00,Boligindeks,2018K3,103.4,Bergen,Alle boligtyper,Prisindeks for brukte boliger
003,00,Boligindeks,2018K4,100.9,Bergen,Alle boligtyper,Prisindeks for brukte boliger
003,00,Boligindeks,2019K1,104.3,Bergen,Alle boligtyper,Prisindeks for brukte boliger
003,00,Boligindeks,2019K2,106.7,Bergen,Alle boligtyper,Prisindeks for brukte boliger
003,00,Boligindeks,2019K3,105.7,Bergen,Alle boligtyper,Prisindeks for brukte boliger
003,00,Boligindeks,2019K4,105.1,Bergen,Alle boligtyper,Prisindeks for brukte boliger
003,00,Boligindeks,2020K1,108.1,Bergen,Alle boligtyper,Prisindeks for brukte boliger
003,00,Boligindeks,2020K2,110.5,Bergen,Alle boligtyper,Prisindeks for brukte boliger
003,00,Boligindeks,2020K3,112.5,Bergen,Alle boligtyper,Prisindeks for brukte boliger
003,00,Boligindeks,2020K4,112.9,Bergen,Alle boligtyper,Prisindeks for brukte boliger
003,00,Boligindeks,2021K1,117.5,Bergen,Alle boligtyper,Prisindeks for brukte boliger
003,00,Boligindeks,2021K2,122.4,Bergen,Alle boligtyper,Prisindeks for brukte boliger
003,00,Boligindeks,2021K3,121.5,Bergen,Alle boligtyper,Prisindeks for brukte boliger
003,00,Boligindeks,2021K4,120.0,Bergen,Alle boligtyper,Prisindeks for brukte boliger
003,00,Boligindeks,2022K1,124.9,Bergen,Alle boligtyper,Prisindeks for brukte boliger
003,00,Boligindeks,2022K2,130.0,Bergen,Alle boligtyper,Prisindeks for brukte boliger
003,00,Boligindeks,2022K3,128.1,Bergen,Alle boligtyper,Prisindeks for brukte boliger
003,00,Boligindeks,2022K4,123.3,Bergen,Alle boligtyper,Prisindeks for brukte boliger
003,00,Boligindeks,2023K1,126.8,Bergen,Alle boligtyper,Prisindeks for brukte boliger
003,00,Boligindeks,2023K2,129.7,Bergen,Alle boligtyper,Prisindeks for brukte boliger
003,00,Boligindeks,2023K3,125.3,Bergen,Alle boligtyper,Prisindeks for brukte boliger
003,00,Boligindeks,2023K4,122.0,Bergen,Alle boligtyper,Prisindeks for brukte boliger
003,00,Boligindeks,2024K1,128.6,Bergen,Alle boligtyper,Prisindeks for brukte boliger
003,00,Boligindeks,2024K2,133.1,Bergen,Alle boligtyper,Prisindeks for brukte boliger
003,00,Boligindeks,2024K3,134.4,Bergen,Alle boligtyper,Prisindeks for brukte boliger
003,00,Boligindeks,2024K4,134.6,Bergen,Alle boligtyper,Prisindeks for brukte boliger
003,00,Boligindeks,2025K1,144.3,Bergen,Alle boligtyper,Prisindeks for brukte boliger
003,00,Boligindeks,2025K2,147.7,Bergen,Alle boligtyper,Prisindeks for brukte boliger
003,00,Boligindeks,2025K3,147.9,Bergen,Alle boligtyper,Prisindeks for brukte boliger
003,00,Boligindeks,2025K4,148.9,Bergen,Alle boligtyper,Prisindeks for brukte boliger
003,00,Boligindeks,2026K1,158.5,Bergen,Alle boligtyper,Prisindeks for brukte boliger
003,00,Boligindeks,2026K2,164.4,Bergen,Alle boligtyper,Prisindeks for brukte boliger
003,00,SesJustBoligindeks,1992K1,,Bergen,Alle boligtyper,"Prisindeks for brukte boliger, sesongjustert"
003,00,SesJustBoligindeks,1992K2,,Bergen,Alle boligtyper,"Prisindeks for brukte boliger, sesongjustert"
003,00,SesJustBoligindeks,1992K3,,Bergen,Alle boligtyper,"Prisindeks for brukte boliger, sesongjustert"
003,00,SesJustBoligindeks,1992K4,,Bergen,Alle boligtyper,"Prisindeks for brukte boliger, sesongjustert"
003,00,SesJustBoligindeks,1993K1,,Bergen,Alle boligtyper,"Prisindeks for brukte boliger, sesongjustert"
003,00,SesJustBoligindeks,1993K2,,Bergen,Alle boligtyper,"Prisindeks for brukte boliger, sesongjustert"
003,00,SesJustBoligindeks,1993K3,,Bergen,Alle boligtyper,"Prisindeks for brukte boliger, sesongjustert"
003,00,SesJustBoligindeks,1993K4,,Bergen,Alle boligtyper,"Prisindeks for brukte boliger, sesongjustert"
003,00,SesJustBoligindeks,1994K1,,Bergen,Alle boligtyper,"Prisindeks for brukte boliger, sesongjustert"
003,00,SesJustBoligindeks,1994K2,,Bergen,Alle boligtyper,"Prisindeks for brukte boliger, sesongjustert"
003,00,SesJustBoligindeks,1994K3,,Bergen,Alle boligtyper,"Prisindeks for brukte boliger, sesongjustert"
003,00,SesJustBoligindeks,1994K4,,Bergen,Alle boligtyper,"Prisindeks for brukte boliger, sesongjustert"
003,00,SesJustBoligindeks,1995K1,,Bergen,Alle boligtyper,"Prisindeks for brukte boliger, sesongjustert"
003,00,SesJustBoligindeks,1995K2,,Bergen,Alle boligtyper,"Prisindeks for brukte boliger, sesongjustert"
003,00,SesJustBoligindeks,1995K3,,Bergen,Alle boligtyper,"Prisindeks for brukte boliger, sesongjustert"
003,00,SesJustBoligindeks,1995K4,,Bergen,Alle boligtyper,"Prisindeks for brukte boliger, sesongjustert"
003,00,SesJustBoligindeks,1996K1,,Bergen,Alle boligtyper,"Prisindeks for brukte boliger, sesongjustert"
003,00,SesJustBoligindeks,1996K2,,Bergen,Alle boligtyper,"Prisindeks for brukte boliger, sesongjustert"
003,00,SesJustBoligindeks,1996K3,,Bergen,Alle boligtyper,"Prisindeks for brukte boliger, sesongjustert"
003,00,SesJustBoligindeks,1996K4,,Bergen,Alle boligtyper,"Prisindeks for brukte boliger, sesongjustert"
003,00,SesJustBoligindeks,1997K1,,Bergen,Alle boligtyper,"Prisindeks for brukte boliger, sesongjustert"
003,00,SesJustBoligindeks,1997K2,,Bergen,Alle boligtyper,"Prisindeks for brukte boliger, sesongjustert"
003,00,SesJustBoligindeks,1997K3,,Bergen,Alle boligtyper,"Prisindeks for brukte boliger, sesongjustert"
003,00,SesJustBoligindeks,1997K4,,Bergen,Alle boligtyper,"Prisindeks for brukte boliger, sesongjustert"
003,00,SesJustBoligindeks,1998K1,,Bergen,Alle boligtyper,"Prisindeks for brukte boliger, sesongjustert"
003,00,SesJustBoligindeks,1998K2,,Bergen,Alle boligtyper,"Prisindeks for brukte boliger, sesongjustert"
003,00,SesJustBoligindeks,1998K3,,Bergen,Alle boligtyper,"Prisindeks for brukte boliger, sesongjustert"
003,00,SesJustBoligindeks,1998K4,,Bergen,Alle boligtyper,"Prisindeks for brukte boliger, sesongjustert"
003,00,SesJustBoligindeks,1999K1,,Bergen,Alle boligtyper,"Prisindeks for brukte boliger, sesongjustert"
003,00,SesJustBoligindeks,1999K2,,Bergen,Alle boligtyper,"Prisindeks for brukte boliger, sesongjustert"
003,00,SesJustBoligindeks,1999K3,,Bergen,Alle boligtyper,"Prisindeks for brukte boliger, sesongjustert"
003,00,SesJustBoligindeks,1999K4,,Bergen,Alle boligtyper,"Prisindeks for brukte boliger, sesongjustert"
003,00,SesJustBoligindeks,2000K1,,Bergen,Alle boligtyper,"Prisindeks for brukte boliger, sesongjustert"
003,00,SesJustBoligindeks,2000K2,,Bergen,Alle boligtyper,"Prisindeks for brukte boliger, sesongjustert"
003,00,SesJustBoligindeks,2000K3,,Bergen,Alle boligtyper,"Prisindeks for brukte boliger, sesongjustert"
003,00,SesJustBoligindeks,2000K4,,Bergen,Alle boligtyper,"Prisindeks for brukte boliger, sesongjustert"
003,00,SesJustBoligindeks,2001K1,,Bergen,Alle boligtyper,"Prisindeks for brukte boliger, sesongjustert"
003,00,SesJustBoligindeks,2001K2,,Bergen,Alle boligtyper,"Prisindeks for brukte boliger, sesongjustert"
003,00,SesJustBoligindeks,2001K3,,Bergen,Alle boligtyper,"Prisindeks for brukte boliger, sesongjustert"
003,00,SesJustBoligindeks,2001K4,,Bergen,Alle boligtyper,"Prisindeks for brukte boliger, sesongjustert"
003,00,SesJustBoligindeks,2002K1,,Bergen,Alle boligtyper,"Prisindeks for brukte boliger, sesongjustert"
003,00,SesJustBoligindeks,2002K2,,Bergen,Alle boligtyper,"Prisindeks for brukte boliger, sesongjustert"
003,00,SesJustBoligindeks,2002K3,,Bergen,Alle boligtyper,"Prisindeks for brukte boliger, sesongjustert"
003,00,SesJustBoligindeks,2002K4,,Bergen,Alle boligtyper,"Prisindeks for brukte boliger, sesongjustert"
003,00,SesJustBoligindeks,2003K1,,Bergen,Alle boligtyper,"Prisindeks for brukte boliger, sesongjustert"
003,00,SesJustBoligindeks,2003K2,,Bergen,Alle boligtyper,"Prisindeks for brukte boliger, sesongjustert"
003,00,SesJustBoligindeks,2003K3,,Bergen,Alle boligtyper,"Prisindeks for brukte boliger, sesongjustert"
003,00,SesJustBoligindeks,2003K4,,Bergen,Alle boligtyper,"Prisindeks for brukte boliger, sesongjustert"
003,00,SesJustBoligindeks,2004K1,,Bergen,Alle boligtyper,"Prisindeks for brukte boliger, sesongjustert"
003,00,SesJustBoligindeks,2004K2,,Bergen,Alle boligtyper,"Prisindeks for brukte boliger, sesongjustert"
003,00,SesJustBoligindeks,2004K3,,Bergen,Alle boligtyper,"Prisindeks for brukte boliger, sesongjustert"
003,00,SesJustBoligindeks,2004K4,,Bergen,Alle boligtyper,"Prisindeks for brukte boliger, sesongjustert"
003,00,SesJustBoligindeks,2005K1,52.5,Bergen,Alle boligtyper,"Prisindeks for brukte boliger, sesongjustert"
003,00,SesJustBoligindeks,2005K2,54.0,Bergen,Alle boligtyper,"Prisindeks for brukte boliger, sesongjustert"
003,00,SesJustBoligindeks,2005K3,55.9,Bergen,Alle boligtyper,"Prisindeks for brukte boliger, sesongjustert"
003,00,SesJustBoligindeks,2005K4,56.7,Bergen,Alle boligtyper,"Prisindeks for brukte boliger, sesongjustert"
003,00,SesJustBoligindeks,2006K1,60.2,Bergen,Alle boligtyper,"Prisindeks for brukte boliger, sesongjustert"
003,00,SesJustBoligindeks,2006K2,62.5,Bergen,Alle boligtyper,"Prisindeks for brukte boliger, sesongjustert"
003,00,SesJustBoligindeks,2006K3,66.0,Bergen,Alle boligtyper,"Prisindeks for brukte boliger, sesongjustert"
003,00,SesJustBoligindeks,2006K4,68.9,Bergen,Alle boligtyper,"Prisindeks for brukte boliger, sesongjustert"
003,00,SesJustBoligindeks,2007K1,70.9,Bergen,Alle boligtyper,"Prisindeks for brukte boliger, sesongjustert"
003,00,SesJustBoligindeks,2007K2,70.5,Bergen,Alle boligtyper,"Prisindeks for brukte boliger, sesongjustert"
003,00,SesJustBoligindeks,2007K3,69.6,Bergen,Alle boligtyper,"Prisindeks for brukte boliger, sesongjustert"
003,00,SesJustBoligindeks,2007K4,68.8,Bergen,Alle boligtyper,"Prisindeks for brukte boliger, sesongjustert"
003,00,SesJustBoligindeks,2008K1,67.1,Bergen,Alle boligtyper,"Prisindeks for brukte boliger, sesongjustert"
003,00,SesJustBoligindeks,2008K2,66.8,Bergen,Alle boligtyper,"Prisindeks for brukte boliger, sesongjustert"
003,00,SesJustBoligindeks,2008K3,62.8,Bergen,Alle boligtyper,"Prisindeks for brukte boliger, sesongjustert"
003,00,SesJustBoligindeks,2008K4,60.2,Bergen,Alle boligtyper,"Prisindeks for brukte boliger, sesongjustert"
003,00,SesJustBoligindeks,2009K1,60.7,Bergen,Alle boligtyper,"Prisindeks for brukte boliger, sesongjustert"
003,00,SesJustBoligindeks,2009K2,63.4,Bergen,Alle boligtyper,"Prisindeks for brukte boliger, sesongjustert"
003,00,SesJustBoligindeks,2009K3,66.9,Bergen,Alle boligtyper,"Prisindeks for brukte boliger, sesongjustert"
003,00,SesJustBoligindeks,2009K4,68.4,Bergen,Alle boligtyper,"Prisindeks for brukte boliger, sesongjustert"
003,00,SesJustBoligindeks,2010K1,69.1,Bergen,Alle boligtyper,"Prisindeks for brukte boliger, sesongjustert"
003,00,SesJustBoligindeks,2010K2,72.6,Bergen,Alle boligtyper,"Prisindeks for brukte boliger, sesongjustert"
003,00,SesJustBoligindeks,2010K3,73.1,Bergen,Alle boligtyper,"Prisindeks for brukte boliger, sesongjustert"
003,00,SesJustBoligindeks,2010K4,74.5,Bergen,Alle boligtyper,"Prisindeks for brukte boliger, sesongjustert"
003,00,SesJustBoligindeks,2011K1,77.6,Bergen,Alle boligtyper,"Prisindeks for brukte boliger, sesongjustert"
003,00,SesJustBoligindeks,2011K2,77.9,Bergen,Alle boligtyper,"Prisindeks for brukte boliger, sesongjustert"
003,00,SesJustBoligindeks,2011K3,79.5,Bergen,Alle boligtyper,"Prisindeks for brukte boliger, sesongjustert"
003,00,SesJustBoligindeks,2011K4,82.7,Bergen,Alle boligtyper,"Prisindeks for brukte boliger, sesongjustert"
003,00,SesJustBoligindeks,2012K1,83.8,Bergen,Alle boligtyper,"Prisindeks for brukte boliger, sesongjustert"
003,00,SesJustBoligindeks,2012K2,82.5,Bergen,Alle boligtyper,"Prisindeks for brukte boliger, sesongjustert"
003,00,SesJustBoligindeks,2012K3,84.5,Bergen,Alle boligtyper,"Prisindeks for brukte boliger, sesongjustert"
003,00,SesJustBoligindeks,2012K4,87.1,Bergen,Alle boligtyper,"Prisindeks for brukte boliger, sesongjustert"
003,00,SesJustBoligindeks,2013K1,87.6,Bergen,Alle boligtyper,"Prisindeks for brukte boliger, sesongjustert"
003,00,SesJustBoligindeks,2013K2,90.5,Bergen,Alle boligtyper,"Prisindeks for brukte boliger, sesongjustert"
003,00,SesJustBoligindeks,2013K3,89.8,Bergen,Alle boligtyper,"Prisindeks for brukte boliger, sesongjustert"
003,00,SesJustBoligindeks,2013K4,88.2,Bergen,Alle boligtyper,"Prisindeks for brukte boliger, sesongjustert"
003,00,SesJustBoligindeks,2014K1,90.3,Bergen,Alle boligtyper,"Prisindeks for brukte boliger, sesongjustert"
003,00,SesJustBoligindeks,2014K2,91.2,Bergen,Alle boligtyper,"Prisindeks for brukte boliger, sesongjustert"
003,00,SesJustBoligindeks,2014K3,94.2,Bergen,Alle boligtyper,"Prisindeks for brukte boliger, sesongjustert"
003,00,SesJustBoligindeks,2014K4,96.2,Bergen,Alle boligtyper,"Prisindeks for brukte boliger, sesongjustert"
003,00,SesJustBoligindeks,2015K1,98.2,Bergen,Alle boligtyper,"Prisindeks for brukte boliger, sesongjustert"
003,00,SesJustBoligindeks,2015K2,100.2,Bergen,Alle boligtyper,"Prisindeks for brukte boliger, sesongjustert"
003,00,SesJustBoligindeks,2015K3,101.1,Bergen,Alle boligtyper,"Prisindeks for brukte boliger, sesongjustert"
003,00,SesJustBoligindeks,2015K4,100.5,Bergen,Alle boligtyper,"Prisindeks for brukte boliger, sesongjustert"
003,00,SesJustBoligindeks,2016K1,99.3,Bergen,Alle boligtyper,"Prisindeks for brukte boliger, sesongjustert"
003,00,SesJustBoligindeks,2016K2,99.7,Bergen,Alle boligtyper,"Prisindeks for brukte boliger, sesongjustert"
003,00,SesJustBoligindeks,2016K3,100.9,Bergen,Alle boligtyper,"Prisindeks for brukte boliger, sesongjustert"
003,00,SesJustBoligindeks,2016K4,103.7,Bergen,Alle boligtyper,"Prisindeks for brukte boliger, sesongjustert"
003,00,SesJustBoligindeks,2017K1,103.9,Bergen,Alle boligtyper,"Prisindeks for brukte boliger, sesongjustert"
003,00,SesJustBoligindeks,2017K2,103.6,Bergen,Alle boligtyper,"Prisindeks for brukte boliger, sesongjustert"
003,00,SesJustBoligindeks,2017K3,102.3,Bergen,Alle boligtyper,"Prisindeks for brukte boliger, sesongjustert"
003,00,SesJustBoligindeks,2017K4,101.5,Bergen,Alle boligtyper,"Prisindeks for brukte boliger, sesongjustert"
003,00,SesJustBoligindeks,2018K1,101.9,Bergen,Alle boligtyper,"Prisindeks for brukte boliger, sesongjustert"
003,00,SesJustBoligindeks,2018K2,103.3,Bergen,Alle boligtyper,"Prisindeks for brukte boliger, sesongjustert"
003,00,SesJustBoligindeks,2018K3,103.3,Bergen,Alle boligtyper,"Prisindeks for brukte boliger, sesongjustert"
003,00,SesJustBoligindeks,2018K4,103.1,Bergen,Alle boligtyper,"Prisindeks for brukte boliger, sesongjustert"
003,00,SesJustBoligindeks,2019K1,104.5,Bergen,Alle boligtyper,"Prisindeks for brukte boliger, sesongjustert"
003,00,SesJustBoligindeks,2019K2,104.4,Bergen,Alle boligtyper,"Prisindeks for brukte boliger, sesongjustert"
003,00,SesJustBoligindeks,2019K3,105.6,Bergen,Alle boligtyper,"Prisindeks for brukte boliger, sesongjustert"
003,00,SesJustBoligindeks,2019K4,107.5,Bergen,Alle boligtyper,"Prisindeks for brukte boliger, sesongjustert"
003,00,SesJustBoligindeks,2020K1,108.2,Bergen,Alle boligtyper,"Prisindeks for brukte boliger, sesongjustert"
003,00,SesJustBoligindeks,2020K2,108.1,Bergen,Alle boligtyper,"Prisindeks for brukte boliger, sesongjustert"
003,00,SesJustBoligindeks,2020K3,112.3,Bergen,Alle boligtyper,"Prisindeks for brukte boliger, sesongjustert"
003,00,SesJustBoligindeks,2020K4,115.6,Bergen,Alle boligtyper,"Prisindeks for brukte boliger, sesongjustert"
003,00,SesJustBoligindeks,2021K1,117.5,Bergen,Alle boligtyper,"Prisindeks for brukte boliger, sesongjustert"
003,00,SesJustBoligindeks,2021K2,119.7,Bergen,Alle boligtyper,"Prisindeks for brukte boliger, sesongjustert"
003,00,SesJustBoligindeks,2021K3,121.3,Bergen,Alle boligtyper,"Prisindeks for brukte boliger, sesongjustert"
003,00,SesJustBoligindeks,2021K4,123.1,Bergen,Alle boligtyper,"Prisindeks for brukte boliger, sesongjustert"
003,00,SesJustBoligindeks,2022K1,124.7,Bergen,Alle boligtyper,"Prisindeks for brukte boliger, sesongjustert"
003,00,SesJustBoligindeks,2022K2,127.1,Bergen,Alle boligtyper,"Prisindeks for brukte boliger, sesongjustert"
003,00,SesJustBoligindeks,2022K3,128.0,Bergen,Alle boligtyper,"Prisindeks for brukte boliger, sesongjustert"
003,00,SesJustBoligindeks,2022K4,126.6,Bergen,Alle boligtyper,"Prisindeks for brukte boliger, sesongjustert"
003,00,SesJustBoligindeks,2023K1,126.4,Bergen,Alle boligtyper,"Prisindeks for brukte boliger, sesongjustert"
003,00,SesJustBoligindeks,2023K2,126.9,Bergen,Alle boligtyper,"Prisindeks for brukte boliger, sesongjustert"
003,00,SesJustBoligindeks,2023K3,125.2,Bergen,Alle boligtyper,"Prisindeks for brukte boliger, sesongjustert"
003,00,SesJustBoligindeks,2023K4,125.4,Bergen,Alle boligtyper,"Prisindeks for brukte boliger, sesongjustert"
003,00,SesJustBoligindeks,2024K1,128.0,Bergen,Alle boligtyper,"Prisindeks for brukte boliger, sesongjustert"
003,00,SesJustBoligindeks,2024K2,130.2,Bergen,Alle boligtyper,"Prisindeks for brukte boliger, sesongjustert"
003,00,SesJustBoligindeks,2024K3,134.4,Bergen,Alle boligtyper,"Prisindeks for brukte boliger, sesongjustert"
003,00,SesJustBoligindeks,2024K4,138.4,Bergen,Alle boligtyper,"Prisindeks for brukte boliger, sesongjustert"
003,00,SesJustBoligindeks,2025K1,143.4,Bergen,Alle boligtyper,"Prisindeks for brukte boliger, sesongjustert"
003,00,SesJustBoligindeks,2025K2,144.6,Bergen,Alle boligtyper,"Prisindeks for brukte boliger, sesongjustert"
003,00,SesJustBoligindeks,2025K3,148.0,Bergen,Alle boligtyper,"Prisindeks for brukte boliger, sesongjustert"
003,00,SesJustBoligindeks,2025K4,153.1,Bergen,Alle boligtyper,"Prisindeks for brukte boliger, sesongjustert"
003,00,SesJustBoligindeks,2026K1,157.4,Bergen,Alle boligtyper,"Prisindeks for brukte boliger, sesongjustert"
003,00,SesJustBoligindeks,2026K2,161.0,Bergen,Alle boligtyper,"Prisindeks for brukte boliger, sesongjustert"
004,00,Boligindeks,1992K1,0.0,Trondheim,Alle boligtyper,Prisindeks for brukte boliger
004,00,Boligindeks,1992K2,0.0,Trondheim,Alle boligtyper,Prisindeks for brukte boliger
004,00,Boligindeks,1992K3,0.0,Trondheim,Alle boligtyper,Prisindeks for brukte boliger
004,00,Boligindeks,1992K4,0.0,Trondheim,Alle boligtyper,Prisindeks for brukte boliger
004,00,Boligindeks,1993K1,0.0,Trondheim,Alle boligtyper,Prisindeks for brukte boliger
004,00,Boligindeks,1993K2,0.0,Trondheim,Alle boligtyper,Prisindeks for brukte boliger
004,00,Boligindeks,1993K3,0.0,Trondheim,Alle boligtyper,Prisindeks for brukte boliger
004,00,Boligindeks,1993K4,0.0,Trondheim,Alle boligtyper,Prisindeks for brukte boliger
004,00,Boligindeks,1994K1,0.0,Trondheim,Alle boligtyper,Prisindeks for brukte boliger
004,00,Boligindeks,1994K2,0.0,Trondheim,Alle boligtyper,Prisindeks for brukte boliger
004,00,Boligindeks,1994K3,0.0,Trondheim,Alle boligtyper,Prisindeks for brukte boliger
004,00,Boligindeks,1994K4,0.0,Trondheim,Alle boligtyper,Prisindeks for brukte boliger
004,00,Boligindeks,1995K1,0.0,Trondheim,Alle boligtyper,Prisindeks for brukte boliger
004,00,Boligindeks,1995K2,0.0,Trondheim,Alle boligtyper,Prisindeks for brukte boliger
004,00,Boligindeks,1995K3,0.0,Trondheim,Alle boligtyper,Prisindeks for brukte boliger
004,00,Boligindeks,1995K4,0.0,Trondheim,Alle boligtyper,Prisindeks for brukte boliger
004,00,Boligindeks,1996K1,0.0,Trondheim,Alle boligtyper,Prisindeks for brukte boliger
004,00,Boligindeks,1996K2,0.0,Trondheim,Alle boligtyper,Prisindeks for brukte boliger
004,00,Boligindeks,1996K3,0.0,Trondheim,Alle boligtyper,Prisindeks for brukte boliger
004,00,Boligindeks,1996K4,0.0,Trondheim,Alle boligtyper,Prisindeks for brukte boliger
004,00,Boligindeks,1997K1,0.0,Trondheim,Alle boligtyper,Prisindeks for brukte boliger
004,00,Boligindeks,1997K2,0.0,Trondheim,Alle boligtyper,Prisindeks for brukte boliger
004,00,Boligindeks,1997K3,0.0,Trondheim,Alle boligtyper,Prisindeks for brukte boliger
004,00,Boligindeks,1997K4,0.0,Trondheim,Alle boligtyper,Prisindeks for brukte boliger
004,00,Boligindeks,1998K1,0.0,Trondheim,Alle boligtyper,Prisindeks for brukte boliger
004,00,Boligindeks,1998K2,0.0,Trondheim,Alle boligtyper,Prisindeks for brukte boliger
004,00,Boligindeks,1998K3,0.0,Trondheim,Alle boligtyper,Prisindeks for brukte boliger
004,00,Boligindeks,1998K4,0.0,Trondheim,Alle boligtyper,Prisindeks for brukte boliger
004,00,Boligindeks,1999K1,0.0,Trondheim,Alle boligtyper,Prisindeks for brukte boliger
004,00,Boligindeks,1999K2,0.0,Trondheim,Alle boligtyper,Prisindeks for brukte boliger
004,00,Boligindeks,1999K3,0.0,Trondheim,Alle boligtyper,Prisindeks for brukte boliger
004,00,Boligindeks,1999K4,0.0,Trondheim,Alle boligtyper,Prisindeks for brukte boliger
004,00,Boligindeks,2000K1,0.0,Trondheim,Alle boligtyper,Prisindeks for brukte boliger
004,00,Boligindeks,2000K2,0.0,Trondheim,Alle boligtyper,Prisindeks for brukte boliger
004,00,Boligindeks,2000K3,0.0,Trondheim,Alle boligtyper,Prisindeks for brukte boliger
004,00,Boligindeks,2000K4,0.0,Trondheim,Alle boligtyper,Prisindeks for brukte boliger
004,00,Boligindeks,2001K1,0.0,Trondheim,Alle boligtyper,Prisindeks for brukte boliger
004,00,Boligindeks,2001K2,0.0,Trondheim,Alle boligtyper,Prisindeks for brukte boliger
004,00,Boligindeks,2001K3,0.0,Trondheim,Alle boligtyper,Prisindeks for brukte boliger
004,00,Boligindeks,2001K4,0.0,Trondheim,Alle boligtyper,Prisindeks for brukte boliger
004,00,Boligindeks,2002K1,0.0,Trondheim,Alle boligtyper,Prisindeks for brukte boliger
004,00,Boligindeks,2002K2,0.0,Trondheim,Alle boligtyper,Prisindeks for brukte boliger
004,00,Boligindeks,2002K3,0.0,Trondheim,Alle boligtyper,Prisindeks for brukte boliger
004,00,Boligindeks,2002K4,0.0,Trondheim,Alle boligtyper,Prisindeks for brukte boliger
004,00,Boligindeks,2003K1,0.0,Trondheim,Alle boligtyper,Prisindeks for brukte boliger
004,00,Boligindeks,2003K2,0.0,Trondheim,Alle boligtyper,Prisindeks for brukte boliger
004,00,Boligindeks,2003K3,0.0,Trondheim,Alle boligtyper,Prisindeks for brukte boliger
004,00,Boligindeks,2003K4,0.0,Trondheim,Alle boligtyper,Prisindeks for brukte boliger
004,00,Boligindeks,2004K1,0.0,Trondheim,Alle boligtyper,Prisindeks for brukte boliger
004,00,Boligindeks,2004K2,0.0,Trondheim,Alle boligtyper,Prisindeks for brukte boliger
004,00,Boligindeks,2004K3,0.0,Trondheim,Alle boligtyper,Prisindeks for brukte boliger
004,00,Boligindeks,2004K4,0.0,Trondheim,Alle boligtyper,Prisindeks for brukte boliger
004,00,Boligindeks,2005K1,53.8,Trondheim,Alle boligtyper,Prisindeks for brukte boliger
004,00,Boligindeks,2005K2,54.3,Trondheim,Alle boligtyper,Prisindeks for brukte boliger
004,00,Boligindeks,2005K3,55.0,Trondheim,Alle boligtyper,Prisindeks for brukte boliger
004,00,Boligindeks,2005K4,55.0,Trondheim,Alle boligtyper,Prisindeks for brukte boliger
004,00,Boligindeks,2006K1,59.0,Trondheim,Alle boligtyper,Prisindeks for brukte boliger
004,00,Boligindeks,2006K2,60.5,Trondheim,Alle boligtyper,Prisindeks for brukte boliger
004,00,Boligindeks,2006K3,61.3,Trondheim,Alle boligtyper,Prisindeks for brukte boliger
004,00,Boligindeks,2006K4,61.8,Trondheim,Alle boligtyper,Prisindeks for brukte boliger
004,00,Boligindeks,2007K1,65.3,Trondheim,Alle boligtyper,Prisindeks for brukte boliger
004,00,Boligindeks,2007K2,66.0,Trondheim,Alle boligtyper,Prisindeks for brukte boliger
004,00,Boligindeks,2007K3,65.6,Trondheim,Alle boligtyper,Prisindeks for brukte boliger
004,00,Boligindeks,2007K4,63.0,Trondheim,Alle boligtyper,Prisindeks for brukte boliger
004,00,Boligindeks,2008K1,64.4,Trondheim,Alle boligtyper,Prisindeks for brukte boliger
004,00,Boligindeks,2008K2,65.9,Trondheim,Alle boligtyper,Prisindeks for brukte boliger
004,00,Boligindeks,2008K3,62.6,Trondheim,Alle boligtyper,Prisindeks for brukte boliger
004,00,Boligindeks,2008K4,58.7,Trondheim,Alle boligtyper,Prisindeks for brukte boliger
004,00,Boligindeks,2009K1,61.6,Trondheim,Alle boligtyper,Prisindeks for brukte boliger
004,00,Boligindeks,2009K2,63.8,Trondheim,Alle boligtyper,Prisindeks for brukte boliger
004,00,Boligindeks,2009K3,65.0,Trondheim,Alle boligtyper,Prisindeks for brukte boliger
004,00,Boligindeks,2009K4,66.8,Trondheim,Alle boligtyper,Prisindeks for brukte boliger
004,00,Boligindeks,2010K1,70.6,Trondheim,Alle boligtyper,Prisindeks for brukte boliger
004,00,Boligindeks,2010K2,71.2,Trondheim,Alle boligtyper,Prisindeks for brukte boliger
004,00,Boligindeks,2010K3,73.2,Trondheim,Alle boligtyper,Prisindeks for brukte boliger
004,00,Boligindeks,2010K4,72.9,Trondheim,Alle boligtyper,Prisindeks for brukte boliger
004,00,Boligindeks,2011K1,77.0,Trondheim,Alle boligtyper,Prisindeks for brukte boliger
004,00,Boligindeks,2011K2,80.0,Trondheim,Alle boligtyper,Prisindeks for brukte boliger
004,00,Boligindeks,2011K3,80.5,Trondheim,Alle boligtyper,Prisindeks for brukte boliger
004,00,Boligindeks,2011K4,82.0,Trondheim,Alle boligtyper,Prisindeks for brukte boliger
004,00,Boligindeks,2012K1,83.2,Trondheim,Alle boligtyper,Prisindeks for brukte boliger
004,00,Boligindeks,2012K2,86.9,Trondheim,Alle boligtyper,Prisindeks for brukte boliger
004,00,Boligindeks,2012K3,87.9,Trondheim,Alle boligtyper,Prisindeks for brukte boliger
004,00,Boligindeks,2012K4,88.4,Trondheim,Alle boligtyper,Prisindeks for brukte boliger
004,00,Boligindeks,2013K1,92.7,Trondheim,Alle boligtyper,Prisindeks for brukte boliger
004,00,Boligindeks,2013K2,92.4,Trondheim,Alle boligtyper,Prisindeks for brukte boliger
004,00,Boligindeks,2013K3,92.3,Trondheim,Alle boligtyper,Prisindeks for brukte boliger
004,00,Boligindeks,2013K4,89.4,Trondheim,Alle boligtyper,Prisindeks for brukte boliger
004,00,Boligindeks,2014K1,91.7,Trondheim,Alle boligtyper,Prisindeks for brukte boliger
004,00,Boligindeks,2014K2,96.2,Trondheim,Alle boligtyper,Prisindeks for brukte boliger
004,00,Boligindeks,2014K3,94.6,Trondheim,Alle boligtyper,Prisindeks for brukte boliger
004,00,Boligindeks,2014K4,96.0,Trondheim,Alle boligtyper,Prisindeks for brukte boliger
004,00,Boligindeks,2015K1,97.7,Trondheim,Alle boligtyper,Prisindeks for brukte boliger
004,00,Boligindeks,2015K2,101.7,Trondheim,Alle boligtyper,Prisindeks for brukte boliger
004,00,Boligindeks,2015K3,101.3,Trondheim,Alle boligtyper,Prisindeks for brukte boliger
004,00,Boligindeks,2015K4,99.3,Trondheim,Alle boligtyper,Prisindeks for brukte boliger
004,00,Boligindeks,2016K1,104.0,Trondheim,Alle boligtyper,Prisindeks for brukte boliger
004,00,Boligindeks,2016K2,106.4,Trondheim,Alle boligtyper,Prisindeks for brukte boliger
004,00,Boligindeks,2016K3,108.8,Trondheim,Alle boligtyper,Prisindeks for brukte boliger
004,00,Boligindeks,2016K4,108.3,Trondheim,Alle boligtyper,Prisindeks for brukte boliger
004,00,Boligindeks,2017K1,111.7,Trondheim,Alle boligtyper,Prisindeks for brukte boliger
004,00,Boligindeks,2017K2,113.0,Trondheim,Alle boligtyper,Prisindeks for brukte boliger
004,00,Boligindeks,2017K3,110.5,Trondheim,Alle boligtyper,Prisindeks for brukte boliger
004,00,Boligindeks,2017K4,106.8,Trondheim,Alle boligtyper,Prisindeks for brukte boliger
004,00,Boligindeks,2018K1,110.0,Trondheim,Alle boligtyper,Prisindeks for brukte boliger
004,00,Boligindeks,2018K2,113.4,Trondheim,Alle boligtyper,Prisindeks for brukte boliger
004,00,Boligindeks,2018K3,110.2,Trondheim,Alle boligtyper,Prisindeks for brukte boliger
004,00,Boligindeks,2018K4,110.4,Trondheim,Alle boligtyper,Prisindeks for brukte boliger
004,00,Boligindeks,2019K1,111.7,Trondheim,Alle boligtyper,Prisindeks for brukte boliger
004,00,Boligindeks,2019K2,111.1,Trondheim,Alle boligtyper,Prisindeks for brukte boliger
004,00,Boligindeks,2019K3,112.1,Trondheim,Alle boligtyper,Prisindeks for brukte boliger
004,00,Boligindeks,2019K4,110.5,Trondheim,Alle boligtyper,Prisindeks for brukte boliger
004,00,Boligindeks,2020K1,113.3,Trondheim,Alle boligtyper,Prisindeks for brukte boliger
004,00,Boligindeks,2020K2,115.4,Trondheim,Alle boligtyper,Prisindeks for brukte boliger
004,00,Boligindeks,2020K3,115.8,Trondheim,Alle boligtyper,Prisindeks for brukte boliger
004,00,Boligindeks,2020K4,117.6,Trondheim,Alle boligtyper,Prisindeks for brukte boliger
004,00,Boligindeks,2021K1,123.5,Trondheim,Alle boligtyper,Prisindeks for brukte boliger
004,00,Boligindeks,2021K2,128.5,Trondheim,Alle boligtyper,Prisindeks for brukte boliger
004,00,Boligindeks,2021K3,129.6,Trondheim,Alle boligtyper,Prisindeks for brukte boliger
004,00,Boligindeks,2021K4,129.8,Trondheim,Alle boligtyper,Prisindeks for brukte boliger
004,00,Boligindeks,2022K1,137.7,Trondheim,Alle boligtyper,Prisindeks for brukte boliger
004,00,Boligindeks,2022K2,139.7,Trondheim,Alle boligtyper,Prisindeks for brukte boliger
004,00,Boligindeks,2022K3,136.7,Trondheim,Alle boligtyper,Prisindeks for brukte boliger
004,00,Boligindeks,2022K4,131.1,Trondheim,Alle boligtyper,Prisindeks for brukte boliger
004,00,Boligindeks,2023K1,135.5,Trondheim,Alle boligtyper,Prisindeks for brukte boliger
004,00,Boligindeks,2023K2,138.5,Trondheim,Alle boligtyper,Prisindeks for brukte boliger
004,00,Boligindeks,2023K3,135.4,Trondheim,Alle boligtyper,Prisindeks for brukte boliger
004,00,Boligindeks,2023K4,131.4,Trondheim,Alle boligtyper,Prisindeks for brukte boliger
004,00,Boligindeks,2024K1,137.5,Trondheim,Alle boligtyper,Prisindeks for brukte boliger
004,00,Boligindeks,2024K2,138.9,Trondheim,Alle boligtyper,Prisindeks for brukte boliger
004,00,Boligindeks,2024K3,136.7,Trondheim,Alle boligtyper,Prisindeks for brukte boliger
004,00,Boligindeks,2024K4,134.2,Trondheim,Alle boligtyper,Prisindeks for brukte boliger
004,00,Boligindeks,2025K1,140.4,Trondheim,Alle boligtyper,Prisindeks for brukte boliger
004,00,Boligindeks,2025K2,143.3,Trondheim,Alle boligtyper,Prisindeks for brukte boliger
004,00,Boligindeks,2025K3,140.4,Trondheim,Alle boligtyper,Prisindeks for brukte boliger
004,00,Boligindeks,2025K4,140.9,Trondheim,Alle boligtyper,Prisindeks for brukte boliger
004,00,Boligindeks,2026K1,143.0,Trondheim,Alle boligtyper,Prisindeks for brukte boliger
004,00,Boligindeks,2026K2,146.1,Trondheim,Alle boligtyper,Prisindeks for brukte boliger
004,00,SesJustBoligindeks,1992K1,,Trondheim,Alle boligtyper,"Prisindeks for brukte boliger, sesongjustert"
004,00,SesJustBoligindeks,1992K2,,Trondheim,Alle boligtyper,"Prisindeks for brukte boliger, sesongjustert"
004,00,SesJustBoligindeks,1992K3,,Trondheim,Alle boligtyper,"Prisindeks for brukte boliger, sesongjustert"
004,00,SesJustBoligindeks,1992K4,,Trondheim,Alle boligtyper,"Prisindeks for brukte boliger, sesongjustert"
004,00,SesJustBoligindeks,1993K1,,Trondheim,Alle boligtyper,"Prisindeks for brukte boliger, sesongjustert"
004,00,SesJustBoligindeks,1993K2,,Trondheim,Alle boligtyper,"Prisindeks for brukte boliger, sesongjustert"
004,00,SesJustBoligindeks,1993K3,,Trondheim,Alle boligtyper,"Prisindeks for brukte boliger, sesongjustert"
004,00,SesJustBoligindeks,1993K4,,Trondheim,Alle boligtyper,"Prisindeks for brukte boliger, sesongjustert"
004,00,SesJustBoligindeks,1994K1,,Trondheim,Alle boligtyper,"Prisindeks for brukte boliger, sesongjustert"
004,00,SesJustBoligindeks,1994K2,,Trondheim,Alle boligtyper,"Prisindeks for brukte boliger, sesongjustert"
004,00,SesJustBoligindeks,1994K3,,Trondheim,Alle boligtyper,"Prisindeks for brukte boliger, sesongjustert"
004,00,SesJustBoligindeks,1994K4,,Trondheim,Alle boligtyper,"Prisindeks for brukte boliger, sesongjustert"
004,00,SesJustBoligindeks,1995K1,,Trondheim,Alle boligtyper,"Prisindeks for brukte boliger, sesongjustert"
004,00,SesJustBoligindeks,1995K2,,Trondheim,Alle boligtyper,"Prisindeks for brukte boliger, sesongjustert"
004,00,SesJustBoligindeks,1995K3,,Trondheim,Alle boligtyper,"Prisindeks for brukte boliger, sesongjustert"
004,00,SesJustBoligindeks,1995K4,,Trondheim,Alle boligtyper,"Prisindeks for brukte boliger, sesongjustert"
004,00,SesJustBoligindeks,1996K1,,Trondheim,Alle boligtyper,"Prisindeks for brukte boliger, sesongjustert"
004,00,SesJustBoligindeks,1996K2,,Trondheim,Alle boligtyper,"Prisindeks for brukte boliger, sesongjustert"
004,00,SesJustBoligindeks,1996K3,,Trondheim,Alle boligtyper,"Prisindeks for brukte boliger, sesongjustert"
004,00,SesJustBoligindeks,1996K4,,Trondheim,Alle boligtyper,"Prisindeks for brukte boliger, sesongjustert"
004,00,SesJustBoligindeks,1997K1,,Trondheim,Alle boligtyper,"Prisindeks for brukte boliger, sesongjustert"
004,00,SesJustBoligindeks,1997K2,,Trondheim,Alle boligtyper,"Prisindeks for brukte boliger, sesongjustert"
004,00,SesJustBoligindeks,1997K3,,Trondheim,Alle boligtyper,"Prisindeks for brukte boliger, sesongjustert"
004,00,SesJustBoligindeks,1997K4,,Trondheim,Alle boligtyper,"Prisindeks for brukte boliger, sesongjustert"
004,00,SesJustBoligindeks,1998K1,,Trondheim,Alle boligtyper,"Prisindeks for brukte boliger, sesongjustert"
004,00,SesJustBoligindeks,1998K2,,Trondheim,Alle boligtyper,"Prisindeks for brukte boliger, sesongjustert"
004,00,SesJustBoligindeks,1998K3,,Trondheim,Alle boligtyper,"Prisindeks for brukte boliger, sesongjustert"
004,00,SesJustBoligindeks,1998K4,,Trondheim,Alle boligtyper,"Prisindeks for brukte boliger, sesongjustert"
004,00,SesJustBoligindeks,1999K1,,Trondheim,Alle boligtyper,"Prisindeks for brukte boliger, sesongjustert"
004,00,SesJustBoligindeks,1999K2,,Trondheim,Alle boligtyper,"Prisindeks for brukte boliger, sesongjustert"
004,00,SesJustBoligindeks,1999K3,,Trondheim,Alle boligtyper,"Prisindeks for brukte boliger, sesongjustert"
004,00,SesJustBoligindeks,1999K4,,Trondheim,Alle boligtyper,"Prisindeks for brukte boliger, sesongjustert"
004,00,SesJustBoligindeks,2000K1,,Trondheim,Alle boligtyper,"Prisindeks for brukte boliger, sesongjustert"
004,00,SesJustBoligindeks,2000K2,,Trondheim,Alle boligtyper,"Prisindeks for brukte boliger, sesongjustert"
004,00,SesJustBoligindeks,2000K3,,Trondheim,Alle boligtyper,"Prisindeks for brukte boliger, sesongjustert"
004,00,SesJustBoligindeks,2000K4,,Trondheim,Alle boligtyper,"Prisindeks for brukte boliger, sesongjustert"
004,00,SesJustBoligindeks,2001K1,,Trondheim,Alle boligtyper,"Prisindeks for brukte boliger, sesongjustert"
004,00,SesJustBoligindeks,2001K2,,Trondheim,Alle boligtyper,"Prisindeks for brukte boliger, sesongjustert"
004,00,SesJustBoligindeks,2001K3,,Trondheim,Alle boligtyper,"Prisindeks for brukte boliger, sesongjustert"
004,00,SesJustBoligindeks,2001K4,,Trondheim,Alle boligtyper,"Prisindeks for brukte boliger, sesongjustert"
004,00,SesJustBoligindeks,2002K1,,Trondheim,Alle boligtyper,"Prisindeks for brukte boliger, sesongjustert"
004,00,SesJustBoligindeks,2002K2,,Trondheim,Alle boligtyper,"Prisindeks for brukte boliger, sesongjustert"
004,00,SesJustBoligindeks,2002K3,,Trondheim,Alle boligtyper,"Prisindeks for brukte boliger, sesongjustert"
004,00,SesJustBoligindeks,2002K4,,Trondheim,Alle boligtyper,"Prisindeks for brukte boliger, sesongjustert"
004,00,SesJustBoligindeks,2003K1,,Trondheim,Alle boligtyper,"Prisindeks for brukte boliger, sesongjustert"
004,00,SesJustBoligindeks,2003K2,,Trondheim,Alle boligtyper,"Prisindeks for brukte boliger, sesongjustert"
004,00,SesJustBoligindeks,2003K3,,Trondheim,Alle boligtyper,"Prisindeks for brukte boliger, sesongjustert"
004,00,SesJustBoligindeks,2003K4,,Trondheim,Alle boligtyper,"Prisindeks for brukte boliger, sesongjustert"
004,00,SesJustBoligindeks,2004K1,,Trondheim,Alle boligtyper,"Prisindeks for brukte boliger, sesongjustert"
004,00,SesJustBoligindeks,2004K2,,Trondheim,Alle boligtyper,"Prisindeks for brukte boliger, sesongjustert"
004,00,SesJustBoligindeks,2004K3,,Trondheim,Alle boligtyper,"Prisindeks for brukte boliger, sesongjustert"
004,00,SesJustBoligindeks,2004K4,,Trondheim,Alle boligtyper,"Prisindeks for brukte boliger, sesongjustert"
004,00,SesJustBoligindeks,2005K1,53.1,Trondheim,Alle boligtyper,"Prisindeks for brukte boliger, sesongjustert"
004,00,SesJustBoligindeks,2005K2,53.7,Trondheim,Alle boligtyper,"Prisindeks for brukte boliger, sesongjustert"
004,00,SesJustBoligindeks,2005K3,54.9,Trondheim,Alle boligtyper,"Prisindeks for brukte boliger, sesongjustert"
004,00,SesJustBoligindeks,2005K4,56.4,Trondheim,Alle boligtyper,"Prisindeks for brukte boliger, sesongjustert"
004,00,SesJustBoligindeks,2006K1,58.3,Trondheim,Alle boligtyper,"Prisindeks for brukte boliger, sesongjustert"
004,00,SesJustBoligindeks,2006K2,59.8,Trondheim,Alle boligtyper,"Prisindeks for brukte boliger, sesongjustert"
004,00,SesJustBoligindeks,2006K3,61.3,Trondheim,Alle boligtyper,"Prisindeks for brukte boliger, sesongjustert"
004,00,SesJustBoligindeks,2006K4,63.3,Trondheim,Alle boligtyper,"Prisindeks for brukte boliger, sesongjustert"
004,00,SesJustBoligindeks,2007K1,64.6,Trondheim,Alle boligtyper,"Prisindeks for brukte boliger, sesongjustert"
004,00,SesJustBoligindeks,2007K2,65.3,Trondheim,Alle boligtyper,"Prisindeks for brukte boliger, sesongjustert"
004,00,SesJustBoligindeks,2007K3,65.6,Trondheim,Alle boligtyper,"Prisindeks for brukte boliger, sesongjustert"
004,00,SesJustBoligindeks,2007K4,64.5,Trondheim,Alle boligtyper,"Prisindeks for brukte boliger, sesongjustert"
004,00,SesJustBoligindeks,2008K1,63.8,Trondheim,Alle boligtyper,"Prisindeks for brukte boliger, sesongjustert"
004,00,SesJustBoligindeks,2008K2,65.1,Trondheim,Alle boligtyper,"Prisindeks for brukte boliger, sesongjustert"
004,00,SesJustBoligindeks,2008K3,62.5,Trondheim,Alle boligtyper,"Prisindeks for brukte boliger, sesongjustert"
004,00,SesJustBoligindeks,2008K4,59.9,Trondheim,Alle boligtyper,"Prisindeks for brukte boliger, sesongjustert"
004,00,SesJustBoligindeks,2009K1,61.1,Trondheim,Alle boligtyper,"Prisindeks for brukte boliger, sesongjustert"
004,00,SesJustBoligindeks,2009K2,63.0,Trondheim,Alle boligtyper,"Prisindeks for brukte boliger, sesongjustert"
004,00,SesJustBoligindeks,2009K3,65.0,Trondheim,Alle boligtyper,"Prisindeks for brukte boliger, sesongjustert"
004,00,SesJustBoligindeks,2009K4,68.2,Trondheim,Alle boligtyper,"Prisindeks for brukte boliger, sesongjustert"
004,00,SesJustBoligindeks,2010K1,70.1,Trondheim,Alle boligtyper,"Prisindeks for brukte boliger, sesongjustert"
004,00,SesJustBoligindeks,2010K2,70.4,Trondheim,Alle boligtyper,"Prisindeks for brukte boliger, sesongjustert"
004,00,SesJustBoligindeks,2010K3,73.1,Trondheim,Alle boligtyper,"Prisindeks for brukte boliger, sesongjustert"
004,00,SesJustBoligindeks,2010K4,74.3,Trondheim,Alle boligtyper,"Prisindeks for brukte boliger, sesongjustert"
004,00,SesJustBoligindeks,2011K1,76.7,Trondheim,Alle boligtyper,"Prisindeks for brukte boliger, sesongjustert"
004,00,SesJustBoligindeks,2011K2,79.1,Trondheim,Alle boligtyper,"Prisindeks for brukte boliger, sesongjustert"
004,00,SesJustBoligindeks,2011K3,80.4,Trondheim,Alle boligtyper,"Prisindeks for brukte boliger, sesongjustert"
004,00,SesJustBoligindeks,2011K4,83.4,Trondheim,Alle boligtyper,"Prisindeks for brukte boliger, sesongjustert"
004,00,SesJustBoligindeks,2012K1,82.9,Trondheim,Alle boligtyper,"Prisindeks for brukte boliger, sesongjustert"
004,00,SesJustBoligindeks,2012K2,85.7,Trondheim,Alle boligtyper,"Prisindeks for brukte boliger, sesongjustert"
004,00,SesJustBoligindeks,2012K3,87.8,Trondheim,Alle boligtyper,"Prisindeks for brukte boliger, sesongjustert"
004,00,SesJustBoligindeks,2012K4,90.0,Trondheim,Alle boligtyper,"Prisindeks for brukte boliger, sesongjustert"
004,00,SesJustBoligindeks,2013K1,92.6,Trondheim,Alle boligtyper,"Prisindeks for brukte boliger, sesongjustert"
004,00,SesJustBoligindeks,2013K2,91.0,Trondheim,Alle boligtyper,"Prisindeks for brukte boliger, sesongjustert"
004,00,SesJustBoligindeks,2013K3,92.2,Trondheim,Alle boligtyper,"Prisindeks for brukte boliger, sesongjustert"
004,00,SesJustBoligindeks,2013K4,91.0,Trondheim,Alle boligtyper,"Prisindeks for brukte boliger, sesongjustert"
004,00,SesJustBoligindeks,2014K1,91.7,Trondheim,Alle boligtyper,"Prisindeks for brukte boliger, sesongjustert"
004,00,SesJustBoligindeks,2014K2,94.8,Trondheim,Alle boligtyper,"Prisindeks for brukte boliger, sesongjustert"
004,00,SesJustBoligindeks,2014K3,94.4,Trondheim,Alle boligtyper,"Prisindeks for brukte boliger, sesongjustert"
004,00,SesJustBoligindeks,2014K4,97.9,Trondheim,Alle boligtyper,"Prisindeks for brukte boliger, sesongjustert"
004,00,SesJustBoligindeks,2015K1,97.7,Trondheim,Alle boligtyper,"Prisindeks for brukte boliger, sesongjustert"
004,00,SesJustBoligindeks,2015K2,100.1,Trondheim,Alle boligtyper,"Prisindeks for brukte boliger, sesongjustert"
004,00,SesJustBoligindeks,2015K3,101.1,Trondheim,Alle boligtyper,"Prisindeks for brukte boliger, sesongjustert"
004,00,SesJustBoligindeks,2015K4,101.2,Trondheim,Alle boligtyper,"Prisindeks for brukte boliger, sesongjustert"
004,00,SesJustBoligindeks,2016K1,103.9,Trondheim,Alle boligtyper,"Prisindeks for brukte boliger, sesongjustert"
004,00,SesJustBoligindeks,2016K2,104.7,Trondheim,Alle boligtyper,"Prisindeks for brukte boliger, sesongjustert"
004,00,SesJustBoligindeks,2016K3,108.5,Trondheim,Alle boligtyper,"Prisindeks for brukte boliger, sesongjustert"
004,00,SesJustBoligindeks,2016K4,110.5,Trondheim,Alle boligtyper,"Prisindeks for brukte boliger, sesongjustert"
004,00,SesJustBoligindeks,2017K1,111.6,Trondheim,Alle boligtyper,"Prisindeks for brukte boliger, sesongjustert"
004,00,SesJustBoligindeks,2017K2,111.3,Trondheim,Alle boligtyper,"Prisindeks for brukte boliger, sesongjustert"
004,00,SesJustBoligindeks,2017K3,110.3,Trondheim,Alle boligtyper,"Prisindeks for brukte boliger, sesongjustert"
004,00,SesJustBoligindeks,2017K4,108.9,Trondheim,Alle boligtyper,"Prisindeks for brukte boliger, sesongjustert"
004,00,SesJustBoligindeks,2018K1,109.8,Trondheim,Alle boligtyper,"Prisindeks for brukte boliger, sesongjustert"
004,00,SesJustBoligindeks,2018K2,111.7,Trondheim,Alle boligtyper,"Prisindeks for brukte boliger, sesongjustert"
004,00,SesJustBoligindeks,2018K3,110.0,Trondheim,Alle boligtyper,"Prisindeks for brukte boliger, sesongjustert"
004,00,SesJustBoligindeks,2018K4,112.6,Trondheim,Alle boligtyper,"Prisindeks for brukte boliger, sesongjustert"
004,00,SesJustBoligindeks,2019K1,111.3,Trondheim,Alle boligtyper,"Prisindeks for brukte boliger, sesongjustert"
004,00,SesJustBoligindeks,2019K2,109.4,Trondheim,Alle boligtyper,"Prisindeks for brukte boliger, sesongjustert"
004,00,SesJustBoligindeks,2019K3,112.0,Trondheim,Alle boligtyper,"Prisindeks for brukte boliger, sesongjustert"
004,00,SesJustBoligindeks,2019K4,112.8,Trondheim,Alle boligtyper,"Prisindeks for brukte boliger, sesongjustert"
004,00,SesJustBoligindeks,2020K1,112.9,Trondheim,Alle boligtyper,"Prisindeks for brukte boliger, sesongjustert"
004,00,SesJustBoligindeks,2020K2,113.6,Trondheim,Alle boligtyper,"Prisindeks for brukte boliger, sesongjustert"
004,00,SesJustBoligindeks,2020K3,115.7,Trondheim,Alle boligtyper,"Prisindeks for brukte boliger, sesongjustert"
004,00,SesJustBoligindeks,2020K4,120.2,Trondheim,Alle boligtyper,"Prisindeks for brukte boliger, sesongjustert"
004,00,SesJustBoligindeks,2021K1,122.9,Trondheim,Alle boligtyper,"Prisindeks for brukte boliger, sesongjustert"
004,00,SesJustBoligindeks,2021K2,126.3,Trondheim,Alle boligtyper,"Prisindeks for brukte boliger, sesongjustert"
004,00,SesJustBoligindeks,2021K3,129.6,Trondheim,Alle boligtyper,"Prisindeks for brukte boliger, sesongjustert"
004,00,SesJustBoligindeks,2021K4,133.0,Trondheim,Alle boligtyper,"Prisindeks for brukte boliger, sesongjustert"
004,00,SesJustBoligindeks,2022K1,136.8,Trondheim,Alle boligtyper,"Prisindeks for brukte boliger, sesongjustert"
004,00,SesJustBoligindeks,2022K2,137.2,Trondheim,Alle boligtyper,"Prisindeks for brukte boliger, sesongjustert"
004,00,SesJustBoligindeks,2022K3,136.7,Trondheim,Alle boligtyper,"Prisindeks for brukte boliger, sesongjustert"
004,00,SesJustBoligindeks,2022K4,134.6,Trondheim,Alle boligtyper,"Prisindeks for brukte boliger, sesongjustert"
004,00,SesJustBoligindeks,2023K1,134.5,Trondheim,Alle boligtyper,"Prisindeks for brukte boliger, sesongjustert"
004,00,SesJustBoligindeks,2023K2,136.0,Trondheim,Alle boligtyper,"Prisindeks for brukte boliger, sesongjustert"
004,00,SesJustBoligindeks,2023K3,135.4,Trondheim,Alle boligtyper,"Prisindeks for brukte boliger, sesongjustert"
004,00,SesJustBoligindeks,2023K4,135.0,Trondheim,Alle boligtyper,"Prisindeks for brukte boliger, sesongjustert"
004,00,SesJustBoligindeks,2024K1,136.5,Trondheim,Alle boligtyper,"Prisindeks for brukte boliger, sesongjustert"
004,00,SesJustBoligindeks,2024K2,136.3,Trondheim,Alle boligtyper,"Prisindeks for brukte boliger, sesongjustert"
004,00,SesJustBoligindeks,2024K3,136.7,Trondheim,Alle boligtyper,"Prisindeks for brukte boliger, sesongjustert"
004,00,SesJustBoligindeks,2024K4,137.8,Trondheim,Alle boligtyper,"Prisindeks for brukte boliger, sesongjustert"
004,00,SesJustBoligindeks,2025K1,139.4,Trondheim,Alle boligtyper,"Prisindeks for brukte boliger, sesongjustert"
004,00,SesJustBoligindeks,2025K2,140.6,Trondheim,Alle boligtyper,"Prisindeks for brukte boliger, sesongjustert"
004,00,SesJustBoligindeks,2025K3,140.4,Trondheim,Alle boligtyper,"Prisindeks for brukte boliger, sesongjustert"
004,00,SesJustBoligindeks,2025K4,144.6,Trondheim,Alle boligtyper,"Prisindeks for brukte boliger, sesongjustert"
004,00,SesJustBoligindeks,2026K1,142.0,Trondheim,Alle boligtyper,"Prisindeks for brukte boliger, sesongjustert"
004,00,SesJustBoligindeks,2026K2,143.4,Trondheim,Alle boligtyper,"Prisindeks for brukte boliger, sesongjustert"
005,00,Boligindeks,1992K1,17.5,Akershus uten Bærum,Alle boligtyper,Prisindeks for brukte boliger
005,00,Boligindeks,1992K2,17.9,Akershus uten Bærum,Alle boligtyper,Prisindeks for brukte boliger
005,00,Boligindeks,1992K3,17.7,Akershus uten Bærum,Alle boligtyper,Prisindeks for brukte boliger
005,00,Boligindeks,1992K4,17.1,Akershus uten Bærum,Alle boligtyper,Prisindeks for brukte boliger
005,00,Boligindeks,1993K1,16.9,Akershus uten Bærum,Alle boligtyper,Prisindeks for brukte boliger
005,00,Boligindeks,1993K2,17.4,Akershus uten Bærum,Alle boligtyper,Prisindeks for brukte boliger
005,00,Boligindeks,1993K3,17.8,Akershus uten Bærum,Alle boligtyper,Prisindeks for brukte boliger
005,00,Boligindeks,1993K4,17.9,Akershus uten Bærum,Alle boligtyper,Prisindeks for brukte boliger
005,00,Boligindeks,1994K1,19.3,Akershus uten Bærum,Alle boligtyper,Prisindeks for brukte boliger
005,00,Boligindeks,1994K2,19.2,Akershus uten Bærum,Alle boligtyper,Prisindeks for brukte boliger
005,00,Boligindeks,1994K3,20.3,Akershus uten Bærum,Alle boligtyper,Prisindeks for brukte boliger
005,00,Boligindeks,1994K4,21.1,Akershus uten Bærum,Alle boligtyper,Prisindeks for brukte boliger
005,00,Boligindeks,1995K1,21.1,Akershus uten Bærum,Alle boligtyper,Prisindeks for brukte boliger
005,00,Boligindeks,1995K2,21.7,Akershus uten Bærum,Alle boligtyper,Prisindeks for brukte boliger
005,00,Boligindeks,1995K3,22.4,Akershus uten Bærum,Alle boligtyper,Prisindeks for brukte boliger
005,00,Boligindeks,1995K4,22.9,Akershus uten Bærum,Alle boligtyper,Prisindeks for brukte boliger
005,00,Boligindeks,1996K1,23.5,Akershus uten Bærum,Alle boligtyper,Prisindeks for brukte boliger
005,00,Boligindeks,1996K2,24.7,Akershus uten Bærum,Alle boligtyper,Prisindeks for brukte boliger
005,00,Boligindeks,1996K3,25.5,Akershus uten Bærum,Alle boligtyper,Prisindeks for brukte boliger
005,00,Boligindeks,1996K4,26.1,Akershus uten Bærum,Alle boligtyper,Prisindeks for brukte boliger
005,00,Boligindeks,1997K1,26.0,Akershus uten Bærum,Alle boligtyper,Prisindeks for brukte boliger
005,00,Boligindeks,1997K2,28.6,Akershus uten Bærum,Alle boligtyper,Prisindeks for brukte boliger
005,00,Boligindeks,1997K3,29.3,Akershus uten Bærum,Alle boligtyper,Prisindeks for brukte boliger
005,00,Boligindeks,1997K4,29.3,Akershus uten Bærum,Alle boligtyper,Prisindeks for brukte boliger
005,00,Boligindeks,1998K1,30.9,Akershus uten Bærum,Alle boligtyper,Prisindeks for brukte boliger
005,00,Boligindeks,1998K2,33.0,Akershus uten Bærum,Alle boligtyper,Prisindeks for brukte boliger
005,00,Boligindeks,1998K3,32.4,Akershus uten Bærum,Alle boligtyper,Prisindeks for brukte boliger
005,00,Boligindeks,1998K4,31.8,Akershus uten Bærum,Alle boligtyper,Prisindeks for brukte boliger
005,00,Boligindeks,1999K1,32.8,Akershus uten Bærum,Alle boligtyper,Prisindeks for brukte boliger
005,00,Boligindeks,1999K2,35.7,Akershus uten Bærum,Alle boligtyper,Prisindeks for brukte boliger
005,00,Boligindeks,1999K3,36.8,Akershus uten Bærum,Alle boligtyper,Prisindeks for brukte boliger
005,00,Boligindeks,1999K4,38.5,Akershus uten Bærum,Alle boligtyper,Prisindeks for brukte boliger
005,00,Boligindeks,2000K1,40.2,Akershus uten Bærum,Alle boligtyper,Prisindeks for brukte boliger
005,00,Boligindeks,2000K2,44.1,Akershus uten Bærum,Alle boligtyper,Prisindeks for brukte boliger
005,00,Boligindeks,2000K3,42.4,Akershus uten Bærum,Alle boligtyper,Prisindeks for brukte boliger
005,00,Boligindeks,2000K4,41.9,Akershus uten Bærum,Alle boligtyper,Prisindeks for brukte boliger
005,00,Boligindeks,2001K1,42.3,Akershus uten Bærum,Alle boligtyper,Prisindeks for brukte boliger
005,00,Boligindeks,2001K2,45.3,Akershus uten Bærum,Alle boligtyper,Prisindeks for brukte boliger
005,00,Boligindeks,2001K3,44.0,Akershus uten Bærum,Alle boligtyper,Prisindeks for brukte boliger
005,00,Boligindeks,2001K4,44.5,Akershus uten Bærum,Alle boligtyper,Prisindeks for brukte boliger
005,00,Boligindeks,2002K1,45.1,Akershus uten Bærum,Alle boligtyper,Prisindeks for brukte boliger
005,00,Boligindeks,2002K2,46.4,Akershus uten Bærum,Alle boligtyper,Prisindeks for brukte boliger
005,00,Boligindeks,2002K3,46.5,Akershus uten Bærum,Alle boligtyper,Prisindeks for brukte boliger
005,00,Boligindeks,2002K4,45.7,Akershus uten Bærum,Alle boligtyper,Prisindeks for brukte boliger
005,00,Boligindeks,2003K1,46.6,Akershus uten Bærum,Alle boligtyper,Prisindeks for brukte boliger
005,00,Boligindeks,2003K2,46.4,Akershus uten Bærum,Alle boligtyper,Prisindeks for brukte boliger
005,00,Boligindeks,2003K3,46.7,Akershus uten Bærum,Alle boligtyper,Prisindeks for brukte boliger
005,00,Boligindeks,2003K4,46.9,Akershus uten Bærum,Alle boligtyper,Prisindeks for brukte boliger
005,00,Boligindeks,2004K1,50.0,Akershus uten Bærum,Alle boligtyper,Prisindeks for brukte boliger
005,00,Boligindeks,2004K2,50.9,Akershus uten Bærum,Alle boligtyper,Prisindeks for brukte boliger
005,00,Boligindeks,2004K3,50.6,Akershus uten Bærum,Alle boligtyper,Prisindeks for brukte boliger
005,00,Boligindeks,2004K4,51.2,Akershus uten Bærum,Alle boligtyper,Prisindeks for brukte boliger
005,00,Boligindeks,2005K1,53.3,Akershus uten Bærum,Alle boligtyper,Prisindeks for brukte boliger
005,00,Boligindeks,2005K2,54.2,Akershus uten Bærum,Alle boligtyper,Prisindeks for brukte boliger
005,00,Boligindeks,2005K3,54.8,Akershus uten Bærum,Alle boligtyper,Prisindeks for brukte boliger
005,00,Boligindeks,2005K4,54.9,Akershus uten Bærum,Alle boligtyper,Prisindeks for brukte boliger
005,00,Boligindeks,2006K1,57.5,Akershus uten Bærum,Alle boligtyper,Prisindeks for brukte boliger
005,00,Boligindeks,2006K2,60.8,Akershus uten Bærum,Alle boligtyper,Prisindeks for brukte boliger
005,00,Boligindeks,2006K3,62.6,Akershus uten Bærum,Alle boligtyper,Prisindeks for brukte boliger
005,00,Boligindeks,2006K4,63.6,Akershus uten Bærum,Alle boligtyper,Prisindeks for brukte boliger
005,00,Boligindeks,2007K1,68.2,Akershus uten Bærum,Alle boligtyper,Prisindeks for brukte boliger
005,00,Boligindeks,2007K2,70.3,Akershus uten Bærum,Alle boligtyper,Prisindeks for brukte boliger
005,00,Boligindeks,2007K3,70.2,Akershus uten Bærum,Alle boligtyper,Prisindeks for brukte boliger
005,00,Boligindeks,2007K4,68.8,Akershus uten Bærum,Alle boligtyper,Prisindeks for brukte boliger
005,00,Boligindeks,2008K1,70.6,Akershus uten Bærum,Alle boligtyper,Prisindeks for brukte boliger
005,00,Boligindeks,2008K2,71.8,Akershus uten Bærum,Alle boligtyper,Prisindeks for brukte boliger
005,00,Boligindeks,2008K3,69.1,Akershus uten Bærum,Alle boligtyper,Prisindeks for brukte boliger
005,00,Boligindeks,2008K4,62.7,Akershus uten Bærum,Alle boligtyper,Prisindeks for brukte boliger
005,00,Boligindeks,2009K1,66.2,Akershus uten Bærum,Alle boligtyper,Prisindeks for brukte boliger
005,00,Boligindeks,2009K2,68.3,Akershus uten Bærum,Alle boligtyper,Prisindeks for brukte boliger
005,00,Boligindeks,2009K3,70.7,Akershus uten Bærum,Alle boligtyper,Prisindeks for brukte boliger
005,00,Boligindeks,2009K4,70.9,Akershus uten Bærum,Alle boligtyper,Prisindeks for brukte boliger
005,00,Boligindeks,2010K1,73.1,Akershus uten Bærum,Alle boligtyper,Prisindeks for brukte boliger
005,00,Boligindeks,2010K2,74.7,Akershus uten Bærum,Alle boligtyper,Prisindeks for brukte boliger
005,00,Boligindeks,2010K3,74.0,Akershus uten Bærum,Alle boligtyper,Prisindeks for brukte boliger
005,00,Boligindeks,2010K4,74.0,Akershus uten Bærum,Alle boligtyper,Prisindeks for brukte boliger
005,00,Boligindeks,2011K1,77.3,Akershus uten Bærum,Alle boligtyper,Prisindeks for brukte boliger
005,00,Boligindeks,2011K2,80.1,Akershus uten Bærum,Alle boligtyper,Prisindeks for brukte boliger
005,00,Boligindeks,2011K3,80.0,Akershus uten Bærum,Alle boligtyper,Prisindeks for brukte boliger
005,00,Boligindeks,2011K4,79.1,Akershus uten Bærum,Alle boligtyper,Prisindeks for brukte boliger
005,00,Boligindeks,2012K1,82.6,Akershus uten Bærum,Alle boligtyper,Prisindeks for brukte boliger
005,00,Boligindeks,2012K2,84.9,Akershus uten Bærum,Alle boligtyper,Prisindeks for brukte boliger
005,00,Boligindeks,2012K3,84.9,Akershus uten Bærum,Alle boligtyper,Prisindeks for brukte boliger
005,00,Boligindeks,2012K4,85.8,Akershus uten Bærum,Alle boligtyper,Prisindeks for brukte boliger
005,00,Boligindeks,2013K1,89.2,Akershus uten Bærum,Alle boligtyper,Prisindeks for brukte boliger
005,00,Boligindeks,2013K2,90.2,Akershus uten Bærum,Alle boligtyper,Prisindeks for brukte boliger
005,00,Boligindeks,2013K3,90.5,Akershus uten Bærum,Alle boligtyper,Prisindeks for brukte boliger
005,00,Boligindeks,2013K4,88.2,Akershus uten Bærum,Alle boligtyper,Prisindeks for brukte boliger
005,00,Boligindeks,2014K1,90.0,Akershus uten Bærum,Alle boligtyper,Prisindeks for brukte boliger
005,00,Boligindeks,2014K2,91.8,Akershus uten Bærum,Alle boligtyper,Prisindeks for brukte boliger
005,00,Boligindeks,2014K3,93.1,Akershus uten Bærum,Alle boligtyper,Prisindeks for brukte boliger
005,00,Boligindeks,2014K4,92.2,Akershus uten Bærum,Alle boligtyper,Prisindeks for brukte boliger
005,00,Boligindeks,2015K1,97.7,Akershus uten Bærum,Alle boligtyper,Prisindeks for brukte boliger
005,00,Boligindeks,2015K2,100.6,Akershus uten Bærum,Alle boligtyper,Prisindeks for brukte boliger
005,00,Boligindeks,2015K3,101.4,Akershus uten Bærum,Alle boligtyper,Prisindeks for brukte boliger
005,00,Boligindeks,2015K4,100.3,Akershus uten Bærum,Alle boligtyper,Prisindeks for brukte boliger
005,00,Boligindeks,2016K1,105.7,Akershus uten Bærum,Alle boligtyper,Prisindeks for brukte boliger
005,00,Boligindeks,2016K2,109.3,Akershus uten Bærum,Alle boligtyper,Prisindeks for brukte boliger
005,00,Boligindeks,2016K3,112.3,Akershus uten Bærum,Alle boligtyper,Prisindeks for brukte boliger
005,00,Boligindeks,2016K4,114.6,Akershus uten Bærum,Alle boligtyper,Prisindeks for brukte boliger
005,00,Boligindeks,2017K1,122.6,Akershus uten Bærum,Alle boligtyper,Prisindeks for brukte boliger
005,00,Boligindeks,2017K2,122.9,Akershus uten Bærum,Alle boligtyper,Prisindeks for brukte boliger
005,00,Boligindeks,2017K3,120.8,Akershus uten Bærum,Alle boligtyper,Prisindeks for brukte boliger
005,00,Boligindeks,2017K4,118.1,Akershus uten Bærum,Alle boligtyper,Prisindeks for brukte boliger
005,00,Boligindeks,2018K1,120.8,Akershus uten Bærum,Alle boligtyper,Prisindeks for brukte boliger
005,00,Boligindeks,2018K2,124.0,Akershus uten Bærum,Alle boligtyper,Prisindeks for brukte boliger
005,00,Boligindeks,2018K3,123.3,Akershus uten Bærum,Alle boligtyper,Prisindeks for brukte boliger
005,00,Boligindeks,2018K4,121.3,Akershus uten Bærum,Alle boligtyper,Prisindeks for brukte boliger
005,00,Boligindeks,2019K1,123.8,Akershus uten Bærum,Alle boligtyper,Prisindeks for brukte boliger
005,00,Boligindeks,2019K2,127.0,Akershus uten Bærum,Alle boligtyper,Prisindeks for brukte boliger
005,00,Boligindeks,2019K3,126.7,Akershus uten Bærum,Alle boligtyper,Prisindeks for brukte boliger
005,00,Boligindeks,2019K4,124.6,Akershus uten Bærum,Alle boligtyper,Prisindeks for brukte boliger
005,00,Boligindeks,2020K1,126.4,Akershus uten Bærum,Alle boligtyper,Prisindeks for brukte boliger
005,00,Boligindeks,2020K2,129.4,Akershus uten Bærum,Alle boligtyper,Prisindeks for brukte boliger
005,00,Boligindeks,2020K3,131.9,Akershus uten Bærum,Alle boligtyper,Prisindeks for brukte boliger
005,00,Boligindeks,2020K4,134.3,Akershus uten Bærum,Alle boligtyper,Prisindeks for brukte boliger
005,00,Boligindeks,2021K1,141.6,Akershus uten Bærum,Alle boligtyper,Prisindeks for brukte boliger
005,00,Boligindeks,2021K2,148.5,Akershus uten Bærum,Alle boligtyper,Prisindeks for brukte boliger
005,00,Boligindeks,2021K3,148.9,Akershus uten Bærum,Alle boligtyper,Prisindeks for brukte boliger
005,00,Boligindeks,2021K4,144.2,Akershus uten Bærum,Alle boligtyper,Prisindeks for brukte boliger
005,00,Boligindeks,2022K1,150.2,Akershus uten Bærum,Alle boligtyper,Prisindeks for brukte boliger
005,00,Boligindeks,2022K2,154.3,Akershus uten Bærum,Alle boligtyper,Prisindeks for brukte boliger
005,00,Boligindeks,2022K3,150.1,Akershus uten Bærum,Alle boligtyper,Prisindeks for brukte boliger
005,00,Boligindeks,2022K4,144.5,Akershus uten Bærum,Alle boligtyper,Prisindeks for brukte boliger
005,00,Boligindeks,2023K1,147.0,Akershus uten Bærum,Alle boligtyper,Prisindeks for brukte boliger
005,00,Boligindeks,2023K2,151.6,Akershus uten Bærum,Alle boligtyper,Prisindeks for brukte boliger
005,00,Boligindeks,2023K3,146.9,Akershus uten Bærum,Alle boligtyper,Prisindeks for brukte boliger
005,00,Boligindeks,2023K4,142.8,Akershus uten Bærum,Alle boligtyper,Prisindeks for brukte boliger
005,00,Boligindeks,2024K1,147.7,Akershus uten Bærum,Alle boligtyper,Prisindeks for brukte boliger
005,00,Boligindeks,2024K2,153.5,Akershus uten Bærum,Alle boligtyper,Prisindeks for brukte boliger
005,00,Boligindeks,2024K3,147.2,Akershus uten Bærum,Alle boligtyper,Prisindeks for brukte boliger
005,00,Boligindeks,2024K4,147.0,Akershus uten Bærum,Alle boligtyper,Prisindeks for brukte boliger
005,00,Boligindeks,2025K1,153.0,Akershus uten Bærum,Alle boligtyper,Prisindeks for brukte boliger
005,00,Boligindeks,2025K2,156.7,Akershus uten Bærum,Alle boligtyper,Prisindeks for brukte boliger
005,00,Boligindeks,2025K3,155.5,Akershus uten Bærum,Alle boligtyper,Prisindeks for brukte boliger
005,00,Boligindeks,2025K4,153.1,Akershus uten Bærum,Alle boligtyper,Prisindeks for brukte boliger
005,00,Boligindeks,2026K1,158.3,Akershus uten Bærum,Alle boligtyper,Prisindeks for brukte boliger
005,00,Boligindeks,2026K2,160.0,Akershus uten Bærum,Alle boligtyper,Prisindeks for brukte boliger
005,00,SesJustBoligindeks,1992K1,,Akershus uten Bærum,Alle boligtyper,"Prisindeks for brukte boliger, sesongjustert"
005,00,SesJustBoligindeks,1992K2,,Akershus uten Bærum,Alle boligtyper,"Prisindeks for brukte boliger, sesongjustert"
005,00,SesJustBoligindeks,1992K3,,Akershus uten Bærum,Alle boligtyper,"Prisindeks for brukte boliger, sesongjustert"
005,00,SesJustBoligindeks,1992K4,,Akershus uten Bærum,Alle boligtyper,"Prisindeks for brukte boliger, sesongjustert"
005,00,SesJustBoligindeks,1993K1,,Akershus uten Bærum,Alle boligtyper,"Prisindeks for brukte boliger, sesongjustert"
005,00,SesJustBoligindeks,1993K2,,Akershus uten Bærum,Alle boligtyper,"Prisindeks for brukte boliger, sesongjustert"
005,00,SesJustBoligindeks,1993K3,,Akershus uten Bærum,Alle boligtyper,"Prisindeks for brukte boliger, sesongjustert"
005,00,SesJustBoligindeks,1993K4,,Akershus uten Bærum,Alle boligtyper,"Prisindeks for brukte boliger, sesongjustert"
005,00,SesJustBoligindeks,1994K1,,Akershus uten Bærum,Alle boligtyper,"Prisindeks for brukte boliger, sesongjustert"
005,00,SesJustBoligindeks,1994K2,,Akershus uten Bærum,Alle boligtyper,"Prisindeks for brukte boliger, sesongjustert"
005,00,SesJustBoligindeks,1994K3,,Akershus uten Bærum,Alle boligtyper,"Prisindeks for brukte boliger, sesongjustert"
005,00,SesJustBoligindeks,1994K4,,Akershus uten Bærum,Alle boligtyper,"Prisindeks for brukte boliger, sesongjustert"
005,00,SesJustBoligindeks,1995K1,,Akershus uten Bærum,Alle boligtyper,"Prisindeks for brukte boliger, sesongjustert"
005,00,SesJustBoligindeks,1995K2,,Akershus uten Bærum,Alle boligtyper,"Prisindeks for brukte boliger, sesongjustert"
005,00,SesJustBoligindeks,1995K3,,Akershus uten Bærum,Alle boligtyper,"Prisindeks for brukte boliger, sesongjustert"
005,00,SesJustBoligindeks,1995K4,,Akershus uten Bærum,Alle boligtyper,"Prisindeks for brukte boliger, sesongjustert"
005,00,SesJustBoligindeks,1996K1,,Akershus uten Bærum,Alle boligtyper,"Prisindeks for brukte boliger, sesongjustert"
005,00,SesJustBoligindeks,1996K2,,Akershus uten Bærum,Alle boligtyper,"Prisindeks for brukte boliger, sesongjustert"
005,00,SesJustBoligindeks,1996K3,,Akershus uten Bærum,Alle boligtyper,"Prisindeks for brukte boliger, sesongjustert"
005,00,SesJustBoligindeks,1996K4,,Akershus uten Bærum,Alle boligtyper,"Prisindeks for brukte boliger, sesongjustert"
005,00,SesJustBoligindeks,1997K1,,Akershus uten Bærum,Alle boligtyper,"Prisindeks for brukte boliger, sesongjustert"
005,00,SesJustBoligindeks,1997K2,,Akershus uten Bærum,Alle boligtyper,"Prisindeks for brukte boliger, sesongjustert"
005,00,SesJustBoligindeks,1997K3,,Akershus uten Bærum,Alle boligtyper,"Prisindeks for brukte boliger, sesongjustert"
005,00,SesJustBoligindeks,1997K4,,Akershus uten Bærum,Alle boligtyper,"Prisindeks for brukte boliger, sesongjustert"
005,00,SesJustBoligindeks,1998K1,,Akershus uten Bærum,Alle boligtyper,"Prisindeks for brukte boliger, sesongjustert"
005,00,SesJustBoligindeks,1998K2,,Akershus uten Bærum,Alle boligtyper,"Prisindeks for brukte boliger, sesongjustert"
005,00,SesJustBoligindeks,1998K3,,Akershus uten Bærum,Alle boligtyper,"Prisindeks for brukte boliger, sesongjustert"
005,00,SesJustBoligindeks,1998K4,,Akershus uten Bærum,Alle boligtyper,"Prisindeks for brukte boliger, sesongjustert"
005,00,SesJustBoligindeks,1999K1,,Akershus uten Bærum,Alle boligtyper,"Prisindeks for brukte boliger, sesongjustert"
005,00,SesJustBoligindeks,1999K2,,Akershus uten Bærum,Alle boligtyper,"Prisindeks for brukte boliger, sesongjustert"
005,00,SesJustBoligindeks,1999K3,,Akershus uten Bærum,Alle boligtyper,"Prisindeks for brukte boliger, sesongjustert"
005,00,SesJustBoligindeks,1999K4,,Akershus uten Bærum,Alle boligtyper,"Prisindeks for brukte boliger, sesongjustert"
005,00,SesJustBoligindeks,2000K1,,Akershus uten Bærum,Alle boligtyper,"Prisindeks for brukte boliger, sesongjustert"
005,00,SesJustBoligindeks,2000K2,,Akershus uten Bærum,Alle boligtyper,"Prisindeks for brukte boliger, sesongjustert"
005,00,SesJustBoligindeks,2000K3,,Akershus uten Bærum,Alle boligtyper,"Prisindeks for brukte boliger, sesongjustert"
005,00,SesJustBoligindeks,2000K4,,Akershus uten Bærum,Alle boligtyper,"Prisindeks for brukte boliger, sesongjustert"
005,00,SesJustBoligindeks,2001K1,,Akershus uten Bærum,Alle boligtyper,"Prisindeks for brukte boliger, sesongjustert"
005,00,SesJustBoligindeks,2001K2,,Akershus uten Bærum,Alle boligtyper,"Prisindeks for brukte boliger, sesongjustert"
005,00,SesJustBoligindeks,2001K3,,Akershus uten Bærum,Alle boligtyper,"Prisindeks for brukte boliger, sesongjustert"
005,00,SesJustBoligindeks,2001K4,,Akershus uten Bærum,Alle boligtyper,"Prisindeks for brukte boliger, sesongjustert"
005,00,SesJustBoligindeks,2002K1,,Akershus uten Bærum,Alle boligtyper,"Prisindeks for brukte boliger, sesongjustert"
005,00,SesJustBoligindeks,2002K2,,Akershus uten Bærum,Alle boligtyper,"Prisindeks for brukte boliger, sesongjustert"
005,00,SesJustBoligindeks,2002K3,,Akershus uten Bærum,Alle boligtyper,"Prisindeks for brukte boliger, sesongjustert"
005,00,SesJustBoligindeks,2002K4,,Akershus uten Bærum,Alle boligtyper,"Prisindeks for brukte boliger, sesongjustert"
005,00,SesJustBoligindeks,2003K1,,Akershus uten Bærum,Alle boligtyper,"Prisindeks for brukte boliger, sesongjustert"
005,00,SesJustBoligindeks,2003K2,,Akershus uten Bærum,Alle boligtyper,"Prisindeks for brukte boliger, sesongjustert"
005,00,SesJustBoligindeks,2003K3,,Akershus uten Bærum,Alle boligtyper,"Prisindeks for brukte boliger, sesongjustert"
005,00,SesJustBoligindeks,2003K4,,Akershus uten Bærum,Alle boligtyper,"Prisindeks for brukte boliger, sesongjustert"
005,00,SesJustBoligindeks,2004K1,,Akershus uten Bærum,Alle boligtyper,"Prisindeks for brukte boliger, sesongjustert"
005,00,SesJustBoligindeks,2004K2,,Akershus uten Bærum,Alle boligtyper,"Prisindeks for brukte boliger, sesongjustert"
005,00,SesJustBoligindeks,2004K3,,Akershus uten Bærum,Alle boligtyper,"Prisindeks for brukte boliger, sesongjustert"
005,00,SesJustBoligindeks,2004K4,,Akershus uten Bærum,Alle boligtyper,"Prisindeks for brukte boliger, sesongjustert"
005,00,SesJustBoligindeks,2005K1,53.1,Akershus uten Bærum,Alle boligtyper,"Prisindeks for brukte boliger, sesongjustert"
005,00,SesJustBoligindeks,2005K2,53.4,Akershus uten Bærum,Alle boligtyper,"Prisindeks for brukte boliger, sesongjustert"
005,00,SesJustBoligindeks,2005K3,54.7,Akershus uten Bærum,Alle boligtyper,"Prisindeks for brukte boliger, sesongjustert"
005,00,SesJustBoligindeks,2005K4,56.2,Akershus uten Bærum,Alle boligtyper,"Prisindeks for brukte boliger, sesongjustert"
005,00,SesJustBoligindeks,2006K1,57.2,Akershus uten Bærum,Alle boligtyper,"Prisindeks for brukte boliger, sesongjustert"
005,00,SesJustBoligindeks,2006K2,59.9,Akershus uten Bærum,Alle boligtyper,"Prisindeks for brukte boliger, sesongjustert"
005,00,SesJustBoligindeks,2006K3,62.5,Akershus uten Bærum,Alle boligtyper,"Prisindeks for brukte boliger, sesongjustert"
005,00,SesJustBoligindeks,2006K4,65.1,Akershus uten Bærum,Alle boligtyper,"Prisindeks for brukte boliger, sesongjustert"
005,00,SesJustBoligindeks,2007K1,67.9,Akershus uten Bærum,Alle boligtyper,"Prisindeks for brukte boliger, sesongjustert"
005,00,SesJustBoligindeks,2007K2,69.2,Akershus uten Bærum,Alle boligtyper,"Prisindeks for brukte boliger, sesongjustert"
005,00,SesJustBoligindeks,2007K3,70.1,Akershus uten Bærum,Alle boligtyper,"Prisindeks for brukte boliger, sesongjustert"
005,00,SesJustBoligindeks,2007K4,70.4,Akershus uten Bærum,Alle boligtyper,"Prisindeks for brukte boliger, sesongjustert"
005,00,SesJustBoligindeks,2008K1,70.2,Akershus uten Bærum,Alle boligtyper,"Prisindeks for brukte boliger, sesongjustert"
005,00,SesJustBoligindeks,2008K2,70.7,Akershus uten Bærum,Alle boligtyper,"Prisindeks for brukte boliger, sesongjustert"
005,00,SesJustBoligindeks,2008K3,69.0,Akershus uten Bærum,Alle boligtyper,"Prisindeks for brukte boliger, sesongjustert"
005,00,SesJustBoligindeks,2008K4,64.1,Akershus uten Bærum,Alle boligtyper,"Prisindeks for brukte boliger, sesongjustert"
005,00,SesJustBoligindeks,2009K1,65.9,Akershus uten Bærum,Alle boligtyper,"Prisindeks for brukte boliger, sesongjustert"
005,00,SesJustBoligindeks,2009K2,67.2,Akershus uten Bærum,Alle boligtyper,"Prisindeks for brukte boliger, sesongjustert"
005,00,SesJustBoligindeks,2009K3,70.6,Akershus uten Bærum,Alle boligtyper,"Prisindeks for brukte boliger, sesongjustert"
005,00,SesJustBoligindeks,2009K4,72.4,Akershus uten Bærum,Alle boligtyper,"Prisindeks for brukte boliger, sesongjustert"
005,00,SesJustBoligindeks,2010K1,72.8,Akershus uten Bærum,Alle boligtyper,"Prisindeks for brukte boliger, sesongjustert"
005,00,SesJustBoligindeks,2010K2,73.5,Akershus uten Bærum,Alle boligtyper,"Prisindeks for brukte boliger, sesongjustert"
005,00,SesJustBoligindeks,2010K3,74.0,Akershus uten Bærum,Alle boligtyper,"Prisindeks for brukte boliger, sesongjustert"
005,00,SesJustBoligindeks,2010K4,75.5,Akershus uten Bærum,Alle boligtyper,"Prisindeks for brukte boliger, sesongjustert"
005,00,SesJustBoligindeks,2011K1,77.1,Akershus uten Bærum,Alle boligtyper,"Prisindeks for brukte boliger, sesongjustert"
005,00,SesJustBoligindeks,2011K2,78.9,Akershus uten Bærum,Alle boligtyper,"Prisindeks for brukte boliger, sesongjustert"
005,00,SesJustBoligindeks,2011K3,79.9,Akershus uten Bærum,Alle boligtyper,"Prisindeks for brukte boliger, sesongjustert"
005,00,SesJustBoligindeks,2011K4,80.7,Akershus uten Bærum,Alle boligtyper,"Prisindeks for brukte boliger, sesongjustert"
005,00,SesJustBoligindeks,2012K1,82.3,Akershus uten Bærum,Alle boligtyper,"Prisindeks for brukte boliger, sesongjustert"
005,00,SesJustBoligindeks,2012K2,83.7,Akershus uten Bærum,Alle boligtyper,"Prisindeks for brukte boliger, sesongjustert"
005,00,SesJustBoligindeks,2012K3,84.7,Akershus uten Bærum,Alle boligtyper,"Prisindeks for brukte boliger, sesongjustert"
005,00,SesJustBoligindeks,2012K4,87.6,Akershus uten Bærum,Alle boligtyper,"Prisindeks for brukte boliger, sesongjustert"
005,00,SesJustBoligindeks,2013K1,88.9,Akershus uten Bærum,Alle boligtyper,"Prisindeks for brukte boliger, sesongjustert"
005,00,SesJustBoligindeks,2013K2,89.0,Akershus uten Bærum,Alle boligtyper,"Prisindeks for brukte boliger, sesongjustert"
005,00,SesJustBoligindeks,2013K3,90.2,Akershus uten Bærum,Alle boligtyper,"Prisindeks for brukte boliger, sesongjustert"
005,00,SesJustBoligindeks,2013K4,90.1,Akershus uten Bærum,Alle boligtyper,"Prisindeks for brukte boliger, sesongjustert"
005,00,SesJustBoligindeks,2014K1,89.5,Akershus uten Bærum,Alle boligtyper,"Prisindeks for brukte boliger, sesongjustert"
005,00,SesJustBoligindeks,2014K2,90.7,Akershus uten Bærum,Alle boligtyper,"Prisindeks for brukte boliger, sesongjustert"
005,00,SesJustBoligindeks,2014K3,92.8,Akershus uten Bærum,Alle boligtyper,"Prisindeks for brukte boliger, sesongjustert"
005,00,SesJustBoligindeks,2014K4,94.2,Akershus uten Bærum,Alle boligtyper,"Prisindeks for brukte boliger, sesongjustert"
005,00,SesJustBoligindeks,2015K1,97.2,Akershus uten Bærum,Alle boligtyper,"Prisindeks for brukte boliger, sesongjustert"
005,00,SesJustBoligindeks,2015K2,99.4,Akershus uten Bærum,Alle boligtyper,"Prisindeks for brukte boliger, sesongjustert"
005,00,SesJustBoligindeks,2015K3,101.0,Akershus uten Bærum,Alle boligtyper,"Prisindeks for brukte boliger, sesongjustert"
005,00,SesJustBoligindeks,2015K4,102.5,Akershus uten Bærum,Alle boligtyper,"Prisindeks for brukte boliger, sesongjustert"
005,00,SesJustBoligindeks,2016K1,105.2,Akershus uten Bærum,Alle boligtyper,"Prisindeks for brukte boliger, sesongjustert"
005,00,SesJustBoligindeks,2016K2,107.9,Akershus uten Bærum,Alle boligtyper,"Prisindeks for brukte boliger, sesongjustert"
005,00,SesJustBoligindeks,2016K3,112.0,Akershus uten Bærum,Alle boligtyper,"Prisindeks for brukte boliger, sesongjustert"
005,00,SesJustBoligindeks,2016K4,117.0,Akershus uten Bærum,Alle boligtyper,"Prisindeks for brukte boliger, sesongjustert"
005,00,SesJustBoligindeks,2017K1,122.2,Akershus uten Bærum,Alle boligtyper,"Prisindeks for brukte boliger, sesongjustert"
005,00,SesJustBoligindeks,2017K2,121.2,Akershus uten Bærum,Alle boligtyper,"Prisindeks for brukte boliger, sesongjustert"
005,00,SesJustBoligindeks,2017K3,120.5,Akershus uten Bærum,Alle boligtyper,"Prisindeks for brukte boliger, sesongjustert"
005,00,SesJustBoligindeks,2017K4,120.4,Akershus uten Bærum,Alle boligtyper,"Prisindeks for brukte boliger, sesongjustert"
005,00,SesJustBoligindeks,2018K1,120.5,Akershus uten Bærum,Alle boligtyper,"Prisindeks for brukte boliger, sesongjustert"
005,00,SesJustBoligindeks,2018K2,122.2,Akershus uten Bærum,Alle boligtyper,"Prisindeks for brukte boliger, sesongjustert"
005,00,SesJustBoligindeks,2018K3,123.0,Akershus uten Bærum,Alle boligtyper,"Prisindeks for brukte boliger, sesongjustert"
005,00,SesJustBoligindeks,2018K4,123.6,Akershus uten Bærum,Alle boligtyper,"Prisindeks for brukte boliger, sesongjustert"
005,00,SesJustBoligindeks,2019K1,123.7,Akershus uten Bærum,Alle boligtyper,"Prisindeks for brukte boliger, sesongjustert"
005,00,SesJustBoligindeks,2019K2,125.0,Akershus uten Bærum,Alle boligtyper,"Prisindeks for brukte boliger, sesongjustert"
005,00,SesJustBoligindeks,2019K3,126.4,Akershus uten Bærum,Alle boligtyper,"Prisindeks for brukte boliger, sesongjustert"
005,00,SesJustBoligindeks,2019K4,127.0,Akershus uten Bærum,Alle boligtyper,"Prisindeks for brukte boliger, sesongjustert"
005,00,SesJustBoligindeks,2020K1,126.5,Akershus uten Bærum,Alle boligtyper,"Prisindeks for brukte boliger, sesongjustert"
005,00,SesJustBoligindeks,2020K2,127.1,Akershus uten Bærum,Alle boligtyper,"Prisindeks for brukte boliger, sesongjustert"
005,00,SesJustBoligindeks,2020K3,131.6,Akershus uten Bærum,Alle boligtyper,"Prisindeks for brukte boliger, sesongjustert"
005,00,SesJustBoligindeks,2020K4,137.1,Akershus uten Bærum,Alle boligtyper,"Prisindeks for brukte boliger, sesongjustert"
005,00,SesJustBoligindeks,2021K1,141.8,Akershus uten Bærum,Alle boligtyper,"Prisindeks for brukte boliger, sesongjustert"
005,00,SesJustBoligindeks,2021K2,145.6,Akershus uten Bærum,Alle boligtyper,"Prisindeks for brukte boliger, sesongjustert"
005,00,SesJustBoligindeks,2021K3,148.6,Akershus uten Bærum,Alle boligtyper,"Prisindeks for brukte boliger, sesongjustert"
005,00,SesJustBoligindeks,2021K4,147.4,Akershus uten Bærum,Alle boligtyper,"Prisindeks for brukte boliger, sesongjustert"
005,00,SesJustBoligindeks,2022K1,150.3,Akershus uten Bærum,Alle boligtyper,"Prisindeks for brukte boliger, sesongjustert"
005,00,SesJustBoligindeks,2022K2,151.1,Akershus uten Bærum,Alle boligtyper,"Prisindeks for brukte boliger, sesongjustert"
005,00,SesJustBoligindeks,2022K3,149.9,Akershus uten Bærum,Alle boligtyper,"Prisindeks for brukte boliger, sesongjustert"
005,00,SesJustBoligindeks,2022K4,147.9,Akershus uten Bærum,Alle boligtyper,"Prisindeks for brukte boliger, sesongjustert"
005,00,SesJustBoligindeks,2023K1,146.9,Akershus uten Bærum,Alle boligtyper,"Prisindeks for brukte boliger, sesongjustert"
005,00,SesJustBoligindeks,2023K2,148.4,Akershus uten Bærum,Alle boligtyper,"Prisindeks for brukte boliger, sesongjustert"
005,00,SesJustBoligindeks,2023K3,146.8,Akershus uten Bærum,Alle boligtyper,"Prisindeks for brukte boliger, sesongjustert"
005,00,SesJustBoligindeks,2023K4,146.3,Akershus uten Bærum,Alle boligtyper,"Prisindeks for brukte boliger, sesongjustert"
005,00,SesJustBoligindeks,2024K1,147.4,Akershus uten Bærum,Alle boligtyper,"Prisindeks for brukte boliger, sesongjustert"
005,00,SesJustBoligindeks,2024K2,150.2,Akershus uten Bærum,Alle boligtyper,"Prisindeks for brukte boliger, sesongjustert"
005,00,SesJustBoligindeks,2024K3,147.2,Akershus uten Bærum,Alle boligtyper,"Prisindeks for brukte boliger, sesongjustert"
005,00,SesJustBoligindeks,2024K4,150.7,Akershus uten Bærum,Alle boligtyper,"Prisindeks for brukte boliger, sesongjustert"
005,00,SesJustBoligindeks,2025K1,152.5,Akershus uten Bærum,Alle boligtyper,"Prisindeks for brukte boliger, sesongjustert"
005,00,SesJustBoligindeks,2025K2,153.5,Akershus uten Bærum,Alle boligtyper,"Prisindeks for brukte boliger, sesongjustert"
005,00,SesJustBoligindeks,2025K3,155.5,Akershus uten Bærum,Alle boligtyper,"Prisindeks for brukte boliger, sesongjustert"
005,00,SesJustBoligindeks,2025K4,157.0,Akershus uten Bærum,Alle boligtyper,"Prisindeks for brukte boliger, sesongjustert"
005,00,SesJustBoligindeks,2026K1,157.7,Akershus uten Bærum,Alle boligtyper,"Prisindeks for brukte boliger, sesongjustert"
005,00,SesJustBoligindeks,2026K2,156.8,Akershus uten Bærum,Alle boligtyper,"Prisindeks for brukte boliger, sesongjustert"
006,00,Boligindeks,1992K1,0.0,"Østfold, Buskerud, Vestfold og Telemark",Alle boligtyper,Prisindeks for brukte boliger
006,00,Boligindeks,1992K2,0.0,"Østfold, Buskerud, Vestfold og Telemark",Alle boligtyper,Prisindeks for brukte boliger
006,00,Boligindeks,1992K3,0.0,"Østfold, Buskerud, Vestfold og Telemark",Alle boligtyper,Prisindeks for brukte boliger
006,00,Boligindeks,1992K4,0.0,"Østfold, Buskerud, Vestfold og Telemark",Alle boligtyper,Prisindeks for brukte boliger
006,00,Boligindeks,1993K1,0.0,"Østfold, Buskerud, Vestfold og Telemark",Alle boligtyper,Prisindeks for brukte boliger
006,00,Boligindeks,1993K2,0.0,"Østfold, Buskerud, Vestfold og Telemark",Alle boligtyper,Prisindeks for brukte boliger
006,00,Boligindeks,1993K3,0.0,"Østfold, Buskerud, Vestfold og Telemark",Alle boligtyper,Prisindeks for brukte boliger
006,00,Boligindeks,1993K4,0.0,"Østfold, Buskerud, Vestfold og Telemark",Alle boligtyper,Prisindeks for brukte boliger
006,00,Boligindeks,1994K1,0.0,"Østfold, Buskerud, Vestfold og Telemark",Alle boligtyper,Prisindeks for brukte boliger
006,00,Boligindeks,1994K2,0.0,"Østfold, Buskerud, Vestfold og Telemark",Alle boligtyper,Prisindeks for brukte boliger
006,00,Boligindeks,1994K3,0.0,"Østfold, Buskerud, Vestfold og Telemark",Alle boligtyper,Prisindeks for brukte boliger
006,00,Boligindeks,1994K4,0.0,"Østfold, Buskerud, Vestfold og Telemark",Alle boligtyper,Prisindeks for brukte boliger
006,00,Boligindeks,1995K1,0.0,"Østfold, Buskerud, Vestfold og Telemark",Alle boligtyper,Prisindeks for brukte boliger
006,00,Boligindeks,1995K2,0.0,"Østfold, Buskerud, Vestfold og Telemark",Alle boligtyper,Prisindeks for brukte boliger
006,00,Boligindeks,1995K3,0.0,"Østfold, Buskerud, Vestfold og Telemark",Alle boligtyper,Prisindeks for brukte boliger
006,00,Boligindeks,1995K4,0.0,"Østfold, Buskerud, Vestfold og Telemark",Alle boligtyper,Prisindeks for brukte boliger
006,00,Boligindeks,1996K1,0.0,"Østfold, Buskerud, Vestfold og Telemark",Alle boligtyper,Prisindeks for brukte boliger
006,00,Boligindeks,1996K2,0.0,"Østfold, Buskerud, Vestfold og Telemark",Alle boligtyper,Prisindeks for brukte boliger
006,00,Boligindeks,1996K3,0.0,"Østfold, Buskerud, Vestfold og Telemark",Alle boligtyper,Prisindeks for brukte boliger
006,00,Boligindeks,1996K4,0.0,"Østfold, Buskerud, Vestfold og Telemark",Alle boligtyper,Prisindeks for brukte boliger
006,00,Boligindeks,1997K1,0.0,"Østfold, Buskerud, Vestfold og Telemark",Alle boligtyper,Prisindeks for brukte boliger
006,00,Boligindeks,1997K2,0.0,"Østfold, Buskerud, Vestfold og Telemark",Alle boligtyper,Prisindeks for brukte boliger
006,00,Boligindeks,1997K3,0.0,"Østfold, Buskerud, Vestfold og Telemark",Alle boligtyper,Prisindeks for brukte boliger
006,00,Boligindeks,1997K4,0.0,"Østfold, Buskerud, Vestfold og Telemark",Alle boligtyper,Prisindeks for brukte boliger
006,00,Boligindeks,1998K1,0.0,"Østfold, Buskerud, Vestfold og Telemark",Alle boligtyper,Prisindeks for brukte boliger
006,00,Boligindeks,1998K2,0.0,"Østfold, Buskerud, Vestfold og Telemark",Alle boligtyper,Prisindeks for brukte boliger
006,00,Boligindeks,1998K3,0.0,"Østfold, Buskerud, Vestfold og Telemark",Alle boligtyper,Prisindeks for brukte boliger
006,00,Boligindeks,1998K4,0.0,"Østfold, Buskerud, Vestfold og Telemark",Alle boligtyper,Prisindeks for brukte boliger
006,00,Boligindeks,1999K1,0.0,"Østfold, Buskerud, Vestfold og Telemark",Alle boligtyper,Prisindeks for brukte boliger
006,00,Boligindeks,1999K2,0.0,"Østfold, Buskerud, Vestfold og Telemark",Alle boligtyper,Prisindeks for brukte boliger
006,00,Boligindeks,1999K3,0.0,"Østfold, Buskerud, Vestfold og Telemark",Alle boligtyper,Prisindeks for brukte boliger
006,00,Boligindeks,1999K4,0.0,"Østfold, Buskerud, Vestfold og Telemark",Alle boligtyper,Prisindeks for brukte boliger
006,00,Boligindeks,2000K1,0.0,"Østfold, Buskerud, Vestfold og Telemark",Alle boligtyper,Prisindeks for brukte boliger
006,00,Boligindeks,2000K2,0.0,"Østfold, Buskerud, Vestfold og Telemark",Alle boligtyper,Prisindeks for brukte boliger
006,00,Boligindeks,2000K3,0.0,"Østfold, Buskerud, Vestfold og Telemark",Alle boligtyper,Prisindeks for brukte boliger
006,00,Boligindeks,2000K4,0.0,"Østfold, Buskerud, Vestfold og Telemark",Alle boligtyper,Prisindeks for brukte boliger
006,00,Boligindeks,2001K1,0.0,"Østfold, Buskerud, Vestfold og Telemark",Alle boligtyper,Prisindeks for brukte boliger
006,00,Boligindeks,2001K2,0.0,"Østfold, Buskerud, Vestfold og Telemark",Alle boligtyper,Prisindeks for brukte boliger
006,00,Boligindeks,2001K3,0.0,"Østfold, Buskerud, Vestfold og Telemark",Alle boligtyper,Prisindeks for brukte boliger
006,00,Boligindeks,2001K4,0.0,"Østfold, Buskerud, Vestfold og Telemark",Alle boligtyper,Prisindeks for brukte boliger
006,00,Boligindeks,2002K1,0.0,"Østfold, Buskerud, Vestfold og Telemark",Alle boligtyper,Prisindeks for brukte boliger
006,00,Boligindeks,2002K2,0.0,"Østfold, Buskerud, Vestfold og Telemark",Alle boligtyper,Prisindeks for brukte boliger
006,00,Boligindeks,2002K3,0.0,"Østfold, Buskerud, Vestfold og Telemark",Alle boligtyper,Prisindeks for brukte boliger
006,00,Boligindeks,2002K4,0.0,"Østfold, Buskerud, Vestfold og Telemark",Alle boligtyper,Prisindeks for brukte boliger
006,00,Boligindeks,2003K1,0.0,"Østfold, Buskerud, Vestfold og Telemark",Alle boligtyper,Prisindeks for brukte boliger
006,00,Boligindeks,2003K2,0.0,"Østfold, Buskerud, Vestfold og Telemark",Alle boligtyper,Prisindeks for brukte boliger
006,00,Boligindeks,2003K3,0.0,"Østfold, Buskerud, Vestfold og Telemark",Alle boligtyper,Prisindeks for brukte boliger
006,00,Boligindeks,2003K4,0.0,"Østfold, Buskerud, Vestfold og Telemark",Alle boligtyper,Prisindeks for brukte boliger
006,00,Boligindeks,2004K1,0.0,"Østfold, Buskerud, Vestfold og Telemark",Alle boligtyper,Prisindeks for brukte boliger
006,00,Boligindeks,2004K2,0.0,"Østfold, Buskerud, Vestfold og Telemark",Alle boligtyper,Prisindeks for brukte boliger
006,00,Boligindeks,2004K3,0.0,"Østfold, Buskerud, Vestfold og Telemark",Alle boligtyper,Prisindeks for brukte boliger
006,00,Boligindeks,2004K4,0.0,"Østfold, Buskerud, Vestfold og Telemark",Alle boligtyper,Prisindeks for brukte boliger
006,00,Boligindeks,2005K1,57.3,"Østfold, Buskerud, Vestfold og Telemark",Alle boligtyper,Prisindeks for brukte boliger
006,00,Boligindeks,2005K2,58.6,"Østfold, Buskerud, Vestfold og Telemark",Alle boligtyper,Prisindeks for brukte boliger
006,00,Boligindeks,2005K3,58.1,"Østfold, Buskerud, Vestfold og Telemark",Alle boligtyper,Prisindeks for brukte boliger
006,00,Boligindeks,2005K4,57.8,"Østfold, Buskerud, Vestfold og Telemark",Alle boligtyper,Prisindeks for brukte boliger
006,00,Boligindeks,2006K1,60.5,"Østfold, Buskerud, Vestfold og Telemark",Alle boligtyper,Prisindeks for brukte boliger
006,00,Boligindeks,2006K2,63.6,"Østfold, Buskerud, Vestfold og Telemark",Alle boligtyper,Prisindeks for brukte boliger
006,00,Boligindeks,2006K3,64.9,"Østfold, Buskerud, Vestfold og Telemark",Alle boligtyper,Prisindeks for brukte boliger
006,00,Boligindeks,2006K4,64.8,"Østfold, Buskerud, Vestfold og Telemark",Alle boligtyper,Prisindeks for brukte boliger
006,00,Boligindeks,2007K1,68.2,"Østfold, Buskerud, Vestfold og Telemark",Alle boligtyper,Prisindeks for brukte boliger
006,00,Boligindeks,2007K2,72.0,"Østfold, Buskerud, Vestfold og Telemark",Alle boligtyper,Prisindeks for brukte boliger
006,00,Boligindeks,2007K3,72.5,"Østfold, Buskerud, Vestfold og Telemark",Alle boligtyper,Prisindeks for brukte boliger
006,00,Boligindeks,2007K4,70.9,"Østfold, Buskerud, Vestfold og Telemark",Alle boligtyper,Prisindeks for brukte boliger
006,00,Boligindeks,2008K1,72.8,"Østfold, Buskerud, Vestfold og Telemark",Alle boligtyper,Prisindeks for brukte boliger
006,00,Boligindeks,2008K2,73.5,"Østfold, Buskerud, Vestfold og Telemark",Alle boligtyper,Prisindeks for brukte boliger
006,00,Boligindeks,2008K3,71.9,"Østfold, Buskerud, Vestfold og Telemark",Alle boligtyper,Prisindeks for brukte boliger
006,00,Boligindeks,2008K4,67.3,"Østfold, Buskerud, Vestfold og Telemark",Alle boligtyper,Prisindeks for brukte boliger
006,00,Boligindeks,2009K1,69.4,"Østfold, Buskerud, Vestfold og Telemark",Alle boligtyper,Prisindeks for brukte boliger
006,00,Boligindeks,2009K2,73.0,"Østfold, Buskerud, Vestfold og Telemark",Alle boligtyper,Prisindeks for brukte boliger
006,00,Boligindeks,2009K3,73.9,"Østfold, Buskerud, Vestfold og Telemark",Alle boligtyper,Prisindeks for brukte boliger
006,00,Boligindeks,2009K4,73.1,"Østfold, Buskerud, Vestfold og Telemark",Alle boligtyper,Prisindeks for brukte boliger
006,00,Boligindeks,2010K1,75.8,"Østfold, Buskerud, Vestfold og Telemark",Alle boligtyper,Prisindeks for brukte boliger
006,00,Boligindeks,2010K2,78.6,"Østfold, Buskerud, Vestfold og Telemark",Alle boligtyper,Prisindeks for brukte boliger
006,00,Boligindeks,2010K3,77.7,"Østfold, Buskerud, Vestfold og Telemark",Alle boligtyper,Prisindeks for brukte boliger
006,00,Boligindeks,2010K4,77.0,"Østfold, Buskerud, Vestfold og Telemark",Alle boligtyper,Prisindeks for brukte boliger
006,00,Boligindeks,2011K1,79.4,"Østfold, Buskerud, Vestfold og Telemark",Alle boligtyper,Prisindeks for brukte boliger
006,00,Boligindeks,2011K2,83.5,"Østfold, Buskerud, Vestfold og Telemark",Alle boligtyper,Prisindeks for brukte boliger
006,00,Boligindeks,2011K3,83.3,"Østfold, Buskerud, Vestfold og Telemark",Alle boligtyper,Prisindeks for brukte boliger
006,00,Boligindeks,2011K4,82.2,"Østfold, Buskerud, Vestfold og Telemark",Alle boligtyper,Prisindeks for brukte boliger
006,00,Boligindeks,2012K1,85.0,"Østfold, Buskerud, Vestfold og Telemark",Alle boligtyper,Prisindeks for brukte boliger
006,00,Boligindeks,2012K2,88.6,"Østfold, Buskerud, Vestfold og Telemark",Alle boligtyper,Prisindeks for brukte boliger
006,00,Boligindeks,2012K3,88.1,"Østfold, Buskerud, Vestfold og Telemark",Alle boligtyper,Prisindeks for brukte boliger
006,00,Boligindeks,2012K4,87.3,"Østfold, Buskerud, Vestfold og Telemark",Alle boligtyper,Prisindeks for brukte boliger
006,00,Boligindeks,2013K1,89.5,"Østfold, Buskerud, Vestfold og Telemark",Alle boligtyper,Prisindeks for brukte boliger
006,00,Boligindeks,2013K2,92.6,"Østfold, Buskerud, Vestfold og Telemark",Alle boligtyper,Prisindeks for brukte boliger
006,00,Boligindeks,2013K3,91.7,"Østfold, Buskerud, Vestfold og Telemark",Alle boligtyper,Prisindeks for brukte boliger
006,00,Boligindeks,2013K4,89.2,"Østfold, Buskerud, Vestfold og Telemark",Alle boligtyper,Prisindeks for brukte boliger
006,00,Boligindeks,2014K1,91.9,"Østfold, Buskerud, Vestfold og Telemark",Alle boligtyper,Prisindeks for brukte boliger
006,00,Boligindeks,2014K2,93.9,"Østfold, Buskerud, Vestfold og Telemark",Alle boligtyper,Prisindeks for brukte boliger
006,00,Boligindeks,2014K3,95.2,"Østfold, Buskerud, Vestfold og Telemark",Alle boligtyper,Prisindeks for brukte boliger
006,00,Boligindeks,2014K4,93.7,"Østfold, Buskerud, Vestfold og Telemark",Alle boligtyper,Prisindeks for brukte boliger
006,00,Boligindeks,2015K1,97.8,"Østfold, Buskerud, Vestfold og Telemark",Alle boligtyper,Prisindeks for brukte boliger
006,00,Boligindeks,2015K2,101.0,"Østfold, Buskerud, Vestfold og Telemark",Alle boligtyper,Prisindeks for brukte boliger
006,00,Boligindeks,2015K3,101.5,"Østfold, Buskerud, Vestfold og Telemark",Alle boligtyper,Prisindeks for brukte boliger
006,00,Boligindeks,2015K4,99.7,"Østfold, Buskerud, Vestfold og Telemark",Alle boligtyper,Prisindeks for brukte boliger
006,00,Boligindeks,2016K1,103.2,"Østfold, Buskerud, Vestfold og Telemark",Alle boligtyper,Prisindeks for brukte boliger
006,00,Boligindeks,2016K2,107.7,"Østfold, Buskerud, Vestfold og Telemark",Alle boligtyper,Prisindeks for brukte boliger
006,00,Boligindeks,2016K3,109.9,"Østfold, Buskerud, Vestfold og Telemark",Alle boligtyper,Prisindeks for brukte boliger
006,00,Boligindeks,2016K4,109.2,"Østfold, Buskerud, Vestfold og Telemark",Alle boligtyper,Prisindeks for brukte boliger
006,00,Boligindeks,2017K1,111.9,"Østfold, Buskerud, Vestfold og Telemark",Alle boligtyper,Prisindeks for brukte boliger
006,00,Boligindeks,2017K2,113.3,"Østfold, Buskerud, Vestfold og Telemark",Alle boligtyper,Prisindeks for brukte boliger
006,00,Boligindeks,2017K3,113.0,"Østfold, Buskerud, Vestfold og Telemark",Alle boligtyper,Prisindeks for brukte boliger
006,00,Boligindeks,2017K4,112.3,"Østfold, Buskerud, Vestfold og Telemark",Alle boligtyper,Prisindeks for brukte boliger
006,00,Boligindeks,2018K1,114.4,"Østfold, Buskerud, Vestfold og Telemark",Alle boligtyper,Prisindeks for brukte boliger
006,00,Boligindeks,2018K2,119.3,"Østfold, Buskerud, Vestfold og Telemark",Alle boligtyper,Prisindeks for brukte boliger
006,00,Boligindeks,2018K3,118.6,"Østfold, Buskerud, Vestfold og Telemark",Alle boligtyper,Prisindeks for brukte boliger
006,00,Boligindeks,2018K4,115.5,"Østfold, Buskerud, Vestfold og Telemark",Alle boligtyper,Prisindeks for brukte boliger
006,00,Boligindeks,2019K1,119.9,"Østfold, Buskerud, Vestfold og Telemark",Alle boligtyper,Prisindeks for brukte boliger
006,00,Boligindeks,2019K2,122.6,"Østfold, Buskerud, Vestfold og Telemark",Alle boligtyper,Prisindeks for brukte boliger
006,00,Boligindeks,2019K3,122.3,"Østfold, Buskerud, Vestfold og Telemark",Alle boligtyper,Prisindeks for brukte boliger
006,00,Boligindeks,2019K4,118.7,"Østfold, Buskerud, Vestfold og Telemark",Alle boligtyper,Prisindeks for brukte boliger
006,00,Boligindeks,2020K1,121.8,"Østfold, Buskerud, Vestfold og Telemark",Alle boligtyper,Prisindeks for brukte boliger
006,00,Boligindeks,2020K2,128.3,"Østfold, Buskerud, Vestfold og Telemark",Alle boligtyper,Prisindeks for brukte boliger
006,00,Boligindeks,2020K3,130.6,"Østfold, Buskerud, Vestfold og Telemark",Alle boligtyper,Prisindeks for brukte boliger
006,00,Boligindeks,2020K4,130.8,"Østfold, Buskerud, Vestfold og Telemark",Alle boligtyper,Prisindeks for brukte boliger
006,00,Boligindeks,2021K1,137.7,"Østfold, Buskerud, Vestfold og Telemark",Alle boligtyper,Prisindeks for brukte boliger
006,00,Boligindeks,2021K2,147.4,"Østfold, Buskerud, Vestfold og Telemark",Alle boligtyper,Prisindeks for brukte boliger
006,00,Boligindeks,2021K3,146.5,"Østfold, Buskerud, Vestfold og Telemark",Alle boligtyper,Prisindeks for brukte boliger
006,00,Boligindeks,2021K4,142.8,"Østfold, Buskerud, Vestfold og Telemark",Alle boligtyper,Prisindeks for brukte boliger
006,00,Boligindeks,2022K1,149.5,"Østfold, Buskerud, Vestfold og Telemark",Alle boligtyper,Prisindeks for brukte boliger
006,00,Boligindeks,2022K2,157.7,"Østfold, Buskerud, Vestfold og Telemark",Alle boligtyper,Prisindeks for brukte boliger
006,00,Boligindeks,2022K3,153.9,"Østfold, Buskerud, Vestfold og Telemark",Alle boligtyper,Prisindeks for brukte boliger
006,00,Boligindeks,2022K4,145.3,"Østfold, Buskerud, Vestfold og Telemark",Alle boligtyper,Prisindeks for brukte boliger
006,00,Boligindeks,2023K1,147.8,"Østfold, Buskerud, Vestfold og Telemark",Alle boligtyper,Prisindeks for brukte boliger
006,00,Boligindeks,2023K2,155.4,"Østfold, Buskerud, Vestfold og Telemark",Alle boligtyper,Prisindeks for brukte boliger
006,00,Boligindeks,2023K3,149.6,"Østfold, Buskerud, Vestfold og Telemark",Alle boligtyper,Prisindeks for brukte boliger
006,00,Boligindeks,2023K4,143.5,"Østfold, Buskerud, Vestfold og Telemark",Alle boligtyper,Prisindeks for brukte boliger
006,00,Boligindeks,2024K1,149.2,"Østfold, Buskerud, Vestfold og Telemark",Alle boligtyper,Prisindeks for brukte boliger
006,00,Boligindeks,2024K2,155.5,"Østfold, Buskerud, Vestfold og Telemark",Alle boligtyper,Prisindeks for brukte boliger
006,00,Boligindeks,2024K3,151.8,"Østfold, Buskerud, Vestfold og Telemark",Alle boligtyper,Prisindeks for brukte boliger
006,00,Boligindeks,2024K4,147.8,"Østfold, Buskerud, Vestfold og Telemark",Alle boligtyper,Prisindeks for brukte boliger
006,00,Boligindeks,2025K1,154.7,"Østfold, Buskerud, Vestfold og Telemark",Alle boligtyper,Prisindeks for brukte boliger
006,00,Boligindeks,2025K2,158.3,"Østfold, Buskerud, Vestfold og Telemark",Alle boligtyper,Prisindeks for brukte boliger
006,00,Boligindeks,2025K3,156.3,"Østfold, Buskerud, Vestfold og Telemark",Alle boligtyper,Prisindeks for brukte boliger
006,00,Boligindeks,2025K4,153.3,"Østfold, Buskerud, Vestfold og Telemark",Alle boligtyper,Prisindeks for brukte boliger
006,00,Boligindeks,2026K1,156.3,"Østfold, Buskerud, Vestfold og Telemark",Alle boligtyper,Prisindeks for brukte boliger
006,00,Boligindeks,2026K2,161.6,"Østfold, Buskerud, Vestfold og Telemark",Alle boligtyper,Prisindeks for brukte boliger
006,00,SesJustBoligindeks,1992K1,,"Østfold, Buskerud, Vestfold og Telemark",Alle boligtyper,"Prisindeks for brukte boliger, sesongjustert"
006,00,SesJustBoligindeks,1992K2,,"Østfold, Buskerud, Vestfold og Telemark",Alle boligtyper,"Prisindeks for brukte boliger, sesongjustert"
006,00,SesJustBoligindeks,1992K3,,"Østfold, Buskerud, Vestfold og Telemark",Alle boligtyper,"Prisindeks for brukte boliger, sesongjustert"
006,00,SesJustBoligindeks,1992K4,,"Østfold, Buskerud, Vestfold og Telemark",Alle boligtyper,"Prisindeks for brukte boliger, sesongjustert"
006,00,SesJustBoligindeks,1993K1,,"Østfold, Buskerud, Vestfold og Telemark",Alle boligtyper,"Prisindeks for brukte boliger, sesongjustert"
006,00,SesJustBoligindeks,1993K2,,"Østfold, Buskerud, Vestfold og Telemark",Alle boligtyper,"Prisindeks for brukte boliger, sesongjustert"
006,00,SesJustBoligindeks,1993K3,,"Østfold, Buskerud, Vestfold og Telemark",Alle boligtyper,"Prisindeks for brukte boliger, sesongjustert"
006,00,SesJustBoligindeks,1993K4,,"Østfold, Buskerud, Vestfold og Telemark",Alle boligtyper,"Prisindeks for brukte boliger, sesongjustert"
006,00,SesJustBoligindeks,1994K1,,"Østfold, Buskerud, Vestfold og Telemark",Alle boligtyper,"Prisindeks for brukte boliger, sesongjustert"
006,00,SesJustBoligindeks,1994K2,,"Østfold, Buskerud, Vestfold og Telemark",Alle boligtyper,"Prisindeks for brukte boliger, sesongjustert"
006,00,SesJustBoligindeks,1994K3,,"Østfold, Buskerud, Vestfold og Telemark",Alle boligtyper,"Prisindeks for brukte boliger, sesongjustert"
006,00,SesJustBoligindeks,1994K4,,"Østfold, Buskerud, Vestfold og Telemark",Alle boligtyper,"Prisindeks for brukte boliger, sesongjustert"
006,00,SesJustBoligindeks,1995K1,,"Østfold, Buskerud, Vestfold og Telemark",Alle boligtyper,"Prisindeks for brukte boliger, sesongjustert"
006,00,SesJustBoligindeks,1995K2,,"Østfold, Buskerud, Vestfold og Telemark",Alle boligtyper,"Prisindeks for brukte boliger, sesongjustert"
006,00,SesJustBoligindeks,1995K3,,"Østfold, Buskerud, Vestfold og Telemark",Alle boligtyper,"Prisindeks for brukte boliger, sesongjustert"
006,00,SesJustBoligindeks,1995K4,,"Østfold, Buskerud, Vestfold og Telemark",Alle boligtyper,"Prisindeks for brukte boliger, sesongjustert"
006,00,SesJustBoligindeks,1996K1,,"Østfold, Buskerud, Vestfold og Telemark",Alle boligtyper,"Prisindeks for brukte boliger, sesongjustert"
006,00,SesJustBoligindeks,1996K2,,"Østfold, Buskerud, Vestfold og Telemark",Alle boligtyper,"Prisindeks for brukte boliger, sesongjustert"
006,00,SesJustBoligindeks,1996K3,,"Østfold, Buskerud, Vestfold og Telemark",Alle boligtyper,"Prisindeks for brukte boliger, sesongjustert"
006,00,SesJustBoligindeks,1996K4,,"Østfold, Buskerud, Vestfold og Telemark",Alle boligtyper,"Prisindeks for brukte boliger, sesongjustert"
006,00,SesJustBoligindeks,1997K1,,"Østfold, Buskerud, Vestfold og Telemark",Alle boligtyper,"Prisindeks for brukte boliger, sesongjustert"
006,00,SesJustBoligindeks,1997K2,,"Østfold, Buskerud, Vestfold og Telemark",Alle boligtyper,"Prisindeks for brukte boliger, sesongjustert"
006,00,SesJustBoligindeks,1997K3,,"Østfold, Buskerud, Vestfold og Telemark",Alle boligtyper,"Prisindeks for brukte boliger, sesongjustert"
006,00,SesJustBoligindeks,1997K4,,"Østfold, Buskerud, Vestfold og Telemark",Alle boligtyper,"Prisindeks for brukte boliger, sesongjustert"
006,00,SesJustBoligindeks,1998K1,,"Østfold, Buskerud, Vestfold og Telemark",Alle boligtyper,"Prisindeks for brukte boliger, sesongjustert"
006,00,SesJustBoligindeks,1998K2,,"Østfold, Buskerud, Vestfold og Telemark",Alle boligtyper,"Prisindeks for brukte boliger, sesongjustert"
006,00,SesJustBoligindeks,1998K3,,"Østfold, Buskerud, Vestfold og Telemark",Alle boligtyper,"Prisindeks for brukte boliger, sesongjustert"
006,00,SesJustBoligindeks,1998K4,,"Østfold, Buskerud, Vestfold og Telemark",Alle boligtyper,"Prisindeks for brukte boliger, sesongjustert"
006,00,SesJustBoligindeks,1999K1,,"Østfold, Buskerud, Vestfold og Telemark",Alle boligtyper,"Prisindeks for brukte boliger, sesongjustert"
006,00,SesJustBoligindeks,1999K2,,"Østfold, Buskerud, Vestfold og Telemark",Alle boligtyper,"Prisindeks for brukte boliger, sesongjustert"
006,00,SesJustBoligindeks,1999K3,,"Østfold, Buskerud, Vestfold og Telemark",Alle boligtyper,"Prisindeks for brukte boliger, sesongjustert"
006,00,SesJustBoligindeks,1999K4,,"Østfold, Buskerud, Vestfold og Telemark",Alle boligtyper,"Prisindeks for brukte boliger, sesongjustert"
006,00,SesJustBoligindeks,2000K1,,"Østfold, Buskerud, Vestfold og Telemark",Alle boligtyper,"Prisindeks for brukte boliger, sesongjustert"
006,00,SesJustBoligindeks,2000K2,,"Østfold, Buskerud, Vestfold og Telemark",Alle boligtyper,"Prisindeks for brukte boliger, sesongjustert"
006,00,SesJustBoligindeks,2000K3,,"Østfold, Buskerud, Vestfold og Telemark",Alle boligtyper,"Prisindeks for brukte boliger, sesongjustert"
006,00,SesJustBoligindeks,2000K4,,"Østfold, Buskerud, Vestfold og Telemark",Alle boligtyper,"Prisindeks for brukte boliger, sesongjustert"
006,00,SesJustBoligindeks,2001K1,,"Østfold, Buskerud, Vestfold og Telemark",Alle boligtyper,"Prisindeks for brukte boliger, sesongjustert"
006,00,SesJustBoligindeks,2001K2,,"Østfold, Buskerud, Vestfold og Telemark",Alle boligtyper,"Prisindeks for brukte boliger, sesongjustert"
006,00,SesJustBoligindeks,2001K3,,"Østfold, Buskerud, Vestfold og Telemark",Alle boligtyper,"Prisindeks for brukte boliger, sesongjustert"
006,00,SesJustBoligindeks,2001K4,,"Østfold, Buskerud, Vestfold og Telemark",Alle boligtyper,"Prisindeks for brukte boliger, sesongjustert"
006,00,SesJustBoligindeks,2002K1,,"Østfold, Buskerud, Vestfold og Telemark",Alle boligtyper,"Prisindeks for brukte boliger, sesongjustert"
006,00,SesJustBoligindeks,2002K2,,"Østfold, Buskerud, Vestfold og Telemark",Alle boligtyper,"Prisindeks for brukte boliger, sesongjustert"
006,00,SesJustBoligindeks,2002K3,,"Østfold, Buskerud, Vestfold og Telemark",Alle boligtyper,"Prisindeks for brukte boliger, sesongjustert"
006,00,SesJustBoligindeks,2002K4,,"Østfold, Buskerud, Vestfold og Telemark",Alle boligtyper,"Prisindeks for brukte boliger, sesongjustert"
006,00,SesJustBoligindeks,2003K1,,"Østfold, Buskerud, Vestfold og Telemark",Alle boligtyper,"Prisindeks for brukte boliger, sesongjustert"
006,00,SesJustBoligindeks,2003K2,,"Østfold, Buskerud, Vestfold og Telemark",Alle boligtyper,"Prisindeks for brukte boliger, sesongjustert"
006,00,SesJustBoligindeks,2003K3,,"Østfold, Buskerud, Vestfold og Telemark",Alle boligtyper,"Prisindeks for brukte boliger, sesongjustert"
006,00,SesJustBoligindeks,2003K4,,"Østfold, Buskerud, Vestfold og Telemark",Alle boligtyper,"Prisindeks for brukte boliger, sesongjustert"
006,00,SesJustBoligindeks,2004K1,,"Østfold, Buskerud, Vestfold og Telemark",Alle boligtyper,"Prisindeks for brukte boliger, sesongjustert"
006,00,SesJustBoligindeks,2004K2,,"Østfold, Buskerud, Vestfold og Telemark",Alle boligtyper,"Prisindeks for brukte boliger, sesongjustert"
006,00,SesJustBoligindeks,2004K3,,"Østfold, Buskerud, Vestfold og Telemark",Alle boligtyper,"Prisindeks for brukte boliger, sesongjustert"
006,00,SesJustBoligindeks,2004K4,,"Østfold, Buskerud, Vestfold og Telemark",Alle boligtyper,"Prisindeks for brukte boliger, sesongjustert"
006,00,SesJustBoligindeks,2005K1,57.4,"Østfold, Buskerud, Vestfold og Telemark",Alle boligtyper,"Prisindeks for brukte boliger, sesongjustert"
006,00,SesJustBoligindeks,2005K2,57.4,"Østfold, Buskerud, Vestfold og Telemark",Alle boligtyper,"Prisindeks for brukte boliger, sesongjustert"
006,00,SesJustBoligindeks,2005K3,57.7,"Østfold, Buskerud, Vestfold og Telemark",Alle boligtyper,"Prisindeks for brukte boliger, sesongjustert"
006,00,SesJustBoligindeks,2005K4,59.2,"Østfold, Buskerud, Vestfold og Telemark",Alle boligtyper,"Prisindeks for brukte boliger, sesongjustert"
006,00,SesJustBoligindeks,2006K1,60.7,"Østfold, Buskerud, Vestfold og Telemark",Alle boligtyper,"Prisindeks for brukte boliger, sesongjustert"
006,00,SesJustBoligindeks,2006K2,62.3,"Østfold, Buskerud, Vestfold og Telemark",Alle boligtyper,"Prisindeks for brukte boliger, sesongjustert"
006,00,SesJustBoligindeks,2006K3,64.5,"Østfold, Buskerud, Vestfold og Telemark",Alle boligtyper,"Prisindeks for brukte boliger, sesongjustert"
006,00,SesJustBoligindeks,2006K4,66.3,"Østfold, Buskerud, Vestfold og Telemark",Alle boligtyper,"Prisindeks for brukte boliger, sesongjustert"
006,00,SesJustBoligindeks,2007K1,68.4,"Østfold, Buskerud, Vestfold og Telemark",Alle boligtyper,"Prisindeks for brukte boliger, sesongjustert"
006,00,SesJustBoligindeks,2007K2,70.6,"Østfold, Buskerud, Vestfold og Telemark",Alle boligtyper,"Prisindeks for brukte boliger, sesongjustert"
006,00,SesJustBoligindeks,2007K3,72.1,"Østfold, Buskerud, Vestfold og Telemark",Alle boligtyper,"Prisindeks for brukte boliger, sesongjustert"
006,00,SesJustBoligindeks,2007K4,72.6,"Østfold, Buskerud, Vestfold og Telemark",Alle boligtyper,"Prisindeks for brukte boliger, sesongjustert"
006,00,SesJustBoligindeks,2008K1,73.1,"Østfold, Buskerud, Vestfold og Telemark",Alle boligtyper,"Prisindeks for brukte boliger, sesongjustert"
006,00,SesJustBoligindeks,2008K2,72.0,"Østfold, Buskerud, Vestfold og Telemark",Alle boligtyper,"Prisindeks for brukte boliger, sesongjustert"
006,00,SesJustBoligindeks,2008K3,71.5,"Østfold, Buskerud, Vestfold og Telemark",Alle boligtyper,"Prisindeks for brukte boliger, sesongjustert"
006,00,SesJustBoligindeks,2008K4,68.9,"Østfold, Buskerud, Vestfold og Telemark",Alle boligtyper,"Prisindeks for brukte boliger, sesongjustert"
006,00,SesJustBoligindeks,2009K1,69.7,"Østfold, Buskerud, Vestfold og Telemark",Alle boligtyper,"Prisindeks for brukte boliger, sesongjustert"
006,00,SesJustBoligindeks,2009K2,71.4,"Østfold, Buskerud, Vestfold og Telemark",Alle boligtyper,"Prisindeks for brukte boliger, sesongjustert"
006,00,SesJustBoligindeks,2009K3,73.5,"Østfold, Buskerud, Vestfold og Telemark",Alle boligtyper,"Prisindeks for brukte boliger, sesongjustert"
006,00,SesJustBoligindeks,2009K4,74.7,"Østfold, Buskerud, Vestfold og Telemark",Alle boligtyper,"Prisindeks for brukte boliger, sesongjustert"
006,00,SesJustBoligindeks,2010K1,76.2,"Østfold, Buskerud, Vestfold og Telemark",Alle boligtyper,"Prisindeks for brukte boliger, sesongjustert"
006,00,SesJustBoligindeks,2010K2,76.9,"Østfold, Buskerud, Vestfold og Telemark",Alle boligtyper,"Prisindeks for brukte boliger, sesongjustert"
006,00,SesJustBoligindeks,2010K3,77.4,"Østfold, Buskerud, Vestfold og Telemark",Alle boligtyper,"Prisindeks for brukte boliger, sesongjustert"
006,00,SesJustBoligindeks,2010K4,78.7,"Østfold, Buskerud, Vestfold og Telemark",Alle boligtyper,"Prisindeks for brukte boliger, sesongjustert"
006,00,SesJustBoligindeks,2011K1,79.8,"Østfold, Buskerud, Vestfold og Telemark",Alle boligtyper,"Prisindeks for brukte boliger, sesongjustert"
006,00,SesJustBoligindeks,2011K2,81.6,"Østfold, Buskerud, Vestfold og Telemark",Alle boligtyper,"Prisindeks for brukte boliger, sesongjustert"
006,00,SesJustBoligindeks,2011K3,82.9,"Østfold, Buskerud, Vestfold og Telemark",Alle boligtyper,"Prisindeks for brukte boliger, sesongjustert"
006,00,SesJustBoligindeks,2011K4,84.1,"Østfold, Buskerud, Vestfold og Telemark",Alle boligtyper,"Prisindeks for brukte boliger, sesongjustert"
006,00,SesJustBoligindeks,2012K1,85.4,"Østfold, Buskerud, Vestfold og Telemark",Alle boligtyper,"Prisindeks for brukte boliger, sesongjustert"
006,00,SesJustBoligindeks,2012K2,86.8,"Østfold, Buskerud, Vestfold og Telemark",Alle boligtyper,"Prisindeks for brukte boliger, sesongjustert"
006,00,SesJustBoligindeks,2012K3,87.7,"Østfold, Buskerud, Vestfold og Telemark",Alle boligtyper,"Prisindeks for brukte boliger, sesongjustert"
006,00,SesJustBoligindeks,2012K4,89.3,"Østfold, Buskerud, Vestfold og Telemark",Alle boligtyper,"Prisindeks for brukte boliger, sesongjustert"
006,00,SesJustBoligindeks,2013K1,89.9,"Østfold, Buskerud, Vestfold og Telemark",Alle boligtyper,"Prisindeks for brukte boliger, sesongjustert"
006,00,SesJustBoligindeks,2013K2,90.8,"Østfold, Buskerud, Vestfold og Telemark",Alle boligtyper,"Prisindeks for brukte boliger, sesongjustert"
006,00,SesJustBoligindeks,2013K3,91.2,"Østfold, Buskerud, Vestfold og Telemark",Alle boligtyper,"Prisindeks for brukte boliger, sesongjustert"
006,00,SesJustBoligindeks,2013K4,91.3,"Østfold, Buskerud, Vestfold og Telemark",Alle boligtyper,"Prisindeks for brukte boliger, sesongjustert"
006,00,SesJustBoligindeks,2014K1,92.2,"Østfold, Buskerud, Vestfold og Telemark",Alle boligtyper,"Prisindeks for brukte boliger, sesongjustert"
006,00,SesJustBoligindeks,2014K2,92.2,"Østfold, Buskerud, Vestfold og Telemark",Alle boligtyper,"Prisindeks for brukte boliger, sesongjustert"
006,00,SesJustBoligindeks,2014K3,94.6,"Østfold, Buskerud, Vestfold og Telemark",Alle boligtyper,"Prisindeks for brukte boliger, sesongjustert"
006,00,SesJustBoligindeks,2014K4,95.8,"Østfold, Buskerud, Vestfold og Telemark",Alle boligtyper,"Prisindeks for brukte boliger, sesongjustert"
006,00,SesJustBoligindeks,2015K1,98.1,"Østfold, Buskerud, Vestfold og Telemark",Alle boligtyper,"Prisindeks for brukte boliger, sesongjustert"
006,00,SesJustBoligindeks,2015K2,99.3,"Østfold, Buskerud, Vestfold og Telemark",Alle boligtyper,"Prisindeks for brukte boliger, sesongjustert"
006,00,SesJustBoligindeks,2015K3,100.7,"Østfold, Buskerud, Vestfold og Telemark",Alle boligtyper,"Prisindeks for brukte boliger, sesongjustert"
006,00,SesJustBoligindeks,2015K4,102.0,"Østfold, Buskerud, Vestfold og Telemark",Alle boligtyper,"Prisindeks for brukte boliger, sesongjustert"
006,00,SesJustBoligindeks,2016K1,103.5,"Østfold, Buskerud, Vestfold og Telemark",Alle boligtyper,"Prisindeks for brukte boliger, sesongjustert"
006,00,SesJustBoligindeks,2016K2,105.9,"Østfold, Buskerud, Vestfold og Telemark",Alle boligtyper,"Prisindeks for brukte boliger, sesongjustert"
006,00,SesJustBoligindeks,2016K3,109.0,"Østfold, Buskerud, Vestfold og Telemark",Alle boligtyper,"Prisindeks for brukte boliger, sesongjustert"
006,00,SesJustBoligindeks,2016K4,111.7,"Østfold, Buskerud, Vestfold og Telemark",Alle boligtyper,"Prisindeks for brukte boliger, sesongjustert"
006,00,SesJustBoligindeks,2017K1,112.3,"Østfold, Buskerud, Vestfold og Telemark",Alle boligtyper,"Prisindeks for brukte boliger, sesongjustert"
006,00,SesJustBoligindeks,2017K2,111.3,"Østfold, Buskerud, Vestfold og Telemark",Alle boligtyper,"Prisindeks for brukte boliger, sesongjustert"
006,00,SesJustBoligindeks,2017K3,112.1,"Østfold, Buskerud, Vestfold og Telemark",Alle boligtyper,"Prisindeks for brukte boliger, sesongjustert"
006,00,SesJustBoligindeks,2017K4,114.9,"Østfold, Buskerud, Vestfold og Telemark",Alle boligtyper,"Prisindeks for brukte boliger, sesongjustert"
006,00,SesJustBoligindeks,2018K1,115.0,"Østfold, Buskerud, Vestfold og Telemark",Alle boligtyper,"Prisindeks for brukte boliger, sesongjustert"
006,00,SesJustBoligindeks,2018K2,116.9,"Østfold, Buskerud, Vestfold og Telemark",Alle boligtyper,"Prisindeks for brukte boliger, sesongjustert"
006,00,SesJustBoligindeks,2018K3,117.6,"Østfold, Buskerud, Vestfold og Telemark",Alle boligtyper,"Prisindeks for brukte boliger, sesongjustert"
006,00,SesJustBoligindeks,2018K4,118.4,"Østfold, Buskerud, Vestfold og Telemark",Alle boligtyper,"Prisindeks for brukte boliger, sesongjustert"
006,00,SesJustBoligindeks,2019K1,120.7,"Østfold, Buskerud, Vestfold og Telemark",Alle boligtyper,"Prisindeks for brukte boliger, sesongjustert"
006,00,SesJustBoligindeks,2019K2,119.8,"Østfold, Buskerud, Vestfold og Telemark",Alle boligtyper,"Prisindeks for brukte boliger, sesongjustert"
006,00,SesJustBoligindeks,2019K3,121.2,"Østfold, Buskerud, Vestfold og Telemark",Alle boligtyper,"Prisindeks for brukte boliger, sesongjustert"
006,00,SesJustBoligindeks,2019K4,121.9,"Østfold, Buskerud, Vestfold og Telemark",Alle boligtyper,"Prisindeks for brukte boliger, sesongjustert"
006,00,SesJustBoligindeks,2020K1,122.7,"Østfold, Buskerud, Vestfold og Telemark",Alle boligtyper,"Prisindeks for brukte boliger, sesongjustert"
006,00,SesJustBoligindeks,2020K2,125.0,"Østfold, Buskerud, Vestfold og Telemark",Alle boligtyper,"Prisindeks for brukte boliger, sesongjustert"
006,00,SesJustBoligindeks,2020K3,129.4,"Østfold, Buskerud, Vestfold og Telemark",Alle boligtyper,"Prisindeks for brukte boliger, sesongjustert"
006,00,SesJustBoligindeks,2020K4,134.7,"Østfold, Buskerud, Vestfold og Telemark",Alle boligtyper,"Prisindeks for brukte boliger, sesongjustert"
006,00,SesJustBoligindeks,2021K1,138.8,"Østfold, Buskerud, Vestfold og Telemark",Alle boligtyper,"Prisindeks for brukte boliger, sesongjustert"
006,00,SesJustBoligindeks,2021K2,143.2,"Østfold, Buskerud, Vestfold og Telemark",Alle boligtyper,"Prisindeks for brukte boliger, sesongjustert"
006,00,SesJustBoligindeks,2021K3,145.3,"Østfold, Buskerud, Vestfold og Telemark",Alle boligtyper,"Prisindeks for brukte boliger, sesongjustert"
006,00,SesJustBoligindeks,2021K4,147.4,"Østfold, Buskerud, Vestfold og Telemark",Alle boligtyper,"Prisindeks for brukte boliger, sesongjustert"
006,00,SesJustBoligindeks,2022K1,150.6,"Østfold, Buskerud, Vestfold og Telemark",Alle boligtyper,"Prisindeks for brukte boliger, sesongjustert"
006,00,SesJustBoligindeks,2022K2,152.9,"Østfold, Buskerud, Vestfold og Telemark",Alle boligtyper,"Prisindeks for brukte boliger, sesongjustert"
006,00,SesJustBoligindeks,2022K3,152.8,"Østfold, Buskerud, Vestfold og Telemark",Alle boligtyper,"Prisindeks for brukte boliger, sesongjustert"
006,00,SesJustBoligindeks,2022K4,150.1,"Østfold, Buskerud, Vestfold og Telemark",Alle boligtyper,"Prisindeks for brukte boliger, sesongjustert"
006,00,SesJustBoligindeks,2023K1,148.8,"Østfold, Buskerud, Vestfold og Telemark",Alle boligtyper,"Prisindeks for brukte boliger, sesongjustert"
006,00,SesJustBoligindeks,2023K2,150.6,"Østfold, Buskerud, Vestfold og Telemark",Alle boligtyper,"Prisindeks for brukte boliger, sesongjustert"
006,00,SesJustBoligindeks,2023K3,148.7,"Østfold, Buskerud, Vestfold og Telemark",Alle boligtyper,"Prisindeks for brukte boliger, sesongjustert"
006,00,SesJustBoligindeks,2023K4,148.2,"Østfold, Buskerud, Vestfold og Telemark",Alle boligtyper,"Prisindeks for brukte boliger, sesongjustert"
006,00,SesJustBoligindeks,2024K1,150.0,"Østfold, Buskerud, Vestfold og Telemark",Alle boligtyper,"Prisindeks for brukte boliger, sesongjustert"
006,00,SesJustBoligindeks,2024K2,150.8,"Østfold, Buskerud, Vestfold og Telemark",Alle boligtyper,"Prisindeks for brukte boliger, sesongjustert"
006,00,SesJustBoligindeks,2024K3,151.0,"Østfold, Buskerud, Vestfold og Telemark",Alle boligtyper,"Prisindeks for brukte boliger, sesongjustert"
006,00,SesJustBoligindeks,2024K4,152.6,"Østfold, Buskerud, Vestfold og Telemark",Alle boligtyper,"Prisindeks for brukte boliger, sesongjustert"
006,00,SesJustBoligindeks,2025K1,155.4,"Østfold, Buskerud, Vestfold og Telemark",Alle boligtyper,"Prisindeks for brukte boliger, sesongjustert"
006,00,SesJustBoligindeks,2025K2,153.6,"Østfold, Buskerud, Vestfold og Telemark",Alle boligtyper,"Prisindeks for brukte boliger, sesongjustert"
006,00,SesJustBoligindeks,2025K3,155.5,"Østfold, Buskerud, Vestfold og Telemark",Alle boligtyper,"Prisindeks for brukte boliger, sesongjustert"
006,00,SesJustBoligindeks,2025K4,158.1,"Østfold, Buskerud, Vestfold og Telemark",Alle boligtyper,"Prisindeks for brukte boliger, sesongjustert"
006,00,SesJustBoligindeks,2026K1,156.9,"Østfold, Buskerud, Vestfold og Telemark",Alle boligtyper,"Prisindeks for brukte boliger, sesongjustert"
006,00,SesJustBoligindeks,2026K2,157.0,"Østfold, Buskerud, Vestfold og Telemark",Alle boligtyper,"Prisindeks for brukte boliger, sesongjustert"
007,00,Boligindeks,1992K1,0.0,Innlandet,Alle boligtyper,Prisindeks for brukte boliger
007,00,Boligindeks,1992K2,0.0,Innlandet,Alle boligtyper,Prisindeks for brukte boliger
007,00,Boligindeks,1992K3,0.0,Innlandet,Alle boligtyper,Prisindeks for brukte boliger
007,00,Boligindeks,1992K4,0.0,Innlandet,Alle boligtyper,Prisindeks for brukte boliger
007,00,Boligindeks,1993K1,0.0,Innlandet,Alle boligtyper,Prisindeks for brukte boliger
007,00,Boligindeks,1993K2,0.0,Innlandet,Alle boligtyper,Prisindeks for brukte boliger
007,00,Boligindeks,1993K3,0.0,Innlandet,Alle boligtyper,Prisindeks for brukte boliger
007,00,Boligindeks,1993K4,0.0,Innlandet,Alle boligtyper,Prisindeks for brukte boliger
007,00,Boligindeks,1994K1,0.0,Innlandet,Alle boligtyper,Prisindeks for brukte boliger
007,00,Boligindeks,1994K2,0.0,Innlandet,Alle boligtyper,Prisindeks for brukte boliger
007,00,Boligindeks,1994K3,0.0,Innlandet,Alle boligtyper,Prisindeks for brukte boliger
007,00,Boligindeks,1994K4,0.0,Innlandet,Alle boligtyper,Prisindeks for brukte boliger
007,00,Boligindeks,1995K1,0.0,Innlandet,Alle boligtyper,Prisindeks for brukte boliger
007,00,Boligindeks,1995K2,0.0,Innlandet,Alle boligtyper,Prisindeks for brukte boliger
007,00,Boligindeks,1995K3,0.0,Innlandet,Alle boligtyper,Prisindeks for brukte boliger
007,00,Boligindeks,1995K4,0.0,Innlandet,Alle boligtyper,Prisindeks for brukte boliger
007,00,Boligindeks,1996K1,0.0,Innlandet,Alle boligtyper,Prisindeks for brukte boliger
007,00,Boligindeks,1996K2,0.0,Innlandet,Alle boligtyper,Prisindeks for brukte boliger
007,00,Boligindeks,1996K3,0.0,Innlandet,Alle boligtyper,Prisindeks for brukte boliger
007,00,Boligindeks,1996K4,0.0,Innlandet,Alle boligtyper,Prisindeks for brukte boliger
007,00,Boligindeks,1997K1,0.0,Innlandet,Alle boligtyper,Prisindeks for brukte boliger
007,00,Boligindeks,1997K2,0.0,Innlandet,Alle boligtyper,Prisindeks for brukte boliger
007,00,Boligindeks,1997K3,0.0,Innlandet,Alle boligtyper,Prisindeks for brukte boliger
007,00,Boligindeks,1997K4,0.0,Innlandet,Alle boligtyper,Prisindeks for brukte boliger
007,00,Boligindeks,1998K1,0.0,Innlandet,Alle boligtyper,Prisindeks for brukte boliger
007,00,Boligindeks,1998K2,0.0,Innlandet,Alle boligtyper,Prisindeks for brukte boliger
007,00,Boligindeks,1998K3,0.0,Innlandet,Alle boligtyper,Prisindeks for brukte boliger
007,00,Boligindeks,1998K4,0.0,Innlandet,Alle boligtyper,Prisindeks for brukte boliger
007,00,Boligindeks,1999K1,0.0,Innlandet,Alle boligtyper,Prisindeks for brukte boliger
007,00,Boligindeks,1999K2,0.0,Innlandet,Alle boligtyper,Prisindeks for brukte boliger
007,00,Boligindeks,1999K3,0.0,Innlandet,Alle boligtyper,Prisindeks for brukte boliger
007,00,Boligindeks,1999K4,0.0,Innlandet,Alle boligtyper,Prisindeks for brukte boliger
007,00,Boligindeks,2000K1,0.0,Innlandet,Alle boligtyper,Prisindeks for brukte boliger
007,00,Boligindeks,2000K2,0.0,Innlandet,Alle boligtyper,Prisindeks for brukte boliger
007,00,Boligindeks,2000K3,0.0,Innlandet,Alle boligtyper,Prisindeks for brukte boliger
007,00,Boligindeks,2000K4,0.0,Innlandet,Alle boligtyper,Prisindeks for brukte boliger
007,00,Boligindeks,2001K1,0.0,Innlandet,Alle boligtyper,Prisindeks for brukte boliger
007,00,Boligindeks,2001K2,0.0,Innlandet,Alle boligtyper,Prisindeks for brukte boliger
007,00,Boligindeks,2001K3,0.0,Innlandet,Alle boligtyper,Prisindeks for brukte boliger
007,00,Boligindeks,2001K4,0.0,Innlandet,Alle boligtyper,Prisindeks for brukte boliger
007,00,Boligindeks,2002K1,0.0,Innlandet,Alle boligtyper,Prisindeks for brukte boliger
007,00,Boligindeks,2002K2,0.0,Innlandet,Alle boligtyper,Prisindeks for brukte boliger
007,00,Boligindeks,2002K3,0.0,Innlandet,Alle boligtyper,Prisindeks for brukte boliger
007,00,Boligindeks,2002K4,0.0,Innlandet,Alle boligtyper,Prisindeks for brukte boliger
007,00,Boligindeks,2003K1,0.0,Innlandet,Alle boligtyper,Prisindeks for brukte boliger
007,00,Boligindeks,2003K2,0.0,Innlandet,Alle boligtyper,Prisindeks for brukte boliger
007,00,Boligindeks,2003K3,0.0,Innlandet,Alle boligtyper,Prisindeks for brukte boliger
007,00,Boligindeks,2003K4,0.0,Innlandet,Alle boligtyper,Prisindeks for brukte boliger
007,00,Boligindeks,2004K1,0.0,Innlandet,Alle boligtyper,Prisindeks for brukte boliger
007,00,Boligindeks,2004K2,0.0,Innlandet,Alle boligtyper,Prisindeks for brukte boliger
007,00,Boligindeks,2004K3,0.0,Innlandet,Alle boligtyper,Prisindeks for brukte boliger
007,00,Boligindeks,2004K4,0.0,Innlandet,Alle boligtyper,Prisindeks for brukte boliger
007,00,Boligindeks,2005K1,58.3,Innlandet,Alle boligtyper,Prisindeks for brukte boliger
007,00,Boligindeks,2005K2,61.9,Innlandet,Alle boligtyper,Prisindeks for brukte boliger
007,00,Boligindeks,2005K3,61.1,Innlandet,Alle boligtyper,Prisindeks for brukte boliger
007,00,Boligindeks,2005K4,60.0,Innlandet,Alle boligtyper,Prisindeks for brukte boliger
007,00,Boligindeks,2006K1,64.4,Innlandet,Alle boligtyper,Prisindeks for brukte boliger
007,00,Boligindeks,2006K2,67.7,Innlandet,Alle boligtyper,Prisindeks for brukte boliger
007,00,Boligindeks,2006K3,67.1,Innlandet,Alle boligtyper,Prisindeks for brukte boliger
007,00,Boligindeks,2006K4,65.2,Innlandet,Alle boligtyper,Prisindeks for brukte boliger
007,00,Boligindeks,2007K1,70.6,Innlandet,Alle boligtyper,Prisindeks for brukte boliger
007,00,Boligindeks,2007K2,74.5,Innlandet,Alle boligtyper,Prisindeks for brukte boliger
007,00,Boligindeks,2007K3,73.5,Innlandet,Alle boligtyper,Prisindeks for brukte boliger
007,00,Boligindeks,2007K4,70.2,Innlandet,Alle boligtyper,Prisindeks for brukte boliger
007,00,Boligindeks,2008K1,73.2,Innlandet,Alle boligtyper,Prisindeks for brukte boliger
007,00,Boligindeks,2008K2,75.7,Innlandet,Alle boligtyper,Prisindeks for brukte boliger
007,00,Boligindeks,2008K3,72.9,Innlandet,Alle boligtyper,Prisindeks for brukte boliger
007,00,Boligindeks,2008K4,68.3,Innlandet,Alle boligtyper,Prisindeks for brukte boliger
007,00,Boligindeks,2009K1,71.8,Innlandet,Alle boligtyper,Prisindeks for brukte boliger
007,00,Boligindeks,2009K2,74.7,Innlandet,Alle boligtyper,Prisindeks for brukte boliger
007,00,Boligindeks,2009K3,75.3,Innlandet,Alle boligtyper,Prisindeks for brukte boliger
007,00,Boligindeks,2009K4,75.0,Innlandet,Alle boligtyper,Prisindeks for brukte boliger
007,00,Boligindeks,2010K1,78.6,Innlandet,Alle boligtyper,Prisindeks for brukte boliger
007,00,Boligindeks,2010K2,80.8,Innlandet,Alle boligtyper,Prisindeks for brukte boliger
007,00,Boligindeks,2010K3,79.6,Innlandet,Alle boligtyper,Prisindeks for brukte boliger
007,00,Boligindeks,2010K4,77.4,Innlandet,Alle boligtyper,Prisindeks for brukte boliger
007,00,Boligindeks,2011K1,82.6,Innlandet,Alle boligtyper,Prisindeks for brukte boliger
007,00,Boligindeks,2011K2,85.4,Innlandet,Alle boligtyper,Prisindeks for brukte boliger
007,00,Boligindeks,2011K3,84.2,Innlandet,Alle boligtyper,Prisindeks for brukte boliger
007,00,Boligindeks,2011K4,81.1,Innlandet,Alle boligtyper,Prisindeks for brukte boliger
007,00,Boligindeks,2012K1,85.9,Innlandet,Alle boligtyper,Prisindeks for brukte boliger
007,00,Boligindeks,2012K2,89.1,Innlandet,Alle boligtyper,Prisindeks for brukte boliger
007,00,Boligindeks,2012K3,88.4,Innlandet,Alle boligtyper,Prisindeks for brukte boliger
007,00,Boligindeks,2012K4,86.6,Innlandet,Alle boligtyper,Prisindeks for brukte boliger
007,00,Boligindeks,2013K1,87.5,Innlandet,Alle boligtyper,Prisindeks for brukte boliger
007,00,Boligindeks,2013K2,94.2,Innlandet,Alle boligtyper,Prisindeks for brukte boliger
007,00,Boligindeks,2013K3,93.2,Innlandet,Alle boligtyper,Prisindeks for brukte boliger
007,00,Boligindeks,2013K4,87.3,Innlandet,Alle boligtyper,Prisindeks for brukte boliger
007,00,Boligindeks,2014K1,92.5,Innlandet,Alle boligtyper,Prisindeks for brukte boliger
007,00,Boligindeks,2014K2,96.9,Innlandet,Alle boligtyper,Prisindeks for brukte boliger
007,00,Boligindeks,2014K3,93.9,Innlandet,Alle boligtyper,Prisindeks for brukte boliger
007,00,Boligindeks,2014K4,94.1,Innlandet,Alle boligtyper,Prisindeks for brukte boliger
007,00,Boligindeks,2015K1,98.5,Innlandet,Alle boligtyper,Prisindeks for brukte boliger
007,00,Boligindeks,2015K2,102.3,Innlandet,Alle boligtyper,Prisindeks for brukte boliger
007,00,Boligindeks,2015K3,100.4,Innlandet,Alle boligtyper,Prisindeks for brukte boliger
007,00,Boligindeks,2015K4,98.9,Innlandet,Alle boligtyper,Prisindeks for brukte boliger
007,00,Boligindeks,2016K1,101.1,Innlandet,Alle boligtyper,Prisindeks for brukte boliger
007,00,Boligindeks,2016K2,107.2,Innlandet,Alle boligtyper,Prisindeks for brukte boliger
007,00,Boligindeks,2016K3,109.3,Innlandet,Alle boligtyper,Prisindeks for brukte boliger
007,00,Boligindeks,2016K4,105.4,Innlandet,Alle boligtyper,Prisindeks for brukte boliger
007,00,Boligindeks,2017K1,111.5,Innlandet,Alle boligtyper,Prisindeks for brukte boliger
007,00,Boligindeks,2017K2,116.0,Innlandet,Alle boligtyper,Prisindeks for brukte boliger
007,00,Boligindeks,2017K3,114.3,Innlandet,Alle boligtyper,Prisindeks for brukte boliger
007,00,Boligindeks,2017K4,112.1,Innlandet,Alle boligtyper,Prisindeks for brukte boliger
007,00,Boligindeks,2018K1,114.5,Innlandet,Alle boligtyper,Prisindeks for brukte boliger
007,00,Boligindeks,2018K2,118.8,Innlandet,Alle boligtyper,Prisindeks for brukte boliger
007,00,Boligindeks,2018K3,119.4,Innlandet,Alle boligtyper,Prisindeks for brukte boliger
007,00,Boligindeks,2018K4,114.5,Innlandet,Alle boligtyper,Prisindeks for brukte boliger
007,00,Boligindeks,2019K1,118.5,Innlandet,Alle boligtyper,Prisindeks for brukte boliger
007,00,Boligindeks,2019K2,122.5,Innlandet,Alle boligtyper,Prisindeks for brukte boliger
007,00,Boligindeks,2019K3,119.4,Innlandet,Alle boligtyper,Prisindeks for brukte boliger
007,00,Boligindeks,2019K4,114.6,Innlandet,Alle boligtyper,Prisindeks for brukte boliger
007,00,Boligindeks,2020K1,119.2,Innlandet,Alle boligtyper,Prisindeks for brukte boliger
007,00,Boligindeks,2020K2,123.8,Innlandet,Alle boligtyper,Prisindeks for brukte boliger
007,00,Boligindeks,2020K3,125.8,Innlandet,Alle boligtyper,Prisindeks for brukte boliger
007,00,Boligindeks,2020K4,119.8,Innlandet,Alle boligtyper,Prisindeks for brukte boliger
007,00,Boligindeks,2021K1,131.5,Innlandet,Alle boligtyper,Prisindeks for brukte boliger
007,00,Boligindeks,2021K2,139.5,Innlandet,Alle boligtyper,Prisindeks for brukte boliger
007,00,Boligindeks,2021K3,135.8,Innlandet,Alle boligtyper,Prisindeks for brukte boliger
007,00,Boligindeks,2021K4,130.9,Innlandet,Alle boligtyper,Prisindeks for brukte boliger
007,00,Boligindeks,2022K1,139.9,Innlandet,Alle boligtyper,Prisindeks for brukte boliger
007,00,Boligindeks,2022K2,143.8,Innlandet,Alle boligtyper,Prisindeks for brukte boliger
007,00,Boligindeks,2022K3,143.8,Innlandet,Alle boligtyper,Prisindeks for brukte boliger
007,00,Boligindeks,2022K4,134.6,Innlandet,Alle boligtyper,Prisindeks for brukte boliger
007,00,Boligindeks,2023K1,138.7,Innlandet,Alle boligtyper,Prisindeks for brukte boliger
007,00,Boligindeks,2023K2,143.7,Innlandet,Alle boligtyper,Prisindeks for brukte boliger
007,00,Boligindeks,2023K3,138.2,Innlandet,Alle boligtyper,Prisindeks for brukte boliger
007,00,Boligindeks,2023K4,133.4,Innlandet,Alle boligtyper,Prisindeks for brukte boliger
007,00,Boligindeks,2024K1,139.6,Innlandet,Alle boligtyper,Prisindeks for brukte boliger
007,00,Boligindeks,2024K2,143.6,Innlandet,Alle boligtyper,Prisindeks for brukte boliger
007,00,Boligindeks,2024K3,137.9,Innlandet,Alle boligtyper,Prisindeks for brukte boliger
007,00,Boligindeks,2024K4,133.7,Innlandet,Alle boligtyper,Prisindeks for brukte boliger
007,00,Boligindeks,2025K1,143.3,Innlandet,Alle boligtyper,Prisindeks for brukte boliger
007,00,Boligindeks,2025K2,149.1,Innlandet,Alle boligtyper,Prisindeks for brukte boliger
007,00,Boligindeks,2025K3,144.4,Innlandet,Alle boligtyper,Prisindeks for brukte boliger
007,00,Boligindeks,2025K4,142.8,Innlandet,Alle boligtyper,Prisindeks for brukte boliger
007,00,Boligindeks,2026K1,144.4,Innlandet,Alle boligtyper,Prisindeks for brukte boliger
007,00,Boligindeks,2026K2,151.5,Innlandet,Alle boligtyper,Prisindeks for brukte boliger
007,00,SesJustBoligindeks,1992K1,,Innlandet,Alle boligtyper,"Prisindeks for brukte boliger, sesongjustert"
007,00,SesJustBoligindeks,1992K2,,Innlandet,Alle boligtyper,"Prisindeks for brukte boliger, sesongjustert"
007,00,SesJustBoligindeks,1992K3,,Innlandet,Alle boligtyper,"Prisindeks for brukte boliger, sesongjustert"
007,00,SesJustBoligindeks,1992K4,,Innlandet,Alle boligtyper,"Prisindeks for brukte boliger, sesongjustert"
007,00,SesJustBoligindeks,1993K1,,Innlandet,Alle boligtyper,"Prisindeks for brukte boliger, sesongjustert"
007,00,SesJustBoligindeks,1993K2,,Innlandet,Alle boligtyper,"Prisindeks for brukte boliger, sesongjustert"
007,00,SesJustBoligindeks,1993K3,,Innlandet,Alle boligtyper,"Prisindeks for brukte boliger, sesongjustert"
007,00,SesJustBoligindeks,1993K4,,Innlandet,Alle boligtyper,"Prisindeks for brukte boliger, sesongjustert"
007,00,SesJustBoligindeks,1994K1,,Innlandet,Alle boligtyper,"Prisindeks for brukte boliger, sesongjustert"
007,00,SesJustBoligindeks,1994K2,,Innlandet,Alle boligtyper,"Prisindeks for brukte boliger, sesongjustert"
007,00,SesJustBoligindeks,1994K3,,Innlandet,Alle boligtyper,"Prisindeks for brukte boliger, sesongjustert"
007,00,SesJustBoligindeks,1994K4,,Innlandet,Alle boligtyper,"Prisindeks for brukte boliger, sesongjustert"
007,00,SesJustBoligindeks,1995K1,,Innlandet,Alle boligtyper,"Prisindeks for brukte boliger, sesongjustert"
007,00,SesJustBoligindeks,1995K2,,Innlandet,Alle boligtyper,"Prisindeks for brukte boliger, sesongjustert"
007,00,SesJustBoligindeks,1995K3,,Innlandet,Alle boligtyper,"Prisindeks for brukte boliger, sesongjustert"
007,00,SesJustBoligindeks,1995K4,,Innlandet,Alle boligtyper,"Prisindeks for brukte boliger, sesongjustert"
007,00,SesJustBoligindeks,1996K1,,Innlandet,Alle boligtyper,"Prisindeks for brukte boliger, sesongjustert"
007,00,SesJustBoligindeks,1996K2,,Innlandet,Alle boligtyper,"Prisindeks for brukte boliger, sesongjustert"
007,00,SesJustBoligindeks,1996K3,,Innlandet,Alle boligtyper,"Prisindeks for brukte boliger, sesongjustert"
007,00,SesJustBoligindeks,1996K4,,Innlandet,Alle boligtyper,"Prisindeks for brukte boliger, sesongjustert"
007,00,SesJustBoligindeks,1997K1,,Innlandet,Alle boligtyper,"Prisindeks for brukte boliger, sesongjustert"
007,00,SesJustBoligindeks,1997K2,,Innlandet,Alle boligtyper,"Prisindeks for brukte boliger, sesongjustert"
007,00,SesJustBoligindeks,1997K3,,Innlandet,Alle boligtyper,"Prisindeks for brukte boliger, sesongjustert"
007,00,SesJustBoligindeks,1997K4,,Innlandet,Alle boligtyper,"Prisindeks for brukte boliger, sesongjustert"
007,00,SesJustBoligindeks,1998K1,,Innlandet,Alle boligtyper,"Prisindeks for brukte boliger, sesongjustert"
007,00,SesJustBoligindeks,1998K2,,Innlandet,Alle boligtyper,"Prisindeks for brukte boliger, sesongjustert"
007,00,SesJustBoligindeks,1998K3,,Innlandet,Alle boligtyper,"Prisindeks for brukte boliger, sesongjustert"
007,00,SesJustBoligindeks,1998K4,,Innlandet,Alle boligtyper,"Prisindeks for brukte boliger, sesongjustert"
007,00,SesJustBoligindeks,1999K1,,Innlandet,Alle boligtyper,"Prisindeks for brukte boliger, sesongjustert"
007,00,SesJustBoligindeks,1999K2,,Innlandet,Alle boligtyper,"Prisindeks for brukte boliger, sesongjustert"
007,00,SesJustBoligindeks,1999K3,,Innlandet,Alle boligtyper,"Prisindeks for brukte boliger, sesongjustert"
007,00,SesJustBoligindeks,1999K4,,Innlandet,Alle boligtyper,"Prisindeks for brukte boliger, sesongjustert"
007,00,SesJustBoligindeks,2000K1,,Innlandet,Alle boligtyper,"Prisindeks for brukte boliger, sesongjustert"
007,00,SesJustBoligindeks,2000K2,,Innlandet,Alle boligtyper,"Prisindeks for brukte boliger, sesongjustert"
007,00,SesJustBoligindeks,2000K3,,Innlandet,Alle boligtyper,"Prisindeks for brukte boliger, sesongjustert"
007,00,SesJustBoligindeks,2000K4,,Innlandet,Alle boligtyper,"Prisindeks for brukte boliger, sesongjustert"
007,00,SesJustBoligindeks,2001K1,,Innlandet,Alle boligtyper,"Prisindeks for brukte boliger, sesongjustert"
007,00,SesJustBoligindeks,2001K2,,Innlandet,Alle boligtyper,"Prisindeks for brukte boliger, sesongjustert"
007,00,SesJustBoligindeks,2001K3,,Innlandet,Alle boligtyper,"Prisindeks for brukte boliger, sesongjustert"
007,00,SesJustBoligindeks,2001K4,,Innlandet,Alle boligtyper,"Prisindeks for brukte boliger, sesongjustert"
007,00,SesJustBoligindeks,2002K1,,Innlandet,Alle boligtyper,"Prisindeks for brukte boliger, sesongjustert"
007,00,SesJustBoligindeks,2002K2,,Innlandet,Alle boligtyper,"Prisindeks for brukte boliger, sesongjustert"
007,00,SesJustBoligindeks,2002K3,,Innlandet,Alle boligtyper,"Prisindeks for brukte boliger, sesongjustert"
007,00,SesJustBoligindeks,2002K4,,Innlandet,Alle boligtyper,"Prisindeks for brukte boliger, sesongjustert"
007,00,SesJustBoligindeks,2003K1,,Innlandet,Alle boligtyper,"Prisindeks for brukte boliger, sesongjustert"
007,00,SesJustBoligindeks,2003K2,,Innlandet,Alle boligtyper,"Prisindeks for brukte boliger, sesongjustert"
007,00,SesJustBoligindeks,2003K3,,Innlandet,Alle boligtyper,"Prisindeks for brukte boliger, sesongjustert"
007,00,SesJustBoligindeks,2003K4,,Innlandet,Alle boligtyper,"Prisindeks for brukte boliger, sesongjustert"
007,00,SesJustBoligindeks,2004K1,,Innlandet,Alle boligtyper,"Prisindeks for brukte boliger, sesongjustert"
007,00,SesJustBoligindeks,2004K2,,Innlandet,Alle boligtyper,"Prisindeks for brukte boliger, sesongjustert"
007,00,SesJustBoligindeks,2004K3,,Innlandet,Alle boligtyper,"Prisindeks for brukte boliger, sesongjustert"
007,00,SesJustBoligindeks,2004K4,,Innlandet,Alle boligtyper,"Prisindeks for brukte boliger, sesongjustert"
007,00,SesJustBoligindeks,2005K1,58.1,Innlandet,Alle boligtyper,"Prisindeks for brukte boliger, sesongjustert"
007,00,SesJustBoligindeks,2005K2,59.9,Innlandet,Alle boligtyper,"Prisindeks for brukte boliger, sesongjustert"
007,00,SesJustBoligindeks,2005K3,60.9,Innlandet,Alle boligtyper,"Prisindeks for brukte boliger, sesongjustert"
007,00,SesJustBoligindeks,2005K4,62.5,Innlandet,Alle boligtyper,"Prisindeks for brukte boliger, sesongjustert"
007,00,SesJustBoligindeks,2006K1,64.2,Innlandet,Alle boligtyper,"Prisindeks for brukte boliger, sesongjustert"
007,00,SesJustBoligindeks,2006K2,65.5,Innlandet,Alle boligtyper,"Prisindeks for brukte boliger, sesongjustert"
007,00,SesJustBoligindeks,2006K3,66.9,Innlandet,Alle boligtyper,"Prisindeks for brukte boliger, sesongjustert"
007,00,SesJustBoligindeks,2006K4,67.8,Innlandet,Alle boligtyper,"Prisindeks for brukte boliger, sesongjustert"
007,00,SesJustBoligindeks,2007K1,70.4,Innlandet,Alle boligtyper,"Prisindeks for brukte boliger, sesongjustert"
007,00,SesJustBoligindeks,2007K2,72.2,Innlandet,Alle boligtyper,"Prisindeks for brukte boliger, sesongjustert"
007,00,SesJustBoligindeks,2007K3,73.3,Innlandet,Alle boligtyper,"Prisindeks for brukte boliger, sesongjustert"
007,00,SesJustBoligindeks,2007K4,73.0,Innlandet,Alle boligtyper,"Prisindeks for brukte boliger, sesongjustert"
007,00,SesJustBoligindeks,2008K1,72.9,Innlandet,Alle boligtyper,"Prisindeks for brukte boliger, sesongjustert"
007,00,SesJustBoligindeks,2008K2,73.4,Innlandet,Alle boligtyper,"Prisindeks for brukte boliger, sesongjustert"
007,00,SesJustBoligindeks,2008K3,72.6,Innlandet,Alle boligtyper,"Prisindeks for brukte boliger, sesongjustert"
007,00,SesJustBoligindeks,2008K4,71.0,Innlandet,Alle boligtyper,"Prisindeks for brukte boliger, sesongjustert"
007,00,SesJustBoligindeks,2009K1,71.5,Innlandet,Alle boligtyper,"Prisindeks for brukte boliger, sesongjustert"
007,00,SesJustBoligindeks,2009K2,72.6,Innlandet,Alle boligtyper,"Prisindeks for brukte boliger, sesongjustert"
007,00,SesJustBoligindeks,2009K3,75.1,Innlandet,Alle boligtyper,"Prisindeks for brukte boliger, sesongjustert"
007,00,SesJustBoligindeks,2009K4,77.8,Innlandet,Alle boligtyper,"Prisindeks for brukte boliger, sesongjustert"
007,00,SesJustBoligindeks,2010K1,78.3,Innlandet,Alle boligtyper,"Prisindeks for brukte boliger, sesongjustert"
007,00,SesJustBoligindeks,2010K2,78.6,Innlandet,Alle boligtyper,"Prisindeks for brukte boliger, sesongjustert"
007,00,SesJustBoligindeks,2010K3,79.3,Innlandet,Alle boligtyper,"Prisindeks for brukte boliger, sesongjustert"
007,00,SesJustBoligindeks,2010K4,80.2,Innlandet,Alle boligtyper,"Prisindeks for brukte boliger, sesongjustert"
007,00,SesJustBoligindeks,2011K1,82.3,Innlandet,Alle boligtyper,"Prisindeks for brukte boliger, sesongjustert"
007,00,SesJustBoligindeks,2011K2,83.1,Innlandet,Alle boligtyper,"Prisindeks for brukte boliger, sesongjustert"
007,00,SesJustBoligindeks,2011K3,83.9,Innlandet,Alle boligtyper,"Prisindeks for brukte boliger, sesongjustert"
007,00,SesJustBoligindeks,2011K4,84.0,Innlandet,Alle boligtyper,"Prisindeks for brukte boliger, sesongjustert"
007,00,SesJustBoligindeks,2012K1,85.8,Innlandet,Alle boligtyper,"Prisindeks for brukte boliger, sesongjustert"
007,00,SesJustBoligindeks,2012K2,86.6,Innlandet,Alle boligtyper,"Prisindeks for brukte boliger, sesongjustert"
007,00,SesJustBoligindeks,2012K3,88.1,Innlandet,Alle boligtyper,"Prisindeks for brukte boliger, sesongjustert"
007,00,SesJustBoligindeks,2012K4,89.6,Innlandet,Alle boligtyper,"Prisindeks for brukte boliger, sesongjustert"
007,00,SesJustBoligindeks,2013K1,87.5,Innlandet,Alle boligtyper,"Prisindeks for brukte boliger, sesongjustert"
007,00,SesJustBoligindeks,2013K2,91.5,Innlandet,Alle boligtyper,"Prisindeks for brukte boliger, sesongjustert"
007,00,SesJustBoligindeks,2013K3,92.9,Innlandet,Alle boligtyper,"Prisindeks for brukte boliger, sesongjustert"
007,00,SesJustBoligindeks,2013K4,90.2,Innlandet,Alle boligtyper,"Prisindeks for brukte boliger, sesongjustert"
007,00,SesJustBoligindeks,2014K1,92.7,Innlandet,Alle boligtyper,"Prisindeks for brukte boliger, sesongjustert"
007,00,SesJustBoligindeks,2014K2,94.1,Innlandet,Alle boligtyper,"Prisindeks for brukte boliger, sesongjustert"
007,00,SesJustBoligindeks,2014K3,93.6,Innlandet,Alle boligtyper,"Prisindeks for brukte boliger, sesongjustert"
007,00,SesJustBoligindeks,2014K4,97.0,Innlandet,Alle boligtyper,"Prisindeks for brukte boliger, sesongjustert"
007,00,SesJustBoligindeks,2015K1,98.9,Innlandet,Alle boligtyper,"Prisindeks for brukte boliger, sesongjustert"
007,00,SesJustBoligindeks,2015K2,99.3,Innlandet,Alle boligtyper,"Prisindeks for brukte boliger, sesongjustert"
007,00,SesJustBoligindeks,2015K3,100.0,Innlandet,Alle boligtyper,"Prisindeks for brukte boliger, sesongjustert"
007,00,SesJustBoligindeks,2015K4,101.9,Innlandet,Alle boligtyper,"Prisindeks for brukte boliger, sesongjustert"
007,00,SesJustBoligindeks,2016K1,101.5,Innlandet,Alle boligtyper,"Prisindeks for brukte boliger, sesongjustert"
007,00,SesJustBoligindeks,2016K2,104.2,Innlandet,Alle boligtyper,"Prisindeks for brukte boliger, sesongjustert"
007,00,SesJustBoligindeks,2016K3,108.8,Innlandet,Alle boligtyper,"Prisindeks for brukte boliger, sesongjustert"
007,00,SesJustBoligindeks,2016K4,108.6,Innlandet,Alle boligtyper,"Prisindeks for brukte boliger, sesongjustert"
007,00,SesJustBoligindeks,2017K1,112.0,Innlandet,Alle boligtyper,"Prisindeks for brukte boliger, sesongjustert"
007,00,SesJustBoligindeks,2017K2,112.8,Innlandet,Alle boligtyper,"Prisindeks for brukte boliger, sesongjustert"
007,00,SesJustBoligindeks,2017K3,113.5,Innlandet,Alle boligtyper,"Prisindeks for brukte boliger, sesongjustert"
007,00,SesJustBoligindeks,2017K4,115.8,Innlandet,Alle boligtyper,"Prisindeks for brukte boliger, sesongjustert"
007,00,SesJustBoligindeks,2018K1,114.9,Innlandet,Alle boligtyper,"Prisindeks for brukte boliger, sesongjustert"
007,00,SesJustBoligindeks,2018K2,115.5,Innlandet,Alle boligtyper,"Prisindeks for brukte boliger, sesongjustert"
007,00,SesJustBoligindeks,2018K3,118.4,Innlandet,Alle boligtyper,"Prisindeks for brukte boliger, sesongjustert"
007,00,SesJustBoligindeks,2018K4,118.6,Innlandet,Alle boligtyper,"Prisindeks for brukte boliger, sesongjustert"
007,00,SesJustBoligindeks,2019K1,118.7,Innlandet,Alle boligtyper,"Prisindeks for brukte boliger, sesongjustert"
007,00,SesJustBoligindeks,2019K2,119.1,Innlandet,Alle boligtyper,"Prisindeks for brukte boliger, sesongjustert"
007,00,SesJustBoligindeks,2019K3,118.3,Innlandet,Alle boligtyper,"Prisindeks for brukte boliger, sesongjustert"
007,00,SesJustBoligindeks,2019K4,119.1,Innlandet,Alle boligtyper,"Prisindeks for brukte boliger, sesongjustert"
007,00,SesJustBoligindeks,2020K1,119.2,Innlandet,Alle boligtyper,"Prisindeks for brukte boliger, sesongjustert"
007,00,SesJustBoligindeks,2020K2,120.2,Innlandet,Alle boligtyper,"Prisindeks for brukte boliger, sesongjustert"
007,00,SesJustBoligindeks,2020K3,124.8,Innlandet,Alle boligtyper,"Prisindeks for brukte boliger, sesongjustert"
007,00,SesJustBoligindeks,2020K4,124.8,Innlandet,Alle boligtyper,"Prisindeks for brukte boliger, sesongjustert"
007,00,SesJustBoligindeks,2021K1,131.3,Innlandet,Alle boligtyper,"Prisindeks for brukte boliger, sesongjustert"
007,00,SesJustBoligindeks,2021K2,135.2,Innlandet,Alle boligtyper,"Prisindeks for brukte boliger, sesongjustert"
007,00,SesJustBoligindeks,2021K3,134.8,Innlandet,Alle boligtyper,"Prisindeks for brukte boliger, sesongjustert"
007,00,SesJustBoligindeks,2021K4,136.7,Innlandet,Alle boligtyper,"Prisindeks for brukte boliger, sesongjustert"
007,00,SesJustBoligindeks,2022K1,139.5,Innlandet,Alle boligtyper,"Prisindeks for brukte boliger, sesongjustert"
007,00,SesJustBoligindeks,2022K2,139.1,Innlandet,Alle boligtyper,"Prisindeks for brukte boliger, sesongjustert"
007,00,SesJustBoligindeks,2022K3,143.1,Innlandet,Alle boligtyper,"Prisindeks for brukte boliger, sesongjustert"
007,00,SesJustBoligindeks,2022K4,140.5,Innlandet,Alle boligtyper,"Prisindeks for brukte boliger, sesongjustert"
007,00,SesJustBoligindeks,2023K1,138.2,Innlandet,Alle boligtyper,"Prisindeks for brukte boliger, sesongjustert"
007,00,SesJustBoligindeks,2023K2,138.9,Innlandet,Alle boligtyper,"Prisindeks for brukte boliger, sesongjustert"
007,00,SesJustBoligindeks,2023K3,137.7,Innlandet,Alle boligtyper,"Prisindeks for brukte boliger, sesongjustert"
007,00,SesJustBoligindeks,2023K4,139.2,Innlandet,Alle boligtyper,"Prisindeks for brukte boliger, sesongjustert"
007,00,SesJustBoligindeks,2024K1,139.1,Innlandet,Alle boligtyper,"Prisindeks for brukte boliger, sesongjustert"
007,00,SesJustBoligindeks,2024K2,138.7,Innlandet,Alle boligtyper,"Prisindeks for brukte boliger, sesongjustert"
007,00,SesJustBoligindeks,2024K3,137.7,Innlandet,Alle boligtyper,"Prisindeks for brukte boliger, sesongjustert"
007,00,SesJustBoligindeks,2024K4,139.3,Innlandet,Alle boligtyper,"Prisindeks for brukte boliger, sesongjustert"
007,00,SesJustBoligindeks,2025K1,142.8,Innlandet,Alle boligtyper,"Prisindeks for brukte boliger, sesongjustert"
007,00,SesJustBoligindeks,2025K2,144.0,Innlandet,Alle boligtyper,"Prisindeks for brukte boliger, sesongjustert"
007,00,SesJustBoligindeks,2025K3,144.3,Innlandet,Alle boligtyper,"Prisindeks for brukte boliger, sesongjustert"
007,00,SesJustBoligindeks,2025K4,148.7,Innlandet,Alle boligtyper,"Prisindeks for brukte boliger, sesongjustert"
007,00,SesJustBoligindeks,2026K1,143.9,Innlandet,Alle boligtyper,"Prisindeks for brukte boliger, sesongjustert"
007,00,SesJustBoligindeks,2026K2,146.2,Innlandet,Alle boligtyper,"Prisindeks for brukte boliger, sesongjustert"
008,00,Boligindeks,1992K1,0.0,Agder og Rogaland uten Stavanger,Alle boligtyper,Prisindeks for brukte boliger
008,00,Boligindeks,1992K2,0.0,Agder og Rogaland uten Stavanger,Alle boligtyper,Prisindeks for brukte boliger
008,00,Boligindeks,1992K3,0.0,Agder og Rogaland uten Stavanger,Alle boligtyper,Prisindeks for brukte boliger
008,00,Boligindeks,1992K4,0.0,Agder og Rogaland uten Stavanger,Alle boligtyper,Prisindeks for brukte boliger
008,00,Boligindeks,1993K1,0.0,Agder og Rogaland uten Stavanger,Alle boligtyper,Prisindeks for brukte boliger
008,00,Boligindeks,1993K2,0.0,Agder og Rogaland uten Stavanger,Alle boligtyper,Prisindeks for brukte boliger
008,00,Boligindeks,1993K3,0.0,Agder og Rogaland uten Stavanger,Alle boligtyper,Prisindeks for brukte boliger
008,00,Boligindeks,1993K4,0.0,Agder og Rogaland uten Stavanger,Alle boligtyper,Prisindeks for brukte boliger
008,00,Boligindeks,1994K1,0.0,Agder og Rogaland uten Stavanger,Alle boligtyper,Prisindeks for brukte boliger
008,00,Boligindeks,1994K2,0.0,Agder og Rogaland uten Stavanger,Alle boligtyper,Prisindeks for brukte boliger
008,00,Boligindeks,1994K3,0.0,Agder og Rogaland uten Stavanger,Alle boligtyper,Prisindeks for brukte boliger
008,00,Boligindeks,1994K4,0.0,Agder og Rogaland uten Stavanger,Alle boligtyper,Prisindeks for brukte boliger
008,00,Boligindeks,1995K1,0.0,Agder og Rogaland uten Stavanger,Alle boligtyper,Prisindeks for brukte boliger
008,00,Boligindeks,1995K2,0.0,Agder og Rogaland uten Stavanger,Alle boligtyper,Prisindeks for brukte boliger
008,00,Boligindeks,1995K3,0.0,Agder og Rogaland uten Stavanger,Alle boligtyper,Prisindeks for brukte boliger
008,00,Boligindeks,1995K4,0.0,Agder og Rogaland uten Stavanger,Alle boligtyper,Prisindeks for brukte boliger
008,00,Boligindeks,1996K1,0.0,Agder og Rogaland uten Stavanger,Alle boligtyper,Prisindeks for brukte boliger
008,00,Boligindeks,1996K2,0.0,Agder og Rogaland uten Stavanger,Alle boligtyper,Prisindeks for brukte boliger
008,00,Boligindeks,1996K3,0.0,Agder og Rogaland uten Stavanger,Alle boligtyper,Prisindeks for brukte boliger
008,00,Boligindeks,1996K4,0.0,Agder og Rogaland uten Stavanger,Alle boligtyper,Prisindeks for brukte boliger
008,00,Boligindeks,1997K1,0.0,Agder og Rogaland uten Stavanger,Alle boligtyper,Prisindeks for brukte boliger
008,00,Boligindeks,1997K2,0.0,Agder og Rogaland uten Stavanger,Alle boligtyper,Prisindeks for brukte boliger
008,00,Boligindeks,1997K3,0.0,Agder og Rogaland uten Stavanger,Alle boligtyper,Prisindeks for brukte boliger
008,00,Boligindeks,1997K4,0.0,Agder og Rogaland uten Stavanger,Alle boligtyper,Prisindeks for brukte boliger
008,00,Boligindeks,1998K1,0.0,Agder og Rogaland uten Stavanger,Alle boligtyper,Prisindeks for brukte boliger
008,00,Boligindeks,1998K2,0.0,Agder og Rogaland uten Stavanger,Alle boligtyper,Prisindeks for brukte boliger
008,00,Boligindeks,1998K3,0.0,Agder og Rogaland uten Stavanger,Alle boligtyper,Prisindeks for brukte boliger
008,00,Boligindeks,1998K4,0.0,Agder og Rogaland uten Stavanger,Alle boligtyper,Prisindeks for brukte boliger
008,00,Boligindeks,1999K1,0.0,Agder og Rogaland uten Stavanger,Alle boligtyper,Prisindeks for brukte boliger
008,00,Boligindeks,1999K2,0.0,Agder og Rogaland uten Stavanger,Alle boligtyper,Prisindeks for brukte boliger
008,00,Boligindeks,1999K3,0.0,Agder og Rogaland uten Stavanger,Alle boligtyper,Prisindeks for brukte boliger
008,00,Boligindeks,1999K4,0.0,Agder og Rogaland uten Stavanger,Alle boligtyper,Prisindeks for brukte boliger
008,00,Boligindeks,2000K1,0.0,Agder og Rogaland uten Stavanger,Alle boligtyper,Prisindeks for brukte boliger
008,00,Boligindeks,2000K2,0.0,Agder og Rogaland uten Stavanger,Alle boligtyper,Prisindeks for brukte boliger
008,00,Boligindeks,2000K3,0.0,Agder og Rogaland uten Stavanger,Alle boligtyper,Prisindeks for brukte boliger
008,00,Boligindeks,2000K4,0.0,Agder og Rogaland uten Stavanger,Alle boligtyper,Prisindeks for brukte boliger
008,00,Boligindeks,2001K1,0.0,Agder og Rogaland uten Stavanger,Alle boligtyper,Prisindeks for brukte boliger
008,00,Boligindeks,2001K2,0.0,Agder og Rogaland uten Stavanger,Alle boligtyper,Prisindeks for brukte boliger
008,00,Boligindeks,2001K3,0.0,Agder og Rogaland uten Stavanger,Alle boligtyper,Prisindeks for brukte boliger
008,00,Boligindeks,2001K4,0.0,Agder og Rogaland uten Stavanger,Alle boligtyper,Prisindeks for brukte boliger
008,00,Boligindeks,2002K1,0.0,Agder og Rogaland uten Stavanger,Alle boligtyper,Prisindeks for brukte boliger
008,00,Boligindeks,2002K2,0.0,Agder og Rogaland uten Stavanger,Alle boligtyper,Prisindeks for brukte boliger
008,00,Boligindeks,2002K3,0.0,Agder og Rogaland uten Stavanger,Alle boligtyper,Prisindeks for brukte boliger
008,00,Boligindeks,2002K4,0.0,Agder og Rogaland uten Stavanger,Alle boligtyper,Prisindeks for brukte boliger
008,00,Boligindeks,2003K1,0.0,Agder og Rogaland uten Stavanger,Alle boligtyper,Prisindeks for brukte boliger
008,00,Boligindeks,2003K2,0.0,Agder og Rogaland uten Stavanger,Alle boligtyper,Prisindeks for brukte boliger
008,00,Boligindeks,2003K3,0.0,Agder og Rogaland uten Stavanger,Alle boligtyper,Prisindeks for brukte boliger
008,00,Boligindeks,2003K4,0.0,Agder og Rogaland uten Stavanger,Alle boligtyper,Prisindeks for brukte boliger
008,00,Boligindeks,2004K1,0.0,Agder og Rogaland uten Stavanger,Alle boligtyper,Prisindeks for brukte boliger
008,00,Boligindeks,2004K2,0.0,Agder og Rogaland uten Stavanger,Alle boligtyper,Prisindeks for brukte boliger
008,00,Boligindeks,2004K3,0.0,Agder og Rogaland uten Stavanger,Alle boligtyper,Prisindeks for brukte boliger
008,00,Boligindeks,2004K4,0.0,Agder og Rogaland uten Stavanger,Alle boligtyper,Prisindeks for brukte boliger
008,00,Boligindeks,2005K1,51.4,Agder og Rogaland uten Stavanger,Alle boligtyper,Prisindeks for brukte boliger
008,00,Boligindeks,2005K2,53.3,Agder og Rogaland uten Stavanger,Alle boligtyper,Prisindeks for brukte boliger
008,00,Boligindeks,2005K3,54.1,Agder og Rogaland uten Stavanger,Alle boligtyper,Prisindeks for brukte boliger
008,00,Boligindeks,2005K4,54.8,Agder og Rogaland uten Stavanger,Alle boligtyper,Prisindeks for brukte boliger
008,00,Boligindeks,2006K1,57.3,Agder og Rogaland uten Stavanger,Alle boligtyper,Prisindeks for brukte boliger
008,00,Boligindeks,2006K2,61.6,Agder og Rogaland uten Stavanger,Alle boligtyper,Prisindeks for brukte boliger
008,00,Boligindeks,2006K3,64.7,Agder og Rogaland uten Stavanger,Alle boligtyper,Prisindeks for brukte boliger
008,00,Boligindeks,2006K4,66.4,Agder og Rogaland uten Stavanger,Alle boligtyper,Prisindeks for brukte boliger
008,00,Boligindeks,2007K1,70.5,Agder og Rogaland uten Stavanger,Alle boligtyper,Prisindeks for brukte boliger
008,00,Boligindeks,2007K2,75.4,Agder og Rogaland uten Stavanger,Alle boligtyper,Prisindeks for brukte boliger
008,00,Boligindeks,2007K3,76.6,Agder og Rogaland uten Stavanger,Alle boligtyper,Prisindeks for brukte boliger
008,00,Boligindeks,2007K4,77.1,Agder og Rogaland uten Stavanger,Alle boligtyper,Prisindeks for brukte boliger
008,00,Boligindeks,2008K1,79.4,Agder og Rogaland uten Stavanger,Alle boligtyper,Prisindeks for brukte boliger
008,00,Boligindeks,2008K2,81.0,Agder og Rogaland uten Stavanger,Alle boligtyper,Prisindeks for brukte boliger
008,00,Boligindeks,2008K3,79.9,Agder og Rogaland uten Stavanger,Alle boligtyper,Prisindeks for brukte boliger
008,00,Boligindeks,2008K4,72.5,Agder og Rogaland uten Stavanger,Alle boligtyper,Prisindeks for brukte boliger
008,00,Boligindeks,2009K1,75.9,Agder og Rogaland uten Stavanger,Alle boligtyper,Prisindeks for brukte boliger
008,00,Boligindeks,2009K2,78.3,Agder og Rogaland uten Stavanger,Alle boligtyper,Prisindeks for brukte boliger
008,00,Boligindeks,2009K3,79.7,Agder og Rogaland uten Stavanger,Alle boligtyper,Prisindeks for brukte boliger
008,00,Boligindeks,2009K4,80.5,Agder og Rogaland uten Stavanger,Alle boligtyper,Prisindeks for brukte boliger
008,00,Boligindeks,2010K1,82.8,Agder og Rogaland uten Stavanger,Alle boligtyper,Prisindeks for brukte boliger
008,00,Boligindeks,2010K2,86.7,Agder og Rogaland uten Stavanger,Alle boligtyper,Prisindeks for brukte boliger
008,00,Boligindeks,2010K3,85.5,Agder og Rogaland uten Stavanger,Alle boligtyper,Prisindeks for brukte boliger
008,00,Boligindeks,2010K4,86.3,Agder og Rogaland uten Stavanger,Alle boligtyper,Prisindeks for brukte boliger
008,00,Boligindeks,2011K1,90.9,Agder og Rogaland uten Stavanger,Alle boligtyper,Prisindeks for brukte boliger
008,00,Boligindeks,2011K2,93.0,Agder og Rogaland uten Stavanger,Alle boligtyper,Prisindeks for brukte boliger
008,00,Boligindeks,2011K3,92.5,Agder og Rogaland uten Stavanger,Alle boligtyper,Prisindeks for brukte boliger
008,00,Boligindeks,2011K4,92.5,Agder og Rogaland uten Stavanger,Alle boligtyper,Prisindeks for brukte boliger
008,00,Boligindeks,2012K1,94.0,Agder og Rogaland uten Stavanger,Alle boligtyper,Prisindeks for brukte boliger
008,00,Boligindeks,2012K2,97.8,Agder og Rogaland uten Stavanger,Alle boligtyper,Prisindeks for brukte boliger
008,00,Boligindeks,2012K3,97.4,Agder og Rogaland uten Stavanger,Alle boligtyper,Prisindeks for brukte boliger
008,00,Boligindeks,2012K4,97.2,Agder og Rogaland uten Stavanger,Alle boligtyper,Prisindeks for brukte boliger
008,00,Boligindeks,2013K1,98.9,Agder og Rogaland uten Stavanger,Alle boligtyper,Prisindeks for brukte boliger
008,00,Boligindeks,2013K2,102.4,Agder og Rogaland uten Stavanger,Alle boligtyper,Prisindeks for brukte boliger
008,00,Boligindeks,2013K3,97.2,Agder og Rogaland uten Stavanger,Alle boligtyper,Prisindeks for brukte boliger
008,00,Boligindeks,2013K4,96.8,Agder og Rogaland uten Stavanger,Alle boligtyper,Prisindeks for brukte boliger
008,00,Boligindeks,2014K1,97.8,Agder og Rogaland uten Stavanger,Alle boligtyper,Prisindeks for brukte boliger
008,00,Boligindeks,2014K2,101.3,Agder og Rogaland uten Stavanger,Alle boligtyper,Prisindeks for brukte boliger
008,00,Boligindeks,2014K3,99.6,Agder og Rogaland uten Stavanger,Alle boligtyper,Prisindeks for brukte boliger
008,00,Boligindeks,2014K4,99.3,Agder og Rogaland uten Stavanger,Alle boligtyper,Prisindeks for brukte boliger
008,00,Boligindeks,2015K1,99.6,Agder og Rogaland uten Stavanger,Alle boligtyper,Prisindeks for brukte boliger
008,00,Boligindeks,2015K2,101.8,Agder og Rogaland uten Stavanger,Alle boligtyper,Prisindeks for brukte boliger
008,00,Boligindeks,2015K3,100.7,Agder og Rogaland uten Stavanger,Alle boligtyper,Prisindeks for brukte boliger
008,00,Boligindeks,2015K4,97.9,Agder og Rogaland uten Stavanger,Alle boligtyper,Prisindeks for brukte boliger
008,00,Boligindeks,2016K1,97.7,Agder og Rogaland uten Stavanger,Alle boligtyper,Prisindeks for brukte boliger
008,00,Boligindeks,2016K2,101.1,Agder og Rogaland uten Stavanger,Alle boligtyper,Prisindeks for brukte boliger
008,00,Boligindeks,2016K3,99.4,Agder og Rogaland uten Stavanger,Alle boligtyper,Prisindeks for brukte boliger
008,00,Boligindeks,2016K4,97.9,Agder og Rogaland uten Stavanger,Alle boligtyper,Prisindeks for brukte boliger
008,00,Boligindeks,2017K1,100.4,Agder og Rogaland uten Stavanger,Alle boligtyper,Prisindeks for brukte boliger
008,00,Boligindeks,2017K2,101.3,Agder og Rogaland uten Stavanger,Alle boligtyper,Prisindeks for brukte boliger
008,00,Boligindeks,2017K3,100.0,Agder og Rogaland uten Stavanger,Alle boligtyper,Prisindeks for brukte boliger
008,00,Boligindeks,2017K4,98.8,Agder og Rogaland uten Stavanger,Alle boligtyper,Prisindeks for brukte boliger
008,00,Boligindeks,2018K1,98.3,Agder og Rogaland uten Stavanger,Alle boligtyper,Prisindeks for brukte boliger
008,00,Boligindeks,2018K2,102.9,Agder og Rogaland uten Stavanger,Alle boligtyper,Prisindeks for brukte boliger
008,00,Boligindeks,2018K3,100.9,Agder og Rogaland uten Stavanger,Alle boligtyper,Prisindeks for brukte boliger
008,00,Boligindeks,2018K4,99.2,Agder og Rogaland uten Stavanger,Alle boligtyper,Prisindeks for brukte boliger
008,00,Boligindeks,2019K1,99.6,Agder og Rogaland uten Stavanger,Alle boligtyper,Prisindeks for brukte boliger
008,00,Boligindeks,2019K2,104.2,Agder og Rogaland uten Stavanger,Alle boligtyper,Prisindeks for brukte boliger
008,00,Boligindeks,2019K3,102.9,Agder og Rogaland uten Stavanger,Alle boligtyper,Prisindeks for brukte boliger
008,00,Boligindeks,2019K4,99.6,Agder og Rogaland uten Stavanger,Alle boligtyper,Prisindeks for brukte boliger
008,00,Boligindeks,2020K1,100.4,Agder og Rogaland uten Stavanger,Alle boligtyper,Prisindeks for brukte boliger
008,00,Boligindeks,2020K2,106.5,Agder og Rogaland uten Stavanger,Alle boligtyper,Prisindeks for brukte boliger
008,00,Boligindeks,2020K3,105.3,Agder og Rogaland uten Stavanger,Alle boligtyper,Prisindeks for brukte boliger
008,00,Boligindeks,2020K4,104.8,Agder og Rogaland uten Stavanger,Alle boligtyper,Prisindeks for brukte boliger
008,00,Boligindeks,2021K1,110.2,Agder og Rogaland uten Stavanger,Alle boligtyper,Prisindeks for brukte boliger
008,00,Boligindeks,2021K2,117.8,Agder og Rogaland uten Stavanger,Alle boligtyper,Prisindeks for brukte boliger
008,00,Boligindeks,2021K3,116.9,Agder og Rogaland uten Stavanger,Alle boligtyper,Prisindeks for brukte boliger
008,00,Boligindeks,2021K4,112.3,Agder og Rogaland uten Stavanger,Alle boligtyper,Prisindeks for brukte boliger
008,00,Boligindeks,2022K1,118.2,Agder og Rogaland uten Stavanger,Alle boligtyper,Prisindeks for brukte boliger
008,00,Boligindeks,2022K2,125.7,Agder og Rogaland uten Stavanger,Alle boligtyper,Prisindeks for brukte boliger
008,00,Boligindeks,2022K3,125.3,Agder og Rogaland uten Stavanger,Alle boligtyper,Prisindeks for brukte boliger
008,00,Boligindeks,2022K4,119.9,Agder og Rogaland uten Stavanger,Alle boligtyper,Prisindeks for brukte boliger
008,00,Boligindeks,2023K1,122.9,Agder og Rogaland uten Stavanger,Alle boligtyper,Prisindeks for brukte boliger
008,00,Boligindeks,2023K2,129.7,Agder og Rogaland uten Stavanger,Alle boligtyper,Prisindeks for brukte boliger
008,00,Boligindeks,2023K3,128.1,Agder og Rogaland uten Stavanger,Alle boligtyper,Prisindeks for brukte boliger
008,00,Boligindeks,2023K4,122.8,Agder og Rogaland uten Stavanger,Alle boligtyper,Prisindeks for brukte boliger
008,00,Boligindeks,2024K1,126.8,Agder og Rogaland uten Stavanger,Alle boligtyper,Prisindeks for brukte boliger
008,00,Boligindeks,2024K2,134.8,Agder og Rogaland uten Stavanger,Alle boligtyper,Prisindeks for brukte boliger
008,00,Boligindeks,2024K3,136.4,Agder og Rogaland uten Stavanger,Alle boligtyper,Prisindeks for brukte boliger
008,00,Boligindeks,2024K4,131.4,Agder og Rogaland uten Stavanger,Alle boligtyper,Prisindeks for brukte boliger
008,00,Boligindeks,2025K1,141.2,Agder og Rogaland uten Stavanger,Alle boligtyper,Prisindeks for brukte boliger
008,00,Boligindeks,2025K2,145.4,Agder og Rogaland uten Stavanger,Alle boligtyper,Prisindeks for brukte boliger
008,00,Boligindeks,2025K3,147.4,Agder og Rogaland uten Stavanger,Alle boligtyper,Prisindeks for brukte boliger
008,00,Boligindeks,2025K4,144.5,Agder og Rogaland uten Stavanger,Alle boligtyper,Prisindeks for brukte boliger
008,00,Boligindeks,2026K1,152.2,Agder og Rogaland uten Stavanger,Alle boligtyper,Prisindeks for brukte boliger
008,00,Boligindeks,2026K2,161.2,Agder og Rogaland uten Stavanger,Alle boligtyper,Prisindeks for brukte boliger
008,00,SesJustBoligindeks,1992K1,,Agder og Rogaland uten Stavanger,Alle boligtyper,"Prisindeks for brukte boliger, sesongjustert"
008,00,SesJustBoligindeks,1992K2,,Agder og Rogaland uten Stavanger,Alle boligtyper,"Prisindeks for brukte boliger, sesongjustert"
008,00,SesJustBoligindeks,1992K3,,Agder og Rogaland uten Stavanger,Alle boligtyper,"Prisindeks for brukte boliger, sesongjustert"
008,00,SesJustBoligindeks,1992K4,,Agder og Rogaland uten Stavanger,Alle boligtyper,"Prisindeks for brukte boliger, sesongjustert"
008,00,SesJustBoligindeks,1993K1,,Agder og Rogaland uten Stavanger,Alle boligtyper,"Prisindeks for brukte boliger, sesongjustert"
008,00,SesJustBoligindeks,1993K2,,Agder og Rogaland uten Stavanger,Alle boligtyper,"Prisindeks for brukte boliger, sesongjustert"
008,00,SesJustBoligindeks,1993K3,,Agder og Rogaland uten Stavanger,Alle boligtyper,"Prisindeks for brukte boliger, sesongjustert"
008,00,SesJustBoligindeks,1993K4,,Agder og Rogaland uten Stavanger,Alle boligtyper,"Prisindeks for brukte boliger, sesongjustert"
008,00,SesJustBoligindeks,1994K1,,Agder og Rogaland uten Stavanger,Alle boligtyper,"Prisindeks for brukte boliger, sesongjustert"
008,00,SesJustBoligindeks,1994K2,,Agder og Rogaland uten Stavanger,Alle boligtyper,"Prisindeks for brukte boliger, sesongjustert"
008,00,SesJustBoligindeks,1994K3,,Agder og Rogaland uten Stavanger,Alle boligtyper,"Prisindeks for brukte boliger, sesongjustert"
008,00,SesJustBoligindeks,1994K4,,Agder og Rogaland uten Stavanger,Alle boligtyper,"Prisindeks for brukte boliger, sesongjustert"
008,00,SesJustBoligindeks,1995K1,,Agder og Rogaland uten Stavanger,Alle boligtyper,"Prisindeks for brukte boliger, sesongjustert"
008,00,SesJustBoligindeks,1995K2,,Agder og Rogaland uten Stavanger,Alle boligtyper,"Prisindeks for brukte boliger, sesongjustert"
008,00,SesJustBoligindeks,1995K3,,Agder og Rogaland uten Stavanger,Alle boligtyper,"Prisindeks for brukte boliger, sesongjustert"
008,00,SesJustBoligindeks,1995K4,,Agder og Rogaland uten Stavanger,Alle boligtyper,"Prisindeks for brukte boliger, sesongjustert"
008,00,SesJustBoligindeks,1996K1,,Agder og Rogaland uten Stavanger,Alle boligtyper,"Prisindeks for brukte boliger, sesongjustert"
008,00,SesJustBoligindeks,1996K2,,Agder og Rogaland uten Stavanger,Alle boligtyper,"Prisindeks for brukte boliger, sesongjustert"
008,00,SesJustBoligindeks,1996K3,,Agder og Rogaland uten Stavanger,Alle boligtyper,"Prisindeks for brukte boliger, sesongjustert"
008,00,SesJustBoligindeks,1996K4,,Agder og Rogaland uten Stavanger,Alle boligtyper,"Prisindeks for brukte boliger, sesongjustert"
008,00,SesJustBoligindeks,1997K1,,Agder og Rogaland uten Stavanger,Alle boligtyper,"Prisindeks for brukte boliger, sesongjustert"
008,00,SesJustBoligindeks,1997K2,,Agder og Rogaland uten Stavanger,Alle boligtyper,"Prisindeks for brukte boliger, sesongjustert"
008,00,SesJustBoligindeks,1997K3,,Agder og Rogaland uten Stavanger,Alle boligtyper,"Prisindeks for brukte boliger, sesongjustert"
008,00,SesJustBoligindeks,1997K4,,Agder og Rogaland uten Stavanger,Alle boligtyper,"Prisindeks for brukte boliger, sesongjustert"
008,00,SesJustBoligindeks,1998K1,,Agder og Rogaland uten Stavanger,Alle boligtyper,"Prisindeks for brukte boliger, sesongjustert"
008,00,SesJustBoligindeks,1998K2,,Agder og Rogaland uten Stavanger,Alle boligtyper,"Prisindeks for brukte boliger, sesongjustert"
008,00,SesJustBoligindeks,1998K3,,Agder og Rogaland uten Stavanger,Alle boligtyper,"Prisindeks for brukte boliger, sesongjustert"
008,00,SesJustBoligindeks,1998K4,,Agder og Rogaland uten Stavanger,Alle boligtyper,"Prisindeks for brukte boliger, sesongjustert"
008,00,SesJustBoligindeks,1999K1,,Agder og Rogaland uten Stavanger,Alle boligtyper,"Prisindeks for brukte boliger, sesongjustert"
008,00,SesJustBoligindeks,1999K2,,Agder og Rogaland uten Stavanger,Alle boligtyper,"Prisindeks for brukte boliger, sesongjustert"
008,00,SesJustBoligindeks,1999K3,,Agder og Rogaland uten Stavanger,Alle boligtyper,"Prisindeks for brukte boliger, sesongjustert"
008,00,SesJustBoligindeks,1999K4,,Agder og Rogaland uten Stavanger,Alle boligtyper,"Prisindeks for brukte boliger, sesongjustert"
008,00,SesJustBoligindeks,2000K1,,Agder og Rogaland uten Stavanger,Alle boligtyper,"Prisindeks for brukte boliger, sesongjustert"
008,00,SesJustBoligindeks,2000K2,,Agder og Rogaland uten Stavanger,Alle boligtyper,"Prisindeks for brukte boliger, sesongjustert"
008,00,SesJustBoligindeks,2000K3,,Agder og Rogaland uten Stavanger,Alle boligtyper,"Prisindeks for brukte boliger, sesongjustert"
008,00,SesJustBoligindeks,2000K4,,Agder og Rogaland uten Stavanger,Alle boligtyper,"Prisindeks for brukte boliger, sesongjustert"
008,00,SesJustBoligindeks,2001K1,,Agder og Rogaland uten Stavanger,Alle boligtyper,"Prisindeks for brukte boliger, sesongjustert"
008,00,SesJustBoligindeks,2001K2,,Agder og Rogaland uten Stavanger,Alle boligtyper,"Prisindeks for brukte boliger, sesongjustert"
008,00,SesJustBoligindeks,2001K3,,Agder og Rogaland uten Stavanger,Alle boligtyper,"Prisindeks for brukte boliger, sesongjustert"
008,00,SesJustBoligindeks,2001K4,,Agder og Rogaland uten Stavanger,Alle boligtyper,"Prisindeks for brukte boliger, sesongjustert"
008,00,SesJustBoligindeks,2002K1,,Agder og Rogaland uten Stavanger,Alle boligtyper,"Prisindeks for brukte boliger, sesongjustert"
008,00,SesJustBoligindeks,2002K2,,Agder og Rogaland uten Stavanger,Alle boligtyper,"Prisindeks for brukte boliger, sesongjustert"
008,00,SesJustBoligindeks,2002K3,,Agder og Rogaland uten Stavanger,Alle boligtyper,"Prisindeks for brukte boliger, sesongjustert"
008,00,SesJustBoligindeks,2002K4,,Agder og Rogaland uten Stavanger,Alle boligtyper,"Prisindeks for brukte boliger, sesongjustert"
008,00,SesJustBoligindeks,2003K1,,Agder og Rogaland uten Stavanger,Alle boligtyper,"Prisindeks for brukte boliger, sesongjustert"
008,00,SesJustBoligindeks,2003K2,,Agder og Rogaland uten Stavanger,Alle boligtyper,"Prisindeks for brukte boliger, sesongjustert"
008,00,SesJustBoligindeks,2003K3,,Agder og Rogaland uten Stavanger,Alle boligtyper,"Prisindeks for brukte boliger, sesongjustert"
008,00,SesJustBoligindeks,2003K4,,Agder og Rogaland uten Stavanger,Alle boligtyper,"Prisindeks for brukte boliger, sesongjustert"
008,00,SesJustBoligindeks,2004K1,,Agder og Rogaland uten Stavanger,Alle boligtyper,"Prisindeks for brukte boliger, sesongjustert"
008,00,SesJustBoligindeks,2004K2,,Agder og Rogaland uten Stavanger,Alle boligtyper,"Prisindeks for brukte boliger, sesongjustert"
008,00,SesJustBoligindeks,2004K3,,Agder og Rogaland uten Stavanger,Alle boligtyper,"Prisindeks for brukte boliger, sesongjustert"
008,00,SesJustBoligindeks,2004K4,,Agder og Rogaland uten Stavanger,Alle boligtyper,"Prisindeks for brukte boliger, sesongjustert"
008,00,SesJustBoligindeks,2005K1,51.5,Agder og Rogaland uten Stavanger,Alle boligtyper,"Prisindeks for brukte boliger, sesongjustert"
008,00,SesJustBoligindeks,2005K2,52.5,Agder og Rogaland uten Stavanger,Alle boligtyper,"Prisindeks for brukte boliger, sesongjustert"
008,00,SesJustBoligindeks,2005K3,54.0,Agder og Rogaland uten Stavanger,Alle boligtyper,"Prisindeks for brukte boliger, sesongjustert"
008,00,SesJustBoligindeks,2005K4,55.7,Agder og Rogaland uten Stavanger,Alle boligtyper,"Prisindeks for brukte boliger, sesongjustert"
008,00,SesJustBoligindeks,2006K1,57.4,Agder og Rogaland uten Stavanger,Alle boligtyper,"Prisindeks for brukte boliger, sesongjustert"
008,00,SesJustBoligindeks,2006K2,60.6,Agder og Rogaland uten Stavanger,Alle boligtyper,"Prisindeks for brukte boliger, sesongjustert"
008,00,SesJustBoligindeks,2006K3,64.6,Agder og Rogaland uten Stavanger,Alle boligtyper,"Prisindeks for brukte boliger, sesongjustert"
008,00,SesJustBoligindeks,2006K4,67.4,Agder og Rogaland uten Stavanger,Alle boligtyper,"Prisindeks for brukte boliger, sesongjustert"
008,00,SesJustBoligindeks,2007K1,70.6,Agder og Rogaland uten Stavanger,Alle boligtyper,"Prisindeks for brukte boliger, sesongjustert"
008,00,SesJustBoligindeks,2007K2,74.2,Agder og Rogaland uten Stavanger,Alle boligtyper,"Prisindeks for brukte boliger, sesongjustert"
008,00,SesJustBoligindeks,2007K3,76.6,Agder og Rogaland uten Stavanger,Alle boligtyper,"Prisindeks for brukte boliger, sesongjustert"
008,00,SesJustBoligindeks,2007K4,78.3,Agder og Rogaland uten Stavanger,Alle boligtyper,"Prisindeks for brukte boliger, sesongjustert"
008,00,SesJustBoligindeks,2008K1,79.5,Agder og Rogaland uten Stavanger,Alle boligtyper,"Prisindeks for brukte boliger, sesongjustert"
008,00,SesJustBoligindeks,2008K2,79.7,Agder og Rogaland uten Stavanger,Alle boligtyper,"Prisindeks for brukte boliger, sesongjustert"
008,00,SesJustBoligindeks,2008K3,79.9,Agder og Rogaland uten Stavanger,Alle boligtyper,"Prisindeks for brukte boliger, sesongjustert"
008,00,SesJustBoligindeks,2008K4,73.6,Agder og Rogaland uten Stavanger,Alle boligtyper,"Prisindeks for brukte boliger, sesongjustert"
008,00,SesJustBoligindeks,2009K1,75.9,Agder og Rogaland uten Stavanger,Alle boligtyper,"Prisindeks for brukte boliger, sesongjustert"
008,00,SesJustBoligindeks,2009K2,77.0,Agder og Rogaland uten Stavanger,Alle boligtyper,"Prisindeks for brukte boliger, sesongjustert"
008,00,SesJustBoligindeks,2009K3,79.8,Agder og Rogaland uten Stavanger,Alle boligtyper,"Prisindeks for brukte boliger, sesongjustert"
008,00,SesJustBoligindeks,2009K4,81.7,Agder og Rogaland uten Stavanger,Alle boligtyper,"Prisindeks for brukte boliger, sesongjustert"
008,00,SesJustBoligindeks,2010K1,82.8,Agder og Rogaland uten Stavanger,Alle boligtyper,"Prisindeks for brukte boliger, sesongjustert"
008,00,SesJustBoligindeks,2010K2,85.3,Agder og Rogaland uten Stavanger,Alle boligtyper,"Prisindeks for brukte boliger, sesongjustert"
008,00,SesJustBoligindeks,2010K3,85.6,Agder og Rogaland uten Stavanger,Alle boligtyper,"Prisindeks for brukte boliger, sesongjustert"
008,00,SesJustBoligindeks,2010K4,87.6,Agder og Rogaland uten Stavanger,Alle boligtyper,"Prisindeks for brukte boliger, sesongjustert"
008,00,SesJustBoligindeks,2011K1,91.0,Agder og Rogaland uten Stavanger,Alle boligtyper,"Prisindeks for brukte boliger, sesongjustert"
008,00,SesJustBoligindeks,2011K2,91.3,Agder og Rogaland uten Stavanger,Alle boligtyper,"Prisindeks for brukte boliger, sesongjustert"
008,00,SesJustBoligindeks,2011K3,92.7,Agder og Rogaland uten Stavanger,Alle boligtyper,"Prisindeks for brukte boliger, sesongjustert"
008,00,SesJustBoligindeks,2011K4,93.8,Agder og Rogaland uten Stavanger,Alle boligtyper,"Prisindeks for brukte boliger, sesongjustert"
008,00,SesJustBoligindeks,2012K1,94.3,Agder og Rogaland uten Stavanger,Alle boligtyper,"Prisindeks for brukte boliger, sesongjustert"
008,00,SesJustBoligindeks,2012K2,96.0,Agder og Rogaland uten Stavanger,Alle boligtyper,"Prisindeks for brukte boliger, sesongjustert"
008,00,SesJustBoligindeks,2012K3,97.5,Agder og Rogaland uten Stavanger,Alle boligtyper,"Prisindeks for brukte boliger, sesongjustert"
008,00,SesJustBoligindeks,2012K4,98.5,Agder og Rogaland uten Stavanger,Alle boligtyper,"Prisindeks for brukte boliger, sesongjustert"
008,00,SesJustBoligindeks,2013K1,99.4,Agder og Rogaland uten Stavanger,Alle boligtyper,"Prisindeks for brukte boliger, sesongjustert"
008,00,SesJustBoligindeks,2013K2,100.4,Agder og Rogaland uten Stavanger,Alle boligtyper,"Prisindeks for brukte boliger, sesongjustert"
008,00,SesJustBoligindeks,2013K3,97.2,Agder og Rogaland uten Stavanger,Alle boligtyper,"Prisindeks for brukte boliger, sesongjustert"
008,00,SesJustBoligindeks,2013K4,98.2,Agder og Rogaland uten Stavanger,Alle boligtyper,"Prisindeks for brukte boliger, sesongjustert"
008,00,SesJustBoligindeks,2014K1,98.4,Agder og Rogaland uten Stavanger,Alle boligtyper,"Prisindeks for brukte boliger, sesongjustert"
008,00,SesJustBoligindeks,2014K2,99.4,Agder og Rogaland uten Stavanger,Alle boligtyper,"Prisindeks for brukte boliger, sesongjustert"
008,00,SesJustBoligindeks,2014K3,99.5,Agder og Rogaland uten Stavanger,Alle boligtyper,"Prisindeks for brukte boliger, sesongjustert"
008,00,SesJustBoligindeks,2014K4,100.6,Agder og Rogaland uten Stavanger,Alle boligtyper,"Prisindeks for brukte boliger, sesongjustert"
008,00,SesJustBoligindeks,2015K1,100.5,Agder og Rogaland uten Stavanger,Alle boligtyper,"Prisindeks for brukte boliger, sesongjustert"
008,00,SesJustBoligindeks,2015K2,99.7,Agder og Rogaland uten Stavanger,Alle boligtyper,"Prisindeks for brukte boliger, sesongjustert"
008,00,SesJustBoligindeks,2015K3,100.5,Agder og Rogaland uten Stavanger,Alle boligtyper,"Prisindeks for brukte boliger, sesongjustert"
008,00,SesJustBoligindeks,2015K4,99.3,Agder og Rogaland uten Stavanger,Alle boligtyper,"Prisindeks for brukte boliger, sesongjustert"
008,00,SesJustBoligindeks,2016K1,98.8,Agder og Rogaland uten Stavanger,Alle boligtyper,"Prisindeks for brukte boliger, sesongjustert"
008,00,SesJustBoligindeks,2016K2,98.9,Agder og Rogaland uten Stavanger,Alle boligtyper,"Prisindeks for brukte boliger, sesongjustert"
008,00,SesJustBoligindeks,2016K3,99.1,Agder og Rogaland uten Stavanger,Alle boligtyper,"Prisindeks for brukte boliger, sesongjustert"
008,00,SesJustBoligindeks,2016K4,99.4,Agder og Rogaland uten Stavanger,Alle boligtyper,"Prisindeks for brukte boliger, sesongjustert"
008,00,SesJustBoligindeks,2017K1,101.7,Agder og Rogaland uten Stavanger,Alle boligtyper,"Prisindeks for brukte boliger, sesongjustert"
008,00,SesJustBoligindeks,2017K2,98.9,Agder og Rogaland uten Stavanger,Alle boligtyper,"Prisindeks for brukte boliger, sesongjustert"
008,00,SesJustBoligindeks,2017K3,99.5,Agder og Rogaland uten Stavanger,Alle boligtyper,"Prisindeks for brukte boliger, sesongjustert"
008,00,SesJustBoligindeks,2017K4,100.4,Agder og Rogaland uten Stavanger,Alle boligtyper,"Prisindeks for brukte boliger, sesongjustert"
008,00,SesJustBoligindeks,2018K1,99.7,Agder og Rogaland uten Stavanger,Alle boligtyper,"Prisindeks for brukte boliger, sesongjustert"
008,00,SesJustBoligindeks,2018K2,100.3,Agder og Rogaland uten Stavanger,Alle boligtyper,"Prisindeks for brukte boliger, sesongjustert"
008,00,SesJustBoligindeks,2018K3,100.3,Agder og Rogaland uten Stavanger,Alle boligtyper,"Prisindeks for brukte boliger, sesongjustert"
008,00,SesJustBoligindeks,2018K4,101.1,Agder og Rogaland uten Stavanger,Alle boligtyper,"Prisindeks for brukte boliger, sesongjustert"
008,00,SesJustBoligindeks,2019K1,101.1,Agder og Rogaland uten Stavanger,Alle boligtyper,"Prisindeks for brukte boliger, sesongjustert"
008,00,SesJustBoligindeks,2019K2,101.3,Agder og Rogaland uten Stavanger,Alle boligtyper,"Prisindeks for brukte boliger, sesongjustert"
008,00,SesJustBoligindeks,2019K3,102.1,Agder og Rogaland uten Stavanger,Alle boligtyper,"Prisindeks for brukte boliger, sesongjustert"
008,00,SesJustBoligindeks,2019K4,101.9,Agder og Rogaland uten Stavanger,Alle boligtyper,"Prisindeks for brukte boliger, sesongjustert"
008,00,SesJustBoligindeks,2020K1,101.9,Agder og Rogaland uten Stavanger,Alle boligtyper,"Prisindeks for brukte boliger, sesongjustert"
008,00,SesJustBoligindeks,2020K2,103.5,Agder og Rogaland uten Stavanger,Alle boligtyper,"Prisindeks for brukte boliger, sesongjustert"
008,00,SesJustBoligindeks,2020K3,104.3,Agder og Rogaland uten Stavanger,Alle boligtyper,"Prisindeks for brukte boliger, sesongjustert"
008,00,SesJustBoligindeks,2020K4,107.6,Agder og Rogaland uten Stavanger,Alle boligtyper,"Prisindeks for brukte boliger, sesongjustert"
008,00,SesJustBoligindeks,2021K1,111.8,Agder og Rogaland uten Stavanger,Alle boligtyper,"Prisindeks for brukte boliger, sesongjustert"
008,00,SesJustBoligindeks,2021K2,114.3,Agder og Rogaland uten Stavanger,Alle boligtyper,"Prisindeks for brukte boliger, sesongjustert"
008,00,SesJustBoligindeks,2021K3,115.6,Agder og Rogaland uten Stavanger,Alle boligtyper,"Prisindeks for brukte boliger, sesongjustert"
008,00,SesJustBoligindeks,2021K4,115.7,Agder og Rogaland uten Stavanger,Alle boligtyper,"Prisindeks for brukte boliger, sesongjustert"
008,00,SesJustBoligindeks,2022K1,119.8,Agder og Rogaland uten Stavanger,Alle boligtyper,"Prisindeks for brukte boliger, sesongjustert"
008,00,SesJustBoligindeks,2022K2,122.0,Agder og Rogaland uten Stavanger,Alle boligtyper,"Prisindeks for brukte boliger, sesongjustert"
008,00,SesJustBoligindeks,2022K3,123.7,Agder og Rogaland uten Stavanger,Alle boligtyper,"Prisindeks for brukte boliger, sesongjustert"
008,00,SesJustBoligindeks,2022K4,123.8,Agder og Rogaland uten Stavanger,Alle boligtyper,"Prisindeks for brukte boliger, sesongjustert"
008,00,SesJustBoligindeks,2023K1,124.4,Agder og Rogaland uten Stavanger,Alle boligtyper,"Prisindeks for brukte boliger, sesongjustert"
008,00,SesJustBoligindeks,2023K2,125.9,Agder og Rogaland uten Stavanger,Alle boligtyper,"Prisindeks for brukte boliger, sesongjustert"
008,00,SesJustBoligindeks,2023K3,126.4,Agder og Rogaland uten Stavanger,Alle boligtyper,"Prisindeks for brukte boliger, sesongjustert"
008,00,SesJustBoligindeks,2023K4,127.0,Agder og Rogaland uten Stavanger,Alle boligtyper,"Prisindeks for brukte boliger, sesongjustert"
008,00,SesJustBoligindeks,2024K1,128.2,Agder og Rogaland uten Stavanger,Alle boligtyper,"Prisindeks for brukte boliger, sesongjustert"
008,00,SesJustBoligindeks,2024K2,130.9,Agder og Rogaland uten Stavanger,Alle boligtyper,"Prisindeks for brukte boliger, sesongjustert"
008,00,SesJustBoligindeks,2024K3,134.4,Agder og Rogaland uten Stavanger,Alle boligtyper,"Prisindeks for brukte boliger, sesongjustert"
008,00,SesJustBoligindeks,2024K4,136.0,Agder og Rogaland uten Stavanger,Alle boligtyper,"Prisindeks for brukte boliger, sesongjustert"
008,00,SesJustBoligindeks,2025K1,142.6,Agder og Rogaland uten Stavanger,Alle boligtyper,"Prisindeks for brukte boliger, sesongjustert"
008,00,SesJustBoligindeks,2025K2,141.3,Agder og Rogaland uten Stavanger,Alle boligtyper,"Prisindeks for brukte boliger, sesongjustert"
008,00,SesJustBoligindeks,2025K3,145.2,Agder og Rogaland uten Stavanger,Alle boligtyper,"Prisindeks for brukte boliger, sesongjustert"
008,00,SesJustBoligindeks,2025K4,149.6,Agder og Rogaland uten Stavanger,Alle boligtyper,"Prisindeks for brukte boliger, sesongjustert"
008,00,SesJustBoligindeks,2026K1,153.6,Agder og Rogaland uten Stavanger,Alle boligtyper,"Prisindeks for brukte boliger, sesongjustert"
008,00,SesJustBoligindeks,2026K2,156.8,Agder og Rogaland uten Stavanger,Alle boligtyper,"Prisindeks for brukte boliger, sesongjustert"
009,00,Boligindeks,1992K1,0.0,Møre og Romsdal og Vestland uten Bergen,Alle boligtyper,Prisindeks for brukte boliger
009,00,Boligindeks,1992K2,0.0,Møre og Romsdal og Vestland uten Bergen,Alle boligtyper,Prisindeks for brukte boliger
009,00,Boligindeks,1992K3,0.0,Møre og Romsdal og Vestland uten Bergen,Alle boligtyper,Prisindeks for brukte boliger
009,00,Boligindeks,1992K4,0.0,Møre og Romsdal og Vestland uten Bergen,Alle boligtyper,Prisindeks for brukte boliger
009,00,Boligindeks,1993K1,0.0,Møre og Romsdal og Vestland uten Bergen,Alle boligtyper,Prisindeks for brukte boliger
009,00,Boligindeks,1993K2,0.0,Møre og Romsdal og Vestland uten Bergen,Alle boligtyper,Prisindeks for brukte boliger
009,00,Boligindeks,1993K3,0.0,Møre og Romsdal og Vestland uten Bergen,Alle boligtyper,Prisindeks for brukte boliger
009,00,Boligindeks,1993K4,0.0,Møre og Romsdal og Vestland uten Bergen,Alle boligtyper,Prisindeks for brukte boliger
009,00,Boligindeks,1994K1,0.0,Møre og Romsdal og Vestland uten Bergen,Alle boligtyper,Prisindeks for brukte boliger
009,00,Boligindeks,1994K2,0.0,Møre og Romsdal og Vestland uten Bergen,Alle boligtyper,Prisindeks for brukte boliger
009,00,Boligindeks,1994K3,0.0,Møre og Romsdal og Vestland uten Bergen,Alle boligtyper,Prisindeks for brukte boliger
009,00,Boligindeks,1994K4,0.0,Møre og Romsdal og Vestland uten Bergen,Alle boligtyper,Prisindeks for brukte boliger
009,00,Boligindeks,1995K1,0.0,Møre og Romsdal og Vestland uten Bergen,Alle boligtyper,Prisindeks for brukte boliger
009,00,Boligindeks,1995K2,0.0,Møre og Romsdal og Vestland uten Bergen,Alle boligtyper,Prisindeks for brukte boliger
009,00,Boligindeks,1995K3,0.0,Møre og Romsdal og Vestland uten Bergen,Alle boligtyper,Prisindeks for brukte boliger
009,00,Boligindeks,1995K4,0.0,Møre og Romsdal og Vestland uten Bergen,Alle boligtyper,Prisindeks for brukte boliger
009,00,Boligindeks,1996K1,0.0,Møre og Romsdal og Vestland uten Bergen,Alle boligtyper,Prisindeks for brukte boliger
009,00,Boligindeks,1996K2,0.0,Møre og Romsdal og Vestland uten Bergen,Alle boligtyper,Prisindeks for brukte boliger
009,00,Boligindeks,1996K3,0.0,Møre og Romsdal og Vestland uten Bergen,Alle boligtyper,Prisindeks for brukte boliger
009,00,Boligindeks,1996K4,0.0,Møre og Romsdal og Vestland uten Bergen,Alle boligtyper,Prisindeks for brukte boliger
009,00,Boligindeks,1997K1,0.0,Møre og Romsdal og Vestland uten Bergen,Alle boligtyper,Prisindeks for brukte boliger
009,00,Boligindeks,1997K2,0.0,Møre og Romsdal og Vestland uten Bergen,Alle boligtyper,Prisindeks for brukte boliger
009,00,Boligindeks,1997K3,0.0,Møre og Romsdal og Vestland uten Bergen,Alle boligtyper,Prisindeks for brukte boliger
009,00,Boligindeks,1997K4,0.0,Møre og Romsdal og Vestland uten Bergen,Alle boligtyper,Prisindeks for brukte boliger
009,00,Boligindeks,1998K1,0.0,Møre og Romsdal og Vestland uten Bergen,Alle boligtyper,Prisindeks for brukte boliger
009,00,Boligindeks,1998K2,0.0,Møre og Romsdal og Vestland uten Bergen,Alle boligtyper,Prisindeks for brukte boliger
009,00,Boligindeks,1998K3,0.0,Møre og Romsdal og Vestland uten Bergen,Alle boligtyper,Prisindeks for brukte boliger
009,00,Boligindeks,1998K4,0.0,Møre og Romsdal og Vestland uten Bergen,Alle boligtyper,Prisindeks for brukte boliger
009,00,Boligindeks,1999K1,0.0,Møre og Romsdal og Vestland uten Bergen,Alle boligtyper,Prisindeks for brukte boliger
009,00,Boligindeks,1999K2,0.0,Møre og Romsdal og Vestland uten Bergen,Alle boligtyper,Prisindeks for brukte boliger
009,00,Boligindeks,1999K3,0.0,Møre og Romsdal og Vestland uten Bergen,Alle boligtyper,Prisindeks for brukte boliger
009,00,Boligindeks,1999K4,0.0,Møre og Romsdal og Vestland uten Bergen,Alle boligtyper,Prisindeks for brukte boliger
009,00,Boligindeks,2000K1,0.0,Møre og Romsdal og Vestland uten Bergen,Alle boligtyper,Prisindeks for brukte boliger
009,00,Boligindeks,2000K2,0.0,Møre og Romsdal og Vestland uten Bergen,Alle boligtyper,Prisindeks for brukte boliger
009,00,Boligindeks,2000K3,0.0,Møre og Romsdal og Vestland uten Bergen,Alle boligtyper,Prisindeks for brukte boliger
009,00,Boligindeks,2000K4,0.0,Møre og Romsdal og Vestland uten Bergen,Alle boligtyper,Prisindeks for brukte boliger
009,00,Boligindeks,2001K1,0.0,Møre og Romsdal og Vestland uten Bergen,Alle boligtyper,Prisindeks for brukte boliger
009,00,Boligindeks,2001K2,0.0,Møre og Romsdal og Vestland uten Bergen,Alle boligtyper,Prisindeks for brukte boliger
009,00,Boligindeks,2001K3,0.0,Møre og Romsdal og Vestland uten Bergen,Alle boligtyper,Prisindeks for brukte boliger
009,00,Boligindeks,2001K4,0.0,Møre og Romsdal og Vestland uten Bergen,Alle boligtyper,Prisindeks for brukte boliger
009,00,Boligindeks,2002K1,0.0,Møre og Romsdal og Vestland uten Bergen,Alle boligtyper,Prisindeks for brukte boliger
009,00,Boligindeks,2002K2,0.0,Møre og Romsdal og Vestland uten Bergen,Alle boligtyper,Prisindeks for brukte boliger
009,00,Boligindeks,2002K3,0.0,Møre og Romsdal og Vestland uten Bergen,Alle boligtyper,Prisindeks for brukte boliger
009,00,Boligindeks,2002K4,0.0,Møre og Romsdal og Vestland uten Bergen,Alle boligtyper,Prisindeks for brukte boliger
009,00,Boligindeks,2003K1,0.0,Møre og Romsdal og Vestland uten Bergen,Alle boligtyper,Prisindeks for brukte boliger
009,00,Boligindeks,2003K2,0.0,Møre og Romsdal og Vestland uten Bergen,Alle boligtyper,Prisindeks for brukte boliger
009,00,Boligindeks,2003K3,0.0,Møre og Romsdal og Vestland uten Bergen,Alle boligtyper,Prisindeks for brukte boliger
009,00,Boligindeks,2003K4,0.0,Møre og Romsdal og Vestland uten Bergen,Alle boligtyper,Prisindeks for brukte boliger
009,00,Boligindeks,2004K1,0.0,Møre og Romsdal og Vestland uten Bergen,Alle boligtyper,Prisindeks for brukte boliger
009,00,Boligindeks,2004K2,0.0,Møre og Romsdal og Vestland uten Bergen,Alle boligtyper,Prisindeks for brukte boliger
009,00,Boligindeks,2004K3,0.0,Møre og Romsdal og Vestland uten Bergen,Alle boligtyper,Prisindeks for brukte boliger
009,00,Boligindeks,2004K4,0.0,Møre og Romsdal og Vestland uten Bergen,Alle boligtyper,Prisindeks for brukte boliger
009,00,Boligindeks,2005K1,55.3,Møre og Romsdal og Vestland uten Bergen,Alle boligtyper,Prisindeks for brukte boliger
009,00,Boligindeks,2005K2,58.4,Møre og Romsdal og Vestland uten Bergen,Alle boligtyper,Prisindeks for brukte boliger
009,00,Boligindeks,2005K3,56.9,Møre og Romsdal og Vestland uten Bergen,Alle boligtyper,Prisindeks for brukte boliger
009,00,Boligindeks,2005K4,57.0,Møre og Romsdal og Vestland uten Bergen,Alle boligtyper,Prisindeks for brukte boliger
009,00,Boligindeks,2006K1,62.2,Møre og Romsdal og Vestland uten Bergen,Alle boligtyper,Prisindeks for brukte boliger
009,00,Boligindeks,2006K2,63.6,Møre og Romsdal og Vestland uten Bergen,Alle boligtyper,Prisindeks for brukte boliger
009,00,Boligindeks,2006K3,63.8,Møre og Romsdal og Vestland uten Bergen,Alle boligtyper,Prisindeks for brukte boliger
009,00,Boligindeks,2006K4,65.7,Møre og Romsdal og Vestland uten Bergen,Alle boligtyper,Prisindeks for brukte boliger
009,00,Boligindeks,2007K1,69.0,Møre og Romsdal og Vestland uten Bergen,Alle boligtyper,Prisindeks for brukte boliger
009,00,Boligindeks,2007K2,74.2,Møre og Romsdal og Vestland uten Bergen,Alle boligtyper,Prisindeks for brukte boliger
009,00,Boligindeks,2007K3,73.4,Møre og Romsdal og Vestland uten Bergen,Alle boligtyper,Prisindeks for brukte boliger
009,00,Boligindeks,2007K4,71.7,Møre og Romsdal og Vestland uten Bergen,Alle boligtyper,Prisindeks for brukte boliger
009,00,Boligindeks,2008K1,74.9,Møre og Romsdal og Vestland uten Bergen,Alle boligtyper,Prisindeks for brukte boliger
009,00,Boligindeks,2008K2,77.0,Møre og Romsdal og Vestland uten Bergen,Alle boligtyper,Prisindeks for brukte boliger
009,00,Boligindeks,2008K3,70.4,Møre og Romsdal og Vestland uten Bergen,Alle boligtyper,Prisindeks for brukte boliger
009,00,Boligindeks,2008K4,70.6,Møre og Romsdal og Vestland uten Bergen,Alle boligtyper,Prisindeks for brukte boliger
009,00,Boligindeks,2009K1,74.3,Møre og Romsdal og Vestland uten Bergen,Alle boligtyper,Prisindeks for brukte boliger
009,00,Boligindeks,2009K2,79.8,Møre og Romsdal og Vestland uten Bergen,Alle boligtyper,Prisindeks for brukte boliger
009,00,Boligindeks,2009K3,75.9,Møre og Romsdal og Vestland uten Bergen,Alle boligtyper,Prisindeks for brukte boliger
009,00,Boligindeks,2009K4,76.2,Møre og Romsdal og Vestland uten Bergen,Alle boligtyper,Prisindeks for brukte boliger
009,00,Boligindeks,2010K1,78.4,Møre og Romsdal og Vestland uten Bergen,Alle boligtyper,Prisindeks for brukte boliger
009,00,Boligindeks,2010K2,82.6,Møre og Romsdal og Vestland uten Bergen,Alle boligtyper,Prisindeks for brukte boliger
009,00,Boligindeks,2010K3,80.6,Møre og Romsdal og Vestland uten Bergen,Alle boligtyper,Prisindeks for brukte boliger
009,00,Boligindeks,2010K4,80.6,Møre og Romsdal og Vestland uten Bergen,Alle boligtyper,Prisindeks for brukte boliger
009,00,Boligindeks,2011K1,86.8,Møre og Romsdal og Vestland uten Bergen,Alle boligtyper,Prisindeks for brukte boliger
009,00,Boligindeks,2011K2,86.7,Møre og Romsdal og Vestland uten Bergen,Alle boligtyper,Prisindeks for brukte boliger
009,00,Boligindeks,2011K3,85.5,Møre og Romsdal og Vestland uten Bergen,Alle boligtyper,Prisindeks for brukte boliger
009,00,Boligindeks,2011K4,86.9,Møre og Romsdal og Vestland uten Bergen,Alle boligtyper,Prisindeks for brukte boliger
009,00,Boligindeks,2012K1,89.0,Møre og Romsdal og Vestland uten Bergen,Alle boligtyper,Prisindeks for brukte boliger
009,00,Boligindeks,2012K2,92.2,Møre og Romsdal og Vestland uten Bergen,Alle boligtyper,Prisindeks for brukte boliger
009,00,Boligindeks,2012K3,90.8,Møre og Romsdal og Vestland uten Bergen,Alle boligtyper,Prisindeks for brukte boliger
009,00,Boligindeks,2012K4,90.2,Møre og Romsdal og Vestland uten Bergen,Alle boligtyper,Prisindeks for brukte boliger
009,00,Boligindeks,2013K1,92.5,Møre og Romsdal og Vestland uten Bergen,Alle boligtyper,Prisindeks for brukte boliger
009,00,Boligindeks,2013K2,98.1,Møre og Romsdal og Vestland uten Bergen,Alle boligtyper,Prisindeks for brukte boliger
009,00,Boligindeks,2013K3,94.9,Møre og Romsdal og Vestland uten Bergen,Alle boligtyper,Prisindeks for brukte boliger
009,00,Boligindeks,2013K4,91.8,Møre og Romsdal og Vestland uten Bergen,Alle boligtyper,Prisindeks for brukte boliger
009,00,Boligindeks,2014K1,93.8,Møre og Romsdal og Vestland uten Bergen,Alle boligtyper,Prisindeks for brukte boliger
009,00,Boligindeks,2014K2,99.2,Møre og Romsdal og Vestland uten Bergen,Alle boligtyper,Prisindeks for brukte boliger
009,00,Boligindeks,2014K3,96.8,Møre og Romsdal og Vestland uten Bergen,Alle boligtyper,Prisindeks for brukte boliger
009,00,Boligindeks,2014K4,94.3,Møre og Romsdal og Vestland uten Bergen,Alle boligtyper,Prisindeks for brukte boliger
009,00,Boligindeks,2015K1,98.8,Møre og Romsdal og Vestland uten Bergen,Alle boligtyper,Prisindeks for brukte boliger
009,00,Boligindeks,2015K2,104.0,Møre og Romsdal og Vestland uten Bergen,Alle boligtyper,Prisindeks for brukte boliger
009,00,Boligindeks,2015K3,100.4,Møre og Romsdal og Vestland uten Bergen,Alle boligtyper,Prisindeks for brukte boliger
009,00,Boligindeks,2015K4,96.9,Møre og Romsdal og Vestland uten Bergen,Alle boligtyper,Prisindeks for brukte boliger
009,00,Boligindeks,2016K1,103.2,Møre og Romsdal og Vestland uten Bergen,Alle boligtyper,Prisindeks for brukte boliger
009,00,Boligindeks,2016K2,103.6,Møre og Romsdal og Vestland uten Bergen,Alle boligtyper,Prisindeks for brukte boliger
009,00,Boligindeks,2016K3,106.1,Møre og Romsdal og Vestland uten Bergen,Alle boligtyper,Prisindeks for brukte boliger
009,00,Boligindeks,2016K4,101.3,Møre og Romsdal og Vestland uten Bergen,Alle boligtyper,Prisindeks for brukte boliger
009,00,Boligindeks,2017K1,105.1,Møre og Romsdal og Vestland uten Bergen,Alle boligtyper,Prisindeks for brukte boliger
009,00,Boligindeks,2017K2,108.0,Møre og Romsdal og Vestland uten Bergen,Alle boligtyper,Prisindeks for brukte boliger
009,00,Boligindeks,2017K3,104.8,Møre og Romsdal og Vestland uten Bergen,Alle boligtyper,Prisindeks for brukte boliger
009,00,Boligindeks,2017K4,101.5,Møre og Romsdal og Vestland uten Bergen,Alle boligtyper,Prisindeks for brukte boliger
009,00,Boligindeks,2018K1,105.3,Møre og Romsdal og Vestland uten Bergen,Alle boligtyper,Prisindeks for brukte boliger
009,00,Boligindeks,2018K2,110.8,Møre og Romsdal og Vestland uten Bergen,Alle boligtyper,Prisindeks for brukte boliger
009,00,Boligindeks,2018K3,106.0,Møre og Romsdal og Vestland uten Bergen,Alle boligtyper,Prisindeks for brukte boliger
009,00,Boligindeks,2018K4,102.7,Møre og Romsdal og Vestland uten Bergen,Alle boligtyper,Prisindeks for brukte boliger
009,00,Boligindeks,2019K1,104.7,Møre og Romsdal og Vestland uten Bergen,Alle boligtyper,Prisindeks for brukte boliger
009,00,Boligindeks,2019K2,110.9,Møre og Romsdal og Vestland uten Bergen,Alle boligtyper,Prisindeks for brukte boliger
009,00,Boligindeks,2019K3,107.3,Møre og Romsdal og Vestland uten Bergen,Alle boligtyper,Prisindeks for brukte boliger
009,00,Boligindeks,2019K4,106.3,Møre og Romsdal og Vestland uten Bergen,Alle boligtyper,Prisindeks for brukte boliger
009,00,Boligindeks,2020K1,106.1,Møre og Romsdal og Vestland uten Bergen,Alle boligtyper,Prisindeks for brukte boliger
009,00,Boligindeks,2020K2,110.6,Møre og Romsdal og Vestland uten Bergen,Alle boligtyper,Prisindeks for brukte boliger
009,00,Boligindeks,2020K3,111.1,Møre og Romsdal og Vestland uten Bergen,Alle boligtyper,Prisindeks for brukte boliger
009,00,Boligindeks,2020K4,109.9,Møre og Romsdal og Vestland uten Bergen,Alle boligtyper,Prisindeks for brukte boliger
009,00,Boligindeks,2021K1,113.5,Møre og Romsdal og Vestland uten Bergen,Alle boligtyper,Prisindeks for brukte boliger
009,00,Boligindeks,2021K2,120.6,Møre og Romsdal og Vestland uten Bergen,Alle boligtyper,Prisindeks for brukte boliger
009,00,Boligindeks,2021K3,121.7,Møre og Romsdal og Vestland uten Bergen,Alle boligtyper,Prisindeks for brukte boliger
009,00,Boligindeks,2021K4,118.5,Møre og Romsdal og Vestland uten Bergen,Alle boligtyper,Prisindeks for brukte boliger
009,00,Boligindeks,2022K1,121.8,Møre og Romsdal og Vestland uten Bergen,Alle boligtyper,Prisindeks for brukte boliger
009,00,Boligindeks,2022K2,131.6,Møre og Romsdal og Vestland uten Bergen,Alle boligtyper,Prisindeks for brukte boliger
009,00,Boligindeks,2022K3,129.5,Møre og Romsdal og Vestland uten Bergen,Alle boligtyper,Prisindeks for brukte boliger
009,00,Boligindeks,2022K4,128.3,Møre og Romsdal og Vestland uten Bergen,Alle boligtyper,Prisindeks for brukte boliger
009,00,Boligindeks,2023K1,127.7,Møre og Romsdal og Vestland uten Bergen,Alle boligtyper,Prisindeks for brukte boliger
009,00,Boligindeks,2023K2,132.7,Møre og Romsdal og Vestland uten Bergen,Alle boligtyper,Prisindeks for brukte boliger
009,00,Boligindeks,2023K3,129.9,Møre og Romsdal og Vestland uten Bergen,Alle boligtyper,Prisindeks for brukte boliger
009,00,Boligindeks,2023K4,123.4,Møre og Romsdal og Vestland uten Bergen,Alle boligtyper,Prisindeks for brukte boliger
009,00,Boligindeks,2024K1,129.4,Møre og Romsdal og Vestland uten Bergen,Alle boligtyper,Prisindeks for brukte boliger
009,00,Boligindeks,2024K2,133.8,Møre og Romsdal og Vestland uten Bergen,Alle boligtyper,Prisindeks for brukte boliger
009,00,Boligindeks,2024K3,134.5,Møre og Romsdal og Vestland uten Bergen,Alle boligtyper,Prisindeks for brukte boliger
009,00,Boligindeks,2024K4,133.3,Møre og Romsdal og Vestland uten Bergen,Alle boligtyper,Prisindeks for brukte boliger
009,00,Boligindeks,2025K1,137.1,Møre og Romsdal og Vestland uten Bergen,Alle boligtyper,Prisindeks for brukte boliger
009,00,Boligindeks,2025K2,140.7,Møre og Romsdal og Vestland uten Bergen,Alle boligtyper,Prisindeks for brukte boliger
009,00,Boligindeks,2025K3,141.5,Møre og Romsdal og Vestland uten Bergen,Alle boligtyper,Prisindeks for brukte boliger
009,00,Boligindeks,2025K4,140.3,Møre og Romsdal og Vestland uten Bergen,Alle boligtyper,Prisindeks for brukte boliger
009,00,Boligindeks,2026K1,146.3,Møre og Romsdal og Vestland uten Bergen,Alle boligtyper,Prisindeks for brukte boliger
009,00,Boligindeks,2026K2,153.7,Møre og Romsdal og Vestland uten Bergen,Alle boligtyper,Prisindeks for brukte boliger
009,00,SesJustBoligindeks,1992K1,,Møre og Romsdal og Vestland uten Bergen,Alle boligtyper,"Prisindeks for brukte boliger, sesongjustert"
009,00,SesJustBoligindeks,1992K2,,Møre og Romsdal og Vestland uten Bergen,Alle boligtyper,"Prisindeks for brukte boliger, sesongjustert"
009,00,SesJustBoligindeks,1992K3,,Møre og Romsdal og Vestland uten Bergen,Alle boligtyper,"Prisindeks for brukte boliger, sesongjustert"
009,00,SesJustBoligindeks,1992K4,,Møre og Romsdal og Vestland uten Bergen,Alle boligtyper,"Prisindeks for brukte boliger, sesongjustert"
009,00,SesJustBoligindeks,1993K1,,Møre og Romsdal og Vestland uten Bergen,Alle boligtyper,"Prisindeks for brukte boliger, sesongjustert"
009,00,SesJustBoligindeks,1993K2,,Møre og Romsdal og Vestland uten Bergen,Alle boligtyper,"Prisindeks for brukte boliger, sesongjustert"
009,00,SesJustBoligindeks,1993K3,,Møre og Romsdal og Vestland uten Bergen,Alle boligtyper,"Prisindeks for brukte boliger, sesongjustert"
009,00,SesJustBoligindeks,1993K4,,Møre og Romsdal og Vestland uten Bergen,Alle boligtyper,"Prisindeks for brukte boliger, sesongjustert"
009,00,SesJustBoligindeks,1994K1,,Møre og Romsdal og Vestland uten Bergen,Alle boligtyper,"Prisindeks for brukte boliger, sesongjustert"
009,00,SesJustBoligindeks,1994K2,,Møre og Romsdal og Vestland uten Bergen,Alle boligtyper,"Prisindeks for brukte boliger, sesongjustert"
009,00,SesJustBoligindeks,1994K3,,Møre og Romsdal og Vestland uten Bergen,Alle boligtyper,"Prisindeks for brukte boliger, sesongjustert"
009,00,SesJustBoligindeks,1994K4,,Møre og Romsdal og Vestland uten Bergen,Alle boligtyper,"Prisindeks for brukte boliger, sesongjustert"
009,00,SesJustBoligindeks,1995K1,,Møre og Romsdal og Vestland uten Bergen,Alle boligtyper,"Prisindeks for brukte boliger, sesongjustert"
009,00,SesJustBoligindeks,1995K2,,Møre og Romsdal og Vestland uten Bergen,Alle boligtyper,"Prisindeks for brukte boliger, sesongjustert"
009,00,SesJustBoligindeks,1995K3,,Møre og Romsdal og Vestland uten Bergen,Alle boligtyper,"Prisindeks for brukte boliger, sesongjustert"
009,00,SesJustBoligindeks,1995K4,,Møre og Romsdal og Vestland uten Bergen,Alle boligtyper,"Prisindeks for brukte boliger, sesongjustert"
009,00,SesJustBoligindeks,1996K1,,Møre og Romsdal og Vestland uten Bergen,Alle boligtyper,"Prisindeks for brukte boliger, sesongjustert"
009,00,SesJustBoligindeks,1996K2,,Møre og Romsdal og Vestland uten Bergen,Alle boligtyper,"Prisindeks for brukte boliger, sesongjustert"
009,00,SesJustBoligindeks,1996K3,,Møre og Romsdal og Vestland uten Bergen,Alle boligtyper,"Prisindeks for brukte boliger, sesongjustert"
009,00,SesJustBoligindeks,1996K4,,Møre og Romsdal og Vestland uten Bergen,Alle boligtyper,"Prisindeks for brukte boliger, sesongjustert"
009,00,SesJustBoligindeks,1997K1,,Møre og Romsdal og Vestland uten Bergen,Alle boligtyper,"Prisindeks for brukte boliger, sesongjustert"
009,00,SesJustBoligindeks,1997K2,,Møre og Romsdal og Vestland uten Bergen,Alle boligtyper,"Prisindeks for brukte boliger, sesongjustert"
009,00,SesJustBoligindeks,1997K3,,Møre og Romsdal og Vestland uten Bergen,Alle boligtyper,"Prisindeks for brukte boliger, sesongjustert"
009,00,SesJustBoligindeks,1997K4,,Møre og Romsdal og Vestland uten Bergen,Alle boligtyper,"Prisindeks for brukte boliger, sesongjustert"
009,00,SesJustBoligindeks,1998K1,,Møre og Romsdal og Vestland uten Bergen,Alle boligtyper,"Prisindeks for brukte boliger, sesongjustert"
009,00,SesJustBoligindeks,1998K2,,Møre og Romsdal og Vestland uten Bergen,Alle boligtyper,"Prisindeks for brukte boliger, sesongjustert"
009,00,SesJustBoligindeks,1998K3,,Møre og Romsdal og Vestland uten Bergen,Alle boligtyper,"Prisindeks for brukte boliger, sesongjustert"
009,00,SesJustBoligindeks,1998K4,,Møre og Romsdal og Vestland uten Bergen,Alle boligtyper,"Prisindeks for brukte boliger, sesongjustert"
009,00,SesJustBoligindeks,1999K1,,Møre og Romsdal og Vestland uten Bergen,Alle boligtyper,"Prisindeks for brukte boliger, sesongjustert"
009,00,SesJustBoligindeks,1999K2,,Møre og Romsdal og Vestland uten Bergen,Alle boligtyper,"Prisindeks for brukte boliger, sesongjustert"
009,00,SesJustBoligindeks,1999K3,,Møre og Romsdal og Vestland uten Bergen,Alle boligtyper,"Prisindeks for brukte boliger, sesongjustert"
009,00,SesJustBoligindeks,1999K4,,Møre og Romsdal og Vestland uten Bergen,Alle boligtyper,"Prisindeks for brukte boliger, sesongjustert"
009,00,SesJustBoligindeks,2000K1,,Møre og Romsdal og Vestland uten Bergen,Alle boligtyper,"Prisindeks for brukte boliger, sesongjustert"
009,00,SesJustBoligindeks,2000K2,,Møre og Romsdal og Vestland uten Bergen,Alle boligtyper,"Prisindeks for brukte boliger, sesongjustert"
009,00,SesJustBoligindeks,2000K3,,Møre og Romsdal og Vestland uten Bergen,Alle boligtyper,"Prisindeks for brukte boliger, sesongjustert"
009,00,SesJustBoligindeks,2000K4,,Møre og Romsdal og Vestland uten Bergen,Alle boligtyper,"Prisindeks for brukte boliger, sesongjustert"
009,00,SesJustBoligindeks,2001K1,,Møre og Romsdal og Vestland uten Bergen,Alle boligtyper,"Prisindeks for brukte boliger, sesongjustert"
009,00,SesJustBoligindeks,2001K2,,Møre og Romsdal og Vestland uten Bergen,Alle boligtyper,"Prisindeks for brukte boliger, sesongjustert"
009,00,SesJustBoligindeks,2001K3,,Møre og Romsdal og Vestland uten Bergen,Alle boligtyper,"Prisindeks for brukte boliger, sesongjustert"
009,00,SesJustBoligindeks,2001K4,,Møre og Romsdal og Vestland uten Bergen,Alle boligtyper,"Prisindeks for brukte boliger, sesongjustert"
009,00,SesJustBoligindeks,2002K1,,Møre og Romsdal og Vestland uten Bergen,Alle boligtyper,"Prisindeks for brukte boliger, sesongjustert"
009,00,SesJustBoligindeks,2002K2,,Møre og Romsdal og Vestland uten Bergen,Alle boligtyper,"Prisindeks for brukte boliger, sesongjustert"
009,00,SesJustBoligindeks,2002K3,,Møre og Romsdal og Vestland uten Bergen,Alle boligtyper,"Prisindeks for brukte boliger, sesongjustert"
009,00,SesJustBoligindeks,2002K4,,Møre og Romsdal og Vestland uten Bergen,Alle boligtyper,"Prisindeks for brukte boliger, sesongjustert"
009,00,SesJustBoligindeks,2003K1,,Møre og Romsdal og Vestland uten Bergen,Alle boligtyper,"Prisindeks for brukte boliger, sesongjustert"
009,00,SesJustBoligindeks,2003K2,,Møre og Romsdal og Vestland uten Bergen,Alle boligtyper,"Prisindeks for brukte boliger, sesongjustert"
009,00,SesJustBoligindeks,2003K3,,Møre og Romsdal og Vestland uten Bergen,Alle boligtyper,"Prisindeks for brukte boliger, sesongjustert"
009,00,SesJustBoligindeks,2003K4,,Møre og Romsdal og Vestland uten Bergen,Alle boligtyper,"Prisindeks for brukte boliger, sesongjustert"
009,00,SesJustBoligindeks,2004K1,,Møre og Romsdal og Vestland uten Bergen,Alle boligtyper,"Prisindeks for brukte boliger, sesongjustert"
009,00,SesJustBoligindeks,2004K2,,Møre og Romsdal og Vestland uten Bergen,Alle boligtyper,"Prisindeks for brukte boliger, sesongjustert"
009,00,SesJustBoligindeks,2004K3,,Møre og Romsdal og Vestland uten Bergen,Alle boligtyper,"Prisindeks for brukte boliger, sesongjustert"
009,00,SesJustBoligindeks,2004K4,,Møre og Romsdal og Vestland uten Bergen,Alle boligtyper,"Prisindeks for brukte boliger, sesongjustert"
009,00,SesJustBoligindeks,2005K1,55.1,Møre og Romsdal og Vestland uten Bergen,Alle boligtyper,"Prisindeks for brukte boliger, sesongjustert"
009,00,SesJustBoligindeks,2005K2,56.3,Møre og Romsdal og Vestland uten Bergen,Alle boligtyper,"Prisindeks for brukte boliger, sesongjustert"
009,00,SesJustBoligindeks,2005K3,57.5,Møre og Romsdal og Vestland uten Bergen,Alle boligtyper,"Prisindeks for brukte boliger, sesongjustert"
009,00,SesJustBoligindeks,2005K4,58.7,Møre og Romsdal og Vestland uten Bergen,Alle boligtyper,"Prisindeks for brukte boliger, sesongjustert"
009,00,SesJustBoligindeks,2006K1,62.1,Møre og Romsdal og Vestland uten Bergen,Alle boligtyper,"Prisindeks for brukte boliger, sesongjustert"
009,00,SesJustBoligindeks,2006K2,61.1,Møre og Romsdal og Vestland uten Bergen,Alle boligtyper,"Prisindeks for brukte boliger, sesongjustert"
009,00,SesJustBoligindeks,2006K3,64.6,Møre og Romsdal og Vestland uten Bergen,Alle boligtyper,"Prisindeks for brukte boliger, sesongjustert"
009,00,SesJustBoligindeks,2006K4,67.7,Møre og Romsdal og Vestland uten Bergen,Alle boligtyper,"Prisindeks for brukte boliger, sesongjustert"
009,00,SesJustBoligindeks,2007K1,68.9,Møre og Romsdal og Vestland uten Bergen,Alle boligtyper,"Prisindeks for brukte boliger, sesongjustert"
009,00,SesJustBoligindeks,2007K2,71.3,Møre og Romsdal og Vestland uten Bergen,Alle boligtyper,"Prisindeks for brukte boliger, sesongjustert"
009,00,SesJustBoligindeks,2007K3,74.4,Møre og Romsdal og Vestland uten Bergen,Alle boligtyper,"Prisindeks for brukte boliger, sesongjustert"
009,00,SesJustBoligindeks,2007K4,73.8,Møre og Romsdal og Vestland uten Bergen,Alle boligtyper,"Prisindeks for brukte boliger, sesongjustert"
009,00,SesJustBoligindeks,2008K1,74.9,Møre og Romsdal og Vestland uten Bergen,Alle boligtyper,"Prisindeks for brukte boliger, sesongjustert"
009,00,SesJustBoligindeks,2008K2,74.0,Møre og Romsdal og Vestland uten Bergen,Alle boligtyper,"Prisindeks for brukte boliger, sesongjustert"
009,00,SesJustBoligindeks,2008K3,71.4,Møre og Romsdal og Vestland uten Bergen,Alle boligtyper,"Prisindeks for brukte boliger, sesongjustert"
009,00,SesJustBoligindeks,2008K4,72.5,Møre og Romsdal og Vestland uten Bergen,Alle boligtyper,"Prisindeks for brukte boliger, sesongjustert"
009,00,SesJustBoligindeks,2009K1,74.3,Møre og Romsdal og Vestland uten Bergen,Alle boligtyper,"Prisindeks for brukte boliger, sesongjustert"
009,00,SesJustBoligindeks,2009K2,76.7,Møre og Romsdal og Vestland uten Bergen,Alle boligtyper,"Prisindeks for brukte boliger, sesongjustert"
009,00,SesJustBoligindeks,2009K3,77.0,Møre og Romsdal og Vestland uten Bergen,Alle boligtyper,"Prisindeks for brukte boliger, sesongjustert"
009,00,SesJustBoligindeks,2009K4,78.2,Møre og Romsdal og Vestland uten Bergen,Alle boligtyper,"Prisindeks for brukte boliger, sesongjustert"
009,00,SesJustBoligindeks,2010K1,78.5,Møre og Romsdal og Vestland uten Bergen,Alle boligtyper,"Prisindeks for brukte boliger, sesongjustert"
009,00,SesJustBoligindeks,2010K2,79.5,Møre og Romsdal og Vestland uten Bergen,Alle boligtyper,"Prisindeks for brukte boliger, sesongjustert"
009,00,SesJustBoligindeks,2010K3,81.6,Møre og Romsdal og Vestland uten Bergen,Alle boligtyper,"Prisindeks for brukte boliger, sesongjustert"
009,00,SesJustBoligindeks,2010K4,82.6,Møre og Romsdal og Vestland uten Bergen,Alle boligtyper,"Prisindeks for brukte boliger, sesongjustert"
009,00,SesJustBoligindeks,2011K1,87.0,Møre og Romsdal og Vestland uten Bergen,Alle boligtyper,"Prisindeks for brukte boliger, sesongjustert"
009,00,SesJustBoligindeks,2011K2,83.6,Møre og Romsdal og Vestland uten Bergen,Alle boligtyper,"Prisindeks for brukte boliger, sesongjustert"
009,00,SesJustBoligindeks,2011K3,86.3,Møre og Romsdal og Vestland uten Bergen,Alle boligtyper,"Prisindeks for brukte boliger, sesongjustert"
009,00,SesJustBoligindeks,2011K4,89.1,Møre og Romsdal og Vestland uten Bergen,Alle boligtyper,"Prisindeks for brukte boliger, sesongjustert"
009,00,SesJustBoligindeks,2012K1,89.4,Møre og Romsdal og Vestland uten Bergen,Alle boligtyper,"Prisindeks for brukte boliger, sesongjustert"
009,00,SesJustBoligindeks,2012K2,89.0,Møre og Romsdal og Vestland uten Bergen,Alle boligtyper,"Prisindeks for brukte boliger, sesongjustert"
009,00,SesJustBoligindeks,2012K3,91.3,Møre og Romsdal og Vestland uten Bergen,Alle boligtyper,"Prisindeks for brukte boliger, sesongjustert"
009,00,SesJustBoligindeks,2012K4,92.6,Møre og Romsdal og Vestland uten Bergen,Alle boligtyper,"Prisindeks for brukte boliger, sesongjustert"
009,00,SesJustBoligindeks,2013K1,92.9,Møre og Romsdal og Vestland uten Bergen,Alle boligtyper,"Prisindeks for brukte boliger, sesongjustert"
009,00,SesJustBoligindeks,2013K2,94.7,Møre og Romsdal og Vestland uten Bergen,Alle boligtyper,"Prisindeks for brukte boliger, sesongjustert"
009,00,SesJustBoligindeks,2013K3,95.1,Møre og Romsdal og Vestland uten Bergen,Alle boligtyper,"Prisindeks for brukte boliger, sesongjustert"
009,00,SesJustBoligindeks,2013K4,94.5,Møre og Romsdal og Vestland uten Bergen,Alle boligtyper,"Prisindeks for brukte boliger, sesongjustert"
009,00,SesJustBoligindeks,2014K1,94.3,Møre og Romsdal og Vestland uten Bergen,Alle boligtyper,"Prisindeks for brukte boliger, sesongjustert"
009,00,SesJustBoligindeks,2014K2,95.8,Møre og Romsdal og Vestland uten Bergen,Alle boligtyper,"Prisindeks for brukte boliger, sesongjustert"
009,00,SesJustBoligindeks,2014K3,96.8,Møre og Romsdal og Vestland uten Bergen,Alle boligtyper,"Prisindeks for brukte boliger, sesongjustert"
009,00,SesJustBoligindeks,2014K4,97.4,Møre og Romsdal og Vestland uten Bergen,Alle boligtyper,"Prisindeks for brukte boliger, sesongjustert"
009,00,SesJustBoligindeks,2015K1,99.4,Møre og Romsdal og Vestland uten Bergen,Alle boligtyper,"Prisindeks for brukte boliger, sesongjustert"
009,00,SesJustBoligindeks,2015K2,100.4,Møre og Romsdal og Vestland uten Bergen,Alle boligtyper,"Prisindeks for brukte boliger, sesongjustert"
009,00,SesJustBoligindeks,2015K3,100.2,Møre og Romsdal og Vestland uten Bergen,Alle boligtyper,"Prisindeks for brukte boliger, sesongjustert"
009,00,SesJustBoligindeks,2015K4,100.2,Møre og Romsdal og Vestland uten Bergen,Alle boligtyper,"Prisindeks for brukte boliger, sesongjustert"
009,00,SesJustBoligindeks,2016K1,103.8,Møre og Romsdal og Vestland uten Bergen,Alle boligtyper,"Prisindeks for brukte boliger, sesongjustert"
009,00,SesJustBoligindeks,2016K2,100.0,Møre og Romsdal og Vestland uten Bergen,Alle boligtyper,"Prisindeks for brukte boliger, sesongjustert"
009,00,SesJustBoligindeks,2016K3,105.9,Møre og Romsdal og Vestland uten Bergen,Alle boligtyper,"Prisindeks for brukte boliger, sesongjustert"
009,00,SesJustBoligindeks,2016K4,104.7,Møre og Romsdal og Vestland uten Bergen,Alle boligtyper,"Prisindeks for brukte boliger, sesongjustert"
009,00,SesJustBoligindeks,2017K1,105.7,Møre og Romsdal og Vestland uten Bergen,Alle boligtyper,"Prisindeks for brukte boliger, sesongjustert"
009,00,SesJustBoligindeks,2017K2,104.3,Møre og Romsdal og Vestland uten Bergen,Alle boligtyper,"Prisindeks for brukte boliger, sesongjustert"
009,00,SesJustBoligindeks,2017K3,104.5,Møre og Romsdal og Vestland uten Bergen,Alle boligtyper,"Prisindeks for brukte boliger, sesongjustert"
009,00,SesJustBoligindeks,2017K4,104.7,Møre og Romsdal og Vestland uten Bergen,Alle boligtyper,"Prisindeks for brukte boliger, sesongjustert"
009,00,SesJustBoligindeks,2018K1,106.1,Møre og Romsdal og Vestland uten Bergen,Alle boligtyper,"Prisindeks for brukte boliger, sesongjustert"
009,00,SesJustBoligindeks,2018K2,107.2,Møre og Romsdal og Vestland uten Bergen,Alle boligtyper,"Prisindeks for brukte boliger, sesongjustert"
009,00,SesJustBoligindeks,2018K3,105.6,Møre og Romsdal og Vestland uten Bergen,Alle boligtyper,"Prisindeks for brukte boliger, sesongjustert"
009,00,SesJustBoligindeks,2018K4,105.6,Møre og Romsdal og Vestland uten Bergen,Alle boligtyper,"Prisindeks for brukte boliger, sesongjustert"
009,00,SesJustBoligindeks,2019K1,105.7,Møre og Romsdal og Vestland uten Bergen,Alle boligtyper,"Prisindeks for brukte boliger, sesongjustert"
009,00,SesJustBoligindeks,2019K2,107.4,Møre og Romsdal og Vestland uten Bergen,Alle boligtyper,"Prisindeks for brukte boliger, sesongjustert"
009,00,SesJustBoligindeks,2019K3,106.8,Møre og Romsdal og Vestland uten Bergen,Alle boligtyper,"Prisindeks for brukte boliger, sesongjustert"
009,00,SesJustBoligindeks,2019K4,109.1,Møre og Romsdal og Vestland uten Bergen,Alle boligtyper,"Prisindeks for brukte boliger, sesongjustert"
009,00,SesJustBoligindeks,2020K1,107.4,Møre og Romsdal og Vestland uten Bergen,Alle boligtyper,"Prisindeks for brukte boliger, sesongjustert"
009,00,SesJustBoligindeks,2020K2,107.2,Møre og Romsdal og Vestland uten Bergen,Alle boligtyper,"Prisindeks for brukte boliger, sesongjustert"
009,00,SesJustBoligindeks,2020K3,110.4,Møre og Romsdal og Vestland uten Bergen,Alle boligtyper,"Prisindeks for brukte boliger, sesongjustert"
009,00,SesJustBoligindeks,2020K4,112.6,Møre og Romsdal og Vestland uten Bergen,Alle boligtyper,"Prisindeks for brukte boliger, sesongjustert"
009,00,SesJustBoligindeks,2021K1,115.0,Møre og Romsdal og Vestland uten Bergen,Alle boligtyper,"Prisindeks for brukte boliger, sesongjustert"
009,00,SesJustBoligindeks,2021K2,117.1,Møre og Romsdal og Vestland uten Bergen,Alle boligtyper,"Prisindeks for brukte boliger, sesongjustert"
009,00,SesJustBoligindeks,2021K3,120.8,Møre og Romsdal og Vestland uten Bergen,Alle boligtyper,"Prisindeks for brukte boliger, sesongjustert"
009,00,SesJustBoligindeks,2021K4,121.3,Møre og Romsdal og Vestland uten Bergen,Alle boligtyper,"Prisindeks for brukte boliger, sesongjustert"
009,00,SesJustBoligindeks,2022K1,123.4,Møre og Romsdal og Vestland uten Bergen,Alle boligtyper,"Prisindeks for brukte boliger, sesongjustert"
009,00,SesJustBoligindeks,2022K2,128.1,Møre og Romsdal og Vestland uten Bergen,Alle boligtyper,"Prisindeks for brukte boliger, sesongjustert"
009,00,SesJustBoligindeks,2022K3,128.4,Møre og Romsdal og Vestland uten Bergen,Alle boligtyper,"Prisindeks for brukte boliger, sesongjustert"
009,00,SesJustBoligindeks,2022K4,131.4,Møre og Romsdal og Vestland uten Bergen,Alle boligtyper,"Prisindeks for brukte boliger, sesongjustert"
009,00,SesJustBoligindeks,2023K1,129.1,Møre og Romsdal og Vestland uten Bergen,Alle boligtyper,"Prisindeks for brukte boliger, sesongjustert"
009,00,SesJustBoligindeks,2023K2,129.3,Møre og Romsdal og Vestland uten Bergen,Alle boligtyper,"Prisindeks for brukte boliger, sesongjustert"
009,00,SesJustBoligindeks,2023K3,128.8,Møre og Romsdal og Vestland uten Bergen,Alle boligtyper,"Prisindeks for brukte boliger, sesongjustert"
009,00,SesJustBoligindeks,2023K4,126.4,Møre og Romsdal og Vestland uten Bergen,Alle boligtyper,"Prisindeks for brukte boliger, sesongjustert"
009,00,SesJustBoligindeks,2024K1,130.6,Møre og Romsdal og Vestland uten Bergen,Alle boligtyper,"Prisindeks for brukte boliger, sesongjustert"
009,00,SesJustBoligindeks,2024K2,130.6,Møre og Romsdal og Vestland uten Bergen,Alle boligtyper,"Prisindeks for brukte boliger, sesongjustert"
009,00,SesJustBoligindeks,2024K3,133.4,Møre og Romsdal og Vestland uten Bergen,Alle boligtyper,"Prisindeks for brukte boliger, sesongjustert"
009,00,SesJustBoligindeks,2024K4,136.6,Møre og Romsdal og Vestland uten Bergen,Alle boligtyper,"Prisindeks for brukte boliger, sesongjustert"
009,00,SesJustBoligindeks,2025K1,138.1,Møre og Romsdal og Vestland uten Bergen,Alle boligtyper,"Prisindeks for brukte boliger, sesongjustert"
009,00,SesJustBoligindeks,2025K2,137.5,Møre og Romsdal og Vestland uten Bergen,Alle boligtyper,"Prisindeks for brukte boliger, sesongjustert"
009,00,SesJustBoligindeks,2025K3,140.5,Møre og Romsdal og Vestland uten Bergen,Alle boligtyper,"Prisindeks for brukte boliger, sesongjustert"
009,00,SesJustBoligindeks,2025K4,143.8,Møre og Romsdal og Vestland uten Bergen,Alle boligtyper,"Prisindeks for brukte boliger, sesongjustert"
009,00,SesJustBoligindeks,2026K1,147.1,Møre og Romsdal og Vestland uten Bergen,Alle boligtyper,"Prisindeks for brukte boliger, sesongjustert"
009,00,SesJustBoligindeks,2026K2,150.3,Møre og Romsdal og Vestland uten Bergen,Alle boligtyper,"Prisindeks for brukte boliger, sesongjustert"
010,00,Boligindeks,1992K1,0.0,Trøndelag uten Trondheim,Alle boligtyper,Prisindeks for brukte boliger
010,00,Boligindeks,1992K2,0.0,Trøndelag uten Trondheim,Alle boligtyper,Prisindeks for brukte boliger
010,00,Boligindeks,1992K3,0.0,Trøndelag uten Trondheim,Alle boligtyper,Prisindeks for brukte boliger
010,00,Boligindeks,1992K4,0.0,Trøndelag uten Trondheim,Alle boligtyper,Prisindeks for brukte boliger
010,00,Boligindeks,1993K1,0.0,Trøndelag uten Trondheim,Alle boligtyper,Prisindeks for brukte boliger
010,00,Boligindeks,1993K2,0.0,Trøndelag uten Trondheim,Alle boligtyper,Prisindeks for brukte boliger
010,00,Boligindeks,1993K3,0.0,Trøndelag uten Trondheim,Alle boligtyper,Prisindeks for brukte boliger
010,00,Boligindeks,1993K4,0.0,Trøndelag uten Trondheim,Alle boligtyper,Prisindeks for brukte boliger
010,00,Boligindeks,1994K1,0.0,Trøndelag uten Trondheim,Alle boligtyper,Prisindeks for brukte boliger
010,00,Boligindeks,1994K2,0.0,Trøndelag uten Trondheim,Alle boligtyper,Prisindeks for brukte boliger
010,00,Boligindeks,1994K3,0.0,Trøndelag uten Trondheim,Alle boligtyper,Prisindeks for brukte boliger
010,00,Boligindeks,1994K4,0.0,Trøndelag uten Trondheim,Alle boligtyper,Prisindeks for brukte boliger
010,00,Boligindeks,1995K1,0.0,Trøndelag uten Trondheim,Alle boligtyper,Prisindeks for brukte boliger
010,00,Boligindeks,1995K2,0.0,Trøndelag uten Trondheim,Alle boligtyper,Prisindeks for brukte boliger
010,00,Boligindeks,1995K3,0.0,Trøndelag uten Trondheim,Alle boligtyper,Prisindeks for brukte boliger
010,00,Boligindeks,1995K4,0.0,Trøndelag uten Trondheim,Alle boligtyper,Prisindeks for brukte boliger
010,00,Boligindeks,1996K1,0.0,Trøndelag uten Trondheim,Alle boligtyper,Prisindeks for brukte boliger
010,00,Boligindeks,1996K2,0.0,Trøndelag uten Trondheim,Alle boligtyper,Prisindeks for brukte boliger
010,00,Boligindeks,1996K3,0.0,Trøndelag uten Trondheim,Alle boligtyper,Prisindeks for brukte boliger
010,00,Boligindeks,1996K4,0.0,Trøndelag uten Trondheim,Alle boligtyper,Prisindeks for brukte boliger
010,00,Boligindeks,1997K1,0.0,Trøndelag uten Trondheim,Alle boligtyper,Prisindeks for brukte boliger
010,00,Boligindeks,1997K2,0.0,Trøndelag uten Trondheim,Alle boligtyper,Prisindeks for brukte boliger
010,00,Boligindeks,1997K3,0.0,Trøndelag uten Trondheim,Alle boligtyper,Prisindeks for brukte boliger
010,00,Boligindeks,1997K4,0.0,Trøndelag uten Trondheim,Alle boligtyper,Prisindeks for brukte boliger
010,00,Boligindeks,1998K1,0.0,Trøndelag uten Trondheim,Alle boligtyper,Prisindeks for brukte boliger
010,00,Boligindeks,1998K2,0.0,Trøndelag uten Trondheim,Alle boligtyper,Prisindeks for brukte boliger
010,00,Boligindeks,1998K3,0.0,Trøndelag uten Trondheim,Alle boligtyper,Prisindeks for brukte boliger
010,00,Boligindeks,1998K4,0.0,Trøndelag uten Trondheim,Alle boligtyper,Prisindeks for brukte boliger
010,00,Boligindeks,1999K1,0.0,Trøndelag uten Trondheim,Alle boligtyper,Prisindeks for brukte boliger
010,00,Boligindeks,1999K2,0.0,Trøndelag uten Trondheim,Alle boligtyper,Prisindeks for brukte boliger
010,00,Boligindeks,1999K3,0.0,Trøndelag uten Trondheim,Alle boligtyper,Prisindeks for brukte boliger
010,00,Boligindeks,1999K4,0.0,Trøndelag uten Trondheim,Alle boligtyper,Prisindeks for brukte boliger
010,00,Boligindeks,2000K1,0.0,Trøndelag uten Trondheim,Alle boligtyper,Prisindeks for brukte boliger
010,00,Boligindeks,2000K2,0.0,Trøndelag uten Trondheim,Alle boligtyper,Prisindeks for brukte boliger
010,00,Boligindeks,2000K3,0.0,Trøndelag uten Trondheim,Alle boligtyper,Prisindeks for brukte boliger
010,00,Boligindeks,2000K4,0.0,Trøndelag uten Trondheim,Alle boligtyper,Prisindeks for brukte boliger
010,00,Boligindeks,2001K1,0.0,Trøndelag uten Trondheim,Alle boligtyper,Prisindeks for brukte boliger
010,00,Boligindeks,2001K2,0.0,Trøndelag uten Trondheim,Alle boligtyper,Prisindeks for brukte boliger
010,00,Boligindeks,2001K3,0.0,Trøndelag uten Trondheim,Alle boligtyper,Prisindeks for brukte boliger
010,00,Boligindeks,2001K4,0.0,Trøndelag uten Trondheim,Alle boligtyper,Prisindeks for brukte boliger
010,00,Boligindeks,2002K1,0.0,Trøndelag uten Trondheim,Alle boligtyper,Prisindeks for brukte boliger
010,00,Boligindeks,2002K2,0.0,Trøndelag uten Trondheim,Alle boligtyper,Prisindeks for brukte boliger
010,00,Boligindeks,2002K3,0.0,Trøndelag uten Trondheim,Alle boligtyper,Prisindeks for brukte boliger
010,00,Boligindeks,2002K4,0.0,Trøndelag uten Trondheim,Alle boligtyper,Prisindeks for brukte boliger
010,00,Boligindeks,2003K1,0.0,Trøndelag uten Trondheim,Alle boligtyper,Prisindeks for brukte boliger
010,00,Boligindeks,2003K2,0.0,Trøndelag uten Trondheim,Alle boligtyper,Prisindeks for brukte boliger
010,00,Boligindeks,2003K3,0.0,Trøndelag uten Trondheim,Alle boligtyper,Prisindeks for brukte boliger
010,00,Boligindeks,2003K4,0.0,Trøndelag uten Trondheim,Alle boligtyper,Prisindeks for brukte boliger
010,00,Boligindeks,2004K1,0.0,Trøndelag uten Trondheim,Alle boligtyper,Prisindeks for brukte boliger
010,00,Boligindeks,2004K2,0.0,Trøndelag uten Trondheim,Alle boligtyper,Prisindeks for brukte boliger
010,00,Boligindeks,2004K3,0.0,Trøndelag uten Trondheim,Alle boligtyper,Prisindeks for brukte boliger
010,00,Boligindeks,2004K4,0.0,Trøndelag uten Trondheim,Alle boligtyper,Prisindeks for brukte boliger
010,00,Boligindeks,2005K1,50.0,Trøndelag uten Trondheim,Alle boligtyper,Prisindeks for brukte boliger
010,00,Boligindeks,2005K2,52.8,Trøndelag uten Trondheim,Alle boligtyper,Prisindeks for brukte boliger
010,00,Boligindeks,2005K3,54.2,Trøndelag uten Trondheim,Alle boligtyper,Prisindeks for brukte boliger
010,00,Boligindeks,2005K4,51.1,Trøndelag uten Trondheim,Alle boligtyper,Prisindeks for brukte boliger
010,00,Boligindeks,2006K1,56.8,Trøndelag uten Trondheim,Alle boligtyper,Prisindeks for brukte boliger
010,00,Boligindeks,2006K2,57.4,Trøndelag uten Trondheim,Alle boligtyper,Prisindeks for brukte boliger
010,00,Boligindeks,2006K3,59.7,Trøndelag uten Trondheim,Alle boligtyper,Prisindeks for brukte boliger
010,00,Boligindeks,2006K4,61.5,Trøndelag uten Trondheim,Alle boligtyper,Prisindeks for brukte boliger
010,00,Boligindeks,2007K1,63.0,Trøndelag uten Trondheim,Alle boligtyper,Prisindeks for brukte boliger
010,00,Boligindeks,2007K2,66.3,Trøndelag uten Trondheim,Alle boligtyper,Prisindeks for brukte boliger
010,00,Boligindeks,2007K3,65.8,Trøndelag uten Trondheim,Alle boligtyper,Prisindeks for brukte boliger
010,00,Boligindeks,2007K4,65.6,Trøndelag uten Trondheim,Alle boligtyper,Prisindeks for brukte boliger
010,00,Boligindeks,2008K1,68.4,Trøndelag uten Trondheim,Alle boligtyper,Prisindeks for brukte boliger
010,00,Boligindeks,2008K2,68.3,Trøndelag uten Trondheim,Alle boligtyper,Prisindeks for brukte boliger
010,00,Boligindeks,2008K3,71.1,Trøndelag uten Trondheim,Alle boligtyper,Prisindeks for brukte boliger
010,00,Boligindeks,2008K4,61.1,Trøndelag uten Trondheim,Alle boligtyper,Prisindeks for brukte boliger
010,00,Boligindeks,2009K1,65.3,Trøndelag uten Trondheim,Alle boligtyper,Prisindeks for brukte boliger
010,00,Boligindeks,2009K2,68.3,Trøndelag uten Trondheim,Alle boligtyper,Prisindeks for brukte boliger
010,00,Boligindeks,2009K3,68.4,Trøndelag uten Trondheim,Alle boligtyper,Prisindeks for brukte boliger
010,00,Boligindeks,2009K4,67.0,Trøndelag uten Trondheim,Alle boligtyper,Prisindeks for brukte boliger
010,00,Boligindeks,2010K1,71.2,Trøndelag uten Trondheim,Alle boligtyper,Prisindeks for brukte boliger
010,00,Boligindeks,2010K2,75.0,Trøndelag uten Trondheim,Alle boligtyper,Prisindeks for brukte boliger
010,00,Boligindeks,2010K3,73.5,Trøndelag uten Trondheim,Alle boligtyper,Prisindeks for brukte boliger
010,00,Boligindeks,2010K4,73.5,Trøndelag uten Trondheim,Alle boligtyper,Prisindeks for brukte boliger
010,00,Boligindeks,2011K1,77.7,Trøndelag uten Trondheim,Alle boligtyper,Prisindeks for brukte boliger
010,00,Boligindeks,2011K2,81.6,Trøndelag uten Trondheim,Alle boligtyper,Prisindeks for brukte boliger
010,00,Boligindeks,2011K3,82.9,Trøndelag uten Trondheim,Alle boligtyper,Prisindeks for brukte boliger
010,00,Boligindeks,2011K4,81.1,Trøndelag uten Trondheim,Alle boligtyper,Prisindeks for brukte boliger
010,00,Boligindeks,2012K1,85.8,Trøndelag uten Trondheim,Alle boligtyper,Prisindeks for brukte boliger
010,00,Boligindeks,2012K2,90.1,Trøndelag uten Trondheim,Alle boligtyper,Prisindeks for brukte boliger
010,00,Boligindeks,2012K3,87.7,Trøndelag uten Trondheim,Alle boligtyper,Prisindeks for brukte boliger
010,00,Boligindeks,2012K4,87.1,Trøndelag uten Trondheim,Alle boligtyper,Prisindeks for brukte boliger
010,00,Boligindeks,2013K1,90.3,Trøndelag uten Trondheim,Alle boligtyper,Prisindeks for brukte boliger
010,00,Boligindeks,2013K2,93.6,Trøndelag uten Trondheim,Alle boligtyper,Prisindeks for brukte boliger
010,00,Boligindeks,2013K3,93.5,Trøndelag uten Trondheim,Alle boligtyper,Prisindeks for brukte boliger
010,00,Boligindeks,2013K4,90.3,Trøndelag uten Trondheim,Alle boligtyper,Prisindeks for brukte boliger
010,00,Boligindeks,2014K1,92.2,Trøndelag uten Trondheim,Alle boligtyper,Prisindeks for brukte boliger
010,00,Boligindeks,2014K2,96.8,Trøndelag uten Trondheim,Alle boligtyper,Prisindeks for brukte boliger
010,00,Boligindeks,2014K3,95.4,Trøndelag uten Trondheim,Alle boligtyper,Prisindeks for brukte boliger
010,00,Boligindeks,2014K4,96.4,Trøndelag uten Trondheim,Alle boligtyper,Prisindeks for brukte boliger
010,00,Boligindeks,2015K1,96.6,Trøndelag uten Trondheim,Alle boligtyper,Prisindeks for brukte boliger
010,00,Boligindeks,2015K2,103.4,Trøndelag uten Trondheim,Alle boligtyper,Prisindeks for brukte boliger
010,00,Boligindeks,2015K3,101.3,Trøndelag uten Trondheim,Alle boligtyper,Prisindeks for brukte boliger
010,00,Boligindeks,2015K4,98.7,Trøndelag uten Trondheim,Alle boligtyper,Prisindeks for brukte boliger
010,00,Boligindeks,2016K1,102.6,Trøndelag uten Trondheim,Alle boligtyper,Prisindeks for brukte boliger
010,00,Boligindeks,2016K2,107.8,Trøndelag uten Trondheim,Alle boligtyper,Prisindeks for brukte boliger
010,00,Boligindeks,2016K3,106.2,Trøndelag uten Trondheim,Alle boligtyper,Prisindeks for brukte boliger
010,00,Boligindeks,2016K4,104.5,Trøndelag uten Trondheim,Alle boligtyper,Prisindeks for brukte boliger
010,00,Boligindeks,2017K1,106.6,Trøndelag uten Trondheim,Alle boligtyper,Prisindeks for brukte boliger
010,00,Boligindeks,2017K2,109.8,Trøndelag uten Trondheim,Alle boligtyper,Prisindeks for brukte boliger
010,00,Boligindeks,2017K3,107.9,Trøndelag uten Trondheim,Alle boligtyper,Prisindeks for brukte boliger
010,00,Boligindeks,2017K4,110.6,Trøndelag uten Trondheim,Alle boligtyper,Prisindeks for brukte boliger
010,00,Boligindeks,2018K1,106.4,Trøndelag uten Trondheim,Alle boligtyper,Prisindeks for brukte boliger
010,00,Boligindeks,2018K2,111.3,Trøndelag uten Trondheim,Alle boligtyper,Prisindeks for brukte boliger
010,00,Boligindeks,2018K3,110.4,Trøndelag uten Trondheim,Alle boligtyper,Prisindeks for brukte boliger
010,00,Boligindeks,2018K4,106.9,Trøndelag uten Trondheim,Alle boligtyper,Prisindeks for brukte boliger
010,00,Boligindeks,2019K1,106.4,Trøndelag uten Trondheim,Alle boligtyper,Prisindeks for brukte boliger
010,00,Boligindeks,2019K2,113.0,Trøndelag uten Trondheim,Alle boligtyper,Prisindeks for brukte boliger
010,00,Boligindeks,2019K3,111.1,Trøndelag uten Trondheim,Alle boligtyper,Prisindeks for brukte boliger
010,00,Boligindeks,2019K4,107.2,Trøndelag uten Trondheim,Alle boligtyper,Prisindeks for brukte boliger
010,00,Boligindeks,2020K1,110.1,Trøndelag uten Trondheim,Alle boligtyper,Prisindeks for brukte boliger
010,00,Boligindeks,2020K2,112.2,Trøndelag uten Trondheim,Alle boligtyper,Prisindeks for brukte boliger
010,00,Boligindeks,2020K3,116.0,Trøndelag uten Trondheim,Alle boligtyper,Prisindeks for brukte boliger
010,00,Boligindeks,2020K4,116.6,Trøndelag uten Trondheim,Alle boligtyper,Prisindeks for brukte boliger
010,00,Boligindeks,2021K1,119.3,Trøndelag uten Trondheim,Alle boligtyper,Prisindeks for brukte boliger
010,00,Boligindeks,2021K2,124.4,Trøndelag uten Trondheim,Alle boligtyper,Prisindeks for brukte boliger
010,00,Boligindeks,2021K3,126.2,Trøndelag uten Trondheim,Alle boligtyper,Prisindeks for brukte boliger
010,00,Boligindeks,2021K4,128.1,Trøndelag uten Trondheim,Alle boligtyper,Prisindeks for brukte boliger
010,00,Boligindeks,2022K1,128.7,Trøndelag uten Trondheim,Alle boligtyper,Prisindeks for brukte boliger
010,00,Boligindeks,2022K2,136.2,Trøndelag uten Trondheim,Alle boligtyper,Prisindeks for brukte boliger
010,00,Boligindeks,2022K3,131.5,Trøndelag uten Trondheim,Alle boligtyper,Prisindeks for brukte boliger
010,00,Boligindeks,2022K4,129.6,Trøndelag uten Trondheim,Alle boligtyper,Prisindeks for brukte boliger
010,00,Boligindeks,2023K1,129.2,Trøndelag uten Trondheim,Alle boligtyper,Prisindeks for brukte boliger
010,00,Boligindeks,2023K2,139.1,Trøndelag uten Trondheim,Alle boligtyper,Prisindeks for brukte boliger
010,00,Boligindeks,2023K3,133.1,Trøndelag uten Trondheim,Alle boligtyper,Prisindeks for brukte boliger
010,00,Boligindeks,2023K4,130.1,Trøndelag uten Trondheim,Alle boligtyper,Prisindeks for brukte boliger
010,00,Boligindeks,2024K1,133.2,Trøndelag uten Trondheim,Alle boligtyper,Prisindeks for brukte boliger
010,00,Boligindeks,2024K2,138.0,Trøndelag uten Trondheim,Alle boligtyper,Prisindeks for brukte boliger
010,00,Boligindeks,2024K3,136.8,Trøndelag uten Trondheim,Alle boligtyper,Prisindeks for brukte boliger
010,00,Boligindeks,2024K4,131.2,Trøndelag uten Trondheim,Alle boligtyper,Prisindeks for brukte boliger
010,00,Boligindeks,2025K1,133.6,Trøndelag uten Trondheim,Alle boligtyper,Prisindeks for brukte boliger
010,00,Boligindeks,2025K2,141.6,Trøndelag uten Trondheim,Alle boligtyper,Prisindeks for brukte boliger
010,00,Boligindeks,2025K3,139.1,Trøndelag uten Trondheim,Alle boligtyper,Prisindeks for brukte boliger
010,00,Boligindeks,2025K4,133.1,Trøndelag uten Trondheim,Alle boligtyper,Prisindeks for brukte boliger
010,00,Boligindeks,2026K1,138.1,Trøndelag uten Trondheim,Alle boligtyper,Prisindeks for brukte boliger
010,00,Boligindeks,2026K2,144.0,Trøndelag uten Trondheim,Alle boligtyper,Prisindeks for brukte boliger
010,00,SesJustBoligindeks,1992K1,,Trøndelag uten Trondheim,Alle boligtyper,"Prisindeks for brukte boliger, sesongjustert"
010,00,SesJustBoligindeks,1992K2,,Trøndelag uten Trondheim,Alle boligtyper,"Prisindeks for brukte boliger, sesongjustert"
010,00,SesJustBoligindeks,1992K3,,Trøndelag uten Trondheim,Alle boligtyper,"Prisindeks for brukte boliger, sesongjustert"
010,00,SesJustBoligindeks,1992K4,,Trøndelag uten Trondheim,Alle boligtyper,"Prisindeks for brukte boliger, sesongjustert"
010,00,SesJustBoligindeks,1993K1,,Trøndelag uten Trondheim,Alle boligtyper,"Prisindeks for brukte boliger, sesongjustert"
010,00,SesJustBoligindeks,1993K2,,Trøndelag uten Trondheim,Alle boligtyper,"Prisindeks for brukte boliger, sesongjustert"
010,00,SesJustBoligindeks,1993K3,,Trøndelag uten Trondheim,Alle boligtyper,"Prisindeks for brukte boliger, sesongjustert"
010,00,SesJustBoligindeks,1993K4,,Trøndelag uten Trondheim,Alle boligtyper,"Prisindeks for brukte boliger, sesongjustert"
010,00,SesJustBoligindeks,1994K1,,Trøndelag uten Trondheim,Alle boligtyper,"Prisindeks for brukte boliger, sesongjustert"
010,00,SesJustBoligindeks,1994K2,,Trøndelag uten Trondheim,Alle boligtyper,"Prisindeks for brukte boliger, sesongjustert"
010,00,SesJustBoligindeks,1994K3,,Trøndelag uten Trondheim,Alle boligtyper,"Prisindeks for brukte boliger, sesongjustert"
010,00,SesJustBoligindeks,1994K4,,Trøndelag uten Trondheim,Alle boligtyper,"Prisindeks for brukte boliger, sesongjustert"
010,00,SesJustBoligindeks,1995K1,,Trøndelag uten Trondheim,Alle boligtyper,"Prisindeks for brukte boliger, sesongjustert"
010,00,SesJustBoligindeks,1995K2,,Trøndelag uten Trondheim,Alle boligtyper,"Prisindeks for brukte boliger, sesongjustert"
010,00,SesJustBoligindeks,1995K3,,Trøndelag uten Trondheim,Alle boligtyper,"Prisindeks for brukte boliger, sesongjustert"
010,00,SesJustBoligindeks,1995K4,,Trøndelag uten Trondheim,Alle boligtyper,"Prisindeks for brukte boliger, sesongjustert"
010,00,SesJustBoligindeks,1996K1,,Trøndelag uten Trondheim,Alle boligtyper,"Prisindeks for brukte boliger, sesongjustert"
010,00,SesJustBoligindeks,1996K2,,Trøndelag uten Trondheim,Alle boligtyper,"Prisindeks for brukte boliger, sesongjustert"
010,00,SesJustBoligindeks,1996K3,,Trøndelag uten Trondheim,Alle boligtyper,"Prisindeks for brukte boliger, sesongjustert"
010,00,SesJustBoligindeks,1996K4,,Trøndelag uten Trondheim,Alle boligtyper,"Prisindeks for brukte boliger, sesongjustert"
010,00,SesJustBoligindeks,1997K1,,Trøndelag uten Trondheim,Alle boligtyper,"Prisindeks for brukte boliger, sesongjustert"
010,00,SesJustBoligindeks,1997K2,,Trøndelag uten Trondheim,Alle boligtyper,"Prisindeks for brukte boliger, sesongjustert"
010,00,SesJustBoligindeks,1997K3,,Trøndelag uten Trondheim,Alle boligtyper,"Prisindeks for brukte boliger, sesongjustert"
010,00,SesJustBoligindeks,1997K4,,Trøndelag uten Trondheim,Alle boligtyper,"Prisindeks for brukte boliger, sesongjustert"
010,00,SesJustBoligindeks,1998K1,,Trøndelag uten Trondheim,Alle boligtyper,"Prisindeks for brukte boliger, sesongjustert"
010,00,SesJustBoligindeks,1998K2,,Trøndelag uten Trondheim,Alle boligtyper,"Prisindeks for brukte boliger, sesongjustert"
010,00,SesJustBoligindeks,1998K3,,Trøndelag uten Trondheim,Alle boligtyper,"Prisindeks for brukte boliger, sesongjustert"
010,00,SesJustBoligindeks,1998K4,,Trøndelag uten Trondheim,Alle boligtyper,"Prisindeks for brukte boliger, sesongjustert"
010,00,SesJustBoligindeks,1999K1,,Trøndelag uten Trondheim,Alle boligtyper,"Prisindeks for brukte boliger, sesongjustert"
010,00,SesJustBoligindeks,1999K2,,Trøndelag uten Trondheim,Alle boligtyper,"Prisindeks for brukte boliger, sesongjustert"
010,00,SesJustBoligindeks,1999K3,,Trøndelag uten Trondheim,Alle boligtyper,"Prisindeks for brukte boliger, sesongjustert"
010,00,SesJustBoligindeks,1999K4,,Trøndelag uten Trondheim,Alle boligtyper,"Prisindeks for brukte boliger, sesongjustert"
010,00,SesJustBoligindeks,2000K1,,Trøndelag uten Trondheim,Alle boligtyper,"Prisindeks for brukte boliger, sesongjustert"
010,00,SesJustBoligindeks,2000K2,,Trøndelag uten Trondheim,Alle boligtyper,"Prisindeks for brukte boliger, sesongjustert"
010,00,SesJustBoligindeks,2000K3,,Trøndelag uten Trondheim,Alle boligtyper,"Prisindeks for brukte boliger, sesongjustert"
010,00,SesJustBoligindeks,2000K4,,Trøndelag uten Trondheim,Alle boligtyper,"Prisindeks for brukte boliger, sesongjustert"
010,00,SesJustBoligindeks,2001K1,,Trøndelag uten Trondheim,Alle boligtyper,"Prisindeks for brukte boliger, sesongjustert"
010,00,SesJustBoligindeks,2001K2,,Trøndelag uten Trondheim,Alle boligtyper,"Prisindeks for brukte boliger, sesongjustert"
010,00,SesJustBoligindeks,2001K3,,Trøndelag uten Trondheim,Alle boligtyper,"Prisindeks for brukte boliger, sesongjustert"
010,00,SesJustBoligindeks,2001K4,,Trøndelag uten Trondheim,Alle boligtyper,"Prisindeks for brukte boliger, sesongjustert"
010,00,SesJustBoligindeks,2002K1,,Trøndelag uten Trondheim,Alle boligtyper,"Prisindeks for brukte boliger, sesongjustert"
010,00,SesJustBoligindeks,2002K2,,Trøndelag uten Trondheim,Alle boligtyper,"Prisindeks for brukte boliger, sesongjustert"
010,00,SesJustBoligindeks,2002K3,,Trøndelag uten Trondheim,Alle boligtyper,"Prisindeks for brukte boliger, sesongjustert"
010,00,SesJustBoligindeks,2002K4,,Trøndelag uten Trondheim,Alle boligtyper,"Prisindeks for brukte boliger, sesongjustert"
010,00,SesJustBoligindeks,2003K1,,Trøndelag uten Trondheim,Alle boligtyper,"Prisindeks for brukte boliger, sesongjustert"
010,00,SesJustBoligindeks,2003K2,,Trøndelag uten Trondheim,Alle boligtyper,"Prisindeks for brukte boliger, sesongjustert"
010,00,SesJustBoligindeks,2003K3,,Trøndelag uten Trondheim,Alle boligtyper,"Prisindeks for brukte boliger, sesongjustert"
010,00,SesJustBoligindeks,2003K4,,Trøndelag uten Trondheim,Alle boligtyper,"Prisindeks for brukte boliger, sesongjustert"
010,00,SesJustBoligindeks,2004K1,,Trøndelag uten Trondheim,Alle boligtyper,"Prisindeks for brukte boliger, sesongjustert"
010,00,SesJustBoligindeks,2004K2,,Trøndelag uten Trondheim,Alle boligtyper,"Prisindeks for brukte boliger, sesongjustert"
010,00,SesJustBoligindeks,2004K3,,Trøndelag uten Trondheim,Alle boligtyper,"Prisindeks for brukte boliger, sesongjustert"
010,00,SesJustBoligindeks,2004K4,,Trøndelag uten Trondheim,Alle boligtyper,"Prisindeks for brukte boliger, sesongjustert"
010,00,SesJustBoligindeks,2005K1,49.7,Trøndelag uten Trondheim,Alle boligtyper,"Prisindeks for brukte boliger, sesongjustert"
010,00,SesJustBoligindeks,2005K2,52.2,Trøndelag uten Trondheim,Alle boligtyper,"Prisindeks for brukte boliger, sesongjustert"
010,00,SesJustBoligindeks,2005K3,53.8,Trøndelag uten Trondheim,Alle boligtyper,"Prisindeks for brukte boliger, sesongjustert"
010,00,SesJustBoligindeks,2005K4,52.4,Trøndelag uten Trondheim,Alle boligtyper,"Prisindeks for brukte boliger, sesongjustert"
010,00,SesJustBoligindeks,2006K1,56.5,Trøndelag uten Trondheim,Alle boligtyper,"Prisindeks for brukte boliger, sesongjustert"
010,00,SesJustBoligindeks,2006K2,56.7,Trøndelag uten Trondheim,Alle boligtyper,"Prisindeks for brukte boliger, sesongjustert"
010,00,SesJustBoligindeks,2006K3,59.2,Trøndelag uten Trondheim,Alle boligtyper,"Prisindeks for brukte boliger, sesongjustert"
010,00,SesJustBoligindeks,2006K4,63.2,Trøndelag uten Trondheim,Alle boligtyper,"Prisindeks for brukte boliger, sesongjustert"
010,00,SesJustBoligindeks,2007K1,62.7,Trøndelag uten Trondheim,Alle boligtyper,"Prisindeks for brukte boliger, sesongjustert"
010,00,SesJustBoligindeks,2007K2,65.4,Trøndelag uten Trondheim,Alle boligtyper,"Prisindeks for brukte boliger, sesongjustert"
010,00,SesJustBoligindeks,2007K3,65.3,Trøndelag uten Trondheim,Alle boligtyper,"Prisindeks for brukte boliger, sesongjustert"
010,00,SesJustBoligindeks,2007K4,67.4,Trøndelag uten Trondheim,Alle boligtyper,"Prisindeks for brukte boliger, sesongjustert"
010,00,SesJustBoligindeks,2008K1,68.1,Trøndelag uten Trondheim,Alle boligtyper,"Prisindeks for brukte boliger, sesongjustert"
010,00,SesJustBoligindeks,2008K2,67.1,Trøndelag uten Trondheim,Alle boligtyper,"Prisindeks for brukte boliger, sesongjustert"
010,00,SesJustBoligindeks,2008K3,70.6,Trøndelag uten Trondheim,Alle boligtyper,"Prisindeks for brukte boliger, sesongjustert"
010,00,SesJustBoligindeks,2008K4,62.9,Trøndelag uten Trondheim,Alle boligtyper,"Prisindeks for brukte boliger, sesongjustert"
010,00,SesJustBoligindeks,2009K1,65.1,Trøndelag uten Trondheim,Alle boligtyper,"Prisindeks for brukte boliger, sesongjustert"
010,00,SesJustBoligindeks,2009K2,67.0,Trøndelag uten Trondheim,Alle boligtyper,"Prisindeks for brukte boliger, sesongjustert"
010,00,SesJustBoligindeks,2009K3,68.0,Trøndelag uten Trondheim,Alle boligtyper,"Prisindeks for brukte boliger, sesongjustert"
010,00,SesJustBoligindeks,2009K4,69.0,Trøndelag uten Trondheim,Alle boligtyper,"Prisindeks for brukte boliger, sesongjustert"
010,00,SesJustBoligindeks,2010K1,71.1,Trøndelag uten Trondheim,Alle boligtyper,"Prisindeks for brukte boliger, sesongjustert"
010,00,SesJustBoligindeks,2010K2,73.4,Trøndelag uten Trondheim,Alle boligtyper,"Prisindeks for brukte boliger, sesongjustert"
010,00,SesJustBoligindeks,2010K3,73.2,Trøndelag uten Trondheim,Alle boligtyper,"Prisindeks for brukte boliger, sesongjustert"
010,00,SesJustBoligindeks,2010K4,75.8,Trøndelag uten Trondheim,Alle boligtyper,"Prisindeks for brukte boliger, sesongjustert"
010,00,SesJustBoligindeks,2011K1,77.7,Trøndelag uten Trondheim,Alle boligtyper,"Prisindeks for brukte boliger, sesongjustert"
010,00,SesJustBoligindeks,2011K2,79.6,Trøndelag uten Trondheim,Alle boligtyper,"Prisindeks for brukte boliger, sesongjustert"
010,00,SesJustBoligindeks,2011K3,82.6,Trøndelag uten Trondheim,Alle boligtyper,"Prisindeks for brukte boliger, sesongjustert"
010,00,SesJustBoligindeks,2011K4,83.5,Trøndelag uten Trondheim,Alle boligtyper,"Prisindeks for brukte boliger, sesongjustert"
010,00,SesJustBoligindeks,2012K1,86.0,Trøndelag uten Trondheim,Alle boligtyper,"Prisindeks for brukte boliger, sesongjustert"
010,00,SesJustBoligindeks,2012K2,87.7,Trøndelag uten Trondheim,Alle boligtyper,"Prisindeks for brukte boliger, sesongjustert"
010,00,SesJustBoligindeks,2012K3,87.4,Trøndelag uten Trondheim,Alle boligtyper,"Prisindeks for brukte boliger, sesongjustert"
010,00,SesJustBoligindeks,2012K4,89.6,Trøndelag uten Trondheim,Alle boligtyper,"Prisindeks for brukte boliger, sesongjustert"
010,00,SesJustBoligindeks,2013K1,90.7,Trøndelag uten Trondheim,Alle boligtyper,"Prisindeks for brukte boliger, sesongjustert"
010,00,SesJustBoligindeks,2013K2,91.0,Trøndelag uten Trondheim,Alle boligtyper,"Prisindeks for brukte boliger, sesongjustert"
010,00,SesJustBoligindeks,2013K3,93.2,Trøndelag uten Trondheim,Alle boligtyper,"Prisindeks for brukte boliger, sesongjustert"
010,00,SesJustBoligindeks,2013K4,92.8,Trøndelag uten Trondheim,Alle boligtyper,"Prisindeks for brukte boliger, sesongjustert"
010,00,SesJustBoligindeks,2014K1,92.7,Trøndelag uten Trondheim,Alle boligtyper,"Prisindeks for brukte boliger, sesongjustert"
010,00,SesJustBoligindeks,2014K2,94.1,Trøndelag uten Trondheim,Alle boligtyper,"Prisindeks for brukte boliger, sesongjustert"
010,00,SesJustBoligindeks,2014K3,95.1,Trøndelag uten Trondheim,Alle boligtyper,"Prisindeks for brukte boliger, sesongjustert"
010,00,SesJustBoligindeks,2014K4,98.9,Trøndelag uten Trondheim,Alle boligtyper,"Prisindeks for brukte boliger, sesongjustert"
010,00,SesJustBoligindeks,2015K1,97.3,Trøndelag uten Trondheim,Alle boligtyper,"Prisindeks for brukte boliger, sesongjustert"
010,00,SesJustBoligindeks,2015K2,100.6,Trøndelag uten Trondheim,Alle boligtyper,"Prisindeks for brukte boliger, sesongjustert"
010,00,SesJustBoligindeks,2015K3,100.9,Trøndelag uten Trondheim,Alle boligtyper,"Prisindeks for brukte boliger, sesongjustert"
010,00,SesJustBoligindeks,2015K4,101.0,Trøndelag uten Trondheim,Alle boligtyper,"Prisindeks for brukte boliger, sesongjustert"
010,00,SesJustBoligindeks,2016K1,103.5,Trøndelag uten Trondheim,Alle boligtyper,"Prisindeks for brukte boliger, sesongjustert"
010,00,SesJustBoligindeks,2016K2,105.0,Trøndelag uten Trondheim,Alle boligtyper,"Prisindeks for brukte boliger, sesongjustert"
010,00,SesJustBoligindeks,2016K3,105.7,Trøndelag uten Trondheim,Alle boligtyper,"Prisindeks for brukte boliger, sesongjustert"
010,00,SesJustBoligindeks,2016K4,106.8,Trøndelag uten Trondheim,Alle boligtyper,"Prisindeks for brukte boliger, sesongjustert"
010,00,SesJustBoligindeks,2017K1,107.8,Trøndelag uten Trondheim,Alle boligtyper,"Prisindeks for brukte boliger, sesongjustert"
010,00,SesJustBoligindeks,2017K2,107.0,Trøndelag uten Trondheim,Alle boligtyper,"Prisindeks for brukte boliger, sesongjustert"
010,00,SesJustBoligindeks,2017K3,107.3,Trøndelag uten Trondheim,Alle boligtyper,"Prisindeks for brukte boliger, sesongjustert"
010,00,SesJustBoligindeks,2017K4,112.8,Trøndelag uten Trondheim,Alle boligtyper,"Prisindeks for brukte boliger, sesongjustert"
010,00,SesJustBoligindeks,2018K1,107.7,Trøndelag uten Trondheim,Alle boligtyper,"Prisindeks for brukte boliger, sesongjustert"
010,00,SesJustBoligindeks,2018K2,108.6,Trøndelag uten Trondheim,Alle boligtyper,"Prisindeks for brukte boliger, sesongjustert"
010,00,SesJustBoligindeks,2018K3,109.7,Trøndelag uten Trondheim,Alle boligtyper,"Prisindeks for brukte boliger, sesongjustert"
010,00,SesJustBoligindeks,2018K4,108.9,Trøndelag uten Trondheim,Alle boligtyper,"Prisindeks for brukte boliger, sesongjustert"
010,00,SesJustBoligindeks,2019K1,107.8,Trøndelag uten Trondheim,Alle boligtyper,"Prisindeks for brukte boliger, sesongjustert"
010,00,SesJustBoligindeks,2019K2,110.3,Trøndelag uten Trondheim,Alle boligtyper,"Prisindeks for brukte boliger, sesongjustert"
010,00,SesJustBoligindeks,2019K3,110.4,Trøndelag uten Trondheim,Alle boligtyper,"Prisindeks for brukte boliger, sesongjustert"
010,00,SesJustBoligindeks,2019K4,109.0,Trøndelag uten Trondheim,Alle boligtyper,"Prisindeks for brukte boliger, sesongjustert"
010,00,SesJustBoligindeks,2020K1,111.8,Trøndelag uten Trondheim,Alle boligtyper,"Prisindeks for brukte boliger, sesongjustert"
010,00,SesJustBoligindeks,2020K2,109.5,Trøndelag uten Trondheim,Alle boligtyper,"Prisindeks for brukte boliger, sesongjustert"
010,00,SesJustBoligindeks,2020K3,115.3,Trøndelag uten Trondheim,Alle boligtyper,"Prisindeks for brukte boliger, sesongjustert"
010,00,SesJustBoligindeks,2020K4,118.5,Trøndelag uten Trondheim,Alle boligtyper,"Prisindeks for brukte boliger, sesongjustert"
010,00,SesJustBoligindeks,2021K1,121.2,Trøndelag uten Trondheim,Alle boligtyper,"Prisindeks for brukte boliger, sesongjustert"
010,00,SesJustBoligindeks,2021K2,121.2,Trøndelag uten Trondheim,Alle boligtyper,"Prisindeks for brukte boliger, sesongjustert"
010,00,SesJustBoligindeks,2021K3,125.5,Trøndelag uten Trondheim,Alle boligtyper,"Prisindeks for brukte boliger, sesongjustert"
010,00,SesJustBoligindeks,2021K4,130.3,Trøndelag uten Trondheim,Alle boligtyper,"Prisindeks for brukte boliger, sesongjustert"
010,00,SesJustBoligindeks,2022K1,130.7,Trøndelag uten Trondheim,Alle boligtyper,"Prisindeks for brukte boliger, sesongjustert"
010,00,SesJustBoligindeks,2022K2,132.5,Trøndelag uten Trondheim,Alle boligtyper,"Prisindeks for brukte boliger, sesongjustert"
010,00,SesJustBoligindeks,2022K3,130.8,Trøndelag uten Trondheim,Alle boligtyper,"Prisindeks for brukte boliger, sesongjustert"
010,00,SesJustBoligindeks,2022K4,132.2,Trøndelag uten Trondheim,Alle boligtyper,"Prisindeks for brukte boliger, sesongjustert"
010,00,SesJustBoligindeks,2023K1,131.1,Trøndelag uten Trondheim,Alle boligtyper,"Prisindeks for brukte boliger, sesongjustert"
010,00,SesJustBoligindeks,2023K2,135.2,Trøndelag uten Trondheim,Alle boligtyper,"Prisindeks for brukte boliger, sesongjustert"
010,00,SesJustBoligindeks,2023K3,132.2,Trøndelag uten Trondheim,Alle boligtyper,"Prisindeks for brukte boliger, sesongjustert"
010,00,SesJustBoligindeks,2023K4,133.0,Trøndelag uten Trondheim,Alle boligtyper,"Prisindeks for brukte boliger, sesongjustert"
010,00,SesJustBoligindeks,2024K1,135.1,Trøndelag uten Trondheim,Alle boligtyper,"Prisindeks for brukte boliger, sesongjustert"
010,00,SesJustBoligindeks,2024K2,133.9,Trøndelag uten Trondheim,Alle boligtyper,"Prisindeks for brukte boliger, sesongjustert"
010,00,SesJustBoligindeks,2024K3,135.7,Trøndelag uten Trondheim,Alle boligtyper,"Prisindeks for brukte boliger, sesongjustert"
010,00,SesJustBoligindeks,2024K4,134.7,Trøndelag uten Trondheim,Alle boligtyper,"Prisindeks for brukte boliger, sesongjustert"
010,00,SesJustBoligindeks,2025K1,135.3,Trøndelag uten Trondheim,Alle boligtyper,"Prisindeks for brukte boliger, sesongjustert"
010,00,SesJustBoligindeks,2025K2,137.4,Trøndelag uten Trondheim,Alle boligtyper,"Prisindeks for brukte boliger, sesongjustert"
010,00,SesJustBoligindeks,2025K3,137.9,Trøndelag uten Trondheim,Alle boligtyper,"Prisindeks for brukte boliger, sesongjustert"
010,00,SesJustBoligindeks,2025K4,137.0,Trøndelag uten Trondheim,Alle boligtyper,"Prisindeks for brukte boliger, sesongjustert"
010,00,SesJustBoligindeks,2026K1,139.7,Trøndelag uten Trondheim,Alle boligtyper,"Prisindeks for brukte boliger, sesongjustert"
010,00,SesJustBoligindeks,2026K2,139.8,Trøndelag uten Trondheim,Alle boligtyper,"Prisindeks for brukte boliger, sesongjustert"
011,00,Boligindeks,1992K1,0.0,Nord-Norge,Alle boligtyper,Prisindeks for brukte boliger
011,00,Boligindeks,1992K2,0.0,Nord-Norge,Alle boligtyper,Prisindeks for brukte boliger
011,00,Boligindeks,1992K3,0.0,Nord-Norge,Alle boligtyper,Prisindeks for brukte boliger
011,00,Boligindeks,1992K4,0.0,Nord-Norge,Alle boligtyper,Prisindeks for brukte boliger
011,00,Boligindeks,1993K1,0.0,Nord-Norge,Alle boligtyper,Prisindeks for brukte boliger
011,00,Boligindeks,1993K2,0.0,Nord-Norge,Alle boligtyper,Prisindeks for brukte boliger
011,00,Boligindeks,1993K3,0.0,Nord-Norge,Alle boligtyper,Prisindeks for brukte boliger
011,00,Boligindeks,1993K4,0.0,Nord-Norge,Alle boligtyper,Prisindeks for brukte boliger
011,00,Boligindeks,1994K1,0.0,Nord-Norge,Alle boligtyper,Prisindeks for brukte boliger
011,00,Boligindeks,1994K2,0.0,Nord-Norge,Alle boligtyper,Prisindeks for brukte boliger
011,00,Boligindeks,1994K3,0.0,Nord-Norge,Alle boligtyper,Prisindeks for brukte boliger
011,00,Boligindeks,1994K4,0.0,Nord-Norge,Alle boligtyper,Prisindeks for brukte boliger
011,00,Boligindeks,1995K1,0.0,Nord-Norge,Alle boligtyper,Prisindeks for brukte boliger
011,00,Boligindeks,1995K2,0.0,Nord-Norge,Alle boligtyper,Prisindeks for brukte boliger
011,00,Boligindeks,1995K3,0.0,Nord-Norge,Alle boligtyper,Prisindeks for brukte boliger
011,00,Boligindeks,1995K4,0.0,Nord-Norge,Alle boligtyper,Prisindeks for brukte boliger
011,00,Boligindeks,1996K1,0.0,Nord-Norge,Alle boligtyper,Prisindeks for brukte boliger
011,00,Boligindeks,1996K2,0.0,Nord-Norge,Alle boligtyper,Prisindeks for brukte boliger
011,00,Boligindeks,1996K3,0.0,Nord-Norge,Alle boligtyper,Prisindeks for brukte boliger
011,00,Boligindeks,1996K4,0.0,Nord-Norge,Alle boligtyper,Prisindeks for brukte boliger
011,00,Boligindeks,1997K1,0.0,Nord-Norge,Alle boligtyper,Prisindeks for brukte boliger
011,00,Boligindeks,1997K2,0.0,Nord-Norge,Alle boligtyper,Prisindeks for brukte boliger
011,00,Boligindeks,1997K3,0.0,Nord-Norge,Alle boligtyper,Prisindeks for brukte boliger
011,00,Boligindeks,1997K4,0.0,Nord-Norge,Alle boligtyper,Prisindeks for brukte boliger
011,00,Boligindeks,1998K1,0.0,Nord-Norge,Alle boligtyper,Prisindeks for brukte boliger
011,00,Boligindeks,1998K2,0.0,Nord-Norge,Alle boligtyper,Prisindeks for brukte boliger
011,00,Boligindeks,1998K3,0.0,Nord-Norge,Alle boligtyper,Prisindeks for brukte boliger
011,00,Boligindeks,1998K4,0.0,Nord-Norge,Alle boligtyper,Prisindeks for brukte boliger
011,00,Boligindeks,1999K1,0.0,Nord-Norge,Alle boligtyper,Prisindeks for brukte boliger
011,00,Boligindeks,1999K2,0.0,Nord-Norge,Alle boligtyper,Prisindeks for brukte boliger
011,00,Boligindeks,1999K3,0.0,Nord-Norge,Alle boligtyper,Prisindeks for brukte boliger
011,00,Boligindeks,1999K4,0.0,Nord-Norge,Alle boligtyper,Prisindeks for brukte boliger
011,00,Boligindeks,2000K1,0.0,Nord-Norge,Alle boligtyper,Prisindeks for brukte boliger
011,00,Boligindeks,2000K2,0.0,Nord-Norge,Alle boligtyper,Prisindeks for brukte boliger
011,00,Boligindeks,2000K3,0.0,Nord-Norge,Alle boligtyper,Prisindeks for brukte boliger
011,00,Boligindeks,2000K4,0.0,Nord-Norge,Alle boligtyper,Prisindeks for brukte boliger
011,00,Boligindeks,2001K1,0.0,Nord-Norge,Alle boligtyper,Prisindeks for brukte boliger
011,00,Boligindeks,2001K2,0.0,Nord-Norge,Alle boligtyper,Prisindeks for brukte boliger
011,00,Boligindeks,2001K3,0.0,Nord-Norge,Alle boligtyper,Prisindeks for brukte boliger
011,00,Boligindeks,2001K4,0.0,Nord-Norge,Alle boligtyper,Prisindeks for brukte boliger
011,00,Boligindeks,2002K1,0.0,Nord-Norge,Alle boligtyper,Prisindeks for brukte boliger
011,00,Boligindeks,2002K2,0.0,Nord-Norge,Alle boligtyper,Prisindeks for brukte boliger
011,00,Boligindeks,2002K3,0.0,Nord-Norge,Alle boligtyper,Prisindeks for brukte boliger
011,00,Boligindeks,2002K4,0.0,Nord-Norge,Alle boligtyper,Prisindeks for brukte boliger
011,00,Boligindeks,2003K1,0.0,Nord-Norge,Alle boligtyper,Prisindeks for brukte boliger
011,00,Boligindeks,2003K2,0.0,Nord-Norge,Alle boligtyper,Prisindeks for brukte boliger
011,00,Boligindeks,2003K3,0.0,Nord-Norge,Alle boligtyper,Prisindeks for brukte boliger
011,00,Boligindeks,2003K4,0.0,Nord-Norge,Alle boligtyper,Prisindeks for brukte boliger
011,00,Boligindeks,2004K1,0.0,Nord-Norge,Alle boligtyper,Prisindeks for brukte boliger
011,00,Boligindeks,2004K2,0.0,Nord-Norge,Alle boligtyper,Prisindeks for brukte boliger
011,00,Boligindeks,2004K3,0.0,Nord-Norge,Alle boligtyper,Prisindeks for brukte boliger
011,00,Boligindeks,2004K4,0.0,Nord-Norge,Alle boligtyper,Prisindeks for brukte boliger
011,00,Boligindeks,2005K1,52.9,Nord-Norge,Alle boligtyper,Prisindeks for brukte boliger
011,00,Boligindeks,2005K2,54.3,Nord-Norge,Alle boligtyper,Prisindeks for brukte boliger
011,00,Boligindeks,2005K3,55.9,Nord-Norge,Alle boligtyper,Prisindeks for brukte boliger
011,00,Boligindeks,2005K4,57.0,Nord-Norge,Alle boligtyper,Prisindeks for brukte boliger
011,00,Boligindeks,2006K1,58.5,Nord-Norge,Alle boligtyper,Prisindeks for brukte boliger
011,00,Boligindeks,2006K2,62.5,Nord-Norge,Alle boligtyper,Prisindeks for brukte boliger
011,00,Boligindeks,2006K3,64.7,Nord-Norge,Alle boligtyper,Prisindeks for brukte boliger
011,00,Boligindeks,2006K4,63.7,Nord-Norge,Alle boligtyper,Prisindeks for brukte boliger
011,00,Boligindeks,2007K1,69.6,Nord-Norge,Alle boligtyper,Prisindeks for brukte boliger
011,00,Boligindeks,2007K2,72.5,Nord-Norge,Alle boligtyper,Prisindeks for brukte boliger
011,00,Boligindeks,2007K3,71.5,Nord-Norge,Alle boligtyper,Prisindeks for brukte boliger
011,00,Boligindeks,2007K4,70.4,Nord-Norge,Alle boligtyper,Prisindeks for brukte boliger
011,00,Boligindeks,2008K1,71.9,Nord-Norge,Alle boligtyper,Prisindeks for brukte boliger
011,00,Boligindeks,2008K2,71.8,Nord-Norge,Alle boligtyper,Prisindeks for brukte boliger
011,00,Boligindeks,2008K3,70.5,Nord-Norge,Alle boligtyper,Prisindeks for brukte boliger
011,00,Boligindeks,2008K4,64.8,Nord-Norge,Alle boligtyper,Prisindeks for brukte boliger
011,00,Boligindeks,2009K1,66.4,Nord-Norge,Alle boligtyper,Prisindeks for brukte boliger
011,00,Boligindeks,2009K2,71.4,Nord-Norge,Alle boligtyper,Prisindeks for brukte boliger
011,00,Boligindeks,2009K3,71.7,Nord-Norge,Alle boligtyper,Prisindeks for brukte boliger
011,00,Boligindeks,2009K4,71.3,Nord-Norge,Alle boligtyper,Prisindeks for brukte boliger
011,00,Boligindeks,2010K1,74.8,Nord-Norge,Alle boligtyper,Prisindeks for brukte boliger
011,00,Boligindeks,2010K2,77.2,Nord-Norge,Alle boligtyper,Prisindeks for brukte boliger
011,00,Boligindeks,2010K3,75.9,Nord-Norge,Alle boligtyper,Prisindeks for brukte boliger
011,00,Boligindeks,2010K4,76.8,Nord-Norge,Alle boligtyper,Prisindeks for brukte boliger
011,00,Boligindeks,2011K1,77.4,Nord-Norge,Alle boligtyper,Prisindeks for brukte boliger
011,00,Boligindeks,2011K2,80.6,Nord-Norge,Alle boligtyper,Prisindeks for brukte boliger
011,00,Boligindeks,2011K3,81.4,Nord-Norge,Alle boligtyper,Prisindeks for brukte boliger
011,00,Boligindeks,2011K4,79.9,Nord-Norge,Alle boligtyper,Prisindeks for brukte boliger
011,00,Boligindeks,2012K1,84.7,Nord-Norge,Alle boligtyper,Prisindeks for brukte boliger
011,00,Boligindeks,2012K2,86.0,Nord-Norge,Alle boligtyper,Prisindeks for brukte boliger
011,00,Boligindeks,2012K3,88.0,Nord-Norge,Alle boligtyper,Prisindeks for brukte boliger
011,00,Boligindeks,2012K4,85.9,Nord-Norge,Alle boligtyper,Prisindeks for brukte boliger
011,00,Boligindeks,2013K1,91.6,Nord-Norge,Alle boligtyper,Prisindeks for brukte boliger
011,00,Boligindeks,2013K2,92.4,Nord-Norge,Alle boligtyper,Prisindeks for brukte boliger
011,00,Boligindeks,2013K3,90.5,Nord-Norge,Alle boligtyper,Prisindeks for brukte boliger
011,00,Boligindeks,2013K4,89.7,Nord-Norge,Alle boligtyper,Prisindeks for brukte boliger
011,00,Boligindeks,2014K1,92.4,Nord-Norge,Alle boligtyper,Prisindeks for brukte boliger
011,00,Boligindeks,2014K2,96.1,Nord-Norge,Alle boligtyper,Prisindeks for brukte boliger
011,00,Boligindeks,2014K3,97.5,Nord-Norge,Alle boligtyper,Prisindeks for brukte boliger
011,00,Boligindeks,2014K4,96.5,Nord-Norge,Alle boligtyper,Prisindeks for brukte boliger
011,00,Boligindeks,2015K1,98.9,Nord-Norge,Alle boligtyper,Prisindeks for brukte boliger
011,00,Boligindeks,2015K2,102.2,Nord-Norge,Alle boligtyper,Prisindeks for brukte boliger
011,00,Boligindeks,2015K3,100.8,Nord-Norge,Alle boligtyper,Prisindeks for brukte boliger
011,00,Boligindeks,2015K4,98.1,Nord-Norge,Alle boligtyper,Prisindeks for brukte boliger
011,00,Boligindeks,2016K1,104.1,Nord-Norge,Alle boligtyper,Prisindeks for brukte boliger
011,00,Boligindeks,2016K2,110.8,Nord-Norge,Alle boligtyper,Prisindeks for brukte boliger
011,00,Boligindeks,2016K3,108.6,Nord-Norge,Alle boligtyper,Prisindeks for brukte boliger
011,00,Boligindeks,2016K4,109.6,Nord-Norge,Alle boligtyper,Prisindeks for brukte boliger
011,00,Boligindeks,2017K1,111.8,Nord-Norge,Alle boligtyper,Prisindeks for brukte boliger
011,00,Boligindeks,2017K2,115.8,Nord-Norge,Alle boligtyper,Prisindeks for brukte boliger
011,00,Boligindeks,2017K3,113.1,Nord-Norge,Alle boligtyper,Prisindeks for brukte boliger
011,00,Boligindeks,2017K4,110.7,Nord-Norge,Alle boligtyper,Prisindeks for brukte boliger
011,00,Boligindeks,2018K1,112.9,Nord-Norge,Alle boligtyper,Prisindeks for brukte boliger
011,00,Boligindeks,2018K2,117.0,Nord-Norge,Alle boligtyper,Prisindeks for brukte boliger
011,00,Boligindeks,2018K3,117.1,Nord-Norge,Alle boligtyper,Prisindeks for brukte boliger
011,00,Boligindeks,2018K4,113.5,Nord-Norge,Alle boligtyper,Prisindeks for brukte boliger
011,00,Boligindeks,2019K1,119.4,Nord-Norge,Alle boligtyper,Prisindeks for brukte boliger
011,00,Boligindeks,2019K2,120.6,Nord-Norge,Alle boligtyper,Prisindeks for brukte boliger
011,00,Boligindeks,2019K3,118.7,Nord-Norge,Alle boligtyper,Prisindeks for brukte boliger
011,00,Boligindeks,2019K4,116.0,Nord-Norge,Alle boligtyper,Prisindeks for brukte boliger
011,00,Boligindeks,2020K1,119.0,Nord-Norge,Alle boligtyper,Prisindeks for brukte boliger
011,00,Boligindeks,2020K2,123.0,Nord-Norge,Alle boligtyper,Prisindeks for brukte boliger
011,00,Boligindeks,2020K3,126.7,Nord-Norge,Alle boligtyper,Prisindeks for brukte boliger
011,00,Boligindeks,2020K4,120.6,Nord-Norge,Alle boligtyper,Prisindeks for brukte boliger
011,00,Boligindeks,2021K1,130.2,Nord-Norge,Alle boligtyper,Prisindeks for brukte boliger
011,00,Boligindeks,2021K2,137.1,Nord-Norge,Alle boligtyper,Prisindeks for brukte boliger
011,00,Boligindeks,2021K3,135.6,Nord-Norge,Alle boligtyper,Prisindeks for brukte boliger
011,00,Boligindeks,2021K4,134.9,Nord-Norge,Alle boligtyper,Prisindeks for brukte boliger
011,00,Boligindeks,2022K1,141.3,Nord-Norge,Alle boligtyper,Prisindeks for brukte boliger
011,00,Boligindeks,2022K2,147.3,Nord-Norge,Alle boligtyper,Prisindeks for brukte boliger
011,00,Boligindeks,2022K3,143.1,Nord-Norge,Alle boligtyper,Prisindeks for brukte boliger
011,00,Boligindeks,2022K4,138.4,Nord-Norge,Alle boligtyper,Prisindeks for brukte boliger
011,00,Boligindeks,2023K1,141.6,Nord-Norge,Alle boligtyper,Prisindeks for brukte boliger
011,00,Boligindeks,2023K2,146.5,Nord-Norge,Alle boligtyper,Prisindeks for brukte boliger
011,00,Boligindeks,2023K3,141.5,Nord-Norge,Alle boligtyper,Prisindeks for brukte boliger
011,00,Boligindeks,2023K4,132.0,Nord-Norge,Alle boligtyper,Prisindeks for brukte boliger
011,00,Boligindeks,2024K1,138.2,Nord-Norge,Alle boligtyper,Prisindeks for brukte boliger
011,00,Boligindeks,2024K2,147.4,Nord-Norge,Alle boligtyper,Prisindeks for brukte boliger
011,00,Boligindeks,2024K3,143.5,Nord-Norge,Alle boligtyper,Prisindeks for brukte boliger
011,00,Boligindeks,2024K4,138.8,Nord-Norge,Alle boligtyper,Prisindeks for brukte boliger
011,00,Boligindeks,2025K1,146.4,Nord-Norge,Alle boligtyper,Prisindeks for brukte boliger
011,00,Boligindeks,2025K2,152.8,Nord-Norge,Alle boligtyper,Prisindeks for brukte boliger
011,00,Boligindeks,2025K3,151.3,Nord-Norge,Alle boligtyper,Prisindeks for brukte boliger
011,00,Boligindeks,2025K4,149.1,Nord-Norge,Alle boligtyper,Prisindeks for brukte boliger
011,00,Boligindeks,2026K1,154.9,Nord-Norge,Alle boligtyper,Prisindeks for brukte boliger
011,00,Boligindeks,2026K2,162.5,Nord-Norge,Alle boligtyper,Prisindeks for brukte boliger
011,00,SesJustBoligindeks,1992K1,,Nord-Norge,Alle boligtyper,"Prisindeks for brukte boliger, sesongjustert"
011,00,SesJustBoligindeks,1992K2,,Nord-Norge,Alle boligtyper,"Prisindeks for brukte boliger, sesongjustert"
011,00,SesJustBoligindeks,1992K3,,Nord-Norge,Alle boligtyper,"Prisindeks for brukte boliger, sesongjustert"
011,00,SesJustBoligindeks,1992K4,,Nord-Norge,Alle boligtyper,"Prisindeks for brukte boliger, sesongjustert"
011,00,SesJustBoligindeks,1993K1,,Nord-Norge,Alle boligtyper,"Prisindeks for brukte boliger, sesongjustert"
011,00,SesJustBoligindeks,1993K2,,Nord-Norge,Alle boligtyper,"Prisindeks for brukte boliger, sesongjustert"
011,00,SesJustBoligindeks,1993K3,,Nord-Norge,Alle boligtyper,"Prisindeks for brukte boliger, sesongjustert"
011,00,SesJustBoligindeks,1993K4,,Nord-Norge,Alle boligtyper,"Prisindeks for brukte boliger, sesongjustert"
011,00,SesJustBoligindeks,1994K1,,Nord-Norge,Alle boligtyper,"Prisindeks for brukte boliger, sesongjustert"
011,00,SesJustBoligindeks,1994K2,,Nord-Norge,Alle boligtyper,"Prisindeks for brukte boliger, sesongjustert"
011,00,SesJustBoligindeks,1994K3,,Nord-Norge,Alle boligtyper,"Prisindeks for brukte boliger, sesongjustert"
011,00,SesJustBoligindeks,1994K4,,Nord-Norge,Alle boligtyper,"Prisindeks for brukte boliger, sesongjustert"
011,00,SesJustBoligindeks,1995K1,,Nord-Norge,Alle boligtyper,"Prisindeks for brukte boliger, sesongjustert"
011,00,SesJustBoligindeks,1995K2,,Nord-Norge,Alle boligtyper,"Prisindeks for brukte boliger, sesongjustert"
011,00,SesJustBoligindeks,1995K3,,Nord-Norge,Alle boligtyper,"Prisindeks for brukte boliger, sesongjustert"
011,00,SesJustBoligindeks,1995K4,,Nord-Norge,Alle boligtyper,"Prisindeks for brukte boliger, sesongjustert"
011,00,SesJustBoligindeks,1996K1,,Nord-Norge,Alle boligtyper,"Prisindeks for brukte boliger, sesongjustert"
011,00,SesJustBoligindeks,1996K2,,Nord-Norge,Alle boligtyper,"Prisindeks for brukte boliger, sesongjustert"
011,00,SesJustBoligindeks,1996K3,,Nord-Norge,Alle boligtyper,"Prisindeks for brukte boliger, sesongjustert"
011,00,SesJustBoligindeks,1996K4,,Nord-Norge,Alle boligtyper,"Prisindeks for brukte boliger, sesongjustert"
011,00,SesJustBoligindeks,1997K1,,Nord-Norge,Alle boligtyper,"Prisindeks for brukte boliger, sesongjustert"
011,00,SesJustBoligindeks,1997K2,,Nord-Norge,Alle boligtyper,"Prisindeks for brukte boliger, sesongjustert"
011,00,SesJustBoligindeks,1997K3,,Nord-Norge,Alle boligtyper,"Prisindeks for brukte boliger, sesongjustert"
011,00,SesJustBoligindeks,1997K4,,Nord-Norge,Alle boligtyper,"Prisindeks for brukte boliger, sesongjustert"
011,00,SesJustBoligindeks,1998K1,,Nord-Norge,Alle boligtyper,"Prisindeks for brukte boliger, sesongjustert"
011,00,SesJustBoligindeks,1998K2,,Nord-Norge,Alle boligtyper,"Prisindeks for brukte boliger, sesongjustert"
011,00,SesJustBoligindeks,1998K3,,Nord-Norge,Alle boligtyper,"Prisindeks for brukte boliger, sesongjustert"
011,00,SesJustBoligindeks,1998K4,,Nord-Norge,Alle boligtyper,"Prisindeks for brukte boliger, sesongjustert"
011,00,SesJustBoligindeks,1999K1,,Nord-Norge,Alle boligtyper,"Prisindeks for brukte boliger, sesongjustert"
011,00,SesJustBoligindeks,1999K2,,Nord-Norge,Alle boligtyper,"Prisindeks for brukte boliger, sesongjustert"
011,00,SesJustBoligindeks,1999K3,,Nord-Norge,Alle boligtyper,"Prisindeks for brukte boliger, sesongjustert"
011,00,SesJustBoligindeks,1999K4,,Nord-Norge,Alle boligtyper,"Prisindeks for brukte boliger, sesongjustert"
011,00,SesJustBoligindeks,2000K1,,Nord-Norge,Alle boligtyper,"Prisindeks for brukte boliger, sesongjustert"
011,00,SesJustBoligindeks,2000K2,,Nord-Norge,Alle boligtyper,"Prisindeks for brukte boliger, sesongjustert"
011,00,SesJustBoligindeks,2000K3,,Nord-Norge,Alle boligtyper,"Prisindeks for brukte boliger, sesongjustert"
011,00,SesJustBoligindeks,2000K4,,Nord-Norge,Alle boligtyper,"Prisindeks for brukte boliger, sesongjustert"
011,00,SesJustBoligindeks,2001K1,,Nord-Norge,Alle boligtyper,"Prisindeks for brukte boliger, sesongjustert"
011,00,SesJustBoligindeks,2001K2,,Nord-Norge,Alle boligtyper,"Prisindeks for brukte boliger, sesongjustert"
011,00,SesJustBoligindeks,2001K3,,Nord-Norge,Alle boligtyper,"Prisindeks for brukte boliger, sesongjustert"
011,00,SesJustBoligindeks,2001K4,,Nord-Norge,Alle boligtyper,"Prisindeks for brukte boliger, sesongjustert"
011,00,SesJustBoligindeks,2002K1,,Nord-Norge,Alle boligtyper,"Prisindeks for brukte boliger, sesongjustert"
011,00,SesJustBoligindeks,2002K2,,Nord-Norge,Alle boligtyper,"Prisindeks for brukte boliger, sesongjustert"
011,00,SesJustBoligindeks,2002K3,,Nord-Norge,Alle boligtyper,"Prisindeks for brukte boliger, sesongjustert"
011,00,SesJustBoligindeks,2002K4,,Nord-Norge,Alle boligtyper,"Prisindeks for brukte boliger, sesongjustert"
011,00,SesJustBoligindeks,2003K1,,Nord-Norge,Alle boligtyper,"Prisindeks for brukte boliger, sesongjustert"
011,00,SesJustBoligindeks,2003K2,,Nord-Norge,Alle boligtyper,"Prisindeks for brukte boliger, sesongjustert"
011,00,SesJustBoligindeks,2003K3,,Nord-Norge,Alle boligtyper,"Prisindeks for brukte boliger, sesongjustert"
011,00,SesJustBoligindeks,2003K4,,Nord-Norge,Alle boligtyper,"Prisindeks for brukte boliger, sesongjustert"
011,00,SesJustBoligindeks,2004K1,,Nord-Norge,Alle boligtyper,"Prisindeks for brukte boliger, sesongjustert"
011,00,SesJustBoligindeks,2004K2,,Nord-Norge,Alle boligtyper,"Prisindeks for brukte boliger, sesongjustert"
011,00,SesJustBoligindeks,2004K3,,Nord-Norge,Alle boligtyper,"Prisindeks for brukte boliger, sesongjustert"
011,00,SesJustBoligindeks,2004K4,,Nord-Norge,Alle boligtyper,"Prisindeks for brukte boliger, sesongjustert"
011,00,SesJustBoligindeks,2005K1,52.8,Nord-Norge,Alle boligtyper,"Prisindeks for brukte boliger, sesongjustert"
011,00,SesJustBoligindeks,2005K2,53.5,Nord-Norge,Alle boligtyper,"Prisindeks for brukte boliger, sesongjustert"
011,00,SesJustBoligindeks,2005K3,55.8,Nord-Norge,Alle boligtyper,"Prisindeks for brukte boliger, sesongjustert"
011,00,SesJustBoligindeks,2005K4,58.1,Nord-Norge,Alle boligtyper,"Prisindeks for brukte boliger, sesongjustert"
011,00,SesJustBoligindeks,2006K1,58.5,Nord-Norge,Alle boligtyper,"Prisindeks for brukte boliger, sesongjustert"
011,00,SesJustBoligindeks,2006K2,61.4,Nord-Norge,Alle boligtyper,"Prisindeks for brukte boliger, sesongjustert"
011,00,SesJustBoligindeks,2006K3,64.5,Nord-Norge,Alle boligtyper,"Prisindeks for brukte boliger, sesongjustert"
011,00,SesJustBoligindeks,2006K4,65.0,Nord-Norge,Alle boligtyper,"Prisindeks for brukte boliger, sesongjustert"
011,00,SesJustBoligindeks,2007K1,69.6,Nord-Norge,Alle boligtyper,"Prisindeks for brukte boliger, sesongjustert"
011,00,SesJustBoligindeks,2007K2,71.2,Nord-Norge,Alle boligtyper,"Prisindeks for brukte boliger, sesongjustert"
011,00,SesJustBoligindeks,2007K3,71.3,Nord-Norge,Alle boligtyper,"Prisindeks for brukte boliger, sesongjustert"
011,00,SesJustBoligindeks,2007K4,71.9,Nord-Norge,Alle boligtyper,"Prisindeks for brukte boliger, sesongjustert"
011,00,SesJustBoligindeks,2008K1,72.0,Nord-Norge,Alle boligtyper,"Prisindeks for brukte boliger, sesongjustert"
011,00,SesJustBoligindeks,2008K2,70.4,Nord-Norge,Alle boligtyper,"Prisindeks for brukte boliger, sesongjustert"
011,00,SesJustBoligindeks,2008K3,70.5,Nord-Norge,Alle boligtyper,"Prisindeks for brukte boliger, sesongjustert"
011,00,SesJustBoligindeks,2008K4,66.1,Nord-Norge,Alle boligtyper,"Prisindeks for brukte boliger, sesongjustert"
011,00,SesJustBoligindeks,2009K1,66.5,Nord-Norge,Alle boligtyper,"Prisindeks for brukte boliger, sesongjustert"
011,00,SesJustBoligindeks,2009K2,70.0,Nord-Norge,Alle boligtyper,"Prisindeks for brukte boliger, sesongjustert"
011,00,SesJustBoligindeks,2009K3,71.6,Nord-Norge,Alle boligtyper,"Prisindeks for brukte boliger, sesongjustert"
011,00,SesJustBoligindeks,2009K4,72.9,Nord-Norge,Alle boligtyper,"Prisindeks for brukte boliger, sesongjustert"
011,00,SesJustBoligindeks,2010K1,74.8,Nord-Norge,Alle boligtyper,"Prisindeks for brukte boliger, sesongjustert"
011,00,SesJustBoligindeks,2010K2,75.7,Nord-Norge,Alle boligtyper,"Prisindeks for brukte boliger, sesongjustert"
011,00,SesJustBoligindeks,2010K3,75.7,Nord-Norge,Alle boligtyper,"Prisindeks for brukte boliger, sesongjustert"
011,00,SesJustBoligindeks,2010K4,78.6,Nord-Norge,Alle boligtyper,"Prisindeks for brukte boliger, sesongjustert"
011,00,SesJustBoligindeks,2011K1,77.2,Nord-Norge,Alle boligtyper,"Prisindeks for brukte boliger, sesongjustert"
011,00,SesJustBoligindeks,2011K2,79.2,Nord-Norge,Alle boligtyper,"Prisindeks for brukte boliger, sesongjustert"
011,00,SesJustBoligindeks,2011K3,81.1,Nord-Norge,Alle boligtyper,"Prisindeks for brukte boliger, sesongjustert"
011,00,SesJustBoligindeks,2011K4,81.9,Nord-Norge,Alle boligtyper,"Prisindeks for brukte boliger, sesongjustert"
011,00,SesJustBoligindeks,2012K1,84.4,Nord-Norge,Alle boligtyper,"Prisindeks for brukte boliger, sesongjustert"
011,00,SesJustBoligindeks,2012K2,84.4,Nord-Norge,Alle boligtyper,"Prisindeks for brukte boliger, sesongjustert"
011,00,SesJustBoligindeks,2012K3,87.6,Nord-Norge,Alle boligtyper,"Prisindeks for brukte boliger, sesongjustert"
011,00,SesJustBoligindeks,2012K4,88.2,Nord-Norge,Alle boligtyper,"Prisindeks for brukte boliger, sesongjustert"
011,00,SesJustBoligindeks,2013K1,91.3,Nord-Norge,Alle boligtyper,"Prisindeks for brukte boliger, sesongjustert"
011,00,SesJustBoligindeks,2013K2,90.8,Nord-Norge,Alle boligtyper,"Prisindeks for brukte boliger, sesongjustert"
011,00,SesJustBoligindeks,2013K3,90.0,Nord-Norge,Alle boligtyper,"Prisindeks for brukte boliger, sesongjustert"
011,00,SesJustBoligindeks,2013K4,92.1,Nord-Norge,Alle boligtyper,"Prisindeks for brukte boliger, sesongjustert"
011,00,SesJustBoligindeks,2014K1,92.2,Nord-Norge,Alle boligtyper,"Prisindeks for brukte boliger, sesongjustert"
011,00,SesJustBoligindeks,2014K2,94.2,Nord-Norge,Alle boligtyper,"Prisindeks for brukte boliger, sesongjustert"
011,00,SesJustBoligindeks,2014K3,97.0,Nord-Norge,Alle boligtyper,"Prisindeks for brukte boliger, sesongjustert"
011,00,SesJustBoligindeks,2014K4,99.0,Nord-Norge,Alle boligtyper,"Prisindeks for brukte boliger, sesongjustert"
011,00,SesJustBoligindeks,2015K1,98.9,Nord-Norge,Alle boligtyper,"Prisindeks for brukte boliger, sesongjustert"
011,00,SesJustBoligindeks,2015K2,100.0,Nord-Norge,Alle boligtyper,"Prisindeks for brukte boliger, sesongjustert"
011,00,SesJustBoligindeks,2015K3,100.4,Nord-Norge,Alle boligtyper,"Prisindeks for brukte boliger, sesongjustert"
011,00,SesJustBoligindeks,2015K4,100.6,Nord-Norge,Alle boligtyper,"Prisindeks for brukte boliger, sesongjustert"
011,00,SesJustBoligindeks,2016K1,104.3,Nord-Norge,Alle boligtyper,"Prisindeks for brukte boliger, sesongjustert"
011,00,SesJustBoligindeks,2016K2,108.2,Nord-Norge,Alle boligtyper,"Prisindeks for brukte boliger, sesongjustert"
011,00,SesJustBoligindeks,2016K3,108.2,Nord-Norge,Alle boligtyper,"Prisindeks for brukte boliger, sesongjustert"
011,00,SesJustBoligindeks,2016K4,112.5,Nord-Norge,Alle boligtyper,"Prisindeks for brukte boliger, sesongjustert"
011,00,SesJustBoligindeks,2017K1,112.0,Nord-Norge,Alle boligtyper,"Prisindeks for brukte boliger, sesongjustert"
011,00,SesJustBoligindeks,2017K2,113.1,Nord-Norge,Alle boligtyper,"Prisindeks for brukte boliger, sesongjustert"
011,00,SesJustBoligindeks,2017K3,112.6,Nord-Norge,Alle boligtyper,"Prisindeks for brukte boliger, sesongjustert"
011,00,SesJustBoligindeks,2017K4,113.7,Nord-Norge,Alle boligtyper,"Prisindeks for brukte boliger, sesongjustert"
011,00,SesJustBoligindeks,2018K1,113.0,Nord-Norge,Alle boligtyper,"Prisindeks for brukte boliger, sesongjustert"
011,00,SesJustBoligindeks,2018K2,114.3,Nord-Norge,Alle boligtyper,"Prisindeks for brukte boliger, sesongjustert"
011,00,SesJustBoligindeks,2018K3,116.6,Nord-Norge,Alle boligtyper,"Prisindeks for brukte boliger, sesongjustert"
011,00,SesJustBoligindeks,2018K4,116.7,Nord-Norge,Alle boligtyper,"Prisindeks for brukte boliger, sesongjustert"
011,00,SesJustBoligindeks,2019K1,119.5,Nord-Norge,Alle boligtyper,"Prisindeks for brukte boliger, sesongjustert"
011,00,SesJustBoligindeks,2019K2,117.8,Nord-Norge,Alle boligtyper,"Prisindeks for brukte boliger, sesongjustert"
011,00,SesJustBoligindeks,2019K3,118.2,Nord-Norge,Alle boligtyper,"Prisindeks for brukte boliger, sesongjustert"
011,00,SesJustBoligindeks,2019K4,119.4,Nord-Norge,Alle boligtyper,"Prisindeks for brukte boliger, sesongjustert"
011,00,SesJustBoligindeks,2020K1,119.1,Nord-Norge,Alle boligtyper,"Prisindeks for brukte boliger, sesongjustert"
011,00,SesJustBoligindeks,2020K2,120.0,Nord-Norge,Alle boligtyper,"Prisindeks for brukte boliger, sesongjustert"
011,00,SesJustBoligindeks,2020K3,126.2,Nord-Norge,Alle boligtyper,"Prisindeks for brukte boliger, sesongjustert"
011,00,SesJustBoligindeks,2020K4,124.2,Nord-Norge,Alle boligtyper,"Prisindeks for brukte boliger, sesongjustert"
011,00,SesJustBoligindeks,2021K1,130.4,Nord-Norge,Alle boligtyper,"Prisindeks for brukte boliger, sesongjustert"
011,00,SesJustBoligindeks,2021K2,133.4,Nord-Norge,Alle boligtyper,"Prisindeks for brukte boliger, sesongjustert"
011,00,SesJustBoligindeks,2021K3,135.1,Nord-Norge,Alle boligtyper,"Prisindeks for brukte boliger, sesongjustert"
011,00,SesJustBoligindeks,2021K4,139.2,Nord-Norge,Alle boligtyper,"Prisindeks for brukte boliger, sesongjustert"
011,00,SesJustBoligindeks,2022K1,141.6,Nord-Norge,Alle boligtyper,"Prisindeks for brukte boliger, sesongjustert"
011,00,SesJustBoligindeks,2022K2,143.0,Nord-Norge,Alle boligtyper,"Prisindeks for brukte boliger, sesongjustert"
011,00,SesJustBoligindeks,2022K3,142.6,Nord-Norge,Alle boligtyper,"Prisindeks for brukte boliger, sesongjustert"
011,00,SesJustBoligindeks,2022K4,143.0,Nord-Norge,Alle boligtyper,"Prisindeks for brukte boliger, sesongjustert"
011,00,SesJustBoligindeks,2023K1,142.1,Nord-Norge,Alle boligtyper,"Prisindeks for brukte boliger, sesongjustert"
011,00,SesJustBoligindeks,2023K2,141.9,Nord-Norge,Alle boligtyper,"Prisindeks for brukte boliger, sesongjustert"
011,00,SesJustBoligindeks,2023K3,140.9,Nord-Norge,Alle boligtyper,"Prisindeks for brukte boliger, sesongjustert"
011,00,SesJustBoligindeks,2023K4,136.6,Nord-Norge,Alle boligtyper,"Prisindeks for brukte boliger, sesongjustert"
011,00,SesJustBoligindeks,2024K1,138.7,Nord-Norge,Alle boligtyper,"Prisindeks for brukte boliger, sesongjustert"
011,00,SesJustBoligindeks,2024K2,142.6,Nord-Norge,Alle boligtyper,"Prisindeks for brukte boliger, sesongjustert"
011,00,SesJustBoligindeks,2024K3,142.8,Nord-Norge,Alle boligtyper,"Prisindeks for brukte boliger, sesongjustert"
011,00,SesJustBoligindeks,2024K4,143.7,Nord-Norge,Alle boligtyper,"Prisindeks for brukte boliger, sesongjustert"
011,00,SesJustBoligindeks,2025K1,147.0,Nord-Norge,Alle boligtyper,"Prisindeks for brukte boliger, sesongjustert"
011,00,SesJustBoligindeks,2025K2,147.8,Nord-Norge,Alle boligtyper,"Prisindeks for brukte boliger, sesongjustert"
011,00,SesJustBoligindeks,2025K3,150.5,Nord-Norge,Alle boligtyper,"Prisindeks for brukte boliger, sesongjustert"
011,00,SesJustBoligindeks,2025K4,154.5,Nord-Norge,Alle boligtyper,"Prisindeks for brukte boliger, sesongjustert"
011,00,SesJustBoligindeks,2026K1,155.5,Nord-Norge,Alle boligtyper,"Prisindeks for brukte boliger, sesongjustert"
011,00,SesJustBoligindeks,2026K2,157.2,Nord-Norge,Alle boligtyper,"Prisindeks for brukte boliger, sesongjustert"
